model_validation_rank,experiment,task,algorithm,feature_set,split,rounds,class_weight,label,accuracy,accuracy_standard_deviation,precision,precision_standard_deviation,recall,recall_standard_deviation,f1-score,f1-score_standard_deviation,support
1,classifier__combined,level,classifier,combined,validation,200,balanced,1,0.9655788388869804,0.0015210283723716045,0.9736732714424277,0.0014958380855978472,0.9655788388869804,0.0015210283723716045,0.9696091620959675,0.001088447532091442,14555.0
1,classifier__combined,level,classifier,combined,validation,200,balanced,2,0.9402830514325164,0.002727932921082915,0.9392023905298241,0.002665022775595366,0.9402830514325164,0.002727932921082915,0.9397424103035878,0.0019952483498046057,8691.0
1,classifier__combined,level,classifier,combined,validation,200,balanced,3,0.9473023839397742,0.0032755955387991074,0.9418998396007842,0.003247951269270506,0.9473023839397742,0.0032755955387991074,0.9445933869526363,0.0024365296991874725,5579.0
1,classifier__combined,level,classifier,combined,validation,200,balanced,4,0.9609077040427155,0.00198881961055184,0.9722168628207601,0.0018215757643234762,0.9609077040427155,0.00198881961055184,0.9665292030305936,0.0014129334039536684,10488.0
1,classifier__combined,level,classifier,combined,validation,200,balanced,5,0.9627099870777183,0.0028892152063139526,0.9563543003851092,0.002958319887276753,0.9627099870777183,0.0028892152063139526,0.9595216191352346,0.002213911721935697,5417.0
1,classifier__combined,level,classifier,combined,validation,200,balanced,6,0.9225721784776902,0.005549092194860961,0.9012820512820513,0.006317348279093169,0.9225721784776902,0.005549092194860961,0.9118028534370947,0.004578206765061203,3048.0
1,classifier__combined,level,classifier,combined,validation,200,balanced,7,0.9185496584340515,0.0039006174407333546,0.9299521191700656,0.0040518636118711945,0.9185496584340515,0.0039006174407333546,0.9242157208318647,0.002905453885623886,5709.0
1,classifier__combined,level,classifier,combined,validation,200,balanced,8,0.8741875580315692,0.008201990947734314,0.8504968383017163,0.008846911175866057,0.8741875580315692,0.008201990947734314,0.8621794871794872,0.006652062573813818,2154.0
1,classifier__combined,level,classifier,combined,validation,200,balanced,9,0.884375,0.00956635753884237,0.8085714285714286,0.013211122435075407,0.884375,0.00956635753884237,0.844776119402985,0.009278337759503102,1280.0
1,classifier__combined,level,classifier,combined,validation,200,balanced,10,0.9509536784741145,0.006810714090453991,0.9509536784741145,0.005994462388715266,0.9509536784741145,0.006810714090453991,0.9509536784741145,0.004600970639619157,1468.0
1,classifier__combined,level,classifier,combined,validation,200,balanced,11,0.8783977110157367,0.014119271037172662,0.8758915834522111,0.014189714264243706,0.8783977110157367,0.014119271037172662,0.8771428571428571,0.010757593407924542,699.0
1,classifier__combined,level,classifier,combined,validation,200,balanced,12,0.8733509234828496,0.01852731230701518,0.8664921465968587,0.020793167734411006,0.8733509234828496,0.01852731230701518,0.8699080157687253,0.014758808451160243,379.0
1,classifier__combined,level,classifier,combined,validation,200,balanced,13,0.9212121212121213,0.016224638845734905,0.9175050301810865,0.014039983231120214,0.9212121212121213,0.016224638845734905,0.9193548387096774,0.011079492656928343,495.0
1,classifier__combined,level,classifier,combined,validation,200,balanced,14,0.8172043010752689,0.032397040917321346,0.8888888888888888,0.028042205269759223,0.8172043010752689,0.032397040917321346,0.8515406162464986,0.0214893855812689,186.0
1,classifier__combined,level,classifier,combined,validation,200,balanced,15,0.7195121951219512,0.04749883306247463,0.8082191780821918,0.0608261986565249,0.7195121951219512,0.04749883306247463,0.7612903225806451,0.039537285420298274,82.0
1,classifier__combined,level,classifier,combined,test,200,balanced,1,0.9681790186819955,0.0014874590897166167,0.9747158112297624,0.0013970340826434658,0.9681790186819955,0.0014874590897166167,0.9714364185663279,0.0010322468028918506,14613.0
1,classifier__combined,level,classifier,combined,test,200,balanced,2,0.940650023551578,0.002689141052390973,0.9342690058479532,0.0030309113758182583,0.940650023551578,0.002689141052390973,0.9374486562610023,0.0021371841951041974,8492.0
1,classifier__combined,level,classifier,combined,test,200,balanced,3,0.9431600903876238,0.0031984096048398502,0.9398926034990472,0.0035836008805045553,0.9431600903876238,0.0031984096048398502,0.9415235120596911,0.0025774350983477,5753.0
1,classifier__combined,level,classifier,combined,test,200,balanced,4,0.96244966757187,0.0020309172110875994,0.9691654879773691,0.001906444990919963,0.96244966757187,0.0020309172110875994,0.965795903025747,0.0015214550768762355,10679.0
1,classifier__combined,level,classifier,combined,test,200,balanced,5,0.9609738632295023,0.0030238011350977494,0.9589138978206503,0.002680363129831571,0.9609738632295023,0.0030238011350977494,0.9599427753934192,0.002161579078689405,5586.0
1,classifier__combined,level,classifier,combined,test,200,balanced,6,0.9104890802829898,0.006368303027776191,0.9074187614960147,0.005918982734658981,0.9104890802829898,0.006368303027776191,0.9089513281130047,0.004803001450230955,3251.0
1,classifier__combined,level,classifier,combined,test,200,balanced,7,0.9198500535523028,0.003834856149395193,0.9318264014466546,0.003838169368430854,0.9198500535523028,0.003834856149395193,0.925799496945742,0.002860705796404042,5602.0
1,classifier__combined,level,classifier,combined,test,200,balanced,8,0.8729050279329609,0.00759438074605381,0.8457374830852503,0.008491856849944619,0.8729050279329609,0.00759438074605381,0.8591065292096219,0.006243623763138975,2148.0
1,classifier__combined,level,classifier,combined,test,200,balanced,9,0.8763613068545804,0.008703250389245087,0.8265861027190332,0.011410992368087403,0.8763613068545804,0.008703250389245087,0.8507462686567164,0.007818225115055272,1561.0
1,classifier__combined,level,classifier,combined,test,200,balanced,10,0.9380952380952381,0.007150224630281022,0.9459783913565426,0.005650625574714894,0.9380952380952381,0.007150224630281022,0.9420203227734608,0.004765924956976717,1680.0
1,classifier__combined,level,classifier,combined,test,200,balanced,11,0.88125,0.0113840873577779,0.8992346938775511,0.012916841569062936,0.88125,0.0113840873577779,0.8901515151515151,0.008993740749913668,800.0
1,classifier__combined,level,classifier,combined,test,200,balanced,12,0.8994082840236687,0.01597848585592892,0.8636363636363636,0.020850249488817824,0.8994082840236687,0.01597848585592892,0.881159420289855,0.014163504130299754,338.0
1,classifier__combined,level,classifier,combined,test,200,balanced,13,0.9206730769230769,0.014952091131632294,0.9184652278177458,0.01403494058699049,0.9206730769230769,0.014952091131632294,0.9195678271308524,0.010419332092429718,416.0
1,classifier__combined,level,classifier,combined,test,200,balanced,14,0.794392523364486,0.044436245262537824,0.8333333333333334,0.05156236198793326,0.794392523364486,0.044436245262537824,0.8133971291866029,0.03922768049223387,107.0
1,classifier__combined,level,classifier,combined,test,200,balanced,15,0.6851851851851852,0.06421797251390068,0.6851851851851852,0.08706821949343621,0.6851851851851852,0.06421797251390068,0.6851851851851852,0.06460326733527538,54.0
2,classifier__complexity,level,classifier,complexity,validation,200,balanced,1,0.9653040192373755,0.0015427791236197947,0.9746791536593826,0.0014284597820035689,0.9653040192373755,0.0015427791236197947,0.969968933379358,0.0010791824644383967,14555.0
2,classifier__complexity,level,classifier,complexity,validation,200,balanced,2,0.9409734207801174,0.002704585810388682,0.9375214948985441,0.002743363536121828,0.9409734207801174,0.002704585810388682,0.9392442862065005,0.0020154111966417506,8691.0
2,classifier__complexity,level,classifier,complexity,validation,200,balanced,3,0.946047678795483,0.0033372792042695976,0.9421635130310604,0.0033095458523496094,0.946047678795483,0.0033372792042695976,0.9441016009301494,0.0024842911756544016,5579.0
2,classifier__complexity,level,classifier,complexity,validation,200,balanced,4,0.9611937452326468,0.0019814734575463225,0.9714753782403392,0.0018182028829481446,0.9611937452326468,0.0019814734575463225,0.966307213036185,0.001400653115116268,10488.0
2,classifier__complexity,level,classifier,complexity,validation,200,balanced,5,0.9625253830533506,0.0028714226900680814,0.9565217391304348,0.0029874427287729945,0.9625253830533506,0.0028714226900680814,0.9595141700404858,0.0022042501558666334,5417.0
2,classifier__complexity,level,classifier,complexity,validation,200,balanced,6,0.9199475065616798,0.005521553760811077,0.9001605136436597,0.006413336730789631,0.9199475065616798,0.005521553760811077,0.90994645464871,0.004621133597469468,3048.0
2,classifier__complexity,level,classifier,complexity,validation,200,balanced,7,0.9178490103345595,0.0038308758013934985,0.9302325581395349,0.0037928029190150447,0.9178490103345595,0.0038308758013934985,0.923999294657027,0.0028116128977908636,5709.0
2,classifier__complexity,level,classifier,complexity,validation,200,balanced,8,0.8783658310120706,0.007992580407921649,0.8499550763701708,0.008825738015626658,0.8783658310120706,0.007992580407921649,0.8639269406392694,0.0065347670367046995,2154.0
2,classifier__complexity,level,classifier,complexity,validation,200,balanced,9,0.88046875,0.009563302079828463,0.8078853046594983,0.01315591463465009,0.88046875,0.009563302079828463,0.8426168224299065,0.009335988699079251,1280.0
2,classifier__complexity,level,classifier,complexity,validation,200,balanced,10,0.952316076294278,0.006467930931743182,0.9452332657200812,0.006339082842686584,0.952316076294278,0.006467930931743182,0.9487614523243977,0.004707360602539206,1468.0
2,classifier__complexity,level,classifier,complexity,validation,200,balanced,11,0.8755364806866953,0.013772939163495704,0.8767908309455588,0.014308513488674924,0.8755364806866953,0.013772939163495704,0.8761632068718683,0.0108697721159177,699.0
2,classifier__complexity,level,classifier,complexity,validation,200,balanced,12,0.8759894459102903,0.018658736534575674,0.8691099476439791,0.01987478561579198,0.8759894459102903,0.018658736534575674,0.8725361366622865,0.014285753221610324,379.0
2,classifier__complexity,level,classifier,complexity,validation,200,balanced,13,0.9151515151515152,0.01579888584446801,0.917004048582996,0.014676076260411113,0.9151515151515152,0.01579888584446801,0.916076845298281,0.011069013936380455,495.0
2,classifier__complexity,level,classifier,complexity,validation,200,balanced,14,0.8172043010752689,0.032397040917321346,0.8941176470588236,0.025908567645307957,0.8172043010752689,0.032397040917321346,0.8539325842696629,0.021885181426835838,186.0
2,classifier__complexity,level,classifier,complexity,validation,200,balanced,15,0.6951219512195121,0.049721498554161206,0.8142857142857143,0.0611683676365953,0.6951219512195121,0.049721498554161206,0.75,0.040871267429094776,82.0
2,classifier__complexity,level,classifier,complexity,test,200,balanced,1,0.9679052898104428,0.0015087451638662705,0.9752465007239881,0.0013943012698791793,0.9679052898104428,0.0015087451638662705,0.9715620277510647,0.0010359204912048891,14613.0
2,classifier__complexity,level,classifier,complexity,test,200,balanced,2,0.9408855393311352,0.002718702507543735,0.9339567504383401,0.0030692540600505734,0.9408855393311352,0.002718702507543735,0.937408341643691,0.0021660899831933205,8492.0
2,classifier__complexity,level,classifier,complexity,test,200,balanced,3,0.9435077350947332,0.0032125994612066423,0.9387755102040817,0.0036099738701976234,0.9435077350947332,0.0032125994612066423,0.941135674035544,0.0026011126924427737,5753.0
2,classifier__complexity,level,classifier,complexity,test,200,balanced,4,0.960108624403034,0.002116253315932174,0.9690010395992817,0.0019147572408702573,0.960108624403034,0.002116253315932174,0.9645343367826905,0.001574315104997959,10679.0
2,classifier__complexity,level,classifier,complexity,test,200,balanced,5,0.9607948442534908,0.003048042437008417,0.9577087794432548,0.0027033855943301905,0.9607948442534908,0.003048042437008417,0.9592493297587131,0.0021788854018592783,5586.0
2,classifier__complexity,level,classifier,complexity,test,200,balanced,6,0.9117194709320209,0.006108366200116971,0.9042098840756558,0.00600785116574895,0.9117194709320209,0.006108366200116971,0.907949149946393,0.004740029641850398,3251.0
2,classifier__complexity,level,classifier,complexity,test,200,balanced,7,0.9171724384148519,0.004018368415529279,0.9274368231046931,0.004031269882784401,0.9171724384148519,0.004018368415529279,0.9222760725183988,0.003022817377643556,5602.0
2,classifier__complexity,level,classifier,complexity,test,200,balanced,8,0.8733705772811918,0.007328667618997499,0.8435251798561151,0.008595248150646403,0.8733705772811918,0.007328667618997499,0.8581884720951509,0.006178695919462695,2148.0
2,classifier__complexity,level,classifier,complexity,test,200,balanced,9,0.8718770019218449,0.00866977214003639,0.8298780487804878,0.011511638069233584,0.8718770019218449,0.00866977214003639,0.8503592627303967,0.007899305279926654,1561.0
2,classifier__complexity,level,classifier,complexity,test,200,balanced,10,0.9410714285714286,0.006901837662354988,0.9472738166566806,0.00556963399015635,0.9410714285714286,0.006901837662354988,0.9441624365482234,0.004638688636751858,1680.0
2,classifier__complexity,level,classifier,complexity,test,200,balanced,11,0.88625,0.011136918613927009,0.9008894536213469,0.012794282342129136,0.88625,0.011136918613927009,0.8935097668557026,0.00897573388013148,800.0
2,classifier__complexity,level,classifier,complexity,test,200,balanced,12,0.8994082840236687,0.01610886993944464,0.8710601719197708,0.02047515717285102,0.8994082840236687,0.01610886993944464,0.8850072780203785,0.014018669205496301,338.0
2,classifier__complexity,level,classifier,complexity,test,200,balanced,13,0.9158653846153846,0.015235986202174666,0.9247572815533981,0.013706363983919546,0.9158653846153846,0.015235986202174666,0.9202898550724637,0.010538756610209135,416.0
2,classifier__complexity,level,classifier,complexity,test,200,balanced,14,0.7850467289719626,0.047955641204400656,0.8076923076923077,0.05414444560564133,0.7850467289719626,0.047955641204400656,0.7962085308056872,0.04179034331294374,107.0
2,classifier__complexity,level,classifier,complexity,test,200,balanced,15,0.6851851851851852,0.06421797251390068,0.7115384615384616,0.08339382429021576,0.6851851851851852,0.06421797251390068,0.6981132075471698,0.062293165410704406,54.0
3,classifier__combined_plus_error_composition,level,classifier,combined_plus_error_composition,validation,200,balanced,1,0.9662658880109928,0.0015327811442070582,0.9747712780704186,0.0014499161847959308,0.9662658880109928,0.0015327811442070582,0.9704999482455232,0.0010851535874010045,14555.0
3,classifier__combined_plus_error_composition,level,classifier,combined_plus_error_composition,validation,200,balanced,2,0.9407432976642504,0.002718345023372927,0.9390145859653153,0.002703978681674253,0.9407432976642504,0.002718345023372927,0.9398781469134383,0.0020152130075219454,8691.0
3,classifier__combined_plus_error_composition,level,classifier,combined_plus_error_composition,validation,200,balanced,3,0.9474816275318158,0.003281586617012063,0.9422459893048128,0.003282694604629241,0.9474816275318158,0.003281586617012063,0.9448565555456252,0.0024450232028713293,5579.0
3,classifier__combined_plus_error_composition,level,classifier,combined_plus_error_composition,validation,200,balanced,4,0.960812356979405,0.0019821285417623014,0.972495657209033,0.001796185287144875,0.960812356979405,0.0019821285417623014,0.9666187050359712,0.0013993378125312479,10488.0
3,classifier__combined_plus_error_composition,level,classifier,combined_plus_error_composition,validation,200,balanced,5,0.9640022152482924,0.002776581548894712,0.9565854552115772,0.0028750660927065325,0.9640022152482924,0.002776581548894712,0.9602795145273998,0.0021378940640359658,5417.0
3,classifier__combined_plus_error_composition,level,classifier,combined_plus_error_composition,validation,200,balanced,6,0.9245406824146981,0.005430390518977668,0.90176,0.006316743521940575,0.9245406824146981,0.005430390518977668,0.9130082617851936,0.00449869397279056,3048.0
3,classifier__combined_plus_error_composition,level,classifier,combined_plus_error_composition,validation,200,balanced,7,0.9201261166579086,0.0038330189105210072,0.9303931987247609,0.004090083060946106,0.9201261166579086,0.0038330189105210072,0.9252311756935271,0.002884236884130889,5709.0
3,classifier__combined_plus_error_composition,level,classifier,combined_plus_error_composition,validation,200,balanced,8,0.872794800371402,0.008306684497806038,0.851063829787234,0.00887070030803813,0.872794800371402,0.008306684497806038,0.8617923447169379,0.006761755931726536,2154.0
3,classifier__combined_plus_error_composition,level,classifier,combined_plus_error_composition,validation,200,balanced,9,0.88515625,0.009387929177361325,0.8116045845272206,0.013227796951806464,0.88515625,0.009387929177361325,0.8467862481315396,0.009191653413434241,1280.0
3,classifier__combined_plus_error_composition,level,classifier,combined_plus_error_composition,validation,200,balanced,10,0.9495912806539509,0.0069776250389619295,0.9502385821404227,0.006053574203258268,0.9495912806539509,0.0069776250389619295,0.9499148211243612,0.004711440951349816,1468.0
3,classifier__combined_plus_error_composition,level,classifier,combined_plus_error_composition,validation,200,balanced,11,0.8741058655221745,0.014820345791128583,0.8766140602582496,0.014541935420398147,0.8741058655221745,0.014820345791128583,0.8753581661891118,0.011265365925146553,699.0
3,classifier__combined_plus_error_composition,level,classifier,combined_plus_error_composition,validation,200,balanced,12,0.8733509234828496,0.01852731230701518,0.8575129533678757,0.0208871911361712,0.8733509234828496,0.01852731230701518,0.865359477124183,0.014837175558944406,379.0
3,classifier__combined_plus_error_composition,level,classifier,combined_plus_error_composition,validation,200,balanced,13,0.9171717171717172,0.01596389745658481,0.9134808853118712,0.014602237175849596,0.9171717171717172,0.01596389745658481,0.9153225806451613,0.01117660382429696,495.0
3,classifier__combined_plus_error_composition,level,classifier,combined_plus_error_composition,validation,200,balanced,14,0.8172043010752689,0.032397040917321346,0.8941176470588236,0.027444410306167236,0.8172043010752689,0.032397040917321346,0.8539325842696629,0.021400627385891404,186.0
3,classifier__combined_plus_error_composition,level,classifier,combined_plus_error_composition,validation,200,balanced,15,0.6951219512195121,0.0469613211235878,0.8028169014084507,0.0614854472167989,0.6951219512195121,0.0469613211235878,0.7450980392156863,0.03873986980525636,82.0
3,classifier__combined_plus_error_composition,level,classifier,combined_plus_error_composition,test,200,balanced,1,0.9684527475535483,0.0014626981884346012,0.9751257493281885,0.0013813367774220188,0.9684527475535483,0.0014626981884346012,0.971777793037149,0.0010145926374860428,14613.0
3,classifier__combined_plus_error_composition,level,classifier,combined_plus_error_composition,test,200,balanced,2,0.9415920866698069,0.0026871516034879714,0.9346580946814729,0.0029749723007705653,0.9415920866698069,0.0026871516034879714,0.9381122778201443,0.002136564762746246,8492.0
3,classifier__combined_plus_error_composition,level,classifier,combined_plus_error_composition,test,200,balanced,3,0.9436815574482879,0.0032615578730463913,0.9402493938344302,0.0035410884208577653,0.9436815574482879,0.0032615578730463913,0.9419623492669384,0.002585465698832784,5753.0
3,classifier__combined_plus_error_composition,level,classifier,combined_plus_error_composition,test,200,balanced,4,0.9618878172113494,0.0020610573920551126,0.9692394791470089,0.0019001346077871218,0.9618878172113494,0.0020610573920551126,0.9655496545565634,0.001542431346030954,10679.0
3,classifier__combined_plus_error_composition,level,classifier,combined_plus_error_composition,test,200,balanced,5,0.9611528822055138,0.0030109413289965176,0.9589212359349883,0.0026973687310349642,0.9611528822055138,0.0030109413289965176,0.9600357621814931,0.0021469487266601445,5586.0
3,classifier__combined_plus_error_composition,level,classifier,combined_plus_error_composition,test,200,balanced,6,0.9114118732697631,0.006293040867446947,0.9063933924747629,0.0059323398831096314,0.9114118732697631,0.006293040867446947,0.9088957055214724,0.0048128024830017616,3251.0
3,classifier__combined_plus_error_composition,level,classifier,combined_plus_error_composition,test,200,balanced,7,0.9200285612281328,0.003829740331912109,0.9294860234445447,0.003882998491979666,0.9200285612281328,0.003829740331912109,0.9247331120480847,0.002877778522652676,5602.0
3,classifier__combined_plus_error_composition,level,classifier,combined_plus_error_composition,test,200,balanced,8,0.8756983240223464,0.007532706623950735,0.851131221719457,0.008492671939265617,0.8756983240223464,0.007532706623950735,0.8632400183570446,0.006242149381748165,2148.0
3,classifier__combined_plus_error_composition,level,classifier,combined_plus_error_composition,test,200,balanced,9,0.8725176169122357,0.00892763504386839,0.8309945088468579,0.011391590985583651,0.8725176169122357,0.00892763504386839,0.85125,0.007917253938772314,1561.0
3,classifier__combined_plus_error_composition,level,classifier,combined_plus_error_composition,test,200,balanced,10,0.9386904761904762,0.007077384509949026,0.9426180514046623,0.005934354631552068,0.9386904761904762,0.007077384509949026,0.9406501640322099,0.004822639939854735,1680.0
3,classifier__combined_plus_error_composition,level,classifier,combined_plus_error_composition,test,200,balanced,11,0.88375,0.011944527951247747,0.9052496798975672,0.012366665737200402,0.88375,0.011944527951247747,0.894370651486401,0.008965760043698302,800.0
3,classifier__combined_plus_error_composition,level,classifier,combined_plus_error_composition,test,200,balanced,12,0.8905325443786982,0.016109030126856046,0.8526912181303116,0.021830021727268167,0.8905325443786982,0.016109030126856046,0.8712011577424024,0.014692117971781271,338.0
3,classifier__combined_plus_error_composition,level,classifier,combined_plus_error_composition,test,200,balanced,13,0.9182692307692307,0.016049127143751406,0.9204819277108434,0.013822726388374252,0.9182692307692307,0.016049127143751406,0.9193742478941035,0.010751590819054229,416.0
3,classifier__combined_plus_error_composition,level,classifier,combined_plus_error_composition,test,200,balanced,14,0.7757009345794392,0.04289895706128032,0.8058252427184466,0.05569034443874327,0.7757009345794392,0.04289895706128032,0.7904761904761904,0.03985374117922959,107.0
3,classifier__combined_plus_error_composition,level,classifier,combined_plus_error_composition,test,200,balanced,15,0.7037037037037037,0.0633148137155879,0.7169811320754716,0.08192390383857491,0.7037037037037037,0.0633148137155879,0.7102803738317757,0.06167074463275761,54.0
4,classifier__combined_without_length_features,level,classifier,combined_without_length_features,validation,200,balanced,1,0.9653727241497767,0.0015424120689602181,0.9745457067554446,0.0014599350507960725,0.9653727241497767,0.0015424120689602181,0.9699375280433508,0.0010896713021195112,14555.0
4,classifier__combined_without_length_features,level,classifier,combined_without_length_features,validation,200,balanced,2,0.9416637901277183,0.0027317051743018274,0.9388551107032236,0.0027196626164670786,0.9416637901277183,0.0027317051743018274,0.9402573529411765,0.002008617071620842,8691.0
4,classifier__combined_without_length_features,level,classifier,combined_without_length_features,validation,200,balanced,3,0.9481986018999821,0.0032385935025350844,0.9416162335350658,0.0033073462410305333,0.9481986018999821,0.0032385935025350844,0.9448959542734661,0.0024392606432027124,5579.0
4,classifier__combined_without_length_features,level,classifier,combined_without_length_features,validation,200,balanced,4,0.960812356979405,0.001987180276386532,0.9721203935944434,0.0018043765915923648,0.960812356979405,0.001987180276386532,0.9664332981682171,0.0013949113212152716,10488.0
4,classifier__combined_without_length_features,level,classifier,combined_without_length_features,validation,200,balanced,5,0.962894591102086,0.0028534420755375544,0.9574155653450808,0.0028816216935298932,0.962894591102086,0.0028534420755375544,0.960147261849977,0.0021656409838792007,5417.0
4,classifier__combined_without_length_features,level,classifier,combined_without_length_features,validation,200,balanced,6,0.9225721784776902,0.005452178853680633,0.9015710163513947,0.006335545404806533,0.9225721784776902,0.005452178853680633,0.9119507053672774,0.004561251941845117,3048.0
4,classifier__combined_without_length_features,level,classifier,combined_without_length_features,validation,200,balanced,7,0.9210019267822736,0.0038765219754065454,0.9284831361469186,0.004026090649474687,0.9210019267822736,0.0038765219754065454,0.924727400633134,0.002900620278480077,5709.0
4,classifier__combined_without_length_features,level,classifier,combined_without_length_features,validation,200,balanced,8,0.8700092850510678,0.008413202171493373,0.8525932666060054,0.008858839351191592,0.8700092850510678,0.008413202171493373,0.8612132352941176,0.006814853877030752,2154.0
4,classifier__combined_without_length_features,level,classifier,combined_without_length_features,validation,200,balanced,9,0.884375,0.009659584984179868,0.8085714285714286,0.013189655080235013,0.884375,0.009659584984179868,0.844776119402985,0.009293155285464847,1280.0
4,classifier__combined_without_length_features,level,classifier,combined_without_length_features,validation,200,balanced,10,0.9475476839237057,0.0069859360760548585,0.950786056049214,0.005985797769831681,0.9475476839237057,0.0069859360760548585,0.9491641078130331,0.0047331942297919325,1468.0
4,classifier__combined_without_length_features,level,classifier,combined_without_length_features,validation,200,balanced,11,0.8726752503576538,0.015040735422152476,0.8689458689458689,0.015054308331384192,0.8726752503576538,0.015040735422152476,0.8708065667380442,0.011711389735343507,699.0
4,classifier__combined_without_length_features,level,classifier,combined_without_length_features,validation,200,balanced,12,0.8759894459102903,0.018594481821592096,0.8691099476439791,0.020518288362419403,0.8759894459102903,0.018594481821592096,0.8725361366622865,0.014767144650500441,379.0
4,classifier__combined_without_length_features,level,classifier,combined_without_length_features,validation,200,balanced,13,0.9171717171717172,0.01527376810104258,0.9227642276422764,0.01366662463490149,0.9171717171717172,0.01527376810104258,0.9199594731509625,0.0105418131462442,495.0
4,classifier__combined_without_length_features,level,classifier,combined_without_length_features,validation,200,balanced,14,0.8118279569892473,0.031329942022556206,0.8830409356725146,0.02932822999177297,0.8118279569892473,0.031329942022556206,0.84593837535014,0.02157275863926209,186.0
4,classifier__combined_without_length_features,level,classifier,combined_without_length_features,validation,200,balanced,15,0.7073170731707317,0.046423583006685865,0.7945205479452054,0.061931383297305964,0.7073170731707317,0.046423583006685865,0.7483870967741936,0.03851619619047969,82.0
4,classifier__combined_without_length_features,level,classifier,combined_without_length_features,test,200,balanced,1,0.9682474508998836,0.0014686867832884474,0.9755239933811363,0.0013561828867433461,0.9682474508998836,0.0014686867832884474,0.9718721022083319,0.0010187904890441592,14613.0
4,classifier__combined_without_length_features,level,classifier,combined_without_length_features,test,200,balanced,2,0.9421808761186999,0.0026828166289509805,0.9337145524565293,0.0030518991355998285,0.9421808761186999,0.0026828166289509805,0.9379286091084931,0.002149894091855796,8492.0
4,classifier__combined_without_length_features,level,classifier,combined_without_length_features,test,200,balanced,3,0.9428124456805145,0.00329739786680498,0.9393834430204364,0.0035475070107384237,0.9428124456805145,0.00329739786680498,0.941094820855383,0.002598054433888923,5753.0
4,classifier__combined_without_length_features,level,classifier,combined_without_length_features,test,200,balanced,4,0.9617005337578425,0.002093762445065776,0.9702409069437884,0.0018609630820972877,0.9617005337578425,0.002093762445065776,0.9659518434913469,0.0015409954253994612,10679.0
4,classifier__combined_without_length_features,level,classifier,combined_without_length_features,test,200,balanced,5,0.9613319011815252,0.002988476752557095,0.9582441113490364,0.0027021196608930814,0.9613319011815252,0.002988476752557095,0.9597855227882037,0.0021257804466306473,5586.0
4,classifier__combined_without_length_features,level,classifier,combined_without_length_features,test,200,balanced,6,0.9095662872962166,0.00607182464680011,0.9040048914704983,0.0060051276634787735,0.9095662872962166,0.00607182464680011,0.9067770622508433,0.004696803717034756,3251.0
4,classifier__combined_without_length_features,level,classifier,combined_without_length_features,test,200,balanced,7,0.9178864691181721,0.003945458617159083,0.9278238902923133,0.00391558251079265,0.9178864691181721,0.003945458617159083,0.9228284278535535,0.002920977904312734,5602.0
4,classifier__combined_without_length_features,level,classifier,combined_without_length_features,test,200,balanced,8,0.8705772811918063,0.007434401418529328,0.8453887884267631,0.008574912186262221,0.8705772811918063,0.007434401418529328,0.8577981651376146,0.006210643261086979,2148.0
4,classifier__combined_without_length_features,level,classifier,combined_without_length_features,test,200,balanced,9,0.8795643818065343,0.008556700982086439,0.8271084337349398,0.011533268726824406,0.8795643818065343,0.008556700982086439,0.8525302701024526,0.007859496005977492,1561.0
4,classifier__combined_without_length_features,level,classifier,combined_without_length_features,test,200,balanced,10,0.9369047619047619,0.0071634338394113975,0.9453453453453453,0.005834258852366295,0.9369047619047619,0.0071634338394113975,0.9411061285500747,0.004811521012101554,1680.0
4,classifier__combined_without_length_features,level,classifier,combined_without_length_features,test,200,balanced,11,0.885,0.011001402132628955,0.9076923076923077,0.01201838413039195,0.885,0.011001402132628955,0.8962025316455696,0.008452625584723239,800.0
4,classifier__combined_without_length_features,level,classifier,combined_without_length_features,test,200,balanced,12,0.893491124260355,0.01497294423561091,0.867816091954023,0.020315924524394628,0.893491124260355,0.01497294423561091,0.880466472303207,0.01374269364720724,338.0
4,classifier__combined_without_length_features,level,classifier,combined_without_length_features,test,200,balanced,13,0.9182692307692307,0.015132938414321184,0.9249394673123487,0.013864160365014736,0.9182692307692307,0.015132938414321184,0.9215922798552473,0.010453402149773874,416.0
4,classifier__combined_without_length_features,level,classifier,combined_without_length_features,test,200,balanced,14,0.794392523364486,0.044436245262537824,0.8415841584158416,0.050535728862531014,0.794392523364486,0.044436245262537824,0.8173076923076923,0.03880879405045654,107.0
4,classifier__combined_without_length_features,level,classifier,combined_without_length_features,test,200,balanced,15,0.6666666666666666,0.06249970433782884,0.6923076923076923,0.08200177356869504,0.6666666666666666,0.06249970433782884,0.6792452830188679,0.060630224343713755,54.0
5,classifier__complexity_without_length_features,level,classifier,complexity_without_length_features,validation,200,balanced,1,0.9656475437993817,0.0015288540127076043,0.9741474909897422,0.001464637463384387,0.9656475437993817,0.0015288540127076043,0.9698788945243764,0.0010791293754959664,14555.0
5,classifier__complexity_without_length_features,level,classifier,complexity_without_length_features,validation,200,balanced,2,0.9400529283166494,0.0027009796389013377,0.9384332644153457,0.002697610172793336,0.9400529283166494,0.0027009796389013377,0.9392423981146175,0.001997151480200651,8691.0
5,classifier__complexity_without_length_features,level,classifier,complexity_without_length_features,validation,200,balanced,3,0.9473023839397742,0.003280097164199362,0.9420677361853832,0.003287136185100874,0.9473023839397742,0.003280097164199362,0.9446778085619805,0.0024366939126160892,5579.0
5,classifier__complexity_without_length_features,level,classifier,complexity_without_length_features,validation,200,balanced,4,0.9600495804729214,0.001994592275479291,0.9710676053621371,0.001839293340717899,0.9600495804729214,0.001994592275479291,0.9655271611449393,0.0014237851390252719,10488.0
5,classifier__complexity_without_length_features,level,classifier,complexity_without_length_features,validation,200,balanced,5,0.9621561750046151,0.0029201860568850765,0.9561548339754173,0.0030322219913389166,0.9621561750046151,0.0029201860568850765,0.9591461170408538,0.002253451282643682,5417.0
5,classifier__complexity_without_length_features,level,classifier,complexity_without_length_features,validation,200,balanced,6,0.9212598425196851,0.0054532196653967885,0.899135446685879,0.006461711184919566,0.9212598425196851,0.0054532196653967885,0.9100631988332523,0.004584093143175351,3048.0
5,classifier__complexity_without_length_features,level,classifier,complexity_without_length_features,validation,200,balanced,7,0.9196006305832896,0.0038251791775667228,0.9311812699538844,0.0038236655171613298,0.9196006305832896,0.0038251791775667228,0.9253547193090684,0.0028149305995908433,5709.0
5,classifier__complexity_without_length_features,level,classifier,complexity_without_length_features,validation,200,balanced,8,0.8746518105849582,0.00823790247017721,0.8509485094850948,0.008835950114557293,0.8746518105849582,0.00823790247017721,0.8626373626373627,0.0067055839583458135,2154.0
5,classifier__complexity_without_length_features,level,classifier,complexity_without_length_features,validation,200,balanced,9,0.8875,0.009669428187749326,0.8125894134477826,0.012985305277352567,0.8875,0.009669428187749326,0.8483943241224795,0.00923562412172773,1280.0
5,classifier__complexity_without_length_features,level,classifier,complexity_without_length_features,validation,200,balanced,10,0.9482288828337875,0.007062690436855442,0.9462950373895309,0.00628793143271178,0.9482288828337875,0.007062690436855442,0.9472609731201089,0.004898580167668439,1468.0
5,classifier__complexity_without_length_features,level,classifier,complexity_without_length_features,validation,200,balanced,11,0.8741058655221745,0.014054401708934836,0.8716119828815977,0.014608263477170752,0.8741058655221745,0.014054401708934836,0.8728571428571429,0.011083053149659808,699.0
5,classifier__complexity_without_length_features,level,classifier,complexity_without_length_features,validation,200,balanced,12,0.8733509234828496,0.018881665220571872,0.8575129533678757,0.02082746639748864,0.8733509234828496,0.018881665220571872,0.865359477124183,0.01501919383589627,379.0
5,classifier__complexity_without_length_features,level,classifier,complexity_without_length_features,validation,200,balanced,13,0.9151515151515152,0.01598664036657565,0.9151515151515152,0.014721154864098486,0.9151515151515152,0.01598664036657565,0.9151515151515152,0.0112712303031006,495.0
5,classifier__complexity_without_length_features,level,classifier,complexity_without_length_features,validation,200,balanced,14,0.8225806451612904,0.030528716395249535,0.8895348837209303,0.026741757098701583,0.8225806451612904,0.030528716395249535,0.8547486033519553,0.02081686766810835,186.0
5,classifier__complexity_without_length_features,level,classifier,complexity_without_length_features,validation,200,balanced,15,0.6707317073170732,0.04689773988101495,0.8088235294117647,0.06205818288309867,0.6707317073170732,0.04689773988101495,0.7333333333333333,0.03919315619647157,82.0
5,classifier__complexity_without_length_features,level,classifier,complexity_without_length_features,test,200,balanced,1,0.9680421542462191,0.001498336327061187,0.9752499138228197,0.0013849158544485948,0.9680421542462191,0.001498336327061187,0.9716326670787829,0.0010358999880018425,14613.0
5,classifier__complexity_without_length_features,level,classifier,complexity_without_length_features,test,200,balanced,2,0.9414743287800282,0.0027028818584160018,0.9337771548703574,0.00305586367911971,0.9414743287800282,0.0027028818584160018,0.9376099448809664,0.0021678282985726524,8492.0
5,classifier__complexity_without_length_features,level,classifier,complexity_without_length_features,test,200,balanced,3,0.9433339127411785,0.0032101068533066297,0.9387649195640893,0.0035753304684088385,0.9433339127411785,0.0032101068533066297,0.9410438702965147,0.002572934043658231,5753.0
5,classifier__complexity_without_length_features,level,classifier,complexity_without_length_features,test,200,balanced,4,0.9604831913100478,0.0021063312302430034,0.9701125508370377,0.0019025631254541559,0.9604831913100478,0.0021063312302430034,0.9652738565782044,0.001565837622645997,10679.0
5,classifier__complexity_without_length_features,level,classifier,complexity_without_length_features,test,200,balanced,5,0.9613319011815252,0.0029891567346917195,0.9577314071696095,0.002717341671026583,0.9613319011815252,0.0029891567346917195,0.9595282766014473,0.002151655532470218,5586.0
5,classifier__complexity_without_length_features,level,classifier,complexity_without_length_features,test,200,balanced,6,0.9092586896339587,0.006087157146606837,0.9014943580359865,0.006137822131800054,0.9092586896339587,0.006087157146606837,0.9053598774885145,0.004747858711773647,3251.0
5,classifier__complexity_without_length_features,level,classifier,complexity_without_length_features,test,200,balanced,7,0.9168154230631917,0.003989165046711393,0.9267412486466979,0.0040438110634254286,0.9168154230631917,0.003989165046711393,0.9217516152189519,0.0030049787923408493,5602.0
5,classifier__complexity_without_length_features,level,classifier,complexity_without_length_features,test,200,balanced,8,0.8719739292364991,0.007477739401569973,0.8410417602155366,0.008644427496060442,0.8719739292364991,0.007477739401569973,0.8562285714285714,0.006292517777503874,2148.0
5,classifier__complexity_without_length_features,level,classifier,complexity_without_length_features,test,200,balanced,9,0.8699551569506726,0.009079392344274927,0.8250303766707169,0.011442284180430624,0.8699551569506726,0.009079392344274927,0.8468974119114437,0.00801559739592802,1561.0
5,classifier__complexity_without_length_features,level,classifier,complexity_without_length_features,test,200,balanced,10,0.9398809523809524,0.00697935905767812,0.9489182692307693,0.0055141515379741055,0.9398809523809524,0.00697935905767812,0.944377990430622,0.004642371147781655,1680.0
5,classifier__complexity_without_length_features,level,classifier,complexity_without_length_features,test,200,balanced,11,0.88125,0.011558860591833612,0.8992346938775511,0.012729063101756975,0.88125,0.011558860591833612,0.8901515151515151,0.009104925956838157,800.0
5,classifier__complexity_without_length_features,level,classifier,complexity_without_length_features,test,200,balanced,12,0.8846153846153846,0.0163096239093889,0.8717201166180758,0.02059199520246719,0.8846153846153846,0.0163096239093889,0.8781204111600588,0.014118761106103047,338.0
5,classifier__complexity_without_length_features,level,classifier,complexity_without_length_features,test,200,balanced,13,0.9110576923076923,0.017346016470279748,0.9221411192214112,0.013867552350357679,0.9110576923076923,0.017346016470279748,0.9165659008464329,0.011278675722313404,416.0
5,classifier__complexity_without_length_features,level,classifier,complexity_without_length_features,test,200,balanced,14,0.794392523364486,0.0457586514711618,0.8173076923076923,0.05054627084884248,0.794392523364486,0.0457586514711618,0.8056872037914692,0.03983972928799182,107.0
5,classifier__complexity_without_length_features,level,classifier,complexity_without_length_features,test,200,balanced,15,0.6851851851851852,0.06421797251390068,0.7115384615384616,0.08339382429021576,0.6851851851851852,0.06421797251390068,0.6981132075471698,0.062293165410704406,54.0
6,classifier__combined_without_duplicate_features,level,classifier,combined_without_duplicate_features,validation,200,balanced,1,0.9647543799381656,0.0015535254504272166,0.9749357772686246,0.0014657399818299077,0.9647543799381656,0.0015535254504272166,0.9698183576213827,0.0011066380603704188,14555.0
6,classifier__combined_without_duplicate_features,level,classifier,combined_without_duplicate_features,validation,200,balanced,2,0.9389023127373145,0.0027448501283420025,0.9359944941500344,0.0028081688439610284,0.9389023127373145,0.0027448501283420025,0.9374461485438567,0.0020612359339912964,8691.0
6,classifier__combined_without_duplicate_features,level,classifier,combined_without_duplicate_features,validation,200,balanced,3,0.9474816275318158,0.003263950608583575,0.9407367859049653,0.0032710461503803762,0.9474816275318158,0.003263950608583575,0.9440971602071798,0.002440239289298744,5579.0
6,classifier__combined_without_duplicate_features,level,classifier,combined_without_duplicate_features,validation,200,balanced,4,0.959096109839817,0.0020674668276111276,0.9724477958236659,0.0017804827721630907,0.959096109839817,0.0020674668276111276,0.9657258064516129,0.001427973166538921,10488.0
6,classifier__combined_without_duplicate_features,level,classifier,combined_without_duplicate_features,validation,200,balanced,5,0.9616023629315119,0.0028440181249463695,0.9554292002934703,0.0029688952645442845,0.9616023629315119,0.0028440181249463695,0.9585058423037998,0.0022039998451376434,5417.0
6,classifier__combined_without_duplicate_features,level,classifier,combined_without_duplicate_features,validation,200,balanced,6,0.9232283464566929,0.005329517738241998,0.8999040614007036,0.006291081405618119,0.9232283464566929,0.005329517738241998,0.911417004048583,0.0044503479011194945,3048.0
6,classifier__combined_without_duplicate_features,level,classifier,combined_without_duplicate_features,validation,200,balanced,7,0.9118935014888772,0.0039974353264032305,0.9308063650992312,0.003839490554827513,0.9118935014888772,0.0039974353264032305,0.9212528755972395,0.002881534384129243,5709.0
6,classifier__combined_without_duplicate_features,level,classifier,combined_without_duplicate_features,validation,200,balanced,8,0.8755803156917363,0.008021509210774514,0.8430934286991506,0.009090917330614665,0.8755803156917363,0.008021509210774514,0.8590298337508541,0.006642338400182641,2154.0
6,classifier__combined_without_duplicate_features,level,classifier,combined_without_duplicate_features,validation,200,balanced,9,0.89296875,0.009382744715940854,0.8026685393258427,0.013679672172804684,0.89296875,0.009382744715940854,0.8454142011834319,0.009556411014663502,1280.0
6,classifier__combined_without_duplicate_features,level,classifier,combined_without_duplicate_features,validation,200,balanced,10,0.946866485013624,0.006487494859950278,0.9410968178740691,0.006684153421224667,0.946866485013624,0.006487494859950278,0.9439728353140917,0.004842840404216367,1468.0
6,classifier__combined_without_duplicate_features,level,classifier,combined_without_duplicate_features,validation,200,balanced,11,0.8726752503576538,0.014308030105624921,0.8739255014326648,0.01445598447984569,0.8726752503576538,0.014308030105624921,0.8732999284180386,0.011017554647614487,699.0
6,classifier__combined_without_duplicate_features,level,classifier,combined_without_duplicate_features,validation,200,balanced,12,0.8786279683377308,0.018241631918109204,0.8451776649746193,0.02163499407510901,0.8786279683377308,0.018241631918109204,0.8615782664941786,0.015098110009284958,379.0
6,classifier__combined_without_duplicate_features,level,classifier,combined_without_duplicate_features,validation,200,balanced,13,0.9131313131313131,0.016485019489904093,0.9094567404426559,0.015374235326344797,0.9131313131313131,0.016485019489904093,0.9112903225806451,0.011826899010992343,495.0
6,classifier__combined_without_duplicate_features,level,classifier,combined_without_duplicate_features,validation,200,balanced,14,0.8279569892473119,0.029248763177869255,0.8700564971751412,0.029554873198617906,0.8279569892473119,0.029248763177869255,0.8484848484848485,0.02136917786368004,186.0
6,classifier__combined_without_duplicate_features,level,classifier,combined_without_duplicate_features,validation,200,balanced,15,0.6951219512195121,0.05483646376888526,0.8142857142857143,0.06163625734254876,0.6951219512195121,0.05483646376888526,0.75,0.044538947650437796,82.0
6,classifier__combined_without_duplicate_features,level,classifier,combined_without_duplicate_features,test,200,balanced,1,0.9676999931567782,0.0015011081974415103,0.9751741259223502,0.001407511060708089,0.9676999931567782,0.0015011081974415103,0.9714226832451741,0.0010461081139724684,14613.0
6,classifier__combined_without_duplicate_features,level,classifier,combined_without_duplicate_features,test,200,balanced,2,0.9414743287800282,0.0026549320084388035,0.9324702589223233,0.003088513688918794,0.9414743287800282,0.0026549320084388035,0.9369506621352397,0.002167136844920542,8492.0
6,classifier__combined_without_duplicate_features,level,classifier,combined_without_duplicate_features,test,200,balanced,3,0.9428124456805145,0.003291199449178149,0.9398717726563853,0.003499764569578992,0.9428124456805145,0.003291199449178149,0.9413398125650816,0.0025872605006365787,5753.0
6,classifier__combined_without_duplicate_features,level,classifier,combined_without_duplicate_features,test,200,balanced,4,0.9597340574960203,0.0021336293859645483,0.9711930256799014,0.0018091589406323493,0.9597340574960203,0.0021336293859645483,0.9654295403165034,0.001512891663428667,10679.0
6,classifier__combined_without_duplicate_features,level,classifier,combined_without_duplicate_features,test,200,balanced,5,0.960078768349445,0.0028383888919865648,0.9561419147798181,0.002791812791108431,0.960078768349445,0.0028383888919865648,0.9581062974542206,0.002119577135452283,5586.0
6,classifier__combined_without_duplicate_features,level,classifier,combined_without_duplicate_features,test,200,balanced,6,0.908951091971701,0.005982746598258069,0.9011893870082343,0.006068725433998087,0.908951091971701,0.005982746598258069,0.9050535987748851,0.004690244715407908,3251.0
6,classifier__combined_without_duplicate_features,level,classifier,combined_without_duplicate_features,test,200,balanced,7,0.9137807925740807,0.004085100294983741,0.9314046579330422,0.0038218988888350566,0.9137807925740807,0.004085100294983741,0.9225085601009191,0.0029732190023763413,5602.0
6,classifier__combined_without_duplicate_features,level,classifier,combined_without_duplicate_features,test,200,balanced,8,0.8719739292364991,0.007466661953442923,0.8448353631032928,0.008651706121476392,0.8719739292364991,0.007466661953442923,0.8581901489117983,0.006217683194346615,2148.0
6,classifier__combined_without_duplicate_features,level,classifier,combined_without_duplicate_features,test,200,balanced,9,0.8795643818065343,0.009049644398108146,0.8182359952324195,0.011258865149651572,0.8795643818065343,0.009049644398108146,0.847792528558197,0.007835555235797384,1561.0
6,classifier__combined_without_duplicate_features,level,classifier,combined_without_duplicate_features,test,200,balanced,10,0.9333333333333333,0.0072898618965508396,0.9406118776244751,0.005689473106185942,0.9333333333333333,0.0072898618965508396,0.9369584702718853,0.004900500432254064,1680.0
6,classifier__combined_without_duplicate_features,level,classifier,combined_without_duplicate_features,test,200,balanced,11,0.88875,0.0108709690899935,0.8909774436090225,0.013055547504219472,0.88875,0.0108709690899935,0.8898623279098874,0.00901244164628241,800.0
6,classifier__combined_without_duplicate_features,level,classifier,combined_without_duplicate_features,test,200,balanced,12,0.9023668639053254,0.015973942652301433,0.8640226628895185,0.02043798024196589,0.9023668639053254,0.015973942652301433,0.8827785817655571,0.0140494901569056,338.0
6,classifier__combined_without_duplicate_features,level,classifier,combined_without_duplicate_features,test,200,balanced,13,0.9326923076923077,0.014139427444109487,0.9216152019002375,0.013925343768273198,0.9326923076923077,0.014139427444109487,0.927120669056153,0.009636015694502013,416.0
6,classifier__combined_without_duplicate_features,level,classifier,combined_without_duplicate_features,test,200,balanced,14,0.8130841121495327,0.04283611479624039,0.7837837837837838,0.05568816102311789,0.8130841121495327,0.04283611479624039,0.7981651376146789,0.04062970563625235,107.0
6,classifier__combined_without_duplicate_features,level,classifier,combined_without_duplicate_features,test,200,balanced,15,0.6851851851851852,0.06575574771447269,0.7115384615384616,0.08546023267774834,0.6851851851851852,0.06575574771447269,0.6981132075471698,0.06341127758016771,54.0
7,classifier__combined_without_length_and_duplicate_features,level,classifier,combined_without_length_and_duplicate_features,validation,200,balanced,1,0.9645482652009618,0.0015759735919713017,0.9749982637683172,0.0014547369695614137,0.9645482652009618,0.0015759735919713017,0.9697451129377633,0.001108276275900237,14555.0
7,classifier__combined_without_length_and_duplicate_features,level,classifier,combined_without_length_and_duplicate_features,validation,200,balanced,2,0.938557128063514,0.00277331258392391,0.9365097588978186,0.0028049397613120145,0.938557128063514,0.00277331258392391,0.9375323257284064,0.002067613858864288,8691.0
7,classifier__combined_without_length_and_duplicate_features,level,classifier,combined_without_length_and_duplicate_features,validation,200,balanced,3,0.9471231403477326,0.003245552844133614,0.9400462551147483,0.0033384683486450913,0.9471231403477326,0.003245552844133614,0.9435714285714286,0.0024777797309151884,5579.0
7,classifier__combined_without_length_and_duplicate_features,level,classifier,combined_without_length_and_duplicate_features,validation,200,balanced,4,0.9582379862700229,0.0021058526969184054,0.9715777262180975,0.0018331623965436156,0.9582379862700229,0.0021058526969184054,0.9648617511520737,0.0014618561843854282,10488.0
7,classifier__combined_without_length_and_duplicate_features,level,classifier,combined_without_length_and_duplicate_features,validation,200,balanced,5,0.9623407790289829,0.002771874747722689,0.9551117625503848,0.002995047928333842,0.9623407790289829,0.002771874747722689,0.9587126436781609,0.0021697002428446386,5417.0
7,classifier__combined_without_length_and_duplicate_features,level,classifier,combined_without_length_and_duplicate_features,validation,200,balanced,6,0.9235564304461942,0.005301518237833262,0.8993610223642172,0.006321548195104352,0.9235564304461942,0.005301518237833262,0.9112981547426352,0.0044298280859758205,3048.0
7,classifier__combined_without_length_and_duplicate_features,level,classifier,combined_without_length_and_duplicate_features,validation,200,balanced,7,0.9141706078122263,0.003955699563995103,0.9311329170383587,0.0037851106815781385,0.9141706078122263,0.003955699563995103,0.9225738023687466,0.00286714014523485,5709.0
7,classifier__combined_without_length_and_duplicate_features,level,classifier,combined_without_length_and_duplicate_features,validation,200,balanced,8,0.8741875580315692,0.008305917056365663,0.8432601880877743,0.008999761202476447,0.8741875580315692,0.008305917056365663,0.8584454068839754,0.006774067988142622,2154.0
7,classifier__combined_without_length_and_duplicate_features,level,classifier,combined_without_length_and_duplicate_features,validation,200,balanced,9,0.89375,0.009181435959138748,0.8045007032348804,0.013457259537709721,0.89375,0.009181435959138748,0.846780162842339,0.009319498879872726,1280.0
7,classifier__combined_without_length_and_duplicate_features,level,classifier,combined_without_length_and_duplicate_features,validation,200,balanced,10,0.9448228882833788,0.006847238808898511,0.9397018970189702,0.006687009525547047,0.9448228882833788,0.006847238808898511,0.9422554347826086,0.00497720279784288,1468.0
7,classifier__combined_without_length_and_duplicate_features,level,classifier,combined_without_length_and_duplicate_features,validation,200,balanced,11,0.8755364806866953,0.014019094419946285,0.8767908309455588,0.014222628208215467,0.8755364806866953,0.014019094419946285,0.8761632068718683,0.01068658764457205,699.0
7,classifier__combined_without_length_and_duplicate_features,level,classifier,combined_without_length_and_duplicate_features,validation,200,balanced,12,0.8733509234828496,0.018418280015470766,0.8508997429305912,0.02116402485527386,0.8733509234828496,0.018418280015470766,0.8619791666666666,0.01486254328507751,379.0
7,classifier__combined_without_length_and_duplicate_features,level,classifier,combined_without_length_and_duplicate_features,validation,200,balanced,13,0.9171717171717172,0.016004367359260228,0.9116465863453815,0.01533679279681068,0.9171717171717172,0.016004367359260228,0.9144008056394763,0.011542181076249202,495.0
7,classifier__combined_without_length_and_duplicate_features,level,classifier,combined_without_length_and_duplicate_features,validation,200,balanced,14,0.8225806451612904,0.030236381391062116,0.8693181818181818,0.02963031521563304,0.8225806451612904,0.030236381391062116,0.8453038674033149,0.021692823068922198,186.0
7,classifier__combined_without_length_and_duplicate_features,level,classifier,combined_without_length_and_duplicate_features,validation,200,balanced,15,0.6951219512195121,0.05638722944425709,0.8028169014084507,0.0597505230738134,0.6951219512195121,0.05638722944425709,0.7450980392156863,0.04417481969614304,82.0
7,classifier__combined_without_length_and_duplicate_features,level,classifier,combined_without_length_and_duplicate_features,test,200,balanced,1,0.96763156093889,0.0014897948370854544,0.9744331886155331,0.001418669388347188,0.96763156093889,0.0014897948370854544,0.9710204642219475,0.00104832088165673,14613.0
7,classifier__combined_without_length_and_duplicate_features,level,classifier,combined_without_length_and_duplicate_features,test,200,balanced,2,0.9392369288742346,0.0027626684872250158,0.9337391711542964,0.0030365652618957926,0.9392369288742346,0.0027626684872250158,0.9364799812140425,0.002191191998818665,8492.0
7,classifier__combined_without_length_and_duplicate_features,level,classifier,combined_without_length_and_duplicate_features,test,200,balanced,3,0.9419433339127412,0.003334170725569553,0.9390053716860163,0.003504928615662885,0.9419433339127412,0.003334170725569553,0.9404720583130858,0.0026172460941633977,5753.0
7,classifier__combined_without_length_and_duplicate_features,level,classifier,combined_without_length_and_duplicate_features,test,200,balanced,4,0.9587039985017324,0.00214026799949366,0.9694157750213048,0.0018641758204514215,0.9587039985017324,0.00214026799949366,0.964030131826742,0.0015243397328562332,10679.0
7,classifier__combined_without_length_and_duplicate_features,level,classifier,combined_without_length_and_duplicate_features,test,200,balanced,5,0.958109559613319,0.0029528413040050584,0.955202570051758,0.0027978396890745616,0.958109559613319,0.0029528413040050584,0.9566538564661722,0.002146666075777817,5586.0
7,classifier__combined_without_length_and_duplicate_features,level,classifier,combined_without_length_and_duplicate_features,test,200,balanced,6,0.9107966779452477,0.005999615124495201,0.9005474452554745,0.006055344513736339,0.9107966779452477,0.005999615124495201,0.9056430646887903,0.004695450381199643,3251.0
7,classifier__combined_without_length_and_duplicate_features,level,classifier,combined_without_length_and_duplicate_features,test,200,balanced,7,0.9112816851124599,0.004123391756576178,0.9307201458523245,0.0039028140036488045,0.9112816851124599,0.004123391756576178,0.9208983494182376,0.0029977915227639446,5602.0
7,classifier__combined_without_length_and_duplicate_features,level,classifier,combined_without_length_and_duplicate_features,test,200,balanced,8,0.87243947858473,0.0074780753546935174,0.83998207082026,0.00893768614698371,0.87243947858473,0.0074780753546935174,0.8559031742406942,0.006428107827788798,2148.0
7,classifier__combined_without_length_and_duplicate_features,level,classifier,combined_without_length_and_duplicate_features,test,200,balanced,9,0.877642536835362,0.008747397230990425,0.8120924718435092,0.011622305543194328,0.877642536835362,0.008747397230990425,0.8435960591133005,0.00793888311346324,1561.0
7,classifier__combined_without_length_and_duplicate_features,level,classifier,combined_without_length_and_duplicate_features,test,200,balanced,10,0.9363095238095238,0.007170492010838502,0.9402271368798566,0.005859149917868766,0.9363095238095238,0.007170492010838502,0.9382642409782285,0.0048860857144467995,1680.0
7,classifier__combined_without_length_and_duplicate_features,level,classifier,combined_without_length_and_duplicate_features,test,200,balanced,11,0.88625,0.011295523671291274,0.8907035175879398,0.01310014848883323,0.88625,0.011295523671291274,0.8884711779448622,0.00916150836223563,800.0
7,classifier__combined_without_length_and_duplicate_features,level,classifier,combined_without_length_and_duplicate_features,test,200,balanced,12,0.8964497041420119,0.01630861251554848,0.8607954545454546,0.02082505390377301,0.8964497041420119,0.01630861251554848,0.8782608695652174,0.014540689539280423,338.0
7,classifier__combined_without_length_and_duplicate_features,level,classifier,combined_without_length_and_duplicate_features,test,200,balanced,13,0.9302884615384616,0.014275121821915806,0.9214285714285714,0.014029740483503625,0.9302884615384616,0.014275121821915806,0.9258373205741627,0.009945950543288463,416.0
7,classifier__combined_without_length_and_duplicate_features,level,classifier,combined_without_length_and_duplicate_features,test,200,balanced,14,0.8037383177570093,0.04292637158625546,0.7962962962962963,0.054601680994736904,0.8037383177570093,0.04292637158625546,0.8,0.039466266106311924,107.0
7,classifier__combined_without_length_and_duplicate_features,level,classifier,combined_without_length_and_duplicate_features,test,200,balanced,15,0.6851851851851852,0.06575574771447269,0.7115384615384616,0.08546023267774834,0.6851851851851852,0.06575574771447269,0.6981132075471698,0.06341127758016771,54.0
8,classifier__combined_without_length_correlated_and_duplicate_features,level,classifier,combined_without_length_correlated_and_duplicate_features,validation,200,balanced,1,0.9642047406389557,0.0015558562724555273,0.9750573195303273,0.0014473888012972239,0.9642047406389557,0.0015558562724555273,0.9696006632582562,0.0010824461869051092,14555.0
8,classifier__combined_without_length_correlated_and_duplicate_features,level,classifier,combined_without_length_correlated_and_duplicate_features,validation,200,balanced,2,0.9377516971579796,0.0027579090338140993,0.9376438104003681,0.002759294908987974,0.9377516971579796,0.0027579090338140993,0.9376977506759477,0.002038773723469854,8691.0
8,classifier__combined_without_length_correlated_and_duplicate_features,level,classifier,combined_without_length_correlated_and_duplicate_features,validation,200,balanced,3,0.9473023839397742,0.0032434015257942193,0.9393885531461074,0.0033468955973788616,0.9473023839397742,0.0032434015257942193,0.9433288710397144,0.0024536372895023204,5579.0
8,classifier__combined_without_length_correlated_and_duplicate_features,level,classifier,combined_without_length_correlated_and_duplicate_features,validation,200,balanced,4,0.9581426392067124,0.0021249733752189987,0.971199381463226,0.0018516362460943739,0.9581426392067124,0.0021249733752189987,0.9646268298536117,0.0014744851187729897,10488.0
8,classifier__combined_without_length_correlated_and_duplicate_features,level,classifier,combined_without_length_correlated_and_duplicate_features,validation,200,balanced,5,0.96012553073657,0.002924375413460692,0.9560661764705882,0.0029311438713354315,0.96012553073657,0.002924375413460692,0.9580915538362347,0.0021956698803756963,5417.0
8,classifier__combined_without_length_correlated_and_duplicate_features,level,classifier,combined_without_length_correlated_and_duplicate_features,validation,200,balanced,6,0.922244094488189,0.005424371544629306,0.8926643378850428,0.006729002462319437,0.922244094488189,0.005424371544629306,0.9072131676617718,0.004659951850946091,3048.0
8,classifier__combined_without_length_correlated_and_duplicate_features,level,classifier,combined_without_length_correlated_and_duplicate_features,validation,200,balanced,7,0.9103170432650202,0.004089269079594265,0.9303616183315432,0.003829502371075772,0.9103170432650202,0.004089269079594265,0.9202301903497122,0.002917660058041406,5709.0
8,classifier__combined_without_length_correlated_and_duplicate_features,level,classifier,combined_without_length_correlated_and_duplicate_features,validation,200,balanced,8,0.8681522748375116,0.008169307982542635,0.8370635631154879,0.009177564425908575,0.8681522748375116,0.008169307982542635,0.8523245214220602,0.006744828945594054,2154.0
8,classifier__combined_without_length_correlated_and_duplicate_features,level,classifier,combined_without_length_correlated_and_duplicate_features,validation,200,balanced,9,0.8953125,0.009251967238327328,0.7974947807933194,0.013708296536300653,0.8953125,0.009251967238327328,0.8435774751564226,0.009542734533738521,1280.0
8,classifier__combined_without_length_correlated_and_duplicate_features,level,classifier,combined_without_length_correlated_and_duplicate_features,validation,200,balanced,10,0.9502724795640327,0.006481935138346125,0.9419311276164753,0.006703155874184718,0.9502724795640327,0.006481935138346125,0.9460834181078331,0.0049288603562050075,1468.0
8,classifier__combined_without_length_correlated_and_duplicate_features,level,classifier,combined_without_length_correlated_and_duplicate_features,validation,200,balanced,11,0.8698140200286123,0.014600502406972367,0.8648648648648649,0.014817706228627237,0.8698140200286123,0.014600502406972367,0.8673323823109843,0.011353170488251503,699.0
8,classifier__combined_without_length_correlated_and_duplicate_features,level,classifier,combined_without_length_correlated_and_duplicate_features,validation,200,balanced,12,0.8759894459102903,0.018876467856231177,0.8383838383838383,0.021616278097602463,0.8759894459102903,0.018876467856231177,0.8567741935483871,0.015512544472006097,379.0
8,classifier__combined_without_length_correlated_and_duplicate_features,level,classifier,combined_without_length_correlated_and_duplicate_features,validation,200,balanced,13,0.9171717171717172,0.015257588550828708,0.9134808853118712,0.014700725144803282,0.9171717171717172,0.015257588550828708,0.9153225806451613,0.010979665998316731,495.0
8,classifier__combined_without_length_correlated_and_duplicate_features,level,classifier,combined_without_length_correlated_and_duplicate_features,validation,200,balanced,14,0.8333333333333334,0.026352732787699545,0.8857142857142857,0.02918587335879871,0.8333333333333334,0.026352732787699545,0.8587257617728532,0.020271172644536647,186.0
8,classifier__combined_without_length_correlated_and_duplicate_features,level,classifier,combined_without_length_correlated_and_duplicate_features,validation,200,balanced,15,0.7195121951219512,0.051598719550457584,0.7972972972972973,0.061290092648634886,0.7195121951219512,0.051598719550457584,0.7564102564102564,0.04259694608962198,82.0
8,classifier__combined_without_length_correlated_and_duplicate_features,level,classifier,combined_without_length_correlated_and_duplicate_features,test,200,balanced,1,0.9658523232737973,0.0015444775881350626,0.9748584058571625,0.0014085367707642813,0.9658523232737973,0.0015444775881350626,0.9703344677047884,0.0010613873045452684,14613.0
8,classifier__combined_without_length_correlated_and_duplicate_features,level,classifier,combined_without_length_correlated_and_duplicate_features,test,200,balanced,2,0.9388836552048987,0.0027150679738744445,0.9332787077139179,0.0030759968985206165,0.9388836552048987,0.0027150679738744445,0.9360727913120047,0.002143199718517709,8492.0
8,classifier__combined_without_length_correlated_and_duplicate_features,level,classifier,combined_without_length_correlated_and_duplicate_features,test,200,balanced,3,0.9422909786198506,0.0033578958961693124,0.9380515660148815,0.0035097741377684293,0.9422909786198506,0.0033578958961693124,0.9401664932362123,0.0026136720179224435,5753.0
8,classifier__combined_without_length_correlated_and_duplicate_features,level,classifier,combined_without_length_correlated_and_duplicate_features,test,200,balanced,4,0.956924805693417,0.0021762223257442495,0.9686255924170616,0.0018558359486924335,0.956924805693417,0.0021762223257442495,0.9627396485939046,0.0015475344629331522,10679.0
8,classifier__combined_without_length_correlated_and_duplicate_features,level,classifier,combined_without_length_correlated_and_duplicate_features,test,200,balanced,5,0.9568564267812388,0.0029849398558139608,0.95395323933607,0.002833416865915277,0.9568564267812388,0.0029849398558139608,0.9554026275806595,0.0021663497802400077,5586.0
8,classifier__combined_without_length_correlated_and_duplicate_features,level,classifier,combined_without_length_correlated_and_duplicate_features,test,200,balanced,6,0.9104890802829898,0.006080722955129511,0.8964264082374318,0.006214362772123338,0.9104890802829898,0.006080722955129511,0.9034030215168625,0.004848199212390439,3251.0
8,classifier__combined_without_length_correlated_and_duplicate_features,level,classifier,combined_without_length_correlated_and_duplicate_features,test,200,balanced,7,0.9100321313816494,0.004086652903758739,0.9291051576453435,0.0040118582925053594,0.9100321313816494,0.004086652903758739,0.9194697447921364,0.003061534821147374,5602.0
8,classifier__combined_without_length_correlated_and_duplicate_features,level,classifier,combined_without_length_correlated_and_duplicate_features,test,200,balanced,8,0.8738361266294227,0.007436799175833332,0.8386952636282395,0.00903160417299458,0.8738361266294227,0.007436799175833332,0.8559051527587779,0.00648948017909051,2148.0
8,classifier__combined_without_length_correlated_and_duplicate_features,level,classifier,combined_without_length_correlated_and_duplicate_features,test,200,balanced,9,0.8802049967969251,0.008676333857405445,0.8068115091015854,0.011812543297928446,0.8802049967969251,0.008676333857405445,0.8419117647058824,0.008053069710392288,1561.0
8,classifier__combined_without_length_correlated_and_duplicate_features,level,classifier,combined_without_length_correlated_and_duplicate_features,test,200,balanced,10,0.9357142857142857,0.007266786885236551,0.9396294082486552,0.005859661644644973,0.9357142857142857,0.007266786885236551,0.9376677602147331,0.004903937490215772,1680.0
8,classifier__combined_without_length_correlated_and_duplicate_features,level,classifier,combined_without_length_correlated_and_duplicate_features,test,200,balanced,11,0.8825,0.011698495815163915,0.8869346733668342,0.013595373290389196,0.8825,0.011698495815163915,0.8847117794486216,0.009588640650742374,800.0
8,classifier__combined_without_length_correlated_and_duplicate_features,level,classifier,combined_without_length_correlated_and_duplicate_features,test,200,balanced,12,0.8905325443786982,0.016096652466863426,0.869942196531792,0.020062278706653083,0.8905325443786982,0.016096652466863426,0.8801169590643275,0.013732493364335947,338.0
8,classifier__combined_without_length_correlated_and_duplicate_features,level,classifier,combined_without_length_correlated_and_duplicate_features,test,200,balanced,13,0.9206730769230769,0.01872812134216146,0.9184652278177458,0.014600624340101512,0.9206730769230769,0.01872812134216146,0.9195678271308524,0.011990753729658337,416.0
8,classifier__combined_without_length_correlated_and_duplicate_features,level,classifier,combined_without_length_correlated_and_duplicate_features,test,200,balanced,14,0.8317757009345794,0.041447822878804615,0.8090909090909091,0.05359043323766508,0.8317757009345794,0.041447822878804615,0.8202764976958525,0.038682987147542515,107.0
8,classifier__combined_without_length_correlated_and_duplicate_features,level,classifier,combined_without_length_correlated_and_duplicate_features,test,200,balanced,15,0.6851851851851852,0.06575574771447269,0.6727272727272727,0.08684432381997996,0.6851851851851852,0.06575574771447269,0.6788990825688074,0.06534184990300994,54.0
9,classifier__combined_without_length_correlated_features,level,classifier,combined_without_length_correlated_features,validation,200,balanced,1,0.9649604946753693,0.0015291597960881268,0.974332292750607,0.0014757012766355097,0.9649604946753693,0.0015291597960881268,0.9696237487055575,0.0010832786840054142,14555.0
9,classifier__combined_without_length_correlated_features,level,classifier,combined_without_length_correlated_features,validation,200,balanced,2,0.9403981129904498,0.002729559008481303,0.9381313131313131,0.0027067867839407045,0.9403981129904498,0.002729559008481303,0.9392633454002184,0.0020235293035244296,8691.0
9,classifier__combined_without_length_correlated_features,level,classifier,combined_without_length_correlated_features,validation,200,balanced,3,0.9474816275318158,0.00321914841760805,0.9429183018194791,0.0032129757078085915,0.9474816275318158,0.00321914841760805,0.9451944568618685,0.002417021522491257,5579.0
9,classifier__combined_without_length_correlated_features,level,classifier,combined_without_length_correlated_features,validation,200,balanced,4,0.9613844393592678,0.0019874650624252723,0.9726053824635864,0.0018035380289178967,0.9613844393592678,0.0019874650624252723,0.9669623591464876,0.0013974547675815237,10488.0
9,classifier__combined_without_length_correlated_features,level,classifier,combined_without_length_correlated_features,validation,200,balanced,5,0.962894591102086,0.002808467743536643,0.9565376856776087,0.0028928103985712966,0.962894591102086,0.002808467743536643,0.9597056117755289,0.0021715483217724114,5417.0
9,classifier__combined_without_length_correlated_features,level,classifier,combined_without_length_correlated_features,validation,200,balanced,6,0.9232283464566929,0.005581398378250586,0.8978940650925336,0.0065137802888159055,0.9232283464566929,0.005581398378250586,0.9103849886768036,0.004633743727446206,3048.0
9,classifier__combined_without_length_correlated_features,level,classifier,combined_without_length_correlated_features,validation,200,balanced,7,0.9173235242599405,0.003950506499701737,0.9283814926431484,0.0039985255403251615,0.9173235242599405,0.003950506499701737,0.9228193832599119,0.002947850639580871,5709.0
9,classifier__combined_without_length_correlated_features,level,classifier,combined_without_length_correlated_features,validation,200,balanced,8,0.8676880222841226,0.00832270658449733,0.8457013574660633,0.009085020901085842,0.8676880222841226,0.00832270658449733,0.8565536205316223,0.006817802521456111,2154.0
9,classifier__combined_without_length_correlated_features,level,classifier,combined_without_length_correlated_features,validation,200,balanced,9,0.88515625,0.009864176031113057,0.7990126939351199,0.013541821946397307,0.88515625,0.009864176031113057,0.8398813936249073,0.009566280740812042,1280.0
9,classifier__combined_without_length_correlated_features,level,classifier,combined_without_length_correlated_features,validation,200,balanced,10,0.9475476839237057,0.006855428826833561,0.9469026548672567,0.006233034616773205,0.9475476839237057,0.006855428826833561,0.9472250595846101,0.0048588006810931965,1468.0
9,classifier__combined_without_length_correlated_features,level,classifier,combined_without_length_correlated_features,validation,200,balanced,11,0.8669527896995708,0.014832282595903747,0.8769898697539797,0.0142531263097951,0.8669527896995708,0.014832282595903747,0.8719424460431655,0.011295968489377615,699.0
9,classifier__combined_without_length_correlated_features,level,classifier,combined_without_length_correlated_features,validation,200,balanced,12,0.8601583113456465,0.019910687729981252,0.8647214854111406,0.020445402409524527,0.8601583113456465,0.019910687729981252,0.8624338624338624,0.015101769787026828,379.0
9,classifier__combined_without_length_correlated_features,level,classifier,combined_without_length_correlated_features,validation,200,balanced,13,0.9151515151515152,0.015493578427780439,0.917004048582996,0.014204774384703986,0.9151515151515152,0.015493578427780439,0.916076845298281,0.010599436655596758,495.0
9,classifier__combined_without_length_correlated_features,level,classifier,combined_without_length_correlated_features,validation,200,balanced,14,0.8064516129032258,0.03179244130960326,0.8875739644970414,0.028667956541633812,0.8064516129032258,0.03179244130960326,0.8450704225352113,0.02171272263796831,186.0
9,classifier__combined_without_length_correlated_features,level,classifier,combined_without_length_correlated_features,validation,200,balanced,15,0.7073170731707317,0.0559216250947963,0.7837837837837838,0.06499004133301763,0.7073170731707317,0.0559216250947963,0.7435897435897436,0.044061675381193446,82.0
9,classifier__combined_without_length_correlated_features,level,classifier,combined_without_length_correlated_features,test,200,balanced,1,0.9676999931567782,0.0014775405707787102,0.9749052051016891,0.0013649174029699666,0.9676999931567782,0.0014775405707787102,0.9712892368981386,0.0010161451557955334,14613.0
9,classifier__combined_without_length_correlated_features,level,classifier,combined_without_length_correlated_features,test,200,balanced,2,0.9422986340084786,0.002618139521425291,0.9341583002568293,0.0030204360475593085,0.9422986340084786,0.002618139521425291,0.938210810177043,0.0021273927225798172,8492.0
9,classifier__combined_without_length_correlated_features,level,classifier,combined_without_length_correlated_features,test,200,balanced,3,0.9421171562662959,0.003301368762560576,0.9411356138218441,0.003496610027946903,0.9421171562662959,0.003301368762560576,0.9416261292564281,0.002572786876264298,5753.0
9,classifier__combined_without_length_correlated_features,level,classifier,combined_without_length_correlated_features,test,200,balanced,4,0.9608577582170615,0.0020399324322083186,0.969115980355119,0.0019034070804691654,0.9608577582170615,0.0020399324322083186,0.9649692011097005,0.0015201850385728659,10679.0
9,classifier__combined_without_length_correlated_features,level,classifier,combined_without_length_correlated_features,test,200,balanced,5,0.9588256355173649,0.00301717151840618,0.956941218509916,0.0027594494279105076,0.9588256355173649,0.00301717151840618,0.9578825002235536,0.0021541487397840763,5586.0
9,classifier__combined_without_length_correlated_features,level,classifier,combined_without_length_correlated_features,test,200,balanced,6,0.9111042756075054,0.006078406489232897,0.9035997559487492,0.006006537364755551,0.9111042756075054,0.006078406489232897,0.9073364986981161,0.004690383648851735,3251.0
9,classifier__combined_without_length_correlated_features,level,classifier,combined_without_length_correlated_features,test,200,balanced,7,0.9162799000357016,0.0038747969584843867,0.9275388507408746,0.003972767287752645,0.9162799000357016,0.0038747969584843867,0.921875,0.002960172625281271,5602.0
9,classifier__combined_without_length_correlated_features,level,classifier,combined_without_length_correlated_features,test,200,balanced,8,0.87243947858473,0.0075004806314117245,0.83998207082026,0.008739468842899868,0.87243947858473,0.0075004806314117245,0.8559031742406942,0.0063448099180385045,2148.0
9,classifier__combined_without_length_correlated_features,level,classifier,combined_without_length_correlated_features,test,200,balanced,9,0.8757206918641897,0.008574287163126868,0.8269812462189957,0.011411261733492188,0.8757206918641897,0.008574287163126868,0.85065339141257,0.007751679522540775,1561.0
9,classifier__combined_without_length_correlated_features,level,classifier,combined_without_length_correlated_features,test,200,balanced,10,0.9410714285714286,0.0070066593980183285,0.9455741626794258,0.005795175931568635,0.9410714285714286,0.0070066593980183285,0.9433174224343676,0.004631496603476702,1680.0
9,classifier__combined_without_length_correlated_features,level,classifier,combined_without_length_correlated_features,test,200,balanced,11,0.87875,0.011272945451206856,0.9001280409731114,0.012415918474152578,0.87875,0.011272945451206856,0.8893105629348513,0.009045606937870392,800.0
9,classifier__combined_without_length_correlated_features,level,classifier,combined_without_length_correlated_features,test,200,balanced,12,0.893491124260355,0.01485547924261946,0.8728323699421965,0.02004910355526202,0.893491124260355,0.01485547924261946,0.8830409356725146,0.013224070584703974,338.0
9,classifier__combined_without_length_correlated_features,level,classifier,combined_without_length_correlated_features,test,200,balanced,13,0.9158653846153846,0.017811197468171485,0.9180722891566265,0.014498370030258069,0.9158653846153846,0.017811197468171485,0.9169675090252708,0.011499894192968927,416.0
9,classifier__combined_without_length_correlated_features,level,classifier,combined_without_length_correlated_features,test,200,balanced,14,0.7850467289719626,0.04674745255664408,0.84,0.05159540496829632,0.7850467289719626,0.04674745255664408,0.8115942028985508,0.03979330661419356,107.0
9,classifier__combined_without_length_correlated_features,level,classifier,combined_without_length_correlated_features,test,200,balanced,15,0.6851851851851852,0.06421797251390068,0.6727272727272727,0.0847772257368513,0.6851851851851852,0.06421797251390068,0.6788990825688074,0.06377328413101319,54.0
10,classifier__complexity_without_length_correlated_features,level,classifier,complexity_without_length_correlated_features,validation,200,balanced,1,0.9653040192373755,0.0015287104421552065,0.9743411927877947,0.0014476446504647163,0.9653040192373755,0.0015287104421552065,0.9698015530629853,0.0010788403656035082,14555.0
10,classifier__complexity_without_length_correlated_features,level,classifier,complexity_without_length_correlated_features,validation,200,balanced,2,0.9410884823380509,0.0027051806846892846,0.9382815188711713,0.002700323002822582,0.9410884823380509,0.0027051806846892846,0.9396829044117647,0.001978565472168037,8691.0
10,classifier__complexity_without_length_correlated_features,level,classifier,complexity_without_length_correlated_features,validation,200,balanced,3,0.9474816275318158,0.0032325938106676365,0.9419101924447613,0.003257094971264447,0.9474816275318158,0.0032325938106676365,0.9446876954695738,0.0024173356186939854,5579.0
10,classifier__complexity_without_length_correlated_features,level,classifier,complexity_without_length_correlated_features,validation,200,balanced,4,0.9602402745995423,0.0020015874598844356,0.9721980886185926,0.001839423604130086,0.9602402745995423,0.0020015874598844356,0.9661821844869766,0.001414664728782941,10488.0
10,classifier__complexity_without_length_correlated_features,level,classifier,complexity_without_length_correlated_features,validation,200,balanced,5,0.9614177589071442,0.0028332285697325213,0.9564738292011019,0.0029659381701237723,0.9614177589071442,0.0028332285697325213,0.958939421837599,0.0022195845964618544,5417.0
10,classifier__complexity_without_length_correlated_features,level,classifier,complexity_without_length_correlated_features,validation,200,balanced,6,0.9199475065616798,0.005562183810100655,0.8969929622520794,0.006649397819315316,0.9199475065616798,0.005562183810100655,0.9083252348558472,0.0047129954406875925,3048.0
10,classifier__complexity_without_length_correlated_features,level,classifier,complexity_without_length_correlated_features,validation,200,balanced,7,0.9166228761604485,0.0039121786907396205,0.9294849023090587,0.003808961340712339,0.9166228761604485,0.0039121786907396205,0.9230090836934474,0.0028676563725012413,5709.0
10,classifier__complexity_without_length_correlated_features,level,classifier,complexity_without_length_correlated_features,validation,200,balanced,8,0.8700092850510678,0.00809932651526511,0.8433843384338434,0.009106575727182464,0.8700092850510678,0.00809932651526511,0.856489945155393,0.006655257097828217,2154.0
10,classifier__complexity_without_length_correlated_features,level,classifier,complexity_without_length_correlated_features,validation,200,balanced,9,0.884375,0.009892419864974767,0.805693950177936,0.013204536288334064,0.884375,0.009892419864974767,0.8432029795158287,0.009431504803849234,1280.0
10,classifier__complexity_without_length_correlated_features,level,classifier,complexity_without_length_correlated_features,validation,200,balanced,10,0.9475476839237057,0.006450683051043187,0.9443312966734555,0.006532632437665283,0.9475476839237057,0.006450683051043187,0.9459367562053723,0.004806196672902726,1468.0
10,classifier__complexity_without_length_correlated_features,level,classifier,complexity_without_length_correlated_features,validation,200,balanced,11,0.871244635193133,0.014308991769966894,0.8724928366762178,0.014426509247715423,0.871244635193133,0.014308991769966894,0.8718682891911238,0.011056501247792838,699.0
10,classifier__complexity_without_length_correlated_features,level,classifier,complexity_without_length_correlated_features,validation,200,balanced,12,0.8707124010554089,0.01932232721047713,0.8616187989556136,0.021164187222619243,0.8707124010554089,0.01932232721047713,0.8661417322834646,0.015340563936115893,379.0
10,classifier__complexity_without_length_correlated_features,level,classifier,complexity_without_length_correlated_features,validation,200,balanced,13,0.9151515151515152,0.015573151206217387,0.917004048582996,0.013809477345659219,0.9151515151515152,0.015573151206217387,0.916076845298281,0.010539827177388595,495.0
10,classifier__complexity_without_length_correlated_features,level,classifier,complexity_without_length_correlated_features,validation,200,balanced,14,0.8064516129032258,0.03274956711055892,0.8771929824561403,0.030822503002626192,0.8064516129032258,0.03274956711055892,0.8403361344537815,0.023227062462020796,186.0
10,classifier__complexity_without_length_correlated_features,level,classifier,complexity_without_length_correlated_features,validation,200,balanced,15,0.7073170731707317,0.049632817020240444,0.7733333333333333,0.06585126951043958,0.7073170731707317,0.049632817020240444,0.7388535031847133,0.042339724873812656,82.0
10,classifier__complexity_without_length_correlated_features,level,classifier,complexity_without_length_correlated_features,test,200,balanced,1,0.9676999931567782,0.0015289995052436775,0.9751068818094056,0.001395934363309413,0.9676999931567782,0.0015289995052436775,0.9713893182208484,0.0010366401186516952,14613.0
10,classifier__complexity_without_length_correlated_features,level,classifier,complexity_without_length_correlated_features,test,200,balanced,2,0.9411210551106924,0.0026525199417857855,0.9342997428103811,0.0030628334304621525,0.9411210551106924,0.0026525199417857855,0.9376979936642027,0.002136775003014385,8492.0
10,classifier__complexity_without_length_correlated_features,level,classifier,complexity_without_length_correlated_features,test,200,balanced,3,0.9443768468625066,0.003212104594332235,0.9406163434903048,0.0035183894141769785,0.9443768468625066,0.003212104594332235,0.9424928441321884,0.0025761141031227747,5753.0
10,classifier__complexity_without_length_correlated_features,level,classifier,complexity_without_length_correlated_features,test,200,balanced,4,0.9594531323157599,0.0021081174630549304,0.9691638289822172,0.0018467333084663305,0.9594531323157599,0.0021081174630549304,0.9642840336925321,0.0015376273797359122,10679.0
10,classifier__complexity_without_length_correlated_features,level,classifier,complexity_without_length_correlated_features,test,200,balanced,5,0.9597207303974221,0.00291858268377897,0.95544466227054,0.002850848412355127,0.9597207303974221,0.00291858268377897,0.9575779226578548,0.0021594595720236796,5586.0
10,classifier__complexity_without_length_correlated_features,level,classifier,complexity_without_length_correlated_features,test,200,balanced,6,0.9111042756075054,0.0060035969475232985,0.9011256464861576,0.006094477261618174,0.9111042756075054,0.0060035969475232985,0.906087488528602,0.004577831435009522,3251.0
10,classifier__complexity_without_length_correlated_features,level,classifier,complexity_without_length_correlated_features,test,200,balanced,7,0.9152088539807212,0.003964757310587607,0.9266220856678113,0.0040644256170726265,0.9152088539807212,0.003964757310587607,0.9208801077682982,0.00304493478582043,5602.0
10,classifier__complexity_without_length_correlated_features,level,classifier,complexity_without_length_correlated_features,test,200,balanced,8,0.8701117318435754,0.0075586159575142,0.8449367088607594,0.008694367207788555,0.8701117318435754,0.0075586159575142,0.8573394495412844,0.006275601184922131,2148.0
10,classifier__complexity_without_length_correlated_features,level,classifier,complexity_without_length_correlated_features,test,200,balanced,9,0.874439461883408,0.008367223439029134,0.8212996389891697,0.011456312063973843,0.874439461883408,0.008367223439029134,0.8470369221222463,0.007748539407468512,1561.0
10,classifier__complexity_without_length_correlated_features,level,classifier,complexity_without_length_correlated_features,test,200,balanced,10,0.9398809523809524,0.007116672529497452,0.9466426858513189,0.0056313262498127615,0.9398809523809524,0.007116672529497452,0.9432497013142175,0.004689301349144371,1680.0
10,classifier__complexity_without_length_correlated_features,level,classifier,complexity_without_length_correlated_features,test,200,balanced,11,0.88,0.011572366802116233,0.8991060025542784,0.012595315479901564,0.88,0.011572366802116233,0.8894504106127605,0.009127360352038281,800.0
10,classifier__complexity_without_length_correlated_features,level,classifier,complexity_without_length_correlated_features,test,200,balanced,12,0.8964497041420119,0.014543316208203918,0.8731988472622478,0.01990293783019807,0.8964497041420119,0.014543316208203918,0.8846715328467153,0.012811070523508472,338.0
10,classifier__complexity_without_length_correlated_features,level,classifier,complexity_without_length_correlated_features,test,200,balanced,13,0.9206730769230769,0.016976842741825877,0.9228915662650602,0.01391776752235319,0.9206730769230769,0.016976842741825877,0.9217809867629362,0.011003524740207103,416.0
10,classifier__complexity_without_length_correlated_features,level,classifier,complexity_without_length_correlated_features,test,200,balanced,14,0.794392523364486,0.04724894905087984,0.8018867924528302,0.05191175187669835,0.794392523364486,0.04724894905087984,0.7981220657276995,0.0403731916177663,107.0
10,classifier__complexity_without_length_correlated_features,level,classifier,complexity_without_length_correlated_features,test,200,balanced,15,0.6666666666666666,0.06249970433782884,0.6923076923076923,0.08163757953515312,0.6666666666666666,0.06249970433782884,0.6792452830188679,0.06056843613575608,54.0
11,classifier__training_mutual_information_features,level,classifier,training_mutual_information_features,validation,200,balanced,1,0.9207832360013741,0.0022435575047802954,0.9450007051191651,0.002230340441293995,0.9207832360013741,0.0022435575047802954,0.9327348018234332,0.001673546168029775,14555.0
11,classifier__training_mutual_information_features,level,classifier,training_mutual_information_features,validation,200,balanced,2,0.8377632033137729,0.004050135669613369,0.8437825935797891,0.004242598251676022,0.8377632033137729,0.004050135669613369,0.8407621247113164,0.0032598385313830523,8691.0
11,classifier__training_mutual_information_features,level,classifier,training_mutual_information_features,validation,200,balanced,3,0.8756049471231403,0.004779677010813025,0.8370459218642906,0.005237323752081776,0.8756049471231403,0.004779677010813025,0.8558913710030661,0.0038417131980710262,5579.0
11,classifier__training_mutual_information_features,level,classifier,training_mutual_information_features,validation,200,balanced,4,0.8537376048817696,0.003758418422378867,0.9103294021960147,0.0033456283572583356,0.8537376048817696,0.003758418422378867,0.8811257626451486,0.00269600345246051,10488.0
11,classifier__training_mutual_information_features,level,classifier,training_mutual_information_features,validation,200,balanced,5,0.8513937603839764,0.005286694456090563,0.8481059212945936,0.005722525969872778,0.8513937603839764,0.005286694456090563,0.8497466605251036,0.004213275192954426,5417.0
11,classifier__training_mutual_information_features,level,classifier,training_mutual_information_features,validation,200,balanced,6,0.7854330708661418,0.008327232669232154,0.7223898611949306,0.010004991443230575,0.7854330708661418,0.008327232669232154,0.7525935240490412,0.007240111990720683,3048.0
11,classifier__training_mutual_information_features,level,classifier,training_mutual_information_features,validation,200,balanced,7,0.7241198108250131,0.006201560439919949,0.8677581863979849,0.0056869708591424555,0.7241198108250131,0.006201560439919949,0.789458607848754,0.004723145229873189,5709.0
11,classifier__training_mutual_information_features,level,classifier,training_mutual_information_features,validation,200,balanced,8,0.7079851439182916,0.010054783214857897,0.6293850598431696,0.012025853810479463,0.7079851439182916,0.010054783214857897,0.6663753550360498,0.009034490299179753,2154.0
11,classifier__training_mutual_information_features,level,classifier,training_mutual_information_features,validation,200,balanced,9,0.73671875,0.012313614630434013,0.49736286919831224,0.01642103014592367,0.73671875,0.012313614630434013,0.5938287153652393,0.013415503347852764,1280.0
11,classifier__training_mutual_information_features,level,classifier,training_mutual_information_features,validation,200,balanced,10,0.8222070844686649,0.011035825974517239,0.8062792251169004,0.01184089239526379,0.8222070844686649,0.011035825974517239,0.8141652613827993,0.008624751354585144,1468.0
11,classifier__training_mutual_information_features,level,classifier,training_mutual_information_features,validation,200,balanced,11,0.7668097281831188,0.015917710950618218,0.648910411622276,0.02138013036352002,0.7668097281831188,0.015917710950618218,0.7029508196721311,0.015152140098616053,699.0
11,classifier__training_mutual_information_features,level,classifier,training_mutual_information_features,validation,200,balanced,12,0.741424802110818,0.022835526821499974,0.42966360856269115,0.02753890503689444,0.741424802110818,0.022835526821499974,0.5440464666021297,0.024405873243288426,379.0
11,classifier__training_mutual_information_features,level,classifier,training_mutual_information_features,validation,200,balanced,13,0.8363636363636363,0.01714878340983021,0.75,0.022559766343266167,0.8363636363636363,0.01714878340983021,0.7908309455587392,0.015443145074337064,495.0
11,classifier__training_mutual_information_features,level,classifier,training_mutual_information_features,validation,200,balanced,14,0.7903225806451613,0.032290718815911446,0.5547169811320755,0.043646766664980546,0.7903225806451613,0.032290718815911446,0.6518847006651884,0.03382387592401916,186.0
11,classifier__training_mutual_information_features,level,classifier,training_mutual_information_features,validation,200,balanced,15,0.6341463414634146,0.055948727632108716,0.4406779661016949,0.06759467011915905,0.6341463414634146,0.055948727632108716,0.52,0.05699511181292937,82.0
11,classifier__training_mutual_information_features,level,classifier,training_mutual_information_features,test,200,balanced,1,0.9158968042154246,0.0023717652352273403,0.9448641016590187,0.002087387528299223,0.9158968042154246,0.0023717652352273403,0.9301549794982278,0.0016040777807698702,14613.0
11,classifier__training_mutual_information_features,level,classifier,training_mutual_information_features,test,200,balanced,2,0.833254828073481,0.004233548051168285,0.8341388659672285,0.004711789131337904,0.833254828073481,0.004233548051168285,0.8336966126656848,0.003426389530491617,8492.0
11,classifier__training_mutual_information_features,level,classifier,training_mutual_information_features,test,200,balanced,3,0.8671997218842343,0.00502290713253909,0.8316386064344057,0.005291606303494016,0.8671997218842343,0.00502290713253909,0.8490469707283866,0.004008740442191032,5753.0
11,classifier__training_mutual_information_features,level,classifier,training_mutual_information_features,test,200,balanced,4,0.8533570559041108,0.003884724757049871,0.908846115488182,0.0032576675937686394,0.8533570559041108,0.003884724757049871,0.8802279532502656,0.002792984056885791,10679.0
11,classifier__training_mutual_information_features,level,classifier,training_mutual_information_features,test,200,balanced,5,0.8587540279269602,0.00520804769710293,0.8487261146496815,0.005243494507724139,0.8587540279269602,0.00520804769710293,0.8537106246663108,0.003964139184673252,5586.0
11,classifier__training_mutual_information_features,level,classifier,training_mutual_information_features,test,200,balanced,6,0.7917563826514918,0.008360665929944774,0.7242543612830613,0.010134167490608104,0.7917563826514918,0.008360665929944774,0.7565025716385011,0.007419157930124665,3251.0
11,classifier__training_mutual_information_features,level,classifier,training_mutual_information_features,test,200,balanced,7,0.7225990717600856,0.006117341956610086,0.8587187102248621,0.0057745136201679485,0.7225990717600856,0.006117341956610086,0.7848003101977511,0.004699986193982858,5602.0
11,classifier__training_mutual_information_features,level,classifier,training_mutual_information_features,test,200,balanced,8,0.7364990689013036,0.009734411344144302,0.6330532212885154,0.012037235492643957,0.7364990689013036,0.009734411344144302,0.6808693780933935,0.00890412195676567,2148.0
11,classifier__training_mutual_information_features,level,classifier,training_mutual_information_features,test,200,balanced,9,0.7277386290839206,0.012135314069258631,0.5576828669612175,0.014967705429239715,0.7277386290839206,0.012135314069258631,0.631461923290717,0.011673817506982221,1561.0
11,classifier__training_mutual_information_features,level,classifier,training_mutual_information_features,test,200,balanced,10,0.8130952380952381,0.011255732938600582,0.824381412190706,0.01057414281072546,0.8130952380952381,0.011255732938600582,0.818699430626311,0.008357751343141782,1680.0
11,classifier__training_mutual_information_features,level,classifier,training_mutual_information_features,test,200,balanced,11,0.76,0.01598865612196853,0.6718232044198895,0.021756807713140064,0.76,0.01598865612196853,0.7131964809384165,0.01566226307558928,800.0
11,classifier__training_mutual_information_features,level,classifier,training_mutual_information_features,test,200,balanced,12,0.7603550295857988,0.022408590997434818,0.42549668874172186,0.029189667533057878,0.7603550295857988,0.022408590997434818,0.5456475583864119,0.02647398186148932,338.0
11,classifier__training_mutual_information_features,level,classifier,training_mutual_information_features,test,200,balanced,13,0.875,0.017948523832735062,0.7505154639175258,0.023814179408523026,0.875,0.017948523832735062,0.8079911209766926,0.01623756711454569,416.0
11,classifier__training_mutual_information_features,level,classifier,training_mutual_information_features,test,200,balanced,14,0.7850467289719626,0.050158928081504614,0.417910447761194,0.0599549048759105,0.7850467289719626,0.050158928081504614,0.5454545454545454,0.058028804432481304,107.0
11,classifier__training_mutual_information_features,level,classifier,training_mutual_information_features,test,200,balanced,15,0.5740740740740741,0.07224881345478851,0.3163265306122449,0.07046499001706494,0.5740740740740741,0.07224881345478851,0.40789473684210525,0.06897111283430747,54.0
12,classifier__training_information_gain_features,level,classifier,training_information_gain_features,validation,200,balanced,1,0.9100652696667811,0.0024828670218165305,0.9373054061703935,0.0023434518222096284,0.9100652696667811,0.0024828670218165305,0.9234845051765608,0.0018122680333550404,14555.0
12,classifier__training_information_gain_features,level,classifier,training_information_gain_features,validation,200,balanced,2,0.8057760902082615,0.0043276506300851695,0.8156300955043093,0.0046293312305609405,0.8057760902082615,0.0043276506300851695,0.8106731492736008,0.0035430160834683793,8691.0
12,classifier__training_information_gain_features,level,classifier,training_information_gain_features,validation,200,balanced,3,0.8587560494712314,0.005137800050334728,0.8058873002523129,0.005545179038870804,0.8587560494712314,0.005137800050334728,0.8314821242624089,0.004184650451490502,5579.0
12,classifier__training_information_gain_features,level,classifier,training_information_gain_features,validation,200,balanced,4,0.8497330282227308,0.0037350395453070342,0.9080904829834929,0.0034010749233834145,0.8497330282227308,0.0037350395453070342,0.8779430597970643,0.00269574473866613,10488.0
12,classifier__training_information_gain_features,level,classifier,training_information_gain_features,validation,200,balanced,5,0.8321949418497323,0.00545033061864837,0.822477650063857,0.006147347269980198,0.8321949418497323,0.00545033061864837,0.8273077628922738,0.004488927359454292,5417.0
12,classifier__training_information_gain_features,level,classifier,training_information_gain_features,validation,200,balanced,6,0.7788713910761155,0.008121862326364599,0.699675803124079,0.010079480094583398,0.7788713910761155,0.008121862326364599,0.7371526160534079,0.007299971981548141,3048.0
12,classifier__training_information_gain_features,level,classifier,training_information_gain_features,validation,200,balanced,7,0.7039761779646173,0.0063847262360894165,0.8652314316469322,0.005550632006678953,0.7039761779646173,0.0063847262360894165,0.7763183310797759,0.004913009176968719,5709.0
12,classifier__training_information_gain_features,level,classifier,training_information_gain_features,validation,200,balanced,8,0.691736304549675,0.010239430151008396,0.6091578086672118,0.012498066005699391,0.691736304549675,0.010239430151008396,0.6478260869565218,0.00930500015693265,2154.0
12,classifier__training_information_gain_features,level,classifier,training_information_gain_features,validation,200,balanced,9,0.709375,0.012764423711349894,0.49267498643516006,0.016726914638470692,0.709375,0.012764423711349894,0.5814921549791867,0.013674221628302764,1280.0
12,classifier__training_information_gain_features,level,classifier,training_information_gain_features,validation,200,balanced,10,0.7895095367847411,0.011330572619698834,0.7836375929682218,0.0128978808067284,0.7895095367847411,0.011330572619698834,0.7865626060400407,0.00907516576057388,1468.0
12,classifier__training_information_gain_features,level,classifier,training_information_gain_features,validation,200,balanced,11,0.7353361945636624,0.018529502493493697,0.619277108433735,0.022793117902679617,0.7353361945636624,0.018529502493493697,0.6723348593852191,0.01726282433340588,699.0
12,classifier__training_information_gain_features,level,classifier,training_information_gain_features,validation,200,balanced,12,0.7519788918205804,0.024015423707218635,0.4247391952309985,0.02732200760558095,0.7519788918205804,0.024015423707218635,0.5428571428571428,0.02450388172425035,379.0
12,classifier__training_information_gain_features,level,classifier,training_information_gain_features,validation,200,balanced,13,0.8262626262626263,0.018841879450912535,0.7329749103942652,0.024066419106126207,0.8262626262626263,0.018841879450912535,0.7768281101614435,0.01681414447497978,495.0
12,classifier__training_information_gain_features,level,classifier,training_information_gain_features,validation,200,balanced,14,0.7688172043010753,0.03425055980866201,0.5257352941176471,0.04353567778833993,0.7688172043010753,0.03425055980866201,0.6244541484716157,0.03460658877550232,186.0
12,classifier__training_information_gain_features,level,classifier,training_information_gain_features,validation,200,balanced,15,0.6829268292682927,0.07113579552326121,0.4148148148148148,0.06931679924655708,0.6829268292682927,0.07113579552326121,0.5161290322580645,0.0645154060478734,82.0
12,classifier__training_information_gain_features,level,classifier,training_information_gain_features,test,200,balanced,1,0.9084376924656128,0.002464766342037953,0.9369045098454373,0.0023181080350215847,0.9084376924656128,0.002464766342037953,0.9224515322076298,0.0017321518559503919,14613.0
12,classifier__training_information_gain_features,level,classifier,training_information_gain_features,test,200,balanced,2,0.8012246820536976,0.004340398344015112,0.805207100591716,0.00491107660072169,0.8012246820536976,0.004340398344015112,0.8032109550230198,0.003563431567551674,8492.0
12,classifier__training_information_gain_features,level,classifier,training_information_gain_features,test,200,balanced,3,0.8503389535894316,0.005166665378397235,0.8063293225646943,0.005911169952600901,0.8503389535894316,0.005166665378397235,0.8277495769881557,0.004333865421314282,5753.0
12,classifier__training_information_gain_features,level,classifier,training_information_gain_features,test,200,balanced,4,0.8482067609326716,0.003918370809095165,0.909711760570453,0.003262577663263226,0.8482067609326716,0.003918370809095165,0.8778833107191316,0.002858872560627371,10679.0
12,classifier__training_information_gain_features,level,classifier,training_information_gain_features,test,200,balanced,5,0.8369137128535625,0.005533019125745313,0.8185956925232009,0.0057388590443805685,0.8369137128535625,0.005533019125745313,0.8276533592989289,0.004334002666087916,5586.0
12,classifier__training_information_gain_features,level,classifier,training_information_gain_features,test,200,balanced,6,0.7680713626576438,0.008601014908878355,0.7175287356321839,0.010082695060730212,0.7680713626576438,0.008601014908878355,0.7419402763333829,0.007505185303638985,3251.0
12,classifier__training_information_gain_features,level,classifier,training_information_gain_features,test,200,balanced,7,0.7081399500178508,0.006265300029622315,0.8618292417988268,0.005738432097438839,0.7081399500178508,0.006265300029622315,0.7774620284174424,0.004800428571075799,5602.0
12,classifier__training_information_gain_features,level,classifier,training_information_gain_features,test,200,balanced,8,0.7188081936685289,0.009752101327168335,0.6095538886695618,0.012059845870803505,0.7188081936685289,0.009752101327168335,0.6596881008331553,0.008875673148188322,2148.0
12,classifier__training_information_gain_features,level,classifier,training_information_gain_features,test,200,balanced,9,0.7110826393337604,0.011435854207266968,0.537270087124879,0.01460436935093409,0.7110826393337604,0.011435854207266968,0.6120760959470637,0.011436384772427975,1561.0
12,classifier__training_information_gain_features,level,classifier,training_information_gain_features,test,200,balanced,10,0.7880952380952381,0.011019270455406226,0.805352798053528,0.010710470309393063,0.7880952380952381,0.011019270455406226,0.7966305655836342,0.008310713491280727,1680.0
12,classifier__training_information_gain_features,level,classifier,training_information_gain_features,test,200,balanced,11,0.7325,0.01492760007436829,0.6390403489640131,0.02133061351786428,0.7325,0.01492760007436829,0.6825859056493885,0.014918612460653723,800.0
12,classifier__training_information_gain_features,level,classifier,training_information_gain_features,test,200,balanced,12,0.7455621301775148,0.021683160206077794,0.3727810650887574,0.027320133533380635,0.7455621301775148,0.021683160206077794,0.4970414201183432,0.026157569143427404,338.0
12,classifier__training_information_gain_features,level,classifier,training_information_gain_features,test,200,balanced,13,0.8533653846153846,0.018898707442148124,0.6988188976377953,0.02503928635673501,0.8533653846153846,0.018898707442148124,0.7683982683982684,0.017819272288858254,416.0
12,classifier__training_information_gain_features,level,classifier,training_information_gain_features,test,200,balanced,14,0.7757009345794392,0.04449421453105245,0.45108695652173914,0.06101132890800481,0.7757009345794392,0.04449421453105245,0.570446735395189,0.05539898169848651,107.0
12,classifier__training_information_gain_features,level,classifier,training_information_gain_features,test,200,balanced,15,0.5925925925925926,0.07600838003019304,0.2782608695652174,0.06683478525105709,0.5925925925925926,0.07600838003019304,0.378698224852071,0.07178580932676175,54.0
13,classifier__polke,level,classifier,polke,validation,200,balanced,1,0.914943318447269,0.0023456231239571226,0.9376848331220955,0.002425143120087355,0.914943318447269,0.0023456231239571226,0.9261744966442953,0.0017878371253547574,14555.0
13,classifier__polke,level,classifier,polke,validation,200,balanced,2,0.8086526291565987,0.004690614348398817,0.8231435933473882,0.0044480000011697775,0.8086526291565987,0.004690614348398817,0.8158337686458877,0.003640228961030561,8691.0
13,classifier__polke,level,classifier,polke,validation,200,balanced,3,0.8575013443269404,0.005059613865073394,0.8040336134453782,0.005931942991338682,0.8575013443269404,0.005059613865073394,0.8299071905629283,0.004336574777147542,5579.0
13,classifier__polke,level,classifier,polke,validation,200,balanced,4,0.857837528604119,0.0037691372190162124,0.911734900689096,0.00321188682798615,0.857837528604119,0.0037691372190162124,0.8839654156022795,0.00268935700463989,10488.0
13,classifier__polke,level,classifier,polke,validation,200,balanced,5,0.8477016798966217,0.005491758091983096,0.8604084691774405,0.005343827671857232,0.8477016798966217,0.005491758091983096,0.8540078110470523,0.0042570845599348385,5417.0
13,classifier__polke,level,classifier,polke,validation,200,balanced,6,0.7834645669291339,0.008199446541895868,0.6879861711322386,0.010556533430176089,0.7834645669291339,0.008199446541895868,0.7326277036355269,0.00777617488304345,3048.0
13,classifier__polke,level,classifier,polke,validation,200,balanced,7,0.7465405500087581,0.006298061333267788,0.8657322770668292,0.005562357333382752,0.7465405500087581,0.006298061333267788,0.8017306245297215,0.004663861558827495,5709.0
13,classifier__polke,level,classifier,polke,validation,200,balanced,8,0.7010213556174559,0.010052575154176869,0.6247414149772446,0.012940663896376596,0.7010213556174559,0.010052575154176869,0.6606869394005688,0.009554166411312648,2154.0
13,classifier__polke,level,classifier,polke,validation,200,balanced,9,0.709375,0.01262094858266186,0.5269878119558908,0.01755730277208262,0.709375,0.01262094858266186,0.6047286047286047,0.013996880730692078,1280.0
13,classifier__polke,level,classifier,polke,validation,200,balanced,10,0.8099455040871935,0.010853400637412698,0.7947860962566845,0.012623635157443188,0.8099455040871935,0.010853400637412698,0.8022941970310391,0.008854281594043669,1468.0
13,classifier__polke,level,classifier,polke,validation,200,balanced,11,0.7110157367668097,0.018996325665744367,0.5888625592417062,0.02388326636802636,0.7110157367668097,0.018996325665744367,0.644199611147116,0.01834784473729584,699.0
13,classifier__polke,level,classifier,polke,validation,200,balanced,12,0.7176781002638523,0.027399070046519005,0.46337308347529815,0.027708173351192883,0.7176781002638523,0.027399070046519005,0.5631469979296067,0.024539766582571378,379.0
13,classifier__polke,level,classifier,polke,validation,200,balanced,13,0.7676767676767676,0.0212559651317954,0.6985294117647058,0.023683360822544238,0.7676767676767676,0.0212559651317954,0.7314725697786333,0.01728421894392614,495.0
13,classifier__polke,level,classifier,polke,validation,200,balanced,14,0.6021505376344086,0.034875289101727235,0.4890829694323144,0.04155428761168987,0.6021505376344086,0.034875289101727235,0.5397590361445783,0.030731160089729925,186.0
13,classifier__polke,level,classifier,polke,validation,200,balanced,15,0.4878048780487805,0.04943152497310125,0.39603960396039606,0.06833690848868199,0.4878048780487805,0.04943152497310125,0.4371584699453552,0.05185359675693789,82.0
13,classifier__polke,level,classifier,polke,test,200,balanced,1,0.912269896667351,0.002520827029300384,0.9341321561208045,0.0023622936518850695,0.912269896667351,0.002520827029300384,0.9230715967317547,0.0018253444243958757,14613.0
13,classifier__polke,level,classifier,polke,test,200,balanced,2,0.8132359868111163,0.004520601350686035,0.8210676495065985,0.00496268670849906,0.8132359868111163,0.004520601350686035,0.8171330533041472,0.0037678368390082354,8492.0
13,classifier__polke,level,classifier,polke,test,200,balanced,3,0.8494698418216583,0.005105795583192587,0.8075016523463318,0.005729398526522381,0.8494698418216583,0.005105795583192587,0.8279542566709022,0.004188315459977451,5753.0
13,classifier__polke,level,classifier,polke,test,200,balanced,4,0.8573836501545089,0.0037148443488249925,0.9119521912350598,0.003197106119245772,0.8573836501545089,0.0037148443488249925,0.8838264394999759,0.002688640562612746,10679.0
13,classifier__polke,level,classifier,polke,test,200,balanced,5,0.8476548514142499,0.005264481254050435,0.8503951149425287,0.005226473376175574,0.8476548514142499,0.005264481254050435,0.8490227720996951,0.003973408932766017,5586.0
13,classifier__polke,level,classifier,polke,test,200,balanced,6,0.7800676714856967,0.008177641320972264,0.699200441135925,0.010337729771196506,0.7800676714856967,0.008177641320972264,0.7374236696714161,0.007643944257940075,3251.0
13,classifier__polke,level,classifier,polke,test,200,balanced,7,0.7443770082113531,0.00592143718014604,0.860858794384806,0.0057372233231486065,0.7443770082113531,0.00592143718014604,0.7983917288914417,0.004610695727684101,5602.0
13,classifier__polke,level,classifier,polke,test,200,balanced,8,0.7094972067039106,0.010290448765799752,0.6240786240786241,0.0120471950688795,0.7094972067039106,0.010290448765799752,0.6640522875816993,0.009126227376644272,2148.0
13,classifier__polke,level,classifier,polke,test,200,balanced,9,0.6944266495836002,0.012409682828034476,0.5660574412532637,0.015333338582073697,0.6944266495836002,0.012409682828034476,0.6237054085155351,0.011974540736035403,1561.0
13,classifier__polke,level,classifier,polke,test,200,balanced,10,0.8083333333333333,0.011038341508328595,0.8200483091787439,0.010561307277784752,0.8083333333333333,0.011038341508328595,0.8141486810551559,0.008176638658622445,1680.0
13,classifier__polke,level,classifier,polke,test,200,balanced,11,0.7525,0.015342976094458805,0.6238341968911917,0.023041848972457205,0.7525,0.015342976094458805,0.6821529745042493,0.01689046896670307,800.0
13,classifier__polke,level,classifier,polke,test,200,balanced,12,0.7455621301775148,0.024279175246033183,0.47191011235955055,0.031119003237267857,0.7455621301775148,0.024279175246033183,0.5779816513761468,0.02659837175228685,338.0
13,classifier__polke,level,classifier,polke,test,200,balanced,13,0.8028846153846154,0.022847058191900332,0.6802443991853361,0.02560269935538062,0.8028846153846154,0.022847058191900332,0.7364939360529217,0.018736499584530896,416.0
13,classifier__polke,level,classifier,polke,test,200,balanced,14,0.5514018691588785,0.04934220640771435,0.33714285714285713,0.056945593433541615,0.5514018691588785,0.04934220640771435,0.41843971631205673,0.0527399558376685,107.0
13,classifier__polke,level,classifier,polke,test,200,balanced,15,0.5185185185185185,0.07700186657331881,0.3146067415730337,0.0631980958909933,0.5185185185185185,0.07700186657331881,0.3916083916083916,0.06195049703340156,54.0
14,regressor__complexity,level,regressor,complexity,validation,200,none,1,0.7388526279628993,0.0037615427114754117,0.9085072231139647,0.003003100870823694,0.7388526279628993,0.0037615427114754117,0.8149439224007274,0.0027218259498169323,14555.0
14,regressor__complexity,level,regressor,complexity,validation,200,none,2,0.5986652859279714,0.005727163684704516,0.5324941152389725,0.005744736541624437,0.5986652859279714,0.005727163684704516,0.5636442422272776,0.004894782306302149,8691.0
14,regressor__complexity,level,regressor,complexity,validation,200,none,3,0.6651729700663201,0.006538927563512606,0.4487303506650544,0.006703569665663824,0.6651729700663201,0.006538927563512606,0.5359231713481117,0.005907667511437592,5579.0
14,regressor__complexity,level,regressor,complexity,validation,200,none,4,0.5859077040427155,0.00522521315777798,0.7240485448332744,0.005869387611686085,0.5859077040427155,0.00522521315777798,0.6476943346508564,0.0044986835657481105,10488.0
14,regressor__complexity,level,regressor,complexity,validation,200,none,5,0.5388591471294074,0.007056832700824055,0.46778846153846154,0.007743845523453047,0.5388591471294074,0.007056832700824055,0.5008149609676589,0.006344025571238484,5417.0
14,regressor__complexity,level,regressor,complexity,validation,200,none,6,0.43208661417322836,0.008972470338381385,0.31238140417457305,0.009314357779966592,0.43208661417322836,0.008972470338381385,0.3626101321585903,0.008267382477198597,3048.0
14,regressor__complexity,level,regressor,complexity,validation,200,none,7,0.4682080924855491,0.006720045247270689,0.5846456692913385,0.009266412141426053,0.4682080924855491,0.006720045247270689,0.5199883279836591,0.006579565925644183,5709.0
14,regressor__complexity,level,regressor,complexity,validation,200,none,8,0.3152274837511606,0.01014064551557849,0.24539212143115288,0.009680809927091484,0.3152274837511606,0.01014064551557849,0.2759601706970128,0.008981970027337811,2154.0
14,regressor__complexity,level,regressor,complexity,validation,200,none,9,0.20078125,0.011446484953377935,0.1966335118592196,0.013734099867186577,0.20078125,0.011446484953377935,0.19868573637417858,0.011600419041841085,1280.0
14,regressor__complexity,level,regressor,complexity,validation,200,none,10,0.34400544959128065,0.012962547521626386,0.513733468972533,0.01865955869862638,0.34400544959128065,0.012962547521626386,0.4120767033863729,0.013073275999960386,1468.0
14,regressor__complexity,level,regressor,complexity,validation,200,none,11,0.27896995708154504,0.01816809086074045,0.24466750313676286,0.018289658649763618,0.27896995708154504,0.01816809086074045,0.2606951871657754,0.01669829554493378,699.0
14,regressor__complexity,level,regressor,complexity,validation,200,none,12,0.1741424802110818,0.02143952431744312,0.11558669001751314,0.016258023526761863,0.1741424802110818,0.02143952431744312,0.13894736842105262,0.017584265215108894,379.0
14,regressor__complexity,level,regressor,complexity,validation,200,none,13,0.27070707070707073,0.024208862116251617,0.4123076923076923,0.03244564710294034,0.27070707070707073,0.024208862116251617,0.32682926829268294,0.024226492673196452,495.0
14,regressor__complexity,level,regressor,complexity,validation,200,none,14,0.0967741935483871,0.021618635364529362,0.2222222222222222,0.04583302714566488,0.0967741935483871,0.021618635364529362,0.1348314606741573,0.0277473875337957,186.0
14,regressor__complexity,level,regressor,complexity,validation,200,none,15,0.0,0.0,0.0,0.0,0.0,0.0,0.0,0.0,82.0
14,regressor__complexity,level,regressor,complexity,test,200,none,1,0.7324300280572094,0.0038583755710834555,0.9147081446030254,0.0028642830701517087,0.7324300280572094,0.0038583755710834555,0.8134833168655469,0.002761775671658222,14613.0
14,regressor__complexity,level,regressor,complexity,test,200,none,2,0.6059821008007537,0.005882919335622035,0.5220125786163522,0.005679633113954423,0.6059821008007537,0.005882919335622035,0.5608719346049046,0.004875945651006423,8492.0
14,regressor__complexity,level,regressor,complexity,test,200,none,3,0.6478359116982444,0.006781383112414093,0.44395473496128646,0.007027811457847325,0.6478359116982444,0.006781383112414093,0.5268589199886909,0.006243986548275575,5753.0
14,regressor__complexity,level,regressor,complexity,test,200,none,4,0.5729937260043075,0.005226421417514898,0.709943148857176,0.006056371395760006,0.5729937260043075,0.005226421417514898,0.6341589802052026,0.004638550907533154,10679.0
14,regressor__complexity,level,regressor,complexity,test,200,none,5,0.550125313283208,0.007129852624494936,0.4698776758409786,0.0074812297491171015,0.550125313283208,0.007129852624494936,0.5068447963054593,0.006276820709648352,5586.0
14,regressor__complexity,level,regressor,complexity,test,200,none,6,0.41987080898185175,0.00928809102823602,0.31386525638077717,0.009524300677117153,0.41987080898185175,0.00928809102823602,0.3592105263157895,0.008414738979602448,3251.0
14,regressor__complexity,level,regressor,complexity,test,200,none,7,0.4585862192074259,0.007061972980039113,0.566607851786502,0.009634050008800722,0.4585862192074259,0.007061972980039113,0.5069060773480663,0.006840723367575951,5602.0
14,regressor__complexity,level,regressor,complexity,test,200,none,8,0.33426443202979517,0.01150242874841904,0.24338983050847457,0.00964985713210653,0.33426443202979517,0.01150242874841904,0.28167908983915263,0.0096250671321237,2148.0
14,regressor__complexity,level,regressor,complexity,test,200,none,9,0.18770019218449713,0.010007239170161815,0.20262793914246197,0.012099473618247425,0.18770019218449713,0.010007239170161815,0.19487861656135683,0.010085712801076039,1561.0
14,regressor__complexity,level,regressor,complexity,test,200,none,10,0.3375,0.012056960143864844,0.5425837320574163,0.01722100322654752,0.3375,0.012056960143864844,0.4161467889908257,0.012151889647891915,1680.0
14,regressor__complexity,level,regressor,complexity,test,200,none,11,0.2475,0.016962322324681246,0.2456575682382134,0.01923289937443772,0.2475,0.016962322324681246,0.2465753424657534,0.01667287418503185,800.0
14,regressor__complexity,level,regressor,complexity,test,200,none,12,0.15088757396449703,0.02105317880688032,0.09922178988326848,0.015261634625753934,0.15088757396449703,0.02105317880688032,0.11971830985915492,0.016728519630355227,338.0
14,regressor__complexity,level,regressor,complexity,test,200,none,13,0.28125,0.02443156416038557,0.42391304347826086,0.03676168982226187,0.28125,0.02443156416038557,0.33815028901734107,0.02604127088726723,416.0
14,regressor__complexity,level,regressor,complexity,test,200,none,14,0.07476635514018691,0.030666706314549732,0.1702127659574468,0.07040661634253696,0.07476635514018691,0.030666706314549732,0.1038961038961039,0.041250819796018086,107.0
14,regressor__complexity,level,regressor,complexity,test,200,none,15,0.0,0.0,0.0,0.0,0.0,0.0,0.0,0.0,54.0
15,regressor__combined_plus_error_composition,level,regressor,combined_plus_error_composition,validation,200,none,1,0.7394022672621092,0.0037491738856861192,0.9073433943175112,0.003046665909219601,0.7394022672621092,0.0037491738856861192,0.81480920654149,0.0026690687303258086,14555.0
15,regressor__combined_plus_error_composition,level,regressor,combined_plus_error_composition,validation,200,none,2,0.5968243010010356,0.005770671026055587,0.5306393861892583,0.005645089823480665,0.5968243010010356,0.005770671026055587,0.5617892342683851,0.004821962316809669,8691.0
15,regressor__combined_plus_error_composition,level,regressor,combined_plus_error_composition,validation,200,none,3,0.6610503674493637,0.006557506608425523,0.447247150133398,0.006695955767797766,0.6610503674493637,0.006557506608425523,0.5335262206148282,0.005911922139613454,5579.0
15,regressor__combined_plus_error_composition,level,regressor,combined_plus_error_composition,validation,200,none,4,0.5860983981693364,0.005187673021873354,0.7252241623407267,0.005912880499771642,0.5860983981693364,0.005187673021873354,0.6482809533853617,0.0044874426336105,10488.0
15,regressor__combined_plus_error_composition,level,regressor,combined_plus_error_composition,validation,200,none,5,0.5429204356654975,0.007063673803943028,0.4710876181323082,0.007643850332585809,0.5429204356654975,0.007063673803943028,0.5044596912521441,0.006266483212530556,5417.0
15,regressor__combined_plus_error_composition,level,regressor,combined_plus_error_composition,validation,200,none,6,0.4255249343832021,0.009053248394467172,0.30962043447123416,0.009288765976396132,0.4255249343832021,0.009053248394467172,0.3584358159458339,0.008260058023680066,3048.0
15,regressor__combined_plus_error_composition,level,regressor,combined_plus_error_composition,validation,200,none,7,0.4725871431073743,0.006771618723098895,0.5824697754749568,0.009325298205539163,0.4725871431073743,0.006771618723098895,0.521806401701963,0.00667273762451547,5709.0
15,regressor__combined_plus_error_composition,level,regressor,combined_plus_error_composition,validation,200,none,8,0.308263695450325,0.010497222760725976,0.24565297817240103,0.009768735956033715,0.308263695450325,0.010497222760725976,0.27341980646489605,0.009173261230926889,2154.0
15,regressor__combined_plus_error_composition,level,regressor,combined_plus_error_composition,validation,200,none,9,0.1890625,0.011289525866340093,0.18181818181818182,0.013169737611085216,0.1890625,0.011289525866340093,0.18536959019532745,0.01136190112288341,1280.0
15,regressor__combined_plus_error_composition,level,regressor,combined_plus_error_composition,validation,200,none,10,0.33310626702997276,0.012337730294053672,0.49393939393939396,0.01913379645699548,0.33310626702997276,0.012337730294053672,0.39788445890968266,0.012768654987094862,1468.0
15,regressor__combined_plus_error_composition,level,regressor,combined_plus_error_composition,validation,200,none,11,0.2761087267525036,0.018144030579406417,0.24125,0.01812037388164027,0.2761087267525036,0.018144030579406417,0.25750500333555704,0.01660233249412857,699.0
15,regressor__combined_plus_error_composition,level,regressor,combined_plus_error_composition,validation,200,none,12,0.17150395778364116,0.021801517269579584,0.11423550087873462,0.01609236966327208,0.17150395778364116,0.021801517269579584,0.1371308016877637,0.01755084322120586,379.0
15,regressor__combined_plus_error_composition,level,regressor,combined_plus_error_composition,validation,200,none,13,0.27070707070707073,0.025370915511191618,0.4123076923076923,0.031116332667652475,0.27070707070707073,0.025370915511191618,0.32682926829268294,0.024766861152418447,495.0
15,regressor__combined_plus_error_composition,level,regressor,combined_plus_error_composition,validation,200,none,14,0.11827956989247312,0.025002597660754,0.26506024096385544,0.05160183726315905,0.11827956989247312,0.025002597660754,0.16356877323420074,0.03173691774941986,186.0
15,regressor__combined_plus_error_composition,level,regressor,combined_plus_error_composition,validation,200,none,15,0.0,0.0,0.0,0.0,0.0,0.0,0.0,0.0,82.0
15,regressor__combined_plus_error_composition,level,regressor,combined_plus_error_composition,test,200,none,1,0.7314719770067748,0.0038590679192364898,0.9150757640612961,0.0029044207933625298,0.7314719770067748,0.0038590679192364898,0.8130371947972922,0.0027460962299722495,14613.0
15,regressor__combined_plus_error_composition,level,regressor,combined_plus_error_composition,test,200,none,2,0.6065708902496467,0.00580514972700667,0.5220431742170872,0.005658092936748696,0.6065708902496467,0.00580514972700667,0.5611416743831363,0.004810114840966813,8492.0
15,regressor__combined_plus_error_composition,level,regressor,combined_plus_error_composition,test,200,none,3,0.6481835564053537,0.0067554464160383835,0.443981426360281,0.007022065879158753,0.6481835564053537,0.0067554464160383835,0.526992651215376,0.006225042591893842,5753.0
15,regressor__combined_plus_error_composition,level,regressor,combined_plus_error_composition,test,200,none,4,0.5749602022661298,0.005211856255235258,0.7119666048237476,0.006006770379143809,0.5749602022661298,0.005211856255235258,0.6361705434388437,0.004605689897775176,10679.0
15,regressor__combined_plus_error_composition,level,regressor,combined_plus_error_composition,test,200,none,5,0.552452559971357,0.0070274674532172805,0.4730226854690374,0.007473375192292855,0.552452559971357,0.0070274674532172805,0.5096614368290668,0.006203586524219657,5586.0
15,regressor__combined_plus_error_composition,level,regressor,combined_plus_error_composition,test,200,none,6,0.4189480159950784,0.008905193244756335,0.31375259156876295,0.009445075580589995,0.4189480159950784,0.008905193244756335,0.3587987355110643,0.008236816105215764,3251.0
15,regressor__combined_plus_error_composition,level,regressor,combined_plus_error_composition,test,200,none,7,0.46197786504819705,0.006904028435712771,0.5630983463881636,0.00961142541277706,0.46197786504819705,0.006904028435712771,0.5075505000980585,0.006767958172251269,5602.0
15,regressor__combined_plus_error_composition,level,regressor,combined_plus_error_composition,test,200,none,8,0.33100558659217877,0.010782708821143436,0.24407826982492276,0.009457417070185896,0.33100558659217877,0.010782708821143436,0.2809721398933017,0.009215161400977273,2148.0
15,regressor__combined_plus_error_composition,level,regressor,combined_plus_error_composition,test,200,none,9,0.18641896220371557,0.00990212766870172,0.20250521920668058,0.012119226821520699,0.18641896220371557,0.00990212766870172,0.1941294196130754,0.010004473757287049,1561.0
15,regressor__combined_plus_error_composition,level,regressor,combined_plus_error_composition,test,200,none,10,0.3279761904761905,0.01191803018190321,0.5323671497584541,0.017697618015407233,0.3279761904761905,0.01191803018190321,0.40589318600368324,0.012318015613677196,1680.0
15,regressor__combined_plus_error_composition,level,regressor,combined_plus_error_composition,test,200,none,11,0.26,0.01758398806089845,0.25304136253041365,0.019327220763889968,0.26,0.01758398806089845,0.2564734895191122,0.01703440141423555,800.0
15,regressor__combined_plus_error_composition,level,regressor,combined_plus_error_composition,test,200,none,12,0.16568047337278108,0.021426266444977,0.10852713178294573,0.015725376129586605,0.16568047337278108,0.021426266444977,0.13114754098360656,0.017171881159115575,338.0
15,regressor__combined_plus_error_composition,level,regressor,combined_plus_error_composition,test,200,none,13,0.28846153846153844,0.022824733088803346,0.4316546762589928,0.03566486174293331,0.28846153846153844,0.022824733088803346,0.345821325648415,0.024024363812343505,416.0
15,regressor__combined_plus_error_composition,level,regressor,combined_plus_error_composition,test,200,none,14,0.06542056074766354,0.025503717081585713,0.15555555555555556,0.06158668090725725,0.06542056074766354,0.025503717081585713,0.09210526315789473,0.03445423518146165,107.0
15,regressor__combined_plus_error_composition,level,regressor,combined_plus_error_composition,test,200,none,15,0.018518518518518517,0.020967219216268228,0.5,0.3961737870039792,0.018518518518518517,0.020967219216268228,0.03571428571428571,0.03881476885714441,54.0
16,regressor__combined,level,regressor,combined,validation,200,none,1,0.7376846444520784,0.0037434832426672996,0.9079915433403806,0.00317255965890669,0.7376846444520784,0.0037434832426672996,0.8140257771038666,0.0027192893309876827,14555.0
16,regressor__combined,level,regressor,combined,validation,200,none,2,0.5988954090438384,0.005868188111848441,0.530040733197556,0.005599733339758546,0.5988954090438384,0.005868188111848441,0.5623683215385447,0.0048471342056286915,8691.0
16,regressor__combined,level,regressor,combined,validation,200,none,3,0.6580032263846568,0.006496375806773707,0.44659367396593674,0.006694770188548695,0.6580032263846568,0.006496375806773707,0.5320675411261686,0.005893804087744464,5579.0
16,regressor__combined,level,regressor,combined,validation,200,none,4,0.584096109839817,0.005211934093029718,0.7222353218580524,0.005938916003708028,0.584096109839817,0.005211934093029718,0.6458618871903005,0.004503884808330334,10488.0
16,regressor__combined,level,regressor,combined,validation,200,none,5,0.5438434557873362,0.0072582957455135265,0.47241821680564466,0.007783657403740078,0.5438434557873362,0.0072582957455135265,0.50562087016219,0.0064516263493504976,5417.0
16,regressor__combined,level,regressor,combined,validation,200,none,6,0.43208661417322836,0.008764186471593301,0.3126780626780627,0.009324348977472564,0.43208661417322836,0.008764186471593301,0.3628099173553719,0.008223489580299812,3048.0
16,regressor__combined,level,regressor,combined,validation,200,none,7,0.4725871431073743,0.006798579911077978,0.5838563081584073,0.009116985735637259,0.4725871431073743,0.006798579911077978,0.5223620522749274,0.006570677000830419,5709.0
16,regressor__combined,level,regressor,combined,validation,200,none,8,0.3110492107706592,0.009780635987280071,0.24569123579024568,0.009517935389409182,0.3110492107706592,0.009780635987280071,0.2745339069862733,0.008729161933533422,2154.0
16,regressor__combined,level,regressor,combined,validation,200,none,9,0.1953125,0.01148835148952818,0.1865671641791045,0.013362548718241989,0.1953125,0.01148835148952818,0.19083969465648856,0.011530008555455037,1280.0
16,regressor__combined,level,regressor,combined,validation,200,none,10,0.3310626702997275,0.012810077469235966,0.49846153846153846,0.01823976190834675,0.3310626702997275,0.012810077469235966,0.3978714695047073,0.012922803451579885,1468.0
16,regressor__combined,level,regressor,combined,validation,200,none,11,0.25894134477825465,0.017641482438396625,0.23205128205128206,0.01785385484871878,0.25894134477825465,0.017641482438396625,0.24475997295469912,0.016312092528774712,699.0
16,regressor__combined,level,regressor,combined,validation,200,none,12,0.1662269129287599,0.02158541122493156,0.11052631578947368,0.01576005210457436,0.1662269129287599,0.02158541122493156,0.1327713382507903,0.017285025370158275,379.0
16,regressor__combined,level,regressor,combined,validation,200,none,13,0.27070707070707073,0.021632455070060088,0.4161490683229814,0.031820106205760916,0.27070707070707073,0.021632455070060088,0.32802937576499386,0.0223220083314477,495.0
16,regressor__combined,level,regressor,combined,validation,200,none,14,0.11827956989247312,0.023598673278407204,0.24175824175824176,0.04563340067709985,0.11827956989247312,0.023598673278407204,0.1588447653429603,0.02909486299363407,186.0
16,regressor__combined,level,regressor,combined,validation,200,none,15,0.0,0.0,0.0,0.0,0.0,0.0,0.0,0.0,82.0
16,regressor__combined,level,regressor,combined,test,200,none,1,0.7302401970847875,0.0038926670865534105,0.91502315211799,0.002866716512847723,0.7302401970847875,0.0038926670865534105,0.8122549952426261,0.0027689190590700994,14613.0
16,regressor__combined,level,regressor,combined,test,200,none,2,0.6110456900612341,0.005729751320161112,0.5230319524241508,0.00567646315969687,0.6110456900612341,0.005729751320161112,0.5636235268560257,0.004806724896009428,8492.0
16,regressor__combined,level,regressor,combined,test,200,none,3,0.6464453328698071,0.006715135815444165,0.44710266891079586,0.006994908700871144,0.6464453328698071,0.006715135815444165,0.5286049321299126,0.0061639866432895195,5753.0
16,regressor__combined,level,regressor,combined,test,200,none,4,0.5779567375222399,0.005262710469923957,0.7130314232902033,0.005912006039141853,0.5779567375222399,0.005262710469923957,0.6384277217481251,0.00459216016718711,10679.0
16,regressor__combined,level,regressor,combined,test,200,none,5,0.5569280343716434,0.007158244572220079,0.47402102696937376,0.0073780743121890265,0.5569280343716434,0.007158244572220079,0.512140916947897,0.006170003629553196,5586.0
16,regressor__combined,level,regressor,combined,test,200,none,6,0.4164872346970163,0.008959934270259772,0.3111928292346587,0.009498458693807102,0.4164872346970163,0.008959934270259772,0.35622204682978165,0.00830068621247483,3251.0
16,regressor__combined,level,regressor,combined,test,200,none,7,0.45947875758657625,0.0068018584079417785,0.565093304061471,0.009514609083199283,0.45947875758657625,0.0068018584079417785,0.50684257162548,0.0066472316045908635,5602.0
16,regressor__combined,level,regressor,combined,test,200,none,8,0.3291433891992551,0.0111908046135957,0.2432060543515652,0.00959474241814229,0.3291433891992551,0.0111908046135957,0.2797230464886251,0.009470914462388371,2148.0
16,regressor__combined,level,regressor,combined,test,200,none,9,0.19154388212684176,0.010331213999355769,0.20706371191135733,0.01237905222822043,0.19154388212684176,0.010331213999355769,0.19900166389351082,0.010359631151647905,1561.0
16,regressor__combined,level,regressor,combined,test,200,none,10,0.3255952380952381,0.012124970700459505,0.5290135396518375,0.017492408106857857,0.3255952380952381,0.012124970700459505,0.40309506263817246,0.012535701213117372,1680.0
16,regressor__combined,level,regressor,combined,test,200,none,11,0.26375,0.01654081108940045,0.25637910085054677,0.01913436973643664,0.26375,0.01654081108940045,0.26001232285890324,0.01637455599444068,800.0
16,regressor__combined,level,regressor,combined,test,200,none,12,0.15088757396449703,0.01917961846633302,0.09732824427480916,0.014090303220246929,0.15088757396449703,0.01917961846633302,0.11832946635730858,0.015378820906565064,338.0
16,regressor__combined,level,regressor,combined,test,200,none,13,0.27403846153846156,0.024416651048421875,0.40425531914893614,0.036707126787594635,0.27403846153846156,0.024416651048421875,0.32664756446991405,0.02604124482620841,416.0
16,regressor__combined,level,regressor,combined,test,200,none,14,0.06542056074766354,0.02890775905732875,0.18421052631578946,0.0781491611461864,0.06542056074766354,0.02890775905732875,0.09655172413793103,0.04059046180735005,107.0
16,regressor__combined,level,regressor,combined,test,200,none,15,0.018518518518518517,0.020967219216268228,0.5,0.3961737870039792,0.018518518518518517,0.020967219216268228,0.03571428571428571,0.03881476885714441,54.0
17,regressor__complexity_without_length_features,level,regressor,complexity_without_length_features,validation,200,none,1,0.7336997595328066,0.0037093439820294603,0.9048466361633621,0.0031324468170621433,0.7336997595328066,0.0037093439820294603,0.810335015365937,0.002699850045118069,14555.0
17,regressor__complexity_without_length_features,level,regressor,complexity_without_length_features,validation,200,none,2,0.5925670233574962,0.005768682602163917,0.5251886600040792,0.005660600232442299,0.5925670233574962,0.005768682602163917,0.5568470562793967,0.004875823716037873,8691.0
17,regressor__complexity_without_length_features,level,regressor,complexity_without_length_features,validation,200,none,3,0.6606918802652805,0.006575599985658769,0.44592305831115414,0.006582607424896038,0.6606918802652805,0.006575599985658769,0.5324665944384255,0.005862070679518915,5579.0
17,regressor__complexity_without_length_features,level,regressor,complexity_without_length_features,validation,200,none,4,0.581140350877193,0.005195433536399275,0.7190043647516811,0.0059328225517789905,0.581140350877193,0.005195433536399275,0.6427629844450303,0.004537021698690063,10488.0
17,regressor__complexity_without_length_features,level,regressor,complexity_without_length_features,validation,200,none,5,0.5359054827395238,0.0071977431618252125,0.4670957361222848,0.00793990659240307,0.5359054827395238,0.0071977431618252125,0.4991403026134801,0.006537659778693029,5417.0
17,regressor__complexity_without_length_features,level,regressor,complexity_without_length_features,validation,200,none,6,0.4281496062992126,0.008864382523005676,0.3088026502602934,0.009173570373201849,0.4281496062992126,0.008864382523005676,0.3588122078636239,0.00813955522207218,3048.0
17,regressor__complexity_without_length_features,level,regressor,complexity_without_length_features,validation,200,none,7,0.4687335785601682,0.0066177396106512085,0.5821187731128997,0.009274450154149516,0.4687335785601682,0.0066177396106512085,0.5193091403066175,0.006551225136562964,5709.0
17,regressor__complexity_without_length_features,level,regressor,complexity_without_length_features,validation,200,none,8,0.30919220055710306,0.01013291617790018,0.24359912216532553,0.009637270170809335,0.30919220055710306,0.01013291617790018,0.2725040916530278,0.008970582687516377,2154.0
17,regressor__complexity_without_length_features,level,regressor,complexity_without_length_features,validation,200,none,9,0.203125,0.011192969936585253,0.19131714495952906,0.012767855553838794,0.203125,0.011192969936585253,0.19704433497536947,0.010968187913419957,1280.0
17,regressor__complexity_without_length_features,level,regressor,complexity_without_length_features,validation,200,none,10,0.3371934604904632,0.013215433571687165,0.4886475814412636,0.018463648944853597,0.3371934604904632,0.013215433571687165,0.39903264812575573,0.013325897185362255,1468.0
17,regressor__complexity_without_length_features,level,regressor,complexity_without_length_features,validation,200,none,11,0.25608011444921314,0.018001881373426853,0.23398692810457516,0.018172727094626546,0.25608011444921314,0.018001881373426853,0.24453551912568305,0.016537676494378716,699.0
17,regressor__complexity_without_length_features,level,regressor,complexity_without_length_features,validation,200,none,12,0.1820580474934037,0.02210362660872538,0.12234042553191489,0.016506055895849258,0.1820580474934037,0.02210362660872538,0.14634146341463414,0.017879864031601668,379.0
17,regressor__complexity_without_length_features,level,regressor,complexity_without_length_features,validation,200,none,13,0.24646464646464647,0.022567350981604086,0.40131578947368424,0.03261652315253986,0.24646464646464647,0.022567350981604086,0.3053817271589487,0.023362581615068146,495.0
17,regressor__complexity_without_length_features,level,regressor,complexity_without_length_features,validation,200,none,14,0.13440860215053763,0.024957668965900324,0.26595744680851063,0.046220884117643864,0.13440860215053763,0.024957668965900324,0.17857142857142858,0.02995668483502913,186.0
17,regressor__complexity_without_length_features,level,regressor,complexity_without_length_features,validation,200,none,15,0.0,0.0,0.0,0.0,0.0,0.0,0.0,0.0,82.0
17,regressor__complexity_without_length_features,level,regressor,complexity_without_length_features,test,200,none,1,0.7294874426880176,0.0038996229741571527,0.911734519329456,0.002979859431926897,0.7294874426880176,0.0038996229741571527,0.810492301843756,0.00277029802926737,14613.0
17,regressor__complexity_without_length_features,level,regressor,complexity_without_length_features,test,200,none,2,0.6002119642016015,0.005822543391617717,0.5177247333671915,0.005673414232193195,0.6002119642016015,0.005822543391617717,0.5559251786006435,0.004810273382381214,8492.0
17,regressor__complexity_without_length_features,level,regressor,complexity_without_length_features,test,200,none,3,0.6420997740309404,0.006773463643475877,0.44351062552527315,0.007049325464011417,0.6420997740309404,0.006773463643475877,0.5246413861667377,0.0062370571706905,5753.0
17,regressor__complexity_without_length_features,level,regressor,complexity_without_length_features,test,200,none,4,0.5800168555108156,0.005329553039710596,0.7098326839330735,0.006034616981115956,0.5800168555108156,0.005329553039710596,0.6383921669672765,0.004658925282118744,10679.0
17,regressor__complexity_without_length_features,level,regressor,complexity_without_length_features,test,200,none,5,0.5486931614751164,0.007050836249740885,0.47045280122793554,0.0075499164452424985,0.5486931614751164,0.007050836249740885,0.5065697049830592,0.006280911795534186,5586.0
17,regressor__complexity_without_length_features,level,regressor,complexity_without_length_features,test,200,none,6,0.4146416487234697,0.00943271753966619,0.3105275282193043,0.009743126193634462,0.4146416487234697,0.00943271753966619,0.35511064278187565,0.008667952775141916,3251.0
17,regressor__complexity_without_length_features,level,regressor,complexity_without_length_features,test,200,none,7,0.45787218850410566,0.007002739382233713,0.5657256285840317,0.009570905856727742,0.45787218850410566,0.007002739382233713,0.5061168113654302,0.006795550912374754,5602.0
17,regressor__complexity_without_length_features,level,regressor,complexity_without_length_features,test,200,none,8,0.3207635009310987,0.010793085926729387,0.2370956641431521,0.009363223998246035,0.3207635009310987,0.010793085926729387,0.27265532251681834,0.009178798413376576,2148.0
17,regressor__complexity_without_length_features,level,regressor,complexity_without_length_features,test,200,none,9,0.190903267136451,0.010555185511902404,0.19893190921228304,0.012261012840913247,0.190903267136451,0.010555185511902404,0.19483491337038247,0.010474504546096422,1561.0
17,regressor__complexity_without_length_features,level,regressor,complexity_without_length_features,test,200,none,10,0.3458333333333333,0.011901359087560825,0.5340073529411765,0.01753320589486274,0.3458333333333333,0.011901359087560825,0.4197976878612717,0.0121308918930844,1680.0
17,regressor__complexity_without_length_features,level,regressor,complexity_without_length_features,test,200,none,11,0.25625,0.016429547325301608,0.2578616352201258,0.019280122040716118,0.25625,0.016429547325301608,0.25705329153605017,0.016267483920111552,800.0
17,regressor__complexity_without_length_features,level,regressor,complexity_without_length_features,test,200,none,12,0.16272189349112426,0.019599199203708163,0.10978043912175649,0.015308192907802037,0.16272189349112426,0.019599199203708163,0.13110846245530394,0.016198162937562318,338.0
17,regressor__complexity_without_length_features,level,regressor,complexity_without_length_features,test,200,none,13,0.25,0.02426713431927454,0.416,0.03868346060092037,0.25,0.02426713431927454,0.3123123123123123,0.026641699856858735,416.0
17,regressor__complexity_without_length_features,level,regressor,complexity_without_length_features,test,200,none,14,0.06542056074766354,0.02514751135098776,0.12962962962962962,0.04502748727150494,0.06542056074766354,0.02514751135098776,0.08695652173913043,0.03044701713439709,107.0
17,regressor__complexity_without_length_features,level,regressor,complexity_without_length_features,test,200,none,15,0.037037037037037035,0.02905618699886253,0.3333333333333333,0.22018628600001008,0.037037037037037035,0.02905618699886253,0.06666666666666667,0.04912465201434763,54.0
18,regressor__combined_without_length_features,level,regressor,combined_without_length_features,validation,200,none,1,0.73555479216764,0.0036893257504599427,0.905982905982906,0.003178729303145869,0.73555479216764,0.0036893257504599427,0.8119217351736691,0.0026929621239704447,14555.0
18,regressor__combined_without_length_features,level,regressor,combined_without_length_features,validation,200,none,2,0.599470716833506,0.0058595789735848966,0.5295791827607237,0.005574870923226341,0.599470716833506,0.0058595789735848966,0.5623617032759458,0.004851776024858177,8691.0
18,regressor__combined_without_length_features,level,regressor,combined_without_length_features,validation,200,none,3,0.6569277648324072,0.006490434834866727,0.4445657447840854,0.006634441748448024,0.6569277648324072,0.006490434834866727,0.5302756275772263,0.005869270821208056,5579.0
18,regressor__combined_without_length_features,level,regressor,combined_without_length_features,validation,200,none,4,0.5821891685736079,0.005210813531138533,0.7191990577149587,0.005937551906917117,0.5821891685736079,0.005210813531138533,0.6434819264411423,0.004542659344534006,10488.0
18,regressor__combined_without_length_features,level,regressor,combined_without_length_features,validation,200,none,5,0.5371977109100978,0.007142053504644962,0.46807141708219396,0.007811789781635499,0.5371977109100978,0.007142053504644962,0.5002578648788035,0.0064089001746069725,5417.0
18,regressor__combined_without_length_features,level,regressor,combined_without_length_features,validation,200,none,6,0.4179790026246719,0.008837891895554305,0.30500359109408665,0.009227028763293498,0.4179790026246719,0.008837891895554305,0.35266435986159167,0.008184145607058168,3048.0
18,regressor__combined_without_length_features,level,regressor,combined_without_length_features,validation,200,none,7,0.4659309861622,0.006714161000999606,0.5816750492018369,0.0092749565564034,0.4659309861622,0.006714161000999606,0.5174090643843611,0.006565403050029652,5709.0
18,regressor__combined_without_length_features,level,regressor,combined_without_length_features,validation,200,none,8,0.3073351903435469,0.010070023913180072,0.24055232558139536,0.009737469609273417,0.3073351903435469,0.010070023913180072,0.2698736241337138,0.009045705340353278,2154.0
18,regressor__combined_without_length_features,level,regressor,combined_without_length_features,validation,200,none,9,0.20078125,0.010998835058950735,0.18855465884079237,0.013098154979211154,0.20078125,0.010998835058950735,0.194475974271661,0.011115964178772999,1280.0
18,regressor__combined_without_length_features,level,regressor,combined_without_length_features,validation,200,none,10,0.34264305177111715,0.012575496570758918,0.49217221135029354,0.018166908241142362,0.34264305177111715,0.012575496570758918,0.40401606425702813,0.012831763239564335,1468.0
18,regressor__combined_without_length_features,level,regressor,combined_without_length_features,validation,200,none,11,0.25464949928469244,0.017550411265187273,0.23027166882276842,0.01801851407469045,0.25464949928469244,0.017550411265187273,0.2418478260869565,0.0163719945214242,699.0
18,regressor__combined_without_length_features,level,regressor,combined_without_length_features,validation,200,none,12,0.17150395778364116,0.020892387135665137,0.11839708561020036,0.015787705778844353,0.17150395778364116,0.020892387135665137,0.1400862068965517,0.01696520128840155,379.0
18,regressor__combined_without_length_features,level,regressor,combined_without_length_features,validation,200,none,13,0.24646464646464647,0.022787182553665044,0.39228295819935693,0.03181359679249968,0.24646464646464647,0.022787182553665044,0.3027295285359802,0.023489203791398548,495.0
18,regressor__combined_without_length_features,level,regressor,combined_without_length_features,validation,200,none,14,0.12903225806451613,0.02210641436384402,0.25,0.04180403903348438,0.12903225806451613,0.02210641436384402,0.1702127659574468,0.026359554753154157,186.0
18,regressor__combined_without_length_features,level,regressor,combined_without_length_features,validation,200,none,15,0.0,0.0,0.0,0.0,0.0,0.0,0.0,0.0,82.0
18,regressor__combined_without_length_features,level,regressor,combined_without_length_features,test,200,none,1,0.7296243071237939,0.0039498382267280354,0.9140162880411488,0.0029272013428013476,0.7296243071237939,0.0039498382267280354,0.811477281376056,0.0028094815235143447,14613.0
18,regressor__combined_without_length_features,level,regressor,combined_without_length_features,test,200,none,2,0.6029203956665097,0.005861934723727255,0.5211195928753181,0.005679321812611005,0.6029203956665097,0.005861934723727255,0.5590435114920566,0.004837405087618458,8492.0
18,regressor__combined_without_length_features,level,regressor,combined_without_length_features,test,200,none,3,0.6431427081522684,0.0066325611949991335,0.44016178919819177,0.006981465900365812,0.6431427081522684,0.0066325611949991335,0.5226357793629494,0.006141052185061172,5753.0
18,regressor__combined_without_length_features,level,regressor,combined_without_length_features,test,200,none,4,0.5753347691731435,0.00529204904226417,0.7054770926627627,0.006038886821721632,0.5753347691731435,0.00529204904226417,0.6337940994429544,0.004655501767966091,10679.0
18,regressor__combined_without_length_features,level,regressor,combined_without_length_features,test,200,none,5,0.5463659147869674,0.006930464348829785,0.46773946360153257,0.007521689399458686,0.5463659147869674,0.006930464348829785,0.504004623895632,0.006256237592032892,5586.0
18,regressor__combined_without_length_features,level,regressor,combined_without_length_features,test,200,none,6,0.41248846508766535,0.009297085085506676,0.3102012491325468,0.009691108223583534,0.41248846508766535,0.009297085085506676,0.3541061526274096,0.008595878261384502,3251.0
18,regressor__combined_without_length_features,level,regressor,combined_without_length_features,test,200,none,7,0.4585862192074259,0.006815060896729152,0.5688662533215235,0.009520703402302795,0.4585862192074259,0.006815060896729152,0.5078078671674244,0.006643421584784213,5602.0
18,regressor__combined_without_length_features,level,regressor,combined_without_length_features,test,200,none,8,0.3328677839851024,0.011119933808670912,0.24352861035422343,0.009585257036330327,0.3328677839851024,0.011119933808670912,0.28127458693941776,0.009428223118863242,2148.0
18,regressor__combined_without_length_features,level,regressor,combined_without_length_features,test,200,none,9,0.19218449711723254,0.010311618457136996,0.20229265003371544,0.01207302741723693,0.19218449711723254,0.010311618457136996,0.19710906701708278,0.010216894045422921,1561.0
18,regressor__combined_without_length_features,level,regressor,combined_without_length_features,test,200,none,10,0.34523809523809523,0.011835561687860806,0.5263157894736842,0.016765688212737235,0.34523809523809523,0.011835561687860806,0.41696621135873474,0.011717586519458588,1680.0
18,regressor__combined_without_length_features,level,regressor,combined_without_length_features,test,200,none,11,0.245,0.015612495919684208,0.2503192848020434,0.018633084251376393,0.245,0.015612495919684208,0.2476310802274163,0.015558366782206215,800.0
18,regressor__combined_without_length_features,level,regressor,combined_without_length_features,test,200,none,12,0.15680473372781065,0.01923742168894276,0.1079429735234216,0.015200000621267454,0.15680473372781065,0.01923742168894276,0.1278648974668275,0.01604470967070949,338.0
18,regressor__combined_without_length_features,level,regressor,combined_without_length_features,test,200,none,13,0.2692307692307692,0.023793626592817342,0.43410852713178294,0.037958513270286154,0.2692307692307692,0.023793626592817342,0.3323442136498516,0.025997484605769068,416.0
18,regressor__combined_without_length_features,level,regressor,combined_without_length_features,test,200,none,14,0.04672897196261682,0.022169659999512797,0.10204081632653061,0.04529858021134235,0.04672897196261682,0.022169659999512797,0.0641025641025641,0.02839125526293234,107.0
18,regressor__combined_without_length_features,level,regressor,combined_without_length_features,test,200,none,15,0.037037037037037035,0.02905618699886253,0.2222222222222222,0.1514024657123231,0.037037037037037035,0.02905618699886253,0.06349206349206349,0.04680072025063566,54.0
19,regressor__combined_without_duplicate_features,level,regressor,combined_without_duplicate_features,validation,200,none,1,0.728615596015115,0.0037820331679801257,0.9043233563571246,0.0031971953255680485,0.728615596015115,0.0037820331679801257,0.8070162088121148,0.0027539064795249276,14555.0
19,regressor__combined_without_duplicate_features,level,regressor,combined_without_duplicate_features,validation,200,none,2,0.5917615924519618,0.005876966232052393,0.5192327107521454,0.005659156364351371,0.5917615924519618,0.005876966232052393,0.5531297053129706,0.0049294929422858645,8691.0
19,regressor__combined_without_duplicate_features,level,regressor,combined_without_duplicate_features,validation,200,none,3,0.6517297006632012,0.006672393615787338,0.43728202044497894,0.006736723769122752,0.6517297006632012,0.006672393615787338,0.5233913919677559,0.006028437584487052,5579.0
19,regressor__combined_without_duplicate_features,level,regressor,combined_without_duplicate_features,validation,200,none,4,0.5741800152555301,0.005186571153239613,0.7154568135915409,0.00605743240345489,0.5741800152555301,0.005186571153239613,0.637080137529754,0.004566591577328088,10488.0
19,regressor__combined_without_duplicate_features,level,regressor,combined_without_duplicate_features,validation,200,none,5,0.5301827579841241,0.007266999096502237,0.46084724005134786,0.00772830876391311,0.5301827579841241,0.007266999096502237,0.49308953558245344,0.00640496788636446,5417.0
19,regressor__combined_without_duplicate_features,level,regressor,combined_without_duplicate_features,validation,200,none,6,0.416994750656168,0.008743614269253516,0.3015421115065243,0.009264035838880764,0.416994750656168,0.008743614269253516,0.3499931157923723,0.008217164272939554,3048.0
19,regressor__combined_without_duplicate_features,level,regressor,combined_without_duplicate_features,validation,200,none,7,0.46925906463478717,0.0067485276419679075,0.5808759757155247,0.009170711052587521,0.46925906463478717,0.0067485276419679075,0.5191357426605949,0.006582547153442519,5709.0
19,regressor__combined_without_duplicate_features,level,regressor,combined_without_duplicate_features,validation,200,none,8,0.3124419684308264,0.010145486451964102,0.24606946983546618,0.009531286439409009,0.3124419684308264,0.010145486451964102,0.2753119247289834,0.008892766531473457,2154.0
19,regressor__combined_without_duplicate_features,level,regressor,combined_without_duplicate_features,validation,200,none,9,0.196875,0.011125967805501858,0.18848167539267016,0.013261990681754736,0.196875,0.011125967805501858,0.19258693160106993,0.011250845143809913,1280.0
19,regressor__combined_without_duplicate_features,level,regressor,combined_without_duplicate_features,validation,200,none,10,0.3412806539509537,0.01315314492889006,0.5081135902636917,0.019691263403216995,0.3412806539509537,0.01315314492889006,0.4083129584352078,0.013731232588371318,1468.0
19,regressor__combined_without_duplicate_features,level,regressor,combined_without_duplicate_features,validation,200,none,11,0.25608011444921314,0.017016435417544863,0.23490813648293962,0.01821611741134023,0.25608011444921314,0.017016435417544863,0.24503764544832307,0.01610940642031635,699.0
19,regressor__combined_without_duplicate_features,level,regressor,combined_without_duplicate_features,validation,200,none,12,0.18469656992084432,0.021071446452338268,0.11824324324324324,0.015088002676384462,0.18469656992084432,0.021071446452338268,0.14418125643666324,0.016604183892826852,379.0
19,regressor__combined_without_duplicate_features,level,regressor,combined_without_duplicate_features,validation,200,none,13,0.2505050505050505,0.022056073165094236,0.3974358974358974,0.032450396588344296,0.2505050505050505,0.022056073165094236,0.3073110285006196,0.022960478067274775,495.0
19,regressor__combined_without_duplicate_features,level,regressor,combined_without_duplicate_features,validation,200,none,14,0.0967741935483871,0.019449665845153164,0.23684210526315788,0.04550931418054156,0.0967741935483871,0.019449665845153164,0.13740458015267176,0.02543482814808364,186.0
19,regressor__combined_without_duplicate_features,level,regressor,combined_without_duplicate_features,validation,200,none,15,0.0,0.0,0.0,0.0,0.0,0.0,0.0,0.0,82.0
19,regressor__combined_without_duplicate_features,level,regressor,combined_without_duplicate_features,test,200,none,1,0.7257921029220556,0.0039069285652536135,0.9105425824175825,0.0030192746746235417,0.7257921029220556,0.0039069285652536135,0.8077377099120369,0.0028051531362317567,14613.0
19,regressor__combined_without_duplicate_features,level,regressor,combined_without_duplicate_features,test,200,none,2,0.5975035327366933,0.00571028197117114,0.5148133116883117,0.0056928695371830235,0.5975035327366933,0.00571028197117114,0.5530848048833661,0.004864512109707809,8492.0
19,regressor__combined_without_duplicate_features,level,regressor,combined_without_duplicate_features,test,200,none,3,0.6347992351816444,0.006597869166462378,0.43595559269428197,0.006860968849563255,0.6347992351816444,0.006597869166462378,0.5169143665958953,0.006062835935480573,5753.0
19,regressor__combined_without_duplicate_features,level,regressor,combined_without_duplicate_features,test,200,none,4,0.5697162655679371,0.005241293758388868,0.7018110508709193,0.00594169486653682,0.5697162655679371,0.005241293758388868,0.6289022121149472,0.004584714351745887,10679.0
19,regressor__combined_without_duplicate_features,level,regressor,combined_without_duplicate_features,test,200,none,5,0.5492302184031508,0.007069828043520239,0.4686831652917812,0.0077114740191989925,0.5492302184031508,0.007069828043520239,0.50576986482031,0.0064374286543557695,5586.0
19,regressor__combined_without_duplicate_features,level,regressor,combined_without_duplicate_features,test,200,none,6,0.41433405106121196,0.009065965974413994,0.3078153564899452,0.009514362549235001,0.41433405106121196,0.009065965974413994,0.3532188278484332,0.008380415977351844,3251.0
19,regressor__combined_without_duplicate_features,level,regressor,combined_without_duplicate_features,test,200,none,7,0.4541235273116744,0.00678992468205352,0.5591208791208792,0.009474995129676478,0.4541235273116744,0.00678992468205352,0.5011820330969267,0.0065767613168843655,5602.0
19,regressor__combined_without_duplicate_features,level,regressor,combined_without_duplicate_features,test,200,none,8,0.3407821229050279,0.011290883388385489,0.25051334702258726,0.009689342704273473,0.3407821229050279,0.011290883388385489,0.28875739644970416,0.00949861315474807,2148.0
19,regressor__combined_without_duplicate_features,level,regressor,combined_without_duplicate_features,test,200,none,9,0.190903267136451,0.010805737753266906,0.2050929112181693,0.01239003138427442,0.190903267136451,0.010805737753266906,0.19774386197743862,0.010611136242399071,1561.0
19,regressor__combined_without_duplicate_features,level,regressor,combined_without_duplicate_features,test,200,none,10,0.3351190476190476,0.011217039673470836,0.5331439393939394,0.01711214883205441,0.3351190476190476,0.011217039673470836,0.41154970760233917,0.011510948574221556,1680.0
19,regressor__combined_without_duplicate_features,level,regressor,combined_without_duplicate_features,test,200,none,11,0.25,0.015669469239742027,0.24968789013732834,0.018742063668662514,0.25,0.015669469239742027,0.24984384759525297,0.015769905029794473,800.0
19,regressor__combined_without_duplicate_features,level,regressor,combined_without_duplicate_features,test,200,none,12,0.16272189349112426,0.018785725164023822,0.10377358490566038,0.013824034211766062,0.16272189349112426,0.018785725164023822,0.12672811059907835,0.014958370777666258,338.0
19,regressor__combined_without_duplicate_features,level,regressor,combined_without_duplicate_features,test,200,none,13,0.24519230769230768,0.022355105614606526,0.4031620553359684,0.036987163793580434,0.24519230769230768,0.022355105614606526,0.30493273542600896,0.02498301021099329,416.0
19,regressor__combined_without_duplicate_features,level,regressor,combined_without_duplicate_features,test,200,none,14,0.04672897196261682,0.023005720272125503,0.11904761904761904,0.0587363956333165,0.04672897196261682,0.023005720272125503,0.06711409395973154,0.0319293650157912,107.0
19,regressor__combined_without_duplicate_features,level,regressor,combined_without_duplicate_features,test,200,none,15,0.018518518518518517,0.020967219216268228,1.0,0.48224478225793954,0.018518518518518517,0.020967219216268228,0.03636363636363636,0.039335960308935276,54.0
20,regressor__combined_without_length_and_duplicate_features,level,regressor,combined_without_length_and_duplicate_features,validation,200,none,1,0.7261422191686706,0.003765576549705292,0.9048801369863013,0.0031861755767788767,0.7261422191686706,0.003765576549705292,0.8057175528873642,0.002736755679805709,14555.0
20,regressor__combined_without_length_and_duplicate_features,level,regressor,combined_without_length_and_duplicate_features,validation,200,none,2,0.5871591301346221,0.005898228838826828,0.5144671841919548,0.005645621212157327,0.5871591301346221,0.005898228838826828,0.5484148307361634,0.004960637550813604,8691.0
20,regressor__combined_without_length_and_duplicate_features,level,regressor,combined_without_length_and_duplicate_features,validation,200,none,3,0.6477863416382864,0.006438072289687334,0.43463619963920624,0.006701396718237863,0.6477863416382864,0.006438072289687334,0.5202245573628904,0.00594134971649571,5579.0
20,regressor__combined_without_length_and_duplicate_features,level,regressor,combined_without_length_and_duplicate_features,validation,200,none,4,0.5758962623951183,0.005290439127119102,0.7139479905437353,0.006055498077786007,0.5758962623951183,0.005290439127119102,0.6375343044120751,0.004596414214618251,10488.0
20,regressor__combined_without_length_and_duplicate_features,level,regressor,combined_without_length_and_duplicate_features,validation,200,none,5,0.5272290935942403,0.007129848029897179,0.45960733826842615,0.0077572420691965375,0.5272290935942403,0.007129848029897179,0.4911013670363683,0.006351325682606177,5417.0
20,regressor__combined_without_length_and_duplicate_features,level,regressor,combined_without_length_and_duplicate_features,validation,200,none,6,0.4196194225721785,0.00913831792584574,0.30179329872581406,0.009217523933492459,0.4196194225721785,0.00913831792584574,0.35108427120505076,0.00832308082290389,3048.0
20,regressor__combined_without_length_and_duplicate_features,level,regressor,combined_without_length_and_duplicate_features,validation,200,none,7,0.45699772289367663,0.006659542600025715,0.5767020335985853,0.00915377117515398,0.45699772289367663,0.006659542600025715,0.5099188898661194,0.006528570915328265,5709.0
20,regressor__combined_without_length_and_duplicate_features,level,regressor,combined_without_length_and_duplicate_features,validation,200,none,8,0.318941504178273,0.010100200279960472,0.24448398576512456,0.00962674213835278,0.318941504178273,0.010100200279960472,0.2767929089443997,0.008994839927465708,2154.0
20,regressor__combined_without_length_and_duplicate_features,level,regressor,combined_without_length_and_duplicate_features,validation,200,none,9,0.19375,0.011018339845152292,0.18383988139362492,0.013082894294494867,0.19375,0.011018339845152292,0.18866489159376187,0.011157821401643666,1280.0
20,regressor__combined_without_length_and_duplicate_features,level,regressor,combined_without_length_and_duplicate_features,validation,200,none,10,0.329700272479564,0.012792777306983477,0.4864321608040201,0.018659368399391637,0.329700272479564,0.012792777306983477,0.3930166463662201,0.013164705624789965,1468.0
20,regressor__combined_without_length_and_duplicate_features,level,regressor,combined_without_length_and_duplicate_features,validation,200,none,11,0.2632331902718169,0.018818658259583298,0.23741935483870968,0.018980650580541127,0.2632331902718169,0.018818658259583298,0.2496607869742198,0.01740015752432869,699.0
20,regressor__combined_without_length_and_duplicate_features,level,regressor,combined_without_length_and_duplicate_features,validation,200,none,12,0.16886543535620052,0.01963067706978131,0.11469534050179211,0.014993357576881979,0.16886543535620052,0.01963067706978131,0.13660618996798293,0.015971285419607073,379.0
20,regressor__combined_without_length_and_duplicate_features,level,regressor,combined_without_length_and_duplicate_features,validation,200,none,13,0.23636363636363636,0.023941094322518404,0.38870431893687707,0.032952111868440714,0.23636363636363636,0.023941094322518404,0.29396984924623115,0.02487289994674893,495.0
20,regressor__combined_without_length_and_duplicate_features,level,regressor,combined_without_length_and_duplicate_features,validation,200,none,14,0.11290322580645161,0.01892322355799726,0.25301204819277107,0.04644222532129393,0.11290322580645161,0.01892322355799726,0.15613382899628253,0.024674744259617003,186.0
20,regressor__combined_without_length_and_duplicate_features,level,regressor,combined_without_length_and_duplicate_features,validation,200,none,15,0.012195121951219513,0.013456778693082672,0.1111111111111111,0.11859752114043233,0.012195121951219513,0.013456778693082672,0.02197802197802198,0.023214591399936674,82.0
20,regressor__combined_without_length_and_duplicate_features,level,regressor,combined_without_length_and_duplicate_features,test,200,none,1,0.7270923150619312,0.0039022309147856444,0.9121737637362637,0.00300228338738811,0.7270923150619312,0.0039022309147856444,0.8091847225924375,0.0028038424260421017,14613.0
20,regressor__combined_without_length_and_duplicate_features,level,regressor,combined_without_length_and_duplicate_features,test,200,none,2,0.5975035327366933,0.005786317248360891,0.5165953980859296,0.005656403120123801,0.5975035327366933,0.005786317248360891,0.5541116086054385,0.004807631766854739,8492.0
20,regressor__combined_without_length_and_duplicate_features,level,regressor,combined_without_length_and_duplicate_features,test,200,none,3,0.6420997740309404,0.006567215347240241,0.4361275088547816,0.006954546668702978,0.6420997740309404,0.006567215347240241,0.5194403431062363,0.006130857603718209,5753.0
20,regressor__combined_without_length_and_duplicate_features,level,regressor,combined_without_length_and_duplicate_features,test,200,none,4,0.5663451634048132,0.005375561462340824,0.7023574497735454,0.0059720231708070455,0.5663451634048132,0.005375561462340824,0.6270606531881804,0.004707849575165432,10679.0
20,regressor__combined_without_length_and_duplicate_features,level,regressor,combined_without_length_and_duplicate_features,test,200,none,5,0.5415324024346581,0.006805518302642567,0.4607768469154608,0.007430413065363139,0.5415324024346581,0.006805518302642567,0.49790140729158094,0.0061254458775672985,5586.0
20,regressor__combined_without_length_and_duplicate_features,level,regressor,combined_without_length_and_duplicate_features,test,200,none,6,0.40479852353122114,0.009099504550579268,0.30406654343807765,0.009586345623090482,0.40479852353122114,0.009099504550579268,0.3472753661432907,0.00846034068023672,3251.0
20,regressor__combined_without_length_and_duplicate_features,level,regressor,combined_without_length_and_duplicate_features,test,200,none,7,0.45215994287754374,0.006942553104538976,0.5576838397181858,0.009500690869707751,0.45215994287754374,0.006942553104538976,0.49940851735015773,0.006722659881152559,5602.0
20,regressor__combined_without_length_and_duplicate_features,level,regressor,combined_without_length_and_duplicate_features,test,200,none,8,0.3263500931098696,0.011060621517161468,0.23843537414965987,0.00961997839812989,0.3263500931098696,0.011060621517161468,0.2755503144654088,0.009454385162129798,2148.0
20,regressor__combined_without_length_and_duplicate_features,level,regressor,combined_without_length_and_duplicate_features,test,200,none,9,0.18449711723254325,0.00999079820225854,0.19807427785419532,0.01223745581204309,0.18449711723254325,0.00999079820225854,0.191044776119403,0.010155124709829343,1561.0
20,regressor__combined_without_length_and_duplicate_features,level,regressor,combined_without_length_and_duplicate_features,test,200,none,10,0.3386904761904762,0.011969270495897837,0.5191605839416058,0.01703592165259632,0.3386904761904762,0.011969270495897837,0.4099423631123919,0.012100521288906995,1680.0
20,regressor__combined_without_length_and_duplicate_features,level,regressor,combined_without_length_and_duplicate_features,test,200,none,11,0.24875,0.01633858839228423,0.25031446540880503,0.019072498045235076,0.24875,0.01633858839228423,0.2495297805642633,0.016230473263584656,800.0
20,regressor__combined_without_length_and_duplicate_features,level,regressor,combined_without_length_and_duplicate_features,test,200,none,12,0.14792899408284024,0.019758286909096284,0.0998003992015968,0.014992450812555045,0.14792899408284024,0.019758286909096284,0.11918951132300358,0.016190712625126745,338.0
20,regressor__combined_without_length_and_duplicate_features,level,regressor,combined_without_length_and_duplicate_features,test,200,none,13,0.23557692307692307,0.021874631628419496,0.3843137254901961,0.0366276821365375,0.23557692307692307,0.021874631628419496,0.29210134128166915,0.024534172840075336,416.0
20,regressor__combined_without_length_and_duplicate_features,level,regressor,combined_without_length_and_duplicate_features,test,200,none,14,0.06542056074766354,0.026760836354004537,0.14,0.05426897563212656,0.06542056074766354,0.026760836354004537,0.08917197452229299,0.03400149754360889,107.0
20,regressor__combined_without_length_and_duplicate_features,level,regressor,combined_without_length_and_duplicate_features,test,200,none,15,0.018518518518518517,0.019756942633791526,0.3333333333333333,0.31083778923990696,0.018518518518518517,0.019756942633791526,0.03508771929824561,0.035973530993392025,54.0
21,regressor__combined_without_length_correlated_features,level,regressor,combined_without_length_correlated_features,validation,200,none,1,0.7254551700446582,0.0037914997162531165,0.9034052019164955,0.0032150237058268306,0.7254551700446582,0.0037914997162531165,0.8047098273825402,0.0027605348037918914,14555.0
21,regressor__combined_without_length_correlated_features,level,regressor,combined_without_length_correlated_features,validation,200,none,2,0.5848578989759521,0.005915729579322251,0.5171431478278563,0.005583062307640917,0.5848578989759521,0.005915729579322251,0.5489200863930885,0.004908752254014935,8691.0
21,regressor__combined_without_length_correlated_features,level,regressor,combined_without_length_correlated_features,validation,200,none,3,0.6517297006632012,0.006466534347207113,0.4336314847942755,0.006752314045277035,0.6517297006632012,0.006466534347207113,0.5207676883414495,0.006007090463477862,5579.0
21,regressor__combined_without_length_correlated_features,level,regressor,combined_without_length_correlated_features,validation,200,none,4,0.5749427917620137,0.0050801136597290195,0.7121766859572458,0.0060471073552395725,0.5749427917620137,0.0050801136597290195,0.6362437351622263,0.004503010265900701,10488.0
21,regressor__combined_without_length_correlated_features,level,regressor,combined_without_length_correlated_features,validation,200,none,5,0.5279675096917112,0.007422164352693853,0.45965927354548375,0.007700531618217788,0.5279675096917112,0.007422164352693853,0.4914511555975599,0.006454061382822838,5417.0
21,regressor__combined_without_length_correlated_features,level,regressor,combined_without_length_correlated_features,validation,200,none,6,0.41437007874015747,0.009048173472955437,0.2992181947405828,0.00900674623985776,0.41437007874015747,0.009048173472955437,0.34750309533635987,0.008064500038516671,3048.0
21,regressor__combined_without_length_correlated_features,level,regressor,combined_without_length_correlated_features,validation,200,none,7,0.45892450516727973,0.006728352426076156,0.5754447616955853,0.009304877664538077,0.45892450516727973,0.006728352426076156,0.5106217111674137,0.006597434214865171,5709.0
21,regressor__combined_without_length_correlated_features,level,regressor,combined_without_length_correlated_features,validation,200,none,8,0.30408542246982356,0.009931072958230477,0.23654749006861683,0.009614880599983866,0.30408542246982356,0.009931072958230477,0.2660979077798091,0.008960385300753805,2154.0
21,regressor__combined_without_length_correlated_features,level,regressor,combined_without_length_correlated_features,validation,200,none,9,0.21640625,0.012119698593524976,0.1985663082437276,0.013422729719275476,0.21640625,0.012119698593524976,0.20710280373831777,0.01184857675621116,1280.0
21,regressor__combined_without_length_correlated_features,level,regressor,combined_without_length_correlated_features,validation,200,none,10,0.33242506811989103,0.01274546884237431,0.4742468415937804,0.018492437231247404,0.33242506811989103,0.01274546884237431,0.3908690428514217,0.013021483667650855,1468.0
21,regressor__combined_without_length_correlated_features,level,regressor,combined_without_length_correlated_features,validation,200,none,11,0.24606580829756797,0.017066583730043015,0.22721268163804492,0.01735467944173371,0.24606580829756797,0.017066583730043015,0.23626373626373626,0.015574987038290999,699.0
21,regressor__combined_without_length_correlated_features,level,regressor,combined_without_length_correlated_features,validation,200,none,12,0.158311345646438,0.019643883797292525,0.10909090909090909,0.015185567455520388,0.158311345646438,0.019643883797292525,0.12917115177610333,0.016232136260274227,379.0
21,regressor__combined_without_length_correlated_features,level,regressor,combined_without_length_correlated_features,validation,200,none,13,0.1696969696969697,0.017800402490467503,0.3346613545816733,0.03381351972762239,0.1696969696969697,0.017800402490467503,0.225201072386059,0.021420161009602787,495.0
21,regressor__combined_without_length_correlated_features,level,regressor,combined_without_length_correlated_features,validation,200,none,14,0.10215053763440861,0.02138826000032399,0.1958762886597938,0.043796456654935784,0.10215053763440861,0.02138826000032399,0.13427561837455831,0.027129412685133285,186.0
21,regressor__combined_without_length_correlated_features,level,regressor,combined_without_length_correlated_features,validation,200,none,15,0.024390243902439025,0.014962806877526188,0.11764705882352941,0.08408166449838024,0.024390243902439025,0.014962806877526188,0.04040404040404041,0.024442305442283548,82.0
21,regressor__combined_without_length_correlated_features,level,regressor,combined_without_length_correlated_features,test,200,none,1,0.7193594744405666,0.004012022461223273,0.908870828289815,0.0030468731134532905,0.7193594744405666,0.004012022461223273,0.8030864433324421,0.0028890583467841464,14613.0
21,regressor__combined_without_length_correlated_features,level,regressor,combined_without_length_correlated_features,test,200,none,2,0.5892604804521903,0.005754481694570645,0.5091575091575091,0.005650508614259277,0.5892604804521903,0.005754481694570645,0.5462882096069869,0.00482748847815503,8492.0
21,regressor__combined_without_length_correlated_features,level,regressor,combined_without_length_correlated_features,test,200,none,3,0.642795063445159,0.006499572181432039,0.43511001294269913,0.00689882888920025,0.642795063445159,0.006499572181432039,0.5189447095144541,0.006100987521716196,5753.0
21,regressor__combined_without_length_correlated_features,level,regressor,combined_without_length_correlated_features,test,200,none,4,0.5679370727596217,0.005369920047442984,0.7008319852091518,0.0061116715837902565,0.5679370727596217,0.005369920047442984,0.6274246107691512,0.004756566562643748,10679.0
21,regressor__combined_without_length_correlated_features,level,regressor,combined_without_length_correlated_features,test,200,none,5,0.539563193698532,0.006946096688710493,0.46262471220260937,0.007465431877926109,0.539563193698532,0.006946096688710493,0.49814064953309645,0.006196183862164474,5586.0
21,regressor__combined_without_length_correlated_features,level,regressor,combined_without_length_correlated_features,test,200,none,6,0.4084896954783144,0.009295712590656523,0.30161253690665457,0.009457162668486067,0.4084896954783144,0.009295712590656523,0.34700810033969165,0.008490408015344673,3251.0
21,regressor__combined_without_length_correlated_features,level,regressor,combined_without_length_correlated_features,test,200,none,7,0.44876829703677257,0.006794968926950948,0.5560716655607166,0.009541241053153382,0.44876829703677257,0.006794968926950948,0.4966907043366591,0.006735596184598868,5602.0
21,regressor__combined_without_length_correlated_features,level,regressor,combined_without_length_correlated_features,test,200,none,8,0.3272811918063315,0.011059488139338445,0.23678006062647355,0.009389602585543564,0.3272811918063315,0.011059488139338445,0.2747703732655853,0.009309436307449721,2148.0
21,regressor__combined_without_length_correlated_features,level,regressor,combined_without_length_correlated_features,test,200,none,9,0.18962203715566944,0.01048544502956589,0.20149761742682096,0.012170192251729968,0.18962203715566944,0.01048544502956589,0.19537953795379537,0.01034665430686049,1561.0
21,regressor__combined_without_length_correlated_features,level,regressor,combined_without_length_correlated_features,test,200,none,10,0.3244047619047619,0.011394276611107555,0.5009191176470589,0.01699307704341082,0.3244047619047619,0.011394276611107555,0.39378612716763006,0.011436203504490901,1680.0
21,regressor__combined_without_length_correlated_features,level,regressor,combined_without_length_correlated_features,test,200,none,11,0.23,0.015384882397343187,0.24242424242424243,0.018190010884328065,0.23,0.015384882397343187,0.23604874919820398,0.015256331303678978,800.0
21,regressor__combined_without_length_correlated_features,level,regressor,combined_without_length_correlated_features,test,200,none,12,0.15384615384615385,0.01758918251960421,0.10297029702970296,0.014318397818697386,0.15384615384615385,0.01758918251960421,0.12336892052194544,0.014953987175748132,338.0
21,regressor__combined_without_length_correlated_features,level,regressor,combined_without_length_correlated_features,test,200,none,13,0.23076923076923078,0.022727240443277886,0.41379310344827586,0.036056255085706215,0.23076923076923078,0.022727240443277886,0.2962962962962963,0.025324358785849613,416.0
21,regressor__combined_without_length_correlated_features,level,regressor,combined_without_length_correlated_features,test,200,none,14,0.102803738317757,0.0328583487614972,0.1774193548387097,0.05720790368113592,0.102803738317757,0.0328583487614972,0.1301775147928994,0.039441303152448044,107.0
21,regressor__combined_without_length_correlated_features,level,regressor,combined_without_length_correlated_features,test,200,none,15,0.018518518518518517,0.01843278514157265,0.1,0.08518368348398046,0.018518518518518517,0.01843278514157265,0.03125,0.029263940187784998,54.0
22,regressor__complexity_without_length_correlated_features,level,regressor,complexity_without_length_correlated_features,validation,200,none,1,0.7252490553074545,0.0037832916238379967,0.9008363201911589,0.003226983035718103,0.7252490553074545,0.0037832916238379967,0.8035625927758535,0.002774486649873346,14555.0
22,regressor__complexity_without_length_correlated_features,level,regressor,complexity_without_length_correlated_features,validation,200,none,2,0.5838223449545507,0.005899925693610986,0.5167006109979634,0.005610621957958662,0.5838223449545507,0.005899925693610986,0.5482145751174977,0.004910308826835794,8691.0
22,regressor__complexity_without_length_correlated_features,level,regressor,complexity_without_length_correlated_features,validation,200,none,3,0.6524466750313677,0.006591076928883805,0.43426389883082794,0.006717309944106993,0.6524466750313677,0.006591076928883805,0.521452618007306,0.005996951100617867,5579.0
22,regressor__complexity_without_length_correlated_features,level,regressor,complexity_without_length_correlated_features,validation,200,none,4,0.5726544622425629,0.005213264992270331,0.7098451719654887,0.006150906216877982,0.5726544622425629,0.005213264992270331,0.6339120797931289,0.004625588569996023,10488.0
22,regressor__complexity_without_length_correlated_features,level,regressor,complexity_without_length_correlated_features,validation,200,none,5,0.53295181834964,0.007244069994630875,0.46519497260715437,0.007765820162413673,0.53295181834964,0.007244069994630875,0.49677363847543665,0.006389407820666655,5417.0
22,regressor__complexity_without_length_correlated_features,level,regressor,complexity_without_length_correlated_features,validation,200,none,6,0.4120734908136483,0.009044713876270588,0.295668549905838,0.008966905297650643,0.4120734908136483,0.009044713876270588,0.3442982456140351,0.008092954542769381,3048.0
22,regressor__complexity_without_length_correlated_features,level,regressor,complexity_without_length_correlated_features,validation,200,none,7,0.4527938342967245,0.006755426108061135,0.5720292100022129,0.009410803293980549,0.4527938342967245,0.006755426108061135,0.5054751662104028,0.006732652443465874,5709.0
22,regressor__complexity_without_length_correlated_features,level,regressor,complexity_without_length_correlated_features,validation,200,none,8,0.3129062209842154,0.01010727250027833,0.24019957234497505,0.009680950447144874,0.3129062209842154,0.01010727250027833,0.2717741935483871,0.0090728282358054,2154.0
22,regressor__complexity_without_length_correlated_features,level,regressor,complexity_without_length_correlated_features,validation,200,none,9,0.20078125,0.011307437185639188,0.18650217706821481,0.013056351808751133,0.20078125,0.011307437185639188,0.19337848006019565,0.01132601546622342,1280.0
22,regressor__complexity_without_length_correlated_features,level,regressor,complexity_without_length_correlated_features,validation,200,none,10,0.3201634877384196,0.012199801555028656,0.46123650637880276,0.01841908303234358,0.3201634877384196,0.012199801555028656,0.3779654201849618,0.012721813781448862,1468.0
22,regressor__complexity_without_length_correlated_features,level,regressor,complexity_without_length_correlated_features,validation,200,none,11,0.23891273247496422,0.01729691607227315,0.21632124352331605,0.016631036633670927,0.23891273247496422,0.01729691607227315,0.22705642420122366,0.015415189908098936,699.0
22,regressor__complexity_without_length_correlated_features,level,regressor,complexity_without_length_correlated_features,validation,200,none,12,0.15567282321899736,0.018078933835727742,0.1102803738317757,0.014970358989554374,0.15567282321899736,0.018078933835727742,0.12910284463894967,0.015524354440397193,379.0
22,regressor__complexity_without_length_correlated_features,level,regressor,complexity_without_length_correlated_features,validation,200,none,13,0.17373737373737375,0.017373805354432358,0.33725490196078434,0.03346369264805981,0.17373737373737375,0.017373805354432358,0.22933333333333333,0.020531592050019698,495.0
22,regressor__complexity_without_length_correlated_features,level,regressor,complexity_without_length_correlated_features,validation,200,none,14,0.11827956989247312,0.0243638631402984,0.23157894736842105,0.04082735641424322,0.11827956989247312,0.0243638631402984,0.15658362989323843,0.028437993405088277,186.0
22,regressor__complexity_without_length_correlated_features,level,regressor,complexity_without_length_correlated_features,validation,200,none,15,0.012195121951219513,0.013456778693082672,0.0625,0.06595508641654273,0.012195121951219513,0.013456778693082672,0.02040816326530612,0.021394327325887245,82.0
22,regressor__complexity_without_length_correlated_features,level,regressor,complexity_without_length_correlated_features,test,200,none,1,0.7177171012112502,0.003960648070387111,0.9065606361829026,0.0030193838450969356,0.7177171012112502,0.003960648070387111,0.8011611030478955,0.0028552516704023687,14613.0
22,regressor__complexity_without_length_correlated_features,level,regressor,complexity_without_length_correlated_features,test,200,none,2,0.5846679227508244,0.00582950353739758,0.5058068459657702,0.005758240793985857,0.5846679227508244,0.00582950353739758,0.5423858422547521,0.004924015993627188,8492.0
22,regressor__complexity_without_length_correlated_features,level,regressor,complexity_without_length_correlated_features,test,200,none,3,0.6405353728489483,0.00662029139514381,0.43261328950457856,0.006862433379761945,0.6405353728489483,0.00662029139514381,0.5164319248826291,0.006102013083020416,5753.0
22,regressor__complexity_without_length_correlated_features,level,regressor,complexity_without_length_correlated_features,test,200,none,4,0.5627867777881824,0.00522260080945346,0.697620429483459,0.006126642493250683,0.5627867777881824,0.00522260080945346,0.6229916036073391,0.004677901358852809,10679.0
22,regressor__complexity_without_length_correlated_features,level,regressor,complexity_without_length_correlated_features,test,200,none,5,0.5381310418904404,0.007159931146370847,0.45788271134805786,0.007485501214193985,0.5381310418904404,0.007159931146370847,0.4947740926672702,0.006306704704620868,5586.0
22,regressor__complexity_without_length_correlated_features,level,regressor,complexity_without_length_correlated_features,test,200,none,6,0.4026453398954168,0.009136812940028202,0.29954233409610986,0.009461402114657149,0.4026453398954168,0.009136812940028202,0.3435244718540874,0.008413767048777249,3251.0
22,regressor__complexity_without_length_correlated_features,level,regressor,complexity_without_length_correlated_features,test,200,none,7,0.4478757586576223,0.006875213095771082,0.5514285714285714,0.009644931231447969,0.4478757586576223,0.006875213095771082,0.4942868400315209,0.006820537844626527,5602.0
22,regressor__complexity_without_length_correlated_features,level,regressor,complexity_without_length_correlated_features,test,200,none,8,0.3198324022346369,0.011013780385908821,0.2346311475409836,0.009410364944317734,0.3198324022346369,0.011013780385908821,0.2706855791962175,0.009320328174336671,2148.0
22,regressor__complexity_without_length_correlated_features,level,regressor,complexity_without_length_correlated_features,test,200,none,9,0.18641896220371557,0.010205793266942355,0.19207920792079208,0.011653944401929623,0.18641896220371557,0.010205793266942355,0.1892067620286086,0.01000278822162181,1561.0
22,regressor__complexity_without_length_correlated_features,level,regressor,complexity_without_length_correlated_features,test,200,none,10,0.3238095238095238,0.011693833887216044,0.5065176908752328,0.01729603415532498,0.3238095238095238,0.011693833887216044,0.3950617283950617,0.011809812534005258,1680.0
22,regressor__complexity_without_length_correlated_features,level,regressor,complexity_without_length_correlated_features,test,200,none,11,0.23375,0.015186144438280655,0.24966622162883845,0.01868804456579098,0.23375,0.015186144438280655,0.24144609425435765,0.015325530286609521,800.0
22,regressor__complexity_without_length_correlated_features,level,regressor,complexity_without_length_correlated_features,test,200,none,12,0.16272189349112426,0.0183417905373796,0.10721247563352826,0.014906666361213732,0.16272189349112426,0.0183417905373796,0.12925969447708577,0.01555880998603476,338.0
22,regressor__complexity_without_length_correlated_features,level,regressor,complexity_without_length_correlated_features,test,200,none,13,0.21153846153846154,0.02198993334933141,0.3876651982378855,0.03636887886523128,0.21153846153846154,0.02198993334933141,0.2737169517884914,0.024762311463755578,416.0
22,regressor__complexity_without_length_correlated_features,level,regressor,complexity_without_length_correlated_features,test,200,none,14,0.08411214953271028,0.03355780334043371,0.14285714285714285,0.05607981916131983,0.08411214953271028,0.03355780334043371,0.10588235294117647,0.04043351226132649,107.0
22,regressor__complexity_without_length_correlated_features,level,regressor,complexity_without_length_correlated_features,test,200,none,15,0.0,0.0,0.0,0.0,0.0,0.0,0.0,0.0,54.0
23,regressor__combined_without_length_correlated_and_duplicate_features,level,regressor,combined_without_length_correlated_and_duplicate_features,validation,200,none,1,0.718722088629337,0.0038818451212507257,0.9025105685445605,0.0032424703720887434,0.718722088629337,0.0038818451212507257,0.80019888319437,0.0028257592397904923,14555.0
23,regressor__combined_without_length_correlated_and_duplicate_features,level,regressor,combined_without_length_correlated_and_duplicate_features,validation,200,none,2,0.5788746979634104,0.005825539744932505,0.5071061384941035,0.005594198658298879,0.5788746979634104,0.005825539744932505,0.5406189555125726,0.004869224637139884,8691.0
23,regressor__combined_without_length_correlated_and_duplicate_features,level,regressor,combined_without_length_correlated_and_duplicate_features,validation,200,none,3,0.6355977773794587,0.006709229090487511,0.422847603148104,0.0066412722077410285,0.6355977773794587,0.006709229090487511,0.5078410311493018,0.005995473189000284,5579.0
23,regressor__combined_without_length_correlated_and_duplicate_features,level,regressor,combined_without_length_correlated_and_duplicate_features,validation,200,none,4,0.565884820747521,0.005043053389724104,0.7011222681630243,0.006127787357108847,0.565884820747521,0.005043053389724104,0.6262860760829421,0.004468026874114251,10488.0
23,regressor__combined_without_length_correlated_and_duplicate_features,level,regressor,combined_without_length_correlated_and_duplicate_features,validation,200,none,5,0.5244600332287244,0.007284203468288513,0.4576353092783505,0.007708031411522117,0.5244600332287244,0.007284203468288513,0.4887741935483871,0.006378829721328804,5417.0
23,regressor__combined_without_length_correlated_and_duplicate_features,level,regressor,combined_without_length_correlated_and_duplicate_features,validation,200,none,6,0.410761154855643,0.009148204946617064,0.2947269303201507,0.009069248236093272,0.410761154855643,0.009148204946617064,0.3432017543859649,0.008261609974229436,3048.0
23,regressor__combined_without_length_correlated_and_duplicate_features,level,regressor,combined_without_length_correlated_and_duplicate_features,validation,200,none,7,0.44981607987388333,0.006812803810047635,0.5656387665198238,0.009229045568349721,0.44981607987388333,0.006812803810047635,0.5011220606888477,0.006637237155874688,5709.0
23,regressor__combined_without_length_correlated_and_duplicate_features,level,regressor,combined_without_length_correlated_and_duplicate_features,validation,200,none,8,0.3045496750232126,0.009835861698530558,0.23673763984121257,0.00960932454511026,0.3045496750232126,0.009835861698530558,0.26639593908629444,0.008884919067042574,2154.0
23,regressor__combined_without_length_correlated_and_duplicate_features,level,regressor,combined_without_length_correlated_and_duplicate_features,validation,200,none,9,0.20625,0.0115625856997144,0.1873669268985096,0.012728721051208303,0.20625,0.0115625856997144,0.1963555224990703,0.01125846158911356,1280.0
23,regressor__combined_without_length_correlated_and_duplicate_features,level,regressor,combined_without_length_correlated_and_duplicate_features,validation,200,none,10,0.33242506811989103,0.012300157375149015,0.4621212121212121,0.017484667330125176,0.33242506811989103,0.012300157375149015,0.3866877971473851,0.012268537310027583,1468.0
23,regressor__combined_without_length_correlated_and_duplicate_features,level,regressor,combined_without_length_correlated_and_duplicate_features,validation,200,none,11,0.22746781115879827,0.017156101115958357,0.21751025991792067,0.017485148056887563,0.22746781115879827,0.017156101115958357,0.22237762237762237,0.01580298265428445,699.0
23,regressor__combined_without_length_correlated_and_duplicate_features,level,regressor,combined_without_length_correlated_and_duplicate_features,validation,200,none,12,0.16358839050131926,0.01997293330871724,0.1111111111111111,0.015647394147369615,0.16358839050131926,0.01997293330871724,0.13233724653148346,0.01669283778333903,379.0
23,regressor__combined_without_length_correlated_and_duplicate_features,level,regressor,combined_without_length_correlated_and_duplicate_features,validation,200,none,13,0.1717171717171717,0.016294592547734466,0.34552845528455284,0.032096452220620686,0.1717171717171717,0.016294592547734466,0.22941970310391363,0.01951541658872048,495.0
23,regressor__combined_without_length_correlated_and_duplicate_features,level,regressor,combined_without_length_correlated_and_duplicate_features,validation,200,none,14,0.10752688172043011,0.023253881472630578,0.23809523809523808,0.04684924600345115,0.10752688172043011,0.023253881472630578,0.14814814814814814,0.029098271852870113,186.0
23,regressor__combined_without_length_correlated_and_duplicate_features,level,regressor,combined_without_length_correlated_and_duplicate_features,validation,200,none,15,0.024390243902439025,0.017223750137628224,0.125,0.09108252723512152,0.024390243902439025,0.017223750137628224,0.04081632653061224,0.02762959117038916,82.0
23,regressor__combined_without_length_correlated_and_duplicate_features,level,regressor,combined_without_length_correlated_and_duplicate_features,test,200,none,1,0.718743584479573,0.004012185178350443,0.9057433597792343,0.0030321901775232202,0.718743584479573,0.004012185178350443,0.801480407493609,0.0028838368958372775,14613.0
23,regressor__combined_without_length_correlated_and_duplicate_features,level,regressor,combined_without_length_correlated_and_duplicate_features,test,200,none,2,0.5819594912859162,0.005844053184755557,0.5050071530758226,0.005636720494361452,0.5819594912859162,0.005844053184755557,0.540759382864646,0.0048355057593710195,8492.0
23,regressor__combined_without_length_correlated_and_duplicate_features,level,regressor,combined_without_length_correlated_and_duplicate_features,test,200,none,3,0.6274986963323483,0.006485807572258941,0.42400751703077283,0.006887570007307465,0.6274986963323483,0.006485807572258941,0.5060629424546156,0.006113043070579129,5753.0
23,regressor__combined_without_length_correlated_and_duplicate_features,level,regressor,combined_without_length_correlated_and_duplicate_features,test,200,none,4,0.5621312857009083,0.005307986232378225,0.6937478331214607,0.006012586607687636,0.5621312857009083,0.005307986232378225,0.6210428305400373,0.0046608780266987684,10679.0
23,regressor__combined_without_length_correlated_and_duplicate_features,level,regressor,combined_without_length_correlated_and_duplicate_features,test,200,none,5,0.5374149659863946,0.006916780951228942,0.4584605986560782,0.0076097511659837455,0.5374149659863946,0.006916780951228942,0.49480797758364925,0.006284370331718845,5586.0
23,regressor__combined_without_length_correlated_and_duplicate_features,level,regressor,combined_without_length_correlated_and_duplicate_features,test,200,none,6,0.4029529375576746,0.008971970225940618,0.29867761057911535,0.009402721620962161,0.4029529375576746,0.008971970225940618,0.3430666492078041,0.008321390674944307,3251.0
23,regressor__combined_without_length_correlated_and_duplicate_features,level,regressor,combined_without_length_correlated_and_duplicate_features,test,200,none,7,0.4435915744377008,0.007037679163360723,0.546875,0.009477257832245074,0.4435915744377008,0.007037679163360723,0.4898482160457323,0.0068070170144776555,5602.0
23,regressor__combined_without_length_correlated_and_duplicate_features,level,regressor,combined_without_length_correlated_and_duplicate_features,test,200,none,8,0.31797020484171323,0.01099518143474754,0.2329467939972715,0.009388377875991673,0.31797020484171323,0.01099518143474754,0.2688976377952756,0.00926518768787818,2148.0
23,regressor__combined_without_length_correlated_and_duplicate_features,level,regressor,combined_without_length_correlated_and_duplicate_features,test,200,none,9,0.1780909673286355,0.010549104626610267,0.1868279569892473,0.012049488649177672,0.1780909673286355,0.010549104626610267,0.18235487044932766,0.01044236443112256,1561.0
23,regressor__combined_without_length_correlated_and_duplicate_features,level,regressor,combined_without_length_correlated_and_duplicate_features,test,200,none,10,0.3238095238095238,0.01099893343954066,0.4981684981684982,0.01698265300313318,0.3238095238095238,0.01099893343954066,0.3924963924963925,0.011227230505339185,1680.0
23,regressor__combined_without_length_correlated_and_duplicate_features,level,regressor,combined_without_length_correlated_and_duplicate_features,test,200,none,11,0.2325,0.0142957395896722,0.25101214574898784,0.01782262268029255,0.2325,0.0142957395896722,0.24140168721609345,0.01436645048422658,800.0
23,regressor__combined_without_length_correlated_and_duplicate_features,level,regressor,combined_without_length_correlated_and_duplicate_features,test,200,none,12,0.14201183431952663,0.01751432840517722,0.09248554913294797,0.013964972883976978,0.14201183431952663,0.01751432840517722,0.11201866977829639,0.014858927155615112,338.0
23,regressor__combined_without_length_correlated_and_duplicate_features,level,regressor,combined_without_length_correlated_and_duplicate_features,test,200,none,13,0.1971153846153846,0.021910141180374487,0.3923444976076555,0.039932508036326794,0.1971153846153846,0.021910141180374487,0.2624,0.026249627082953014,416.0
23,regressor__combined_without_length_correlated_and_duplicate_features,level,regressor,combined_without_length_correlated_and_duplicate_features,test,200,none,14,0.102803738317757,0.03242392296672823,0.16923076923076924,0.04903206087210956,0.102803738317757,0.03242392296672823,0.12790697674418605,0.03677320043574308,107.0
23,regressor__combined_without_length_correlated_and_duplicate_features,level,regressor,combined_without_length_correlated_and_duplicate_features,test,200,none,15,0.0,0.0,0.0,0.0,0.0,0.0,0.0,0.0,54.0
24,regressor__training_information_gain_features,level,regressor,training_information_gain_features,validation,200,none,1,0.6617657162487118,0.003930357564613582,0.8862716231137284,0.0035302374329305936,0.6617657162487118,0.003930357564613582,0.7577390551862486,0.003045636651245598,14555.0
24,regressor__training_information_gain_features,level,regressor,training_information_gain_features,validation,200,none,2,0.5060407317915084,0.005984323105549067,0.4273637158682344,0.005530802339380941,0.5060407317915084,0.005984323105549067,0.4633863660309767,0.005020852011104613,8691.0
24,regressor__training_information_gain_features,level,regressor,training_information_gain_features,validation,200,none,3,0.557806058433411,0.006867189216983326,0.35622710622710624,0.006415223769668759,0.557806058433411,0.006867189216983326,0.43478868319944114,0.006030763501066727,5579.0
24,regressor__training_information_gain_features,level,regressor,training_information_gain_features,validation,200,none,4,0.5162090007627765,0.005363753644540894,0.6360432330827067,0.006358807346224201,0.5162090007627765,0.005363753644540894,0.5698947368421052,0.004833651109639304,10488.0
24,regressor__training_information_gain_features,level,regressor,training_information_gain_features,validation,200,none,5,0.4439726786043936,0.006912166400931472,0.38516976297245353,0.0074011489190718436,0.4439726786043936,0.006912166400931472,0.4124860646599777,0.006250420209708691,5417.0
24,regressor__training_information_gain_features,level,regressor,training_information_gain_features,validation,200,none,6,0.3766404199475066,0.008934798985831391,0.25533807829181493,0.008410745656119286,0.3766404199475066,0.008934798985831391,0.30434782608695654,0.007889840055369962,3048.0
24,regressor__training_information_gain_features,level,regressor,training_information_gain_features,validation,200,none,7,0.394990366088632,0.006678346759399665,0.5077685206034677,0.009993350156367917,0.394990366088632,0.006678346759399665,0.44433497536945815,0.006862584246716424,5709.0
24,regressor__training_information_gain_features,level,regressor,training_information_gain_features,validation,200,none,8,0.24512534818941503,0.010464711689745549,0.1867704280155642,0.009012919294749846,0.24512534818941503,0.010464711689745549,0.21200562136117246,0.008993360301525298,2154.0
24,regressor__training_information_gain_features,level,regressor,training_information_gain_features,validation,200,none,9,0.121875,0.009747143815966901,0.11420204978038068,0.010642063455016539,0.121875,0.009747143815966901,0.11791383219954649,0.009691130678298344,1280.0
24,regressor__training_information_gain_features,level,regressor,training_information_gain_features,validation,200,none,10,0.28065395095367845,0.012398693454030921,0.4951923076923077,0.02065562952601404,0.28065395095367845,0.012398693454030921,0.3582608695652174,0.01374469525356997,1468.0
24,regressor__training_information_gain_features,level,regressor,training_information_gain_features,validation,200,none,11,0.24892703862660945,0.01899847577203653,0.26126126126126126,0.019569532822514554,0.24892703862660945,0.01899847577203653,0.2549450549450549,0.017589788656490888,699.0
24,regressor__training_information_gain_features,level,regressor,training_information_gain_features,validation,200,none,12,0.11609498680738786,0.02017858567385071,0.0757314974182444,0.013961997911759805,0.11609498680738786,0.02017858567385071,0.09166666666666666,0.015981386483813115,379.0
24,regressor__training_information_gain_features,level,regressor,training_information_gain_features,validation,200,none,13,0.24646464646464647,0.024796145154168125,0.3696969696969697,0.03362906708920517,0.24646464646464647,0.024796145154168125,0.2957575757575758,0.025785375366803715,495.0
24,regressor__training_information_gain_features,level,regressor,training_information_gain_features,validation,200,none,14,0.05913978494623656,0.01986722975152908,0.275,0.07686367114879164,0.05913978494623656,0.01986722975152908,0.09734513274336283,0.03076116646998703,186.0
24,regressor__training_information_gain_features,level,regressor,training_information_gain_features,validation,200,none,15,0.0,0.0,0.0,0.0,0.0,0.0,0.0,0.0,82.0
24,regressor__training_information_gain_features,level,regressor,training_information_gain_features,test,200,none,1,0.657359885033874,0.004045201557954523,0.8870625173146182,0.0035424686596509367,0.657359885033874,0.004045201557954523,0.755129313733197,0.003120371583386046,14613.0
24,regressor__training_information_gain_features,level,regressor,training_information_gain_features,test,200,none,2,0.5095383890720678,0.0059641334780955926,0.4254670599803343,0.005594859739686863,0.5095383890720678,0.0059641334780955926,0.46372307362554926,0.005050611366932874,8492.0
24,regressor__training_information_gain_features,level,regressor,training_information_gain_features,test,200,none,3,0.5690943855379802,0.006957426391114217,0.3622883700343034,0.006496781322784682,0.5690943855379802,0.006957426391114217,0.4427315753887762,0.006153000915134573,5753.0
24,regressor__training_information_gain_features,level,regressor,training_information_gain_features,test,200,none,4,0.49873583668882854,0.005124353641734318,0.6203121360354065,0.006547273899909599,0.49873583668882854,0.005124353641734318,0.5529198027511031,0.004817262277453288,10679.0
24,regressor__training_information_gain_features,level,regressor,training_information_gain_features,test,200,none,5,0.445578231292517,0.006846022048205054,0.3818656029456889,0.007216680975925613,0.445578231292517,0.006846022048205054,0.4112690019828156,0.006147884439344168,5586.0
24,regressor__training_information_gain_features,level,regressor,training_information_gain_features,test,200,none,6,0.3752691479544755,0.009376523945384638,0.2593537414965986,0.008593472778147348,0.3752691479544755,0.009376523945384638,0.30672532998114393,0.008109924046621286,3251.0
24,regressor__training_information_gain_features,level,regressor,training_information_gain_features,test,200,none,7,0.3891467333095323,0.006641982023646923,0.49354765678062035,0.009485127546716748,0.3891467333095323,0.006641982023646923,0.43517317097514724,0.006687861493339691,5602.0
24,regressor__training_information_gain_features,level,regressor,training_information_gain_features,test,200,none,8,0.2644320297951583,0.010913503018777469,0.19306594153636983,0.00865696214088243,0.2644320297951583,0.010913503018777469,0.22318271119842828,0.008952762412302664,2148.0
24,regressor__training_information_gain_features,level,regressor,training_information_gain_features,test,200,none,9,0.10442024343369635,0.008810965771608528,0.11020960108181203,0.009381908942060728,0.10442024343369635,0.008810965771608528,0.10723684210526316,0.00867113124739971,1561.0
24,regressor__training_information_gain_features,level,regressor,training_information_gain_features,test,200,none,10,0.26666666666666666,0.0107649343873675,0.5096700796359499,0.019127295695904087,0.26666666666666666,0.0107649343873675,0.35013677217663147,0.012321543331882357,1680.0
24,regressor__training_information_gain_features,level,regressor,training_information_gain_features,test,200,none,11,0.22625,0.01629244903712518,0.2524407252440725,0.019870187330410603,0.22625,0.01629244903712518,0.23862887277521425,0.016588313986288124,800.0
24,regressor__training_information_gain_features,level,regressor,training_information_gain_features,test,200,none,12,0.10355029585798817,0.015410448191556708,0.06363636363636363,0.01066376972758283,0.10355029585798817,0.015410448191556708,0.07882882882882883,0.012046323083726492,338.0
24,regressor__training_information_gain_features,level,regressor,training_information_gain_features,test,200,none,13,0.15144230769230768,0.021682595320648687,0.27876106194690264,0.0389095895559823,0.15144230769230768,0.021682595320648687,0.19626168224299065,0.026308426008709866,416.0
24,regressor__training_information_gain_features,level,regressor,training_information_gain_features,test,200,none,14,0.018691588785046728,0.014924611874703812,0.07692307692307693,0.05443392340692329,0.018691588785046728,0.014924611874703812,0.03007518796992481,0.022693172305111843,107.0
24,regressor__training_information_gain_features,level,regressor,training_information_gain_features,test,200,none,15,0.0,0.0,0.0,0.0,0.0,0.0,0.0,0.0,54.0
25,regressor__polke,level,regressor,polke,validation,200,none,1,0.6468567502576434,0.004079273679676291,0.8892981959006329,0.0035515967313902628,0.6468567502576434,0.004079273679676291,0.7489459867950043,0.0031631650872866682,14555.0
25,regressor__polke,level,regressor,polke,validation,200,none,2,0.5131745483833852,0.00602986430117245,0.41577328237158573,0.005412323357545567,0.5131745483833852,0.00602986430117245,0.45936759707487895,0.00501507396036548,8691.0
25,regressor__polke,level,regressor,polke,validation,200,none,3,0.5088725578060584,0.007182946962249303,0.33080866930785363,0.006105458528609537,0.5088725578060584,0.007182946962249303,0.4009603841536615,0.005892959106121688,5579.0
25,regressor__polke,level,regressor,polke,validation,200,none,4,0.5147787948131197,0.005217186821128119,0.6361494049723105,0.006468786030017162,0.5147787948131197,0.005217186821128119,0.569064558629776,0.004761546060336196,10488.0
25,regressor__polke,level,regressor,polke,validation,200,none,5,0.4744323426250692,0.0071630437021897074,0.4006859993763642,0.007476251782690098,0.4744323426250692,0.0071630437021897074,0.4344518637477813,0.00638213194786976,5417.0
25,regressor__polke,level,regressor,polke,validation,200,none,6,0.3618766404199475,0.00882869980595979,0.23548249359521775,0.008056515980684902,0.3618766404199475,0.00882869980595979,0.28530781169167097,0.007766240264488569,3048.0
25,regressor__polke,level,regressor,polke,validation,200,none,7,0.38185321422315643,0.006461594750422664,0.5274618920880716,0.00987003879133879,0.38185321422315643,0.006461594750422664,0.44299939036781144,0.006783439407802333,5709.0
25,regressor__polke,level,regressor,polke,validation,200,none,8,0.2595171773444754,0.009918340760854101,0.21007140172867342,0.009307382746583673,0.2595171773444754,0.009918340760854101,0.23219106957424715,0.008836255516047178,2154.0
25,regressor__polke,level,regressor,polke,validation,200,none,9,0.13671875,0.009750313901562583,0.13409961685823754,0.011240349866308091,0.13671875,0.009750313901562583,0.13539651837524178,0.009837817907268986,1280.0
25,regressor__polke,level,regressor,polke,validation,200,none,10,0.2847411444141689,0.011923148141742538,0.44946236559139785,0.01845365468532319,0.2847411444141689,0.011923148141742538,0.3486238532110092,0.012654778756630314,1468.0
25,regressor__polke,level,regressor,polke,validation,200,none,11,0.24320457796852646,0.017113424136471697,0.2233902759526938,0.017408917703162892,0.24320457796852646,0.017113424136471697,0.2328767123287671,0.01581464526277698,699.0
25,regressor__polke,level,regressor,polke,validation,200,none,12,0.12928759894459102,0.019607026146833295,0.08277027027027027,0.01380173744077075,0.12928759894459102,0.019607026146833295,0.10092687950566426,0.015597221583330685,379.0
25,regressor__polke,level,regressor,polke,validation,200,none,13,0.24848484848484848,0.01958702096099603,0.4006514657980456,0.03210933577915632,0.24848484848484848,0.01958702096099603,0.30673316708229426,0.020743359306191426,495.0
25,regressor__polke,level,regressor,polke,validation,200,none,14,0.06989247311827956,0.02380462549302009,0.22807017543859648,0.0657461235567165,0.06989247311827956,0.02380462549302009,0.10699588477366255,0.03389025527306921,186.0
25,regressor__polke,level,regressor,polke,validation,200,none,15,0.0,0.0,0.0,0.0,0.0,0.0,0.0,0.0,82.0
25,regressor__polke,level,regressor,polke,test,200,none,1,0.6407308560870458,0.004217888488954343,0.8897652760619595,0.0034710626844511798,0.6407308560870458,0.004217888488954343,0.7449872692552514,0.003230503649113398,14613.0
25,regressor__polke,level,regressor,polke,test,200,none,2,0.5174281676872351,0.0060580494536142645,0.4074932764536771,0.005504043657455518,0.5174281676872351,0.0060580494536142645,0.45592736705577175,0.005038167549099601,8492.0
25,regressor__polke,level,regressor,polke,test,200,none,3,0.507039805318964,0.006903060088313711,0.3352488219744857,0.0064323994211010465,0.507039805318964,0.006903060088313711,0.4036252940362529,0.0060776960658585335,5753.0
25,regressor__polke,level,regressor,polke,test,200,none,4,0.5055716827418297,0.0052029676092780665,0.6253185082233033,0.006552896656565105,0.5055716827418297,0.0052029676092780665,0.559105265883084,0.0048736969415754386,10679.0
25,regressor__polke,level,regressor,polke,test,200,none,5,0.47529538131041893,0.007015314811894697,0.39930816664160024,0.007098086682694584,0.47529538131041893,0.007015314811894697,0.4340008173273396,0.006157129196669556,5586.0
25,regressor__polke,level,regressor,polke,test,200,none,6,0.3448169793909566,0.009036016018400895,0.23300769070879235,0.008240756639359328,0.3448169793909566,0.009036016018400895,0.27809476556685686,0.007924382497111535,3251.0
25,regressor__polke,level,regressor,polke,test,200,none,7,0.3891467333095323,0.006974376390026129,0.5139085337105139,0.009868463409996477,0.3891467333095323,0.006974376390026129,0.4429093864282812,0.0070276015320408615,5602.0
25,regressor__polke,level,regressor,polke,test,200,none,8,0.26210428305400374,0.010639816256910692,0.20442992011619462,0.009200155723841148,0.26210428305400374,0.010639816256910692,0.22970216238270094,0.009097263066719445,2148.0
25,regressor__polke,level,regressor,polke,test,200,none,9,0.1441383728379244,0.009732553243903734,0.15833919774806474,0.011480108183323767,0.1441383728379244,0.009732553243903734,0.15090543259557343,0.00990041679117239,1561.0
25,regressor__polke,level,regressor,polke,test,200,none,10,0.27380952380952384,0.011398021398917066,0.4831932773109244,0.018618785856171546,0.27380952380952384,0.011398021398917066,0.3495440729483283,0.012448813785206788,1680.0
25,regressor__polke,level,regressor,polke,test,200,none,11,0.2375,0.017895152096544558,0.23869346733668342,0.019747819540396214,0.2375,0.017895152096544558,0.23809523809523808,0.017486330869007107,800.0
25,regressor__polke,level,regressor,polke,test,200,none,12,0.1301775147928994,0.01778573737791272,0.08148148148148149,0.012312241161217343,0.1301775147928994,0.01778573737791272,0.10022779043280182,0.013803561016924025,338.0
25,regressor__polke,level,regressor,polke,test,200,none,13,0.21634615384615385,0.02216112385047655,0.371900826446281,0.034773801797262846,0.21634615384615385,0.02216112385047655,0.2735562310030395,0.024632656116959514,416.0
25,regressor__polke,level,regressor,polke,test,200,none,14,0.037383177570093455,0.0164252379419544,0.13793103448275862,0.06351406137282312,0.037383177570093455,0.0164252379419544,0.058823529411764705,0.025099566502733133,107.0
25,regressor__polke,level,regressor,polke,test,200,none,15,0.018518518518518517,0.017550823914073175,0.3333333333333333,0.3164428805078579,0.018518518518518517,0.017550823914073175,0.03508771929824561,0.03255539620359806,54.0
26,regressor__training_mutual_information_features,level,regressor,training_mutual_information_features,validation,200,none,1,0.6544142906217795,0.004013377663478476,0.8830073236302958,0.0035812822361448223,0.6544142906217795,0.004013377663478476,0.7517165180333044,0.003099143664723867,14555.0
26,regressor__training_mutual_information_features,level,regressor,training_mutual_information_features,validation,200,none,2,0.5061557933494419,0.006019975687685064,0.42584704743465635,0.005510525553433798,0.5061557933494419,0.006019975687685064,0.46254140160874824,0.005021401630104901,8691.0
26,regressor__training_mutual_information_features,level,regressor,training_mutual_information_features,validation,200,none,3,0.5490231224233734,0.007047205452968933,0.35130175478839315,0.006379326109802183,0.5490231224233734,0.007047205452968933,0.42845153168275285,0.006063551474049135,5579.0
26,regressor__training_mutual_information_features,level,regressor,training_mutual_information_features,validation,200,none,4,0.509534706331045,0.00531692043222513,0.62678864649308,0.006349931313282762,0.509534706331045,0.00531692043222513,0.5621121279057536,0.004794063181382177,10488.0
26,regressor__training_mutual_information_features,level,regressor,training_mutual_information_features,validation,200,none,5,0.44489569872623225,0.007134907343262746,0.3798266351457841,0.00743676987990646,0.44489569872623225,0.007134907343262746,0.409794252678116,0.006433635868193074,5417.0
26,regressor__training_mutual_information_features,level,regressor,training_mutual_information_features,validation,200,none,6,0.3694225721784777,0.009046289506444065,0.2528632382663373,0.008407553445073256,0.3694225721784777,0.009046289506444065,0.3002266364484735,0.007951071362106463,3048.0
26,regressor__training_mutual_information_features,level,regressor,training_mutual_information_features,validation,200,none,7,0.3920126116657909,0.0067844534775113935,0.5049638989169675,0.009994378202920335,0.3920126116657909,0.0067844534775113935,0.4413765900798738,0.006970066182347064,5709.0
26,regressor__training_mutual_information_features,level,regressor,training_mutual_information_features,validation,200,none,8,0.24512534818941503,0.010693942610389789,0.1867704280155642,0.009271169431880225,0.24512534818941503,0.010693942610389789,0.21200562136117246,0.009251467614781704,2154.0
26,regressor__training_mutual_information_features,level,regressor,training_mutual_information_features,validation,200,none,9,0.11640625,0.009337431175903617,0.10765895953757225,0.009893129082192285,0.11640625,0.009337431175903617,0.11186186186186187,0.009113960388934325,1280.0
26,regressor__training_mutual_information_features,level,regressor,training_mutual_information_features,validation,200,none,10,0.28201634877384196,0.012449724280997505,0.5,0.0197176921294029,0.28201634877384196,0.012449724280997505,0.3606271777003484,0.013538462026906613,1468.0
26,regressor__training_mutual_information_features,level,regressor,training_mutual_information_features,validation,200,none,11,0.24177396280400573,0.018929372016189414,0.25148809523809523,0.019669392834157456,0.24177396280400573,0.018929372016189414,0.24653537563822028,0.017698698922864957,699.0
26,regressor__training_mutual_information_features,level,regressor,training_mutual_information_features,validation,200,none,12,0.08443271767810026,0.01774448417396512,0.05734767025089606,0.012755559315729756,0.08443271767810026,0.01774448417396512,0.06830309498399147,0.014479961264933582,379.0
26,regressor__training_mutual_information_features,level,regressor,training_mutual_information_features,validation,200,none,13,0.2505050505050505,0.02653626537589759,0.3803680981595092,0.03657444296094963,0.2505050505050505,0.02653626537589759,0.3020706455542022,0.02785898567176698,495.0
26,regressor__training_mutual_information_features,level,regressor,training_mutual_information_features,validation,200,none,14,0.06989247311827956,0.017858189496080697,0.30952380952380953,0.07101495941793962,0.06989247311827956,0.017858189496080697,0.11403508771929824,0.026940050417703604,186.0
26,regressor__training_mutual_information_features,level,regressor,training_mutual_information_features,validation,200,none,15,0.0,0.0,0.0,0.0,0.0,0.0,0.0,0.0,82.0
26,regressor__training_mutual_information_features,level,regressor,training_mutual_information_features,test,200,none,1,0.6555122151508931,0.004100622859977581,0.8860419942651003,0.003553123158977307,0.6555122151508931,0.004100622859977581,0.7535399622404028,0.003168935743446613,14613.0
26,regressor__training_mutual_information_features,level,regressor,training_mutual_information_features,test,200,none,2,0.5117757889778615,0.006133722620953922,0.42487046632124353,0.005645922602521796,0.5117757889778615,0.006133722620953922,0.46429143742321455,0.005140656069257205,8492.0
26,regressor__training_mutual_information_features,level,regressor,training_mutual_information_features,test,200,none,3,0.5449330783938815,0.006891042392129886,0.35020107238605896,0.006447112024861585,0.5449330783938815,0.006891042392129886,0.4263855831349881,0.006105233897807721,5753.0
26,regressor__training_mutual_information_features,level,regressor,training_mutual_information_features,test,200,none,4,0.49311733308362204,0.005039898074475531,0.6123967903244564,0.00654069720005634,0.49311733308362204,0.005039898074475531,0.5463222325967424,0.00477643978422511,10679.0
26,regressor__training_mutual_information_features,level,regressor,training_mutual_information_features,test,200,none,5,0.44683136412459723,0.006816730301260602,0.37760968229954617,0.007187456031121823,0.44683136412459723,0.006816730301260602,0.4093145293538865,0.006146961596995861,5586.0
26,regressor__training_mutual_information_features,level,regressor,training_mutual_information_features,test,200,none,6,0.3580436788680406,0.009065514172497355,0.24818763326226012,0.008473188505853529,0.3580436788680406,0.009065514172497355,0.29316207026822816,0.007950149348774194,3251.0
26,regressor__training_mutual_information_features,level,regressor,training_mutual_information_features,test,200,none,7,0.3818279186004998,0.006449490759816556,0.4862468742896113,0.00968354648684914,0.3818279186004998,0.006449490759816556,0.42775722427757223,0.006710547214578413,5602.0
26,regressor__training_mutual_information_features,level,regressor,training_mutual_information_features,test,200,none,8,0.26256983240223464,0.010611068693614664,0.19488597097442986,0.008694572375498694,0.26256983240223464,0.010611068693614664,0.22372074573581913,0.00881998189260792,2148.0
26,regressor__training_mutual_information_features,level,regressor,training_mutual_information_features,test,200,none,9,0.10762331838565023,0.008960733776743585,0.1126005361930295,0.00958973011465112,0.10762331838565023,0.008960733776743585,0.11005568293481821,0.008842270669801379,1561.0
26,regressor__training_mutual_information_features,level,regressor,training_mutual_information_features,test,200,none,10,0.2726190476190476,0.010757338203741576,0.511731843575419,0.01891672966712427,0.2726190476190476,0.010757338203741576,0.35572815533980584,0.012183052248806054,1680.0
26,regressor__training_mutual_information_features,level,regressor,training_mutual_information_features,test,200,none,11,0.22625,0.016028889646649287,0.260431654676259,0.01947357184377865,0.22625,0.016028889646649287,0.24214046822742474,0.016115839883138344,800.0
26,regressor__training_mutual_information_features,level,regressor,training_mutual_information_features,test,200,none,12,0.13313609467455623,0.016539891324151224,0.08050089445438283,0.01198247522993126,0.13313609467455623,0.016539891324151224,0.10033444816053512,0.013188238442017794,338.0
26,regressor__training_mutual_information_features,level,regressor,training_mutual_information_features,test,200,none,13,0.14903846153846154,0.019924126772937322,0.27312775330396477,0.035243522200120336,0.14903846153846154,0.019924126772937322,0.19284603421461896,0.023839610397698188,416.0
26,regressor__training_mutual_information_features,level,regressor,training_mutual_information_features,test,200,none,14,0.04672897196261682,0.01968712932309641,0.17857142857142858,0.07377790357133093,0.04672897196261682,0.01968712932309641,0.07407407407407407,0.029539381404913367,107.0
26,regressor__training_mutual_information_features,level,regressor,training_mutual_information_features,test,200,none,15,0.0,0.0,0.0,0.0,0.0,0.0,0.0,0.0,54.0
27,classifier__length_only,level,classifier,length_only,validation,200,balanced,1,0.6421848162143593,0.0042274407795239,0.66626274146411,0.006240389729927151,0.6421848162143593,0.0042274407795239,0.6540022390148335,0.0040415929451296335,14555.0
27,classifier__length_only,level,classifier,length_only,validation,200,balanced,2,0.4639282015878495,0.006552929108278516,0.3522935779816514,0.00536276796133798,0.4639282015878495,0.006552929108278516,0.40047675804529204,0.005256548436735704,8691.0
27,classifier__length_only,level,classifier,length_only,validation,200,balanced,3,0.11023480910557447,0.0037825571920609463,0.4218106995884774,0.013104611953184098,0.11023480910557447,0.0037825571920609463,0.1747903936336507,0.00553527642023405,5579.0
27,classifier__length_only,level,classifier,length_only,validation,200,balanced,4,0.47683066361556065,0.005327433958274498,0.43197719616480956,0.006023311871816767,0.47683066361556065,0.005327433958274498,0.4532970768184908,0.0049083579955485155,10488.0
27,classifier__length_only,level,classifier,length_only,validation,200,balanced,5,0.03673620084917851,0.0026492050528785552,0.26711409395973157,0.016613891874085903,0.03673620084917851,0.0026492050528785552,0.06458941901979877,0.00449469004267987,5417.0
27,classifier__length_only,level,classifier,length_only,validation,200,balanced,6,0.38320209973753283,0.011621843837112487,0.19119332132918646,0.007351224923342646,0.38320209973753283,0.011621843837112487,0.25510538385934256,0.00834942993433624,3048.0
27,classifier__length_only,level,classifier,length_only,validation,200,balanced,7,0.28060956384655805,0.0061987027216189455,0.4638100752750434,0.010034960122475916,0.28060956384655805,0.0061987027216189455,0.34966713958310597,0.006769900187966332,5709.0
27,classifier__length_only,level,classifier,length_only,validation,200,balanced,8,0.28597957288765086,0.011286331831180158,0.13861386138613863,0.007216845422070861,0.28597957288765086,0.011286331831180158,0.18672324946953622,0.008356432534884446,2154.0
27,classifier__length_only,level,classifier,length_only,validation,200,balanced,9,0.109375,0.008811704711330744,0.11281224818694602,0.010873960333718423,0.109375,0.008811704711330744,0.11106703689012297,0.009311381762404047,1280.0
27,classifier__length_only,level,classifier,length_only,validation,200,balanced,10,0.2956403269754768,0.011555407290141977,0.23023872679045093,0.011498681832247238,0.2956403269754768,0.011555407290141977,0.2588726513569937,0.010405209785768053,1468.0
27,classifier__length_only,level,classifier,length_only,validation,200,balanced,11,0.5608011444921316,0.02424217340572241,0.19688598694123555,0.012810998627976104,0.5608011444921316,0.02424217340572241,0.29144981412639404,0.015757490754547333,699.0
27,classifier__length_only,level,classifier,length_only,validation,200,balanced,12,0.14775725593667546,0.018738582293394323,0.08421052631578947,0.01308356633710016,0.14775725593667546,0.018738582293394323,0.10727969348659004,0.014678360171570733,379.0
27,classifier__length_only,level,classifier,length_only,validation,200,balanced,13,0.06868686868686869,0.010441200901319371,0.38202247191011235,0.05251044265237606,0.06868686868686869,0.010441200901319371,0.11643835616438356,0.016763103390604377,495.0
27,classifier__length_only,level,classifier,length_only,validation,200,balanced,14,0.4946236559139785,0.04735344984024358,0.15181518151815182,0.024885680886762834,0.4946236559139785,0.04735344984024358,0.23232323232323232,0.032542790967409,186.0
27,classifier__length_only,level,classifier,length_only,validation,200,balanced,15,0.573170731707317,0.07434162712829873,0.09552845528455285,0.02166191856884387,0.573170731707317,0.07434162712829873,0.16376306620209058,0.03296987838751244,82.0
27,classifier__length_only,level,classifier,length_only,test,200,balanced,1,0.6443577636351194,0.004367169839641524,0.6662892725728843,0.006014589063860259,0.6443577636351194,0.004367169839641524,0.6551400243520612,0.0038793177117390615,14613.0
27,classifier__length_only,level,classifier,length_only,test,200,balanced,2,0.4691474328780028,0.006763999151989592,0.35002635740643123,0.0054937948207489234,0.4691474328780028,0.006763999151989592,0.4009258327463017,0.00536762734165314,8492.0
27,classifier__length_only,level,classifier,length_only,test,200,balanced,3,0.10464105683990961,0.0036149805631473086,0.40511440107671604,0.012796889559044766,0.10464105683990961,0.0036149805631473086,0.16632131509877054,0.005319368656379197,5753.0
27,classifier__length_only,level,classifier,length_only,test,200,balanced,4,0.47242251147111153,0.005490358354935656,0.42545117220441897,0.006059377536814532,0.47242251147111153,0.005490358354935656,0.4477082131605804,0.005064463770365267,10679.0
27,classifier__length_only,level,classifier,length_only,test,200,balanced,5,0.034013605442176874,0.002449576939937984,0.2627939142461964,0.016700251854055822,0.034013605442176874,0.002449576939937984,0.0602314154382628,0.004205950524570973,5586.0
27,classifier__length_only,level,classifier,length_only,test,200,balanced,6,0.37619194094124886,0.010962235418485431,0.19725806451612904,0.007367259878020001,0.37619194094124886,0.010962235418485431,0.25880859168341974,0.008138333690882947,3251.0
27,classifier__length_only,level,classifier,length_only,test,200,balanced,7,0.2850767583006069,0.006541306802491187,0.4547266514806378,0.010126419425691072,0.2850767583006069,0.006541306802491187,0.3504498573622998,0.007001478992022974,5602.0
27,classifier__length_only,level,classifier,length_only,test,200,balanced,8,0.3240223463687151,0.011285969833989754,0.1486544211875267,0.007313980312154756,0.3240223463687151,0.011285969833989754,0.20380673499267934,0.008498230651147222,2148.0
27,classifier__length_only,level,classifier,length_only,test,200,balanced,9,0.1268417680973735,0.00903929881856441,0.14842578710644677,0.01163580384403168,0.1268417680973735,0.00903929881856441,0.13678756476683937,0.009633613064862998,1561.0
27,classifier__length_only,level,classifier,length_only,test,200,balanced,10,0.2904761904761905,0.0110346887361438,0.25025641025641027,0.011653488304379454,0.2904761904761905,0.0110346887361438,0.26887052341597795,0.01012370704192247,1680.0
27,classifier__length_only,level,classifier,length_only,test,200,balanced,11,0.53875,0.02064615244639178,0.21273445212240868,0.012779762558065469,0.53875,0.02064615244639178,0.3050247699929229,0.015008487490481849,800.0
27,classifier__length_only,level,classifier,length_only,test,200,balanced,12,0.15088757396449703,0.02005659798410444,0.07005494505494506,0.011387347430370547,0.15088757396449703,0.02005659798410444,0.09568480300187618,0.013853116181611176,338.0
27,classifier__length_only,level,classifier,length_only,test,200,balanced,13,0.07692307692307693,0.01139840226394279,0.34408602150537637,0.0490326718142936,0.07692307692307693,0.01139840226394279,0.12573673870333987,0.017534993882065322,416.0
27,classifier__length_only,level,classifier,length_only,test,200,balanced,14,0.4485981308411215,0.05289306938433705,0.0852575488454707,0.019484914587796755,0.4485981308411215,0.05289306938433705,0.14328358208955225,0.029167871954171472,107.0
27,classifier__length_only,level,classifier,length_only,test,200,balanced,15,0.5740740740740741,0.07094648938534413,0.07542579075425791,0.019071723259941057,0.5740740740740741,0.07094648938534413,0.13333333333333333,0.030586945963190913,54.0
28,classifier__accuracy,level,classifier,accuracy,validation,200,balanced,1,0.5777396083819993,0.0044189050721575715,0.6745547890261512,0.00615369795821595,0.5777396083819993,0.0044189050721575715,0.6224047962695681,0.003998446197849098,14555.0
28,classifier__accuracy,level,classifier,accuracy,validation,200,balanced,2,0.24657691865147854,0.0049681003234693655,0.36545020463847205,0.007035228176014009,0.24657691865147854,0.0049681003234693655,0.2944692545517004,0.005294866024960075,8691.0
28,classifier__accuracy,level,classifier,accuracy,validation,200,balanced,3,0.44147696719842267,0.007296091004818358,0.17925764192139737,0.0044351417694536285,0.44147696719842267,0.007296091004818358,0.25498214193281227,0.005232190226363475,5579.0
28,classifier__accuracy,level,classifier,accuracy,validation,200,balanced,4,0.3021548436308162,0.004678038711770431,0.41818421747162837,0.007163514692369559,0.3021548436308162,0.004678038711770431,0.3508247536809476,0.004987097679692993,10488.0
28,classifier__accuracy,level,classifier,accuracy,validation,200,balanced,5,0.1100239985231678,0.004599051227630114,0.24968579807289484,0.009991888351116654,0.1100239985231678,0.004599051227630114,0.15274218349564325,0.005955969071669258,5417.0
28,classifier__accuracy,level,classifier,accuracy,validation,200,balanced,6,0.2532808398950131,0.008224928451602592,0.16314454775993237,0.006847801118180097,0.2532808398950131,0.008224928451602592,0.19845758354755785,0.0069699175165924,3048.0
28,classifier__accuracy,level,classifier,accuracy,validation,200,balanced,7,0.232790331056227,0.005582356135897086,0.42017072399620614,0.010146918937751269,0.232790331056227,0.005582356135897086,0.2995942290351668,0.006414011913946069,5709.0
28,classifier__accuracy,level,classifier,accuracy,validation,200,balanced,8,0.1796657381615599,0.009091507517644017,0.12041070317361544,0.0071439890777523695,0.1796657381615599,0.009091507517644017,0.14418777943368108,0.0075428102657701,2154.0
28,classifier__accuracy,level,classifier,accuracy,validation,200,balanced,9,0.13203125,0.010001537850300939,0.10778061224489796,0.009769848592923068,0.13203125,0.010001537850300939,0.11867977528089887,0.009436650820982034,1280.0
28,classifier__accuracy,level,classifier,accuracy,validation,200,balanced,10,0.33310626702997276,0.013508495943180016,0.2458521870286576,0.012108516895250502,0.33310626702997276,0.013508495943180016,0.2829042522418282,0.011447924344176406,1468.0
28,classifier__accuracy,level,classifier,accuracy,validation,200,balanced,11,0.3190271816881259,0.016866567572034096,0.19946332737030412,0.01565160563656357,0.3190271816881259,0.016866567572034096,0.24545954870665934,0.015109198512991964,699.0
28,classifier__accuracy,level,classifier,accuracy,validation,200,balanced,12,0.25857519788918204,0.029896595996693472,0.08026208026208026,0.011178552180950199,0.25857519788918204,0.029896595996693472,0.1225,0.015657032454938456,379.0
28,classifier__accuracy,level,classifier,accuracy,validation,200,balanced,13,0.19797979797979798,0.019290323212888146,0.2824207492795389,0.02880319073053337,0.19797979797979798,0.019290323212888146,0.2327790973871734,0.021198421837593955,495.0
28,classifier__accuracy,level,classifier,accuracy,validation,200,balanced,14,0.3870967741935484,0.03782851738408715,0.13926499032882012,0.01892910403897139,0.3870967741935484,0.03782851738408715,0.20483641536273114,0.023395532003959073,186.0
28,classifier__accuracy,level,classifier,accuracy,validation,200,balanced,15,0.24390243902439024,0.0457425450014622,0.06134969325153374,0.014506740431628796,0.24390243902439024,0.0457425450014622,0.09803921568627451,0.0200467465711866,82.0
28,classifier__accuracy,level,classifier,accuracy,test,200,balanced,1,0.5864641073017176,0.004304974450254282,0.6843408129042562,0.00587511456446884,0.5864641073017176,0.004304974450254282,0.6316332547169812,0.003803824516727429,14613.0
28,classifier__accuracy,level,classifier,accuracy,test,200,balanced,2,0.2498822421102214,0.005104341016791447,0.3612529792305073,0.007206917704549424,0.2498822421102214,0.005104341016791447,0.2954197410552694,0.005396175480899893,8492.0
28,classifier__accuracy,level,classifier,accuracy,test,200,balanced,3,0.4575004345558839,0.007314261651722466,0.19090447523028942,0.004438994308260627,0.4575004345558839,0.007314261651722466,0.269396110542477,0.005148248438586264,5753.0
28,classifier__accuracy,level,classifier,accuracy,test,200,balanced,4,0.2862627586852702,0.0046315573949230054,0.40559904471275043,0.006887466458153433,0.2862627586852702,0.0046315573949230054,0.33563899868247693,0.0048475514518782,10679.0
28,classifier__accuracy,level,classifier,accuracy,test,200,balanced,5,0.11779448621553884,0.004843787523882878,0.2663967611336032,0.010256496454559207,0.11779448621553884,0.004843787523882878,0.16335650446871897,0.006264063823614542,5586.0
28,classifier__accuracy,level,classifier,accuracy,test,200,balanced,6,0.2762227007074746,0.00832031222437484,0.1790985241324292,0.00722619930221203,0.2762227007074746,0.00832031222437484,0.21730187537810042,0.00721139959480704,3251.0
28,classifier__accuracy,level,classifier,accuracy,test,200,balanced,7,0.23598714744734023,0.005569024185499276,0.3997580889023284,0.010172418349183648,0.23598714744734023,0.005569024185499276,0.29677853855651587,0.006472415211374861,5602.0
28,classifier__accuracy,level,classifier,accuracy,test,200,balanced,8,0.19646182495344505,0.009214253278715669,0.1255952380952381,0.007354141620384419,0.19646182495344505,0.009214253278715669,0.1532316630355846,0.0077673360596919394,2148.0
28,classifier__accuracy,level,classifier,accuracy,test,200,balanced,9,0.13837283792440744,0.009100491480761795,0.12880143112701253,0.009645630911379674,0.13837283792440744,0.009100491480761795,0.13341568869672638,0.008821325210373676,1561.0
28,classifier__accuracy,level,classifier,accuracy,test,200,balanced,10,0.3202380952380952,0.01282027330838727,0.2570473005255614,0.011660504935017734,0.3202380952380952,0.01282027330838727,0.2851842035515505,0.010841176897974486,1680.0
28,classifier__accuracy,level,classifier,accuracy,test,200,balanced,11,0.31875,0.016379105665813534,0.21179401993355482,0.014724247061816301,0.31875,0.016379105665813534,0.25449101796407186,0.014102178372706872,800.0
28,classifier__accuracy,level,classifier,accuracy,test,200,balanced,12,0.2514792899408284,0.026104498186535596,0.07482394366197183,0.010615497774785649,0.2514792899408284,0.026104498186535596,0.11533242876526459,0.014702529776799847,338.0
28,classifier__accuracy,level,classifier,accuracy,test,200,balanced,13,0.22355769230769232,0.021875045127670422,0.2680115273775216,0.027269195153519325,0.22355769230769232,0.021875045127670422,0.2437745740498034,0.022058475835321997,416.0
28,classifier__accuracy,level,classifier,accuracy,test,200,balanced,14,0.35514018691588783,0.04162573578973577,0.08207343412526998,0.01695856265839262,0.35514018691588783,0.04162573578973577,0.13333333333333333,0.023677143771961635,107.0
28,classifier__accuracy,level,classifier,accuracy,test,200,balanced,15,0.2037037037037037,0.061272806844580995,0.03819444444444445,0.012599603066707937,0.2037037037037037,0.061272806844580995,0.06432748538011696,0.019904857406711895,54.0
29,regressor__length_only,level,regressor,length_only,validation,200,none,1,0.3784953624184129,0.004214117191367387,0.7385708540018769,0.00705447949151985,0.3784953624184129,0.004214117191367387,0.5004996820205324,0.00436626243864075,14555.0
29,regressor__length_only,level,regressor,length_only,validation,200,none,2,0.5279024277988724,0.006898026564048403,0.29741994036043046,0.004390129587462547,0.5279024277988724,0.006898026564048403,0.38047850064270017,0.004858663239994705,8691.0
29,regressor__length_only,level,regressor,length_only,validation,200,none,3,0.12977236063810718,0.004736703295377911,0.14339473163002575,0.005553969776701517,0.12977236063810718,0.004736703295377911,0.13624388407978924,0.00485774585069264,5579.0
29,regressor__length_only,level,regressor,length_only,validation,200,none,4,0.42276887871853547,0.005422633548178322,0.4295679131951172,0.006245392631617254,0.42276887871853547,0.005422633548178322,0.4261412782316194,0.004994614592421947,10488.0
29,regressor__length_only,level,regressor,length_only,validation,200,none,5,0.28170574118515784,0.0065556670826124,0.1978477894463892,0.00536766163987724,0.28170574118515784,0.0065556670826124,0.23244478293983245,0.005385314894922352,5417.0
29,regressor__length_only,level,regressor,length_only,validation,200,none,6,0.1971784776902887,0.008813799682708625,0.11754351652650108,0.006122457198141774,0.1971784776902887,0.008813799682708625,0.14728587182943267,0.006827632913046538,3048.0
29,regressor__length_only,level,regressor,length_only,validation,200,none,7,0.28288667016990715,0.00632372266573721,0.45326971653101317,0.010189138326981874,0.28288667016990715,0.00632372266573721,0.3483606557377049,0.006891059909331762,5709.0
29,regressor__length_only,level,regressor,length_only,validation,200,none,8,0.18059424326833798,0.009837173441458041,0.15504184934236748,0.008853728884445206,0.18059424326833798,0.009837173441458041,0.16684537851168776,0.008756706083084768,2154.0
29,regressor__length_only,level,regressor,length_only,validation,200,none,9,0.03984375,0.005852652933321061,0.06746031746031746,0.009977634092740433,0.03984375,0.005852652933321061,0.05009823182711198,0.007194074599761352,1280.0
29,regressor__length_only,level,regressor,length_only,validation,200,none,10,0.17029972752043596,0.010337479498747195,0.34106412005457026,0.019156927848080027,0.17029972752043596,0.010337479498747195,0.22716946842344388,0.012309630989436998,1468.0
29,regressor__length_only,level,regressor,length_only,validation,200,none,11,0.2532188841201717,0.018853103087428394,0.25035360678925034,0.01848719262242684,0.2532188841201717,0.018853103087428394,0.25177809388335703,0.016912847833557662,699.0
29,regressor__length_only,level,regressor,length_only,validation,200,none,12,0.0870712401055409,0.015009498949519313,0.04852941176470588,0.00887922923793143,0.0870712401055409,0.015009498949519313,0.06232294617563739,0.010690263728667557,379.0
29,regressor__length_only,level,regressor,length_only,validation,200,none,13,0.14343434343434344,0.019627705779221807,0.355,0.040710997332407114,0.14343434343434344,0.019627705779221807,0.20431654676258992,0.02485734317427806,495.0
29,regressor__length_only,level,regressor,length_only,validation,200,none,14,0.0,0.0,0.0,0.0,0.0,0.0,0.0,0.0,186.0
29,regressor__length_only,level,regressor,length_only,validation,200,none,15,0.0,0.0,0.0,0.0,0.0,0.0,0.0,0.0,82.0
29,regressor__length_only,level,regressor,length_only,test,200,none,1,0.3737083418873606,0.004487601454262322,0.7404745762711864,0.007092187951490569,0.3737083418873606,0.004487601454262322,0.4967254866290704,0.004571905475106062,14613.0
29,regressor__length_only,level,regressor,length_only,test,200,none,2,0.5316768723504475,0.007124870544035599,0.29159132007233274,0.00460700492794965,0.5316768723504475,0.007124870544035599,0.3766266266266266,0.005089723128730657,8492.0
29,regressor__length_only,level,regressor,length_only,test,200,none,3,0.14149139579349904,0.005018861128874238,0.15422508525956802,0.005835530781267418,0.14149139579349904,0.005018861128874238,0.14758408122563685,0.0051088788404041185,5753.0
29,regressor__length_only,level,regressor,length_only,test,200,none,4,0.41876580204138963,0.005523296353209008,0.42753346080305926,0.006464765401552129,0.41876580204138963,0.005523296353209008,0.4231042149581343,0.005237837607021788,10679.0
29,regressor__length_only,level,regressor,length_only,test,200,none,5,0.29484425349087,0.006795450706558646,0.20927573062261753,0.00570613483627675,0.29484425349087,0.006795450706558646,0.24479785969084422,0.005718046213746557,5586.0
29,regressor__length_only,level,regressor,length_only,test,200,none,6,0.18794217163949553,0.008090382517834,0.11604938271604938,0.0058611220021199915,0.18794217163949553,0.008090382517834,0.1434945984030061,0.006370912575584751,3251.0
29,regressor__length_only,level,regressor,length_only,test,200,none,7,0.2897179578721885,0.006407483879106508,0.4395991332611051,0.010101969725195408,0.2897179578721885,0.006407483879106508,0.34925758553905745,0.006933305142924566,5602.0
29,regressor__length_only,level,regressor,length_only,test,200,none,8,0.1904096834264432,0.010601188126721936,0.15809818322381136,0.008788431639571083,0.1904096834264432,0.010601188126721936,0.1727560718057022,0.009024486519785371,2148.0
29,regressor__length_only,level,regressor,length_only,test,200,none,9,0.04163997437540039,0.005660429852914775,0.08217446270543616,0.010888334123140924,0.04163997437540039,0.005660429852914775,0.055272108843537414,0.007279729926368271,1561.0
29,regressor__length_only,level,regressor,length_only,test,200,none,10,0.16666666666666666,0.009754284047344077,0.3504380475594493,0.019679841702796384,0.16666666666666666,0.009754284047344077,0.22589753933037515,0.012006391228814266,1680.0
29,regressor__length_only,level,regressor,length_only,test,200,none,11,0.20625,0.015978681079793295,0.23404255319148937,0.018481315846910047,0.20625,0.015978681079793295,0.21926910299003322,0.015883562665024425,800.0
29,regressor__length_only,level,regressor,length_only,test,200,none,12,0.10650887573964497,0.0184285956928188,0.056782334384858045,0.010660832599664652,0.10650887573964497,0.0184285956928188,0.07407407407407407,0.012981833259172399,338.0
29,regressor__length_only,level,regressor,length_only,test,200,none,13,0.10576923076923077,0.017276459996703887,0.3142857142857143,0.04443662379726302,0.10576923076923077,0.017276459996703887,0.15827338129496402,0.023773233215536732,416.0
29,regressor__length_only,level,regressor,length_only,test,200,none,14,0.0,0.0,0.0,0.0,0.0,0.0,0.0,0.0,107.0
29,regressor__length_only,level,regressor,length_only,test,200,none,15,0.0,0.0,0.0,0.0,0.0,0.0,0.0,0.0,54.0
30,regressor__accuracy,level,regressor,accuracy,validation,200,none,1,0.40425970456887667,0.004254855830100089,0.7460377836946874,0.0068379824059843,0.40425970456887667,0.004254855830100089,0.5243739417164246,0.0043130466399959,14555.0
30,regressor__accuracy,level,regressor,accuracy,validation,200,none,2,0.26889886089057646,0.0052872695821323725,0.2937036571572201,0.005724080064271991,0.26889886089057646,0.0052872695821323725,0.28075444497837576,0.005060303670084201,8691.0
30,regressor__accuracy,level,regressor,accuracy,validation,200,none,3,0.1469797454740993,0.005031935817120011,0.1774891774891775,0.00626477585331527,0.1469797454740993,0.005031935817120011,0.16080007843906266,0.005271538398035346,5579.0
30,regressor__accuracy,level,regressor,accuracy,validation,200,none,4,0.44879862700228834,0.005330004297328795,0.2732021591502699,0.004512912392714615,0.44879862700228834,0.005330004297328795,0.3396471479597359,0.00442865661611385,10488.0
30,regressor__accuracy,level,regressor,accuracy,validation,200,none,5,0.3298873915451357,0.007150137397906574,0.20274563194917178,0.005472150427379978,0.3298873915451357,0.007150137397906574,0.25114187337502636,0.005709210995543789,5417.0
30,regressor__accuracy,level,regressor,accuracy,validation,200,none,6,0.17650918635170604,0.007941996093674113,0.09351642621241092,0.004915225647399019,0.17650918635170604,0.007941996093674113,0.12225883422338371,0.0057691734989791695,3048.0
30,regressor__accuracy,level,regressor,accuracy,validation,200,none,7,0.2541600980907339,0.0061753661392843,0.3904736275565124,0.00987520559949483,0.2541600980907339,0.0061753661392843,0.3079045092838196,0.006709262163866832,5709.0
30,regressor__accuracy,level,regressor,accuracy,validation,200,none,8,0.11327762302692665,0.007953114060789747,0.12304589006555723,0.008841367159879128,0.11327762302692665,0.007953114060789747,0.11795987430505198,0.007987888519112462,2154.0
30,regressor__accuracy,level,regressor,accuracy,validation,200,none,9,0.06328125,0.0066329407189403165,0.0824847250509165,0.009114834023426579,0.06328125,0.0066329407189403165,0.07161803713527852,0.007308364227535715,1280.0
30,regressor__accuracy,level,regressor,accuracy,validation,200,none,10,0.15326975476839236,0.01052478218455002,0.2508361204013378,0.018768746209896117,0.15326975476839236,0.01052478218455002,0.19027484143763213,0.012205483317889924,1468.0
30,regressor__accuracy,level,regressor,accuracy,validation,200,none,11,0.07725321888412018,0.01076352115507558,0.16718266253869968,0.023078031045276698,0.07725321888412018,0.01076352115507558,0.10567514677103718,0.013972219264261874,699.0
30,regressor__accuracy,level,regressor,accuracy,validation,200,none,12,0.021108179419525065,0.007293232588646933,0.13114754098360656,0.04443189065055224,0.021108179419525065,0.007293232588646933,0.03636363636363636,0.012336022421713694,379.0
30,regressor__accuracy,level,regressor,accuracy,validation,200,none,13,0.00404040404040404,0.0027818288430712227,0.2857142857142857,0.18960543730643767,0.00404040404040404,0.0027818288430712227,0.00796812749003984,0.0054561692891445706,495.0
30,regressor__accuracy,level,regressor,accuracy,validation,200,none,14,0.0,0.0,0.0,0.0,0.0,0.0,0.0,0.0,186.0
30,regressor__accuracy,level,regressor,accuracy,validation,200,none,15,0.0,0.0,0.0,0.0,0.0,0.0,0.0,0.0,82.0
30,regressor__accuracy,level,regressor,accuracy,test,200,none,1,0.40785601861356324,0.004401842463773436,0.7563451776649747,0.006500820833126253,0.40785601861356324,0.004401842463773436,0.5299426488240786,0.004284800556512003,14613.0
30,regressor__accuracy,level,regressor,accuracy,test,200,none,2,0.263777673104098,0.005594893800148454,0.2845528455284553,0.005947199969661817,0.263777673104098,0.005594893800148454,0.2737716939623564,0.00530991412580283,8492.0
30,regressor__accuracy,level,regressor,accuracy,test,200,none,3,0.15053015817834173,0.005108615181551058,0.18139924591537496,0.006394576379627944,0.15053015817834173,0.005108615181551058,0.16452930559513632,0.005369363494475993,5753.0
30,regressor__accuracy,level,regressor,accuracy,test,200,none,4,0.4550987920217249,0.005294536981384295,0.2783983502319986,0.004531941113808951,0.4550987920217249,0.005294536981384295,0.3454648848450384,0.0044503411939164775,10679.0
30,regressor__accuracy,level,regressor,accuracy,test,200,none,5,0.3408521303258145,0.006963494343055796,0.2124525775496541,0.005585510284996038,0.3408521303258145,0.006963494343055796,0.26175419301622216,0.00576161207129478,5586.0
30,regressor__accuracy,level,regressor,accuracy,test,200,none,6,0.17748385112273146,0.007708367075556329,0.09666610822583348,0.004954820672597757,0.17748385112273146,0.007708367075556329,0.12516268980477224,0.0057056874922409495,3251.0
30,regressor__accuracy,level,regressor,accuracy,test,200,none,7,0.261870760442699,0.00641879991523138,0.3819317885967196,0.009528371682869236,0.261870760442699,0.00641879991523138,0.3107063433230965,0.006731677365344039,5602.0
30,regressor__accuracy,level,regressor,accuracy,test,200,none,8,0.11499068901303539,0.007598819989867576,0.11700615821885363,0.00812520541041314,0.11499068901303539,0.007598819989867576,0.11598966893637004,0.007482531547115959,2148.0
30,regressor__accuracy,level,regressor,accuracy,test,200,none,9,0.05060858424087124,0.005624715779952924,0.07348837209302325,0.008522868759056702,0.05060858424087124,0.005624715779952924,0.05993930197268589,0.00652887918010684,1561.0
30,regressor__accuracy,level,regressor,accuracy,test,200,none,10,0.12380952380952381,0.008125339376369398,0.2690815006468305,0.01862351458641596,0.12380952380952381,0.008125339376369398,0.16958825927435792,0.010369745979075981,1680.0
30,regressor__accuracy,level,regressor,accuracy,test,200,none,11,0.07,0.009662203121905502,0.17891373801916932,0.02410154283815659,0.07,0.009662203121905502,0.10062893081761007,0.013299701568155407,800.0
30,regressor__accuracy,level,regressor,accuracy,test,200,none,12,0.005917159763313609,0.004136541431072243,0.04,0.02820541193814515,0.005917159763313609,0.004136541431072243,0.010309278350515464,0.0071553222299544856,338.0
30,regressor__accuracy,level,regressor,accuracy,test,200,none,13,0.002403846153846154,0.002415733363269855,0.3333333333333333,0.3170379980973437,0.002403846153846154,0.002415733363269855,0.00477326968973747,0.004775675571259516,416.0
30,regressor__accuracy,level,regressor,accuracy,test,200,none,14,0.0,0.0,0.0,0.0,0.0,0.0,0.0,0.0,107.0
30,regressor__accuracy,level,regressor,accuracy,test,200,none,15,0.0,0.0,0.0,0.0,0.0,0.0,0.0,0.0,54.0
31,classifier__majority,level,classifier,majority,validation,200,none,1,1.0,0.0,0.24165698157064586,0.003310978146769528,1.0,0.0,0.3892491809854917,0.004294473789741504,14555.0
31,classifier__majority,level,classifier,majority,validation,200,none,2,0.0,0.0,0.0,0.0,0.0,0.0,0.0,0.0,8691.0
31,classifier__majority,level,classifier,majority,validation,200,none,3,0.0,0.0,0.0,0.0,0.0,0.0,0.0,0.0,5579.0
31,classifier__majority,level,classifier,majority,validation,200,none,4,0.0,0.0,0.0,0.0,0.0,0.0,0.0,0.0,10488.0
31,classifier__majority,level,classifier,majority,validation,200,none,5,0.0,0.0,0.0,0.0,0.0,0.0,0.0,0.0,5417.0
31,classifier__majority,level,classifier,majority,validation,200,none,6,0.0,0.0,0.0,0.0,0.0,0.0,0.0,0.0,3048.0
31,classifier__majority,level,classifier,majority,validation,200,none,7,0.0,0.0,0.0,0.0,0.0,0.0,0.0,0.0,5709.0
31,classifier__majority,level,classifier,majority,validation,200,none,8,0.0,0.0,0.0,0.0,0.0,0.0,0.0,0.0,2154.0
31,classifier__majority,level,classifier,majority,validation,200,none,9,0.0,0.0,0.0,0.0,0.0,0.0,0.0,0.0,1280.0
31,classifier__majority,level,classifier,majority,validation,200,none,10,0.0,0.0,0.0,0.0,0.0,0.0,0.0,0.0,1468.0
31,classifier__majority,level,classifier,majority,validation,200,none,11,0.0,0.0,0.0,0.0,0.0,0.0,0.0,0.0,699.0
31,classifier__majority,level,classifier,majority,validation,200,none,12,0.0,0.0,0.0,0.0,0.0,0.0,0.0,0.0,379.0
31,classifier__majority,level,classifier,majority,validation,200,none,13,0.0,0.0,0.0,0.0,0.0,0.0,0.0,0.0,495.0
31,classifier__majority,level,classifier,majority,validation,200,none,14,0.0,0.0,0.0,0.0,0.0,0.0,0.0,0.0,186.0
31,classifier__majority,level,classifier,majority,validation,200,none,15,0.0,0.0,0.0,0.0,0.0,0.0,0.0,0.0,82.0
31,classifier__majority,level,classifier,majority,test,200,none,1,1.0,0.0,0.23924361493123772,0.0033170770372726445,1.0,0.0,0.386112322143395,0.004319364179450204,14613.0
31,classifier__majority,level,classifier,majority,test,200,none,2,0.0,0.0,0.0,0.0,0.0,0.0,0.0,0.0,8492.0
31,classifier__majority,level,classifier,majority,test,200,none,3,0.0,0.0,0.0,0.0,0.0,0.0,0.0,0.0,5753.0
31,classifier__majority,level,classifier,majority,test,200,none,4,0.0,0.0,0.0,0.0,0.0,0.0,0.0,0.0,10679.0
31,classifier__majority,level,classifier,majority,test,200,none,5,0.0,0.0,0.0,0.0,0.0,0.0,0.0,0.0,5586.0
31,classifier__majority,level,classifier,majority,test,200,none,6,0.0,0.0,0.0,0.0,0.0,0.0,0.0,0.0,3251.0
31,classifier__majority,level,classifier,majority,test,200,none,7,0.0,0.0,0.0,0.0,0.0,0.0,0.0,0.0,5602.0
31,classifier__majority,level,classifier,majority,test,200,none,8,0.0,0.0,0.0,0.0,0.0,0.0,0.0,0.0,2148.0
31,classifier__majority,level,classifier,majority,test,200,none,9,0.0,0.0,0.0,0.0,0.0,0.0,0.0,0.0,1561.0
31,classifier__majority,level,classifier,majority,test,200,none,10,0.0,0.0,0.0,0.0,0.0,0.0,0.0,0.0,1680.0
31,classifier__majority,level,classifier,majority,test,200,none,11,0.0,0.0,0.0,0.0,0.0,0.0,0.0,0.0,800.0
31,classifier__majority,level,classifier,majority,test,200,none,12,0.0,0.0,0.0,0.0,0.0,0.0,0.0,0.0,338.0
31,classifier__majority,level,classifier,majority,test,200,none,13,0.0,0.0,0.0,0.0,0.0,0.0,0.0,0.0,416.0
31,classifier__majority,level,classifier,majority,test,200,none,14,0.0,0.0,0.0,0.0,0.0,0.0,0.0,0.0,107.0
31,classifier__majority,level,classifier,majority,test,200,none,15,0.0,0.0,0.0,0.0,0.0,0.0,0.0,0.0,54.0
32,regressor__median,level,regressor,median,validation,200,none,1,0.0,0.0,0.0,0.0,0.0,0.0,0.0,0.0,14555.0
32,regressor__median,level,regressor,median,validation,200,none,2,0.0,0.0,0.0,0.0,0.0,0.0,0.0,0.0,8691.0
32,regressor__median,level,regressor,median,validation,200,none,3,0.0,0.0,0.0,0.0,0.0,0.0,0.0,0.0,5579.0
32,regressor__median,level,regressor,median,validation,200,none,4,1.0,0.0,0.17413249211356466,0.002707578185410346,1.0,0.0,0.29661472326706073,0.003927758071600633,10488.0
32,regressor__median,level,regressor,median,validation,200,none,5,0.0,0.0,0.0,0.0,0.0,0.0,0.0,0.0,5417.0
32,regressor__median,level,regressor,median,validation,200,none,6,0.0,0.0,0.0,0.0,0.0,0.0,0.0,0.0,3048.0
32,regressor__median,level,regressor,median,validation,200,none,7,0.0,0.0,0.0,0.0,0.0,0.0,0.0,0.0,5709.0
32,regressor__median,level,regressor,median,validation,200,none,8,0.0,0.0,0.0,0.0,0.0,0.0,0.0,0.0,2154.0
32,regressor__median,level,regressor,median,validation,200,none,9,0.0,0.0,0.0,0.0,0.0,0.0,0.0,0.0,1280.0
32,regressor__median,level,regressor,median,validation,200,none,10,0.0,0.0,0.0,0.0,0.0,0.0,0.0,0.0,1468.0
32,regressor__median,level,regressor,median,validation,200,none,11,0.0,0.0,0.0,0.0,0.0,0.0,0.0,0.0,699.0
32,regressor__median,level,regressor,median,validation,200,none,12,0.0,0.0,0.0,0.0,0.0,0.0,0.0,0.0,379.0
32,regressor__median,level,regressor,median,validation,200,none,13,0.0,0.0,0.0,0.0,0.0,0.0,0.0,0.0,495.0
32,regressor__median,level,regressor,median,validation,200,none,14,0.0,0.0,0.0,0.0,0.0,0.0,0.0,0.0,186.0
32,regressor__median,level,regressor,median,validation,200,none,15,0.0,0.0,0.0,0.0,0.0,0.0,0.0,0.0,82.0
32,regressor__median,level,regressor,median,test,200,none,1,0.0,0.0,0.0,0.0,0.0,0.0,0.0,0.0,14613.0
32,regressor__median,level,regressor,median,test,200,none,2,0.0,0.0,0.0,0.0,0.0,0.0,0.0,0.0,8492.0
32,regressor__median,level,regressor,median,test,200,none,3,0.0,0.0,0.0,0.0,0.0,0.0,0.0,0.0,5753.0
32,regressor__median,level,regressor,median,test,200,none,4,1.0,0.0,0.17483628028814668,0.0026366815364051474,1.0,0.0,0.29763513984308587,0.0038199005655491255,10679.0
32,regressor__median,level,regressor,median,test,200,none,5,0.0,0.0,0.0,0.0,0.0,0.0,0.0,0.0,5586.0
32,regressor__median,level,regressor,median,test,200,none,6,0.0,0.0,0.0,0.0,0.0,0.0,0.0,0.0,3251.0
32,regressor__median,level,regressor,median,test,200,none,7,0.0,0.0,0.0,0.0,0.0,0.0,0.0,0.0,5602.0
32,regressor__median,level,regressor,median,test,200,none,8,0.0,0.0,0.0,0.0,0.0,0.0,0.0,0.0,2148.0
32,regressor__median,level,regressor,median,test,200,none,9,0.0,0.0,0.0,0.0,0.0,0.0,0.0,0.0,1561.0
32,regressor__median,level,regressor,median,test,200,none,10,0.0,0.0,0.0,0.0,0.0,0.0,0.0,0.0,1680.0
32,regressor__median,level,regressor,median,test,200,none,11,0.0,0.0,0.0,0.0,0.0,0.0,0.0,0.0,800.0
32,regressor__median,level,regressor,median,test,200,none,12,0.0,0.0,0.0,0.0,0.0,0.0,0.0,0.0,338.0
32,regressor__median,level,regressor,median,test,200,none,13,0.0,0.0,0.0,0.0,0.0,0.0,0.0,0.0,416.0
32,regressor__median,level,regressor,median,test,200,none,14,0.0,0.0,0.0,0.0,0.0,0.0,0.0,0.0,107.0
32,regressor__median,level,regressor,median,test,200,none,15,0.0,0.0,0.0,0.0,0.0,0.0,0.0,0.0,54.0
