source,feature,is_text_length_feature,pearson_correlation_with_level,pearson_absolute_correlation,pearson_direction,pearson_strength,pearson_asymptotic_p_value,pearson_fdr_q_value,pearson_significant_after_fdr,spearman_correlation_with_level,spearman_absolute_correlation,spearman_direction,spearman_strength,spearman_asymptotic_p_value,spearman_fdr_q_value,spearman_significant_after_fdr
LCA,ndw,yes,0.8483029048625917,0.8483029048625917,positive,very strong,0.0,0.0,yes,0.8208912644443761,0.8208912644443761,positive,very strong,0.0,0.0,yes
LCA,wordtypes,yes,0.8483029048625917,0.8483029048625917,positive,very strong,0.0,0.0,yes,0.8208912644443701,0.8208912644443701,positive,very strong,0.0,0.0,yes
POLKE,word_count,yes,0.8399481206843576,0.8399481206843576,positive,very strong,0.0,0.0,yes,0.8149505270176309,0.8149505270176309,positive,very strong,0.0,0.0,yes
TAALES,Word Count,yes,0.8410285407885549,0.8410285407885549,positive,very strong,0.0,0.0,yes,0.8147831778702157,0.8147831778702157,positive,very strong,0.0,0.0,yes
LCA,wordtokens,yes,0.8362512541083601,0.8362512541083601,positive,very strong,0.0,0.0,yes,0.8079573781081653,0.8079573781081653,positive,very strong,0.0,0.0,yes
TAASSC,nwords,yes,0.8358644830882072,0.8358644830882072,positive,very strong,0.0,0.0,yes,0.8074610876812756,0.8074610876812756,positive,very strong,0.0,0.0,yes
L2SCA,W,yes,0.834091527610863,0.834091527610863,positive,very strong,0.0,0.0,yes,0.805274903485744,0.805274903485744,positive,very strong,0.0,0.0,yes
LCA,lextypes,yes,0.8186201194542299,0.8186201194542299,positive,very strong,0.0,0.0,yes,0.801853450723698,0.801853450723698,positive,very strong,0.0,0.0,yes
LCA,lextokens,yes,0.8179296825180921,0.8179296825180921,positive,very strong,0.0,0.0,yes,0.8002953425937865,0.8002953425937865,positive,very strong,0.0,0.0,yes
POLKE,unique_constructs,yes,0.8015329778157253,0.8015329778157253,positive,very strong,0.0,0.0,yes,0.7850352989438932,0.7850352989438932,positive,strong,0.0,0.0,yes
POLKE,total_annotations,yes,0.8003698157831693,0.8003698157831693,positive,very strong,0.0,0.0,yes,0.7829916830671132,0.7829916830671132,positive,strong,0.0,0.0,yes
TAASSC,mattr,yes,-0.6403587001010923,0.6403587001010923,negative,strong,0.0,0.0,yes,-0.7536380426019278,0.7536380426019278,negative,strong,0.0,0.0,yes
LCA,rttr,yes,0.7546674983052016,0.7546674983052016,positive,strong,0.0,0.0,yes,0.7297343544205165,0.7297343544205165,positive,strong,0.0,0.0,yes
LCA,cttr,yes,0.754624626643254,0.754624626643254,positive,strong,0.0,0.0,yes,0.7296712113445125,0.7296712113445125,positive,strong,0.0,0.0,yes
LCA,ndwerz,yes,0.6470442138038339,0.6470442138038339,positive,strong,0.0,0.0,yes,0.7193363772348379,0.7193363772348379,positive,strong,0.0,0.0,yes
LCA,ndwesz,yes,0.638610341672809,0.638610341672809,positive,strong,0.0,0.0,yes,0.7015015755912652,0.7015015755912652,positive,strong,0.0,0.0,yes
L2SCA,VP,yes,0.7250807010320447,0.7250807010320447,positive,strong,0.0,0.0,yes,0.7004974762371461,0.7004974762371461,positive,strong,0.0,0.0,yes
LCA,ndwz,yes,0.626985594575395,0.626985594575395,positive,strong,0.0,0.0,yes,0.6925254253065164,0.6925254253065164,positive,strong,0.0,0.0,yes
LCA,svv1,yes,0.7127958855220101,0.7127958855220101,positive,strong,0.0,0.0,yes,0.6855158011000165,0.6855158011000165,positive,strong,0.0,0.0,yes
LCA,cvv1,yes,0.6730542443932197,0.6730542443932197,positive,strong,0.0,0.0,yes,0.6854688653352703,0.6854688653352703,positive,strong,0.0,0.0,yes
TAASSC,mean_nominal_deps,yes,-0.5334629871250485,0.5334629871250485,negative,moderate,0.0,0.0,yes,-0.6798316556337805,0.6798316556337805,negative,strong,0.0,0.0,yes
L2SCA,CN,yes,0.7072948460826007,0.7072948460826007,positive,strong,0.0,0.0,yes,0.6329158359127517,0.6329158359127517,positive,strong,0.0,0.0,yes
L2SCA,C,yes,0.643176428191357,0.643176428191357,positive,strong,0.0,0.0,yes,0.6165506448631174,0.6165506448631174,positive,strong,0.0,0.0,yes
TAALES,MRC_Imageability_AW,no,-0.517196730555375,0.517196730555375,negative,moderate,0.0,0.0,yes,-0.5509780973372624,0.5509780973372624,negative,moderate,0.0,0.0,yes
L2SCA,DC,yes,0.5826135626602058,0.5826135626602058,positive,moderate,0.0,0.0,yes,0.5461547377187805,0.5461547377187805,positive,moderate,0.0,0.0,yes
TAALES_COVERAGE,TL_Freq_AW_Log,no,0.5049017360438374,0.5049017360438374,positive,moderate,0.0,0.0,yes,0.5441591372425634,0.5441591372425634,positive,moderate,0.0,0.0,yes
TAALES_COVERAGE,TL_Freq_AW,no,0.504901206312973,0.504901206312973,positive,moderate,0.0,0.0,yes,0.5441586281064366,0.5441586281064366,positive,moderate,0.0,0.0,yes
L2SCA,CT,yes,0.5869661572443047,0.5869661572443047,positive,moderate,0.0,0.0,yes,0.5424480765834885,0.5424480765834885,positive,moderate,0.0,0.0,yes
TAALES,MRC_Meaningfulness_AW,no,-0.5079549495672295,0.5079549495672295,negative,moderate,0.0,0.0,yes,-0.5383169284327189,0.5383169284327189,negative,moderate,0.0,0.0,yes
TAALES_COVERAGE,Kuperman_AoA_AW,no,0.4647556487496044,0.4647556487496044,positive,moderate,0.0,0.0,yes,0.5164080266812633,0.5164080266812633,positive,moderate,0.0,0.0,yes
TAALES,Kuperman_AoA_AW,no,0.5322857925088508,0.5322857925088508,positive,moderate,0.0,0.0,yes,0.5140320925509124,0.5140320925509124,positive,moderate,0.0,0.0,yes
TAALES,Kuperman_AoA_CW,no,0.5438178171893667,0.5438178171893667,positive,moderate,0.0,0.0,yes,0.5116553187062919,0.5116553187062919,positive,moderate,0.0,0.0,yes
L2SCA,T,yes,0.5118603357157634,0.5118603357157634,positive,moderate,0.0,0.0,yes,0.5097996096941555,0.5097996096941555,positive,moderate,0.0,0.0,yes
TAALES,COCA_Academic_Range_AW,no,0.4456969539605585,0.4456969539605585,positive,moderate,0.0,0.0,yes,0.49789197219572984,0.49789197219572984,positive,moderate,0.0,0.0,yes
TAALES_COVERAGE,cw_percentage,no,-0.4341666266206838,0.4341666266206838,negative,moderate,0.0,0.0,yes,-0.4899108279948573,0.4899108279948573,negative,moderate,0.0,0.0,yes
TAALES_COVERAGE,fw_percentage,no,0.43416662662067906,0.43416662662067906,positive,moderate,0.0,0.0,yes,0.48991082799485713,0.48991082799485713,positive,moderate,0.0,0.0,yes
TAALES_COVERAGE,Kuperman_AoA_CW,no,0.4463146804434134,0.4463146804434134,positive,moderate,0.0,0.0,yes,0.480576063819284,0.480576063819284,positive,moderate,0.0,0.0,yes
TAALES,COCA_academic_tri_prop_60k,no,0.4524017112548145,0.4524017112548145,positive,moderate,0.0,0.0,yes,0.4793557092808692,0.4793557092808692,positive,moderate,0.0,0.0,yes
TAALES_COVERAGE,TL_Freq_CW_Log,no,0.44244321208965925,0.44244321208965925,positive,moderate,0.0,0.0,yes,0.47862561325176006,0.47862561325176006,positive,moderate,0.0,0.0,yes
TAALES_COVERAGE,TL_Freq_CW,no,0.44244266976909125,0.44244266976909125,positive,moderate,0.0,0.0,yes,0.4786251602669545,0.4786251602669545,positive,moderate,0.0,0.0,yes
TAALES,COCA_academic_bi_prop_10k,no,0.4764316581617038,0.4764316581617038,positive,moderate,0.0,0.0,yes,0.4725231650147476,0.4725231650147476,positive,moderate,0.0,0.0,yes
TAALES_COVERAGE,Sem_D,no,0.4415718536536607,0.4415718536536607,positive,moderate,0.0,0.0,yes,0.4717446893261713,0.4717446893261713,positive,moderate,0.0,0.0,yes
TAALES,COCA_academic_tri_prop_40k,no,0.4388844251170704,0.4388844251170704,positive,moderate,0.0,0.0,yes,0.47051113194213345,0.47051113194213345,positive,moderate,0.0,0.0,yes
TAALES,COCA_academic_bi_prop_30k,no,0.4662902233478885,0.4662902233478885,positive,moderate,0.0,0.0,yes,0.4700503808265775,0.4700503808265775,positive,moderate,0.0,0.0,yes
TAALES,COCA_academic_tri_prop_50k,no,0.44093474302017943,0.44093474302017943,positive,moderate,0.0,0.0,yes,0.46695016846884563,0.46695016846884563,positive,moderate,0.0,0.0,yes
POLKE,polke_588_per_100_words,no,0.3489799455882015,0.3489799455882015,positive,weak,0.0,0.0,yes,0.46492404500230383,0.46492404500230383,positive,moderate,0.0,0.0,yes
TAALES,SUBTLEXus_Range_FW_Log,no,0.051995830587206915,0.051995830587206915,positive,very weak,3.6683809606087163e-241,5.40487400983157e-241,yes,-0.4646875489253069,0.4646875489253069,negative,moderate,0.0,0.0,yes
TAALES,poly_adv,no,0.316289555106473,0.316289555106473,positive,weak,0.0,0.0,yes,0.46461345997254605,0.46461345997254605,positive,moderate,0.0,0.0,yes
TAALES_COVERAGE,SUBTLEXus_Freq_AW,no,0.41668245036789336,0.41668245036789336,positive,moderate,0.0,0.0,yes,0.45978786979401215,0.45978786979401215,positive,moderate,0.0,0.0,yes
TAALES_COVERAGE,SUBTLEXus_Freq_AW_Log,no,0.41668245036789336,0.41668245036789336,positive,moderate,0.0,0.0,yes,0.45978786979401215,0.45978786979401215,positive,moderate,0.0,0.0,yes
TAALES_COVERAGE,SUBTLEXus_Range_AW,no,0.41668245036789336,0.41668245036789336,positive,moderate,0.0,0.0,yes,0.45978786979401215,0.45978786979401215,positive,moderate,0.0,0.0,yes
TAALES_COVERAGE,SUBTLEXus_Range_AW_Log,no,0.41668245036789336,0.41668245036789336,positive,moderate,0.0,0.0,yes,0.45978786979401215,0.45978786979401215,positive,moderate,0.0,0.0,yes
TAALES,SUBTLEXus_Range_FW,no,-0.01662716013806152,0.01662716013806152,negative,very weak,3.1013030788206253e-26,3.6157272468914837e-26,yes,-0.45791174418420133,0.45791174418420133,negative,moderate,0.0,0.0,yes
TAALES_COVERAGE,OLD,no,0.40917152572026577,0.40917152572026577,positive,moderate,0.0,0.0,yes,0.45335766446700865,0.45335766446700865,positive,moderate,0.0,0.0,yes
TAALES_COVERAGE,OLDF,no,0.40917152572026577,0.40917152572026577,positive,moderate,0.0,0.0,yes,0.4533576644670059,0.4533576644670059,positive,moderate,0.0,0.0,yes
TAALES_COVERAGE,PLD,no,0.40917152572026577,0.40917152572026577,positive,moderate,0.0,0.0,yes,0.4533576644670059,0.4533576644670059,positive,moderate,0.0,0.0,yes
TAALES_COVERAGE,PLDF,no,0.40917152572026577,0.40917152572026577,positive,moderate,0.0,0.0,yes,0.4533576644670059,0.4533576644670059,positive,moderate,0.0,0.0,yes
TAALES,COCA_academic_bi_prop_20k,no,0.45399050659377277,0.45399050659377277,positive,moderate,0.0,0.0,yes,0.45327412629863345,0.45327412629863345,positive,moderate,0.0,0.0,yes
TAALES,MRC_Concreteness_AW,no,-0.4424002920251624,0.4424002920251624,negative,moderate,0.0,0.0,yes,-0.4520441684661565,0.4520441684661565,negative,moderate,0.0,0.0,yes
TAASSC,det_dep,no,0.32829711461984123,0.32829711461984123,positive,weak,0.0,0.0,yes,0.44892856271463205,0.44892856271463205,positive,moderate,0.0,0.0,yes
TAALES,eat_types_FW,no,0.3598786426307278,0.3598786426307278,positive,weak,0.0,0.0,yes,0.4471231088506907,0.4471231088506907,positive,moderate,0.0,0.0,yes
TAALES,COCA_academic_bi_prop_40k,no,0.4455369253175021,0.4455369253175021,positive,moderate,0.0,0.0,yes,0.4470702315676314,0.4470702315676314,positive,moderate,0.0,0.0,yes
POLKE,polke_586_per_100_words,no,0.34969658744639504,0.34969658744639504,positive,weak,0.0,0.0,yes,0.4455674576448572,0.4455674576448572,positive,moderate,0.0,0.0,yes
TAALES,COCA_academic_tri_prop_30k,no,0.41227954502695374,0.41227954502695374,positive,moderate,0.0,0.0,yes,0.4448816416362444,0.4448816416362444,positive,moderate,0.0,0.0,yes
TAALES,COCA_Academic_Frequency_Log_AW,no,0.40649345621779787,0.40649345621779787,positive,moderate,0.0,0.0,yes,0.4424986874684651,0.4424986874684651,positive,moderate,0.0,0.0,yes
TAALES,COCA_Academic_Range_Log_AW,no,0.4156623080157905,0.4156623080157905,positive,moderate,0.0,0.0,yes,0.4382912345988291,0.4382912345988291,positive,moderate,0.0,0.0,yes
TAALES_COVERAGE,Brown_Freq_AW_Log,no,0.35927017280191753,0.35927017280191753,positive,weak,0.0,0.0,yes,0.43625904406282157,0.43625904406282157,positive,moderate,0.0,0.0,yes
TAALES_COVERAGE,Brown_Freq_AW,no,0.35926764655565085,0.35926764655565085,positive,weak,0.0,0.0,yes,0.4362568916417142,0.4362568916417142,positive,moderate,0.0,0.0,yes
TAALES,BNC_Written_Range_AW,no,0.3915027780030494,0.3915027780030494,positive,weak,0.0,0.0,yes,0.434429391015229,0.434429391015229,positive,moderate,0.0,0.0,yes
TAALES,COCA_academic_tri_prop_70k,no,0.4216107969117034,0.4216107969117034,positive,moderate,0.0,0.0,yes,0.4343592458648274,0.4343592458648274,positive,moderate,0.0,0.0,yes
POLKE,polke_460_per_100_words,no,0.36755072403559264,0.36755072403559264,positive,weak,0.0,0.0,yes,0.43327550000118337,0.43327550000118337,positive,moderate,0.0,0.0,yes
TAALES,COCA_Academic_Trigram_Range,no,0.11011717394622485,0.11011717394622485,positive,very weak,0.0,0.0,yes,0.4328254185232001,0.4328254185232001,positive,moderate,0.0,0.0,yes
TAALES,COCA_academic_tri_prop_80k,no,0.4246660756458832,0.4246660756458832,positive,moderate,0.0,0.0,yes,0.4325177443409733,0.4325177443409733,positive,moderate,0.0,0.0,yes
TAALES,COCA_Academic_Trigram_Frequency,no,0.1068545446991147,0.1068545446991147,positive,very weak,0.0,0.0,yes,0.4320261812323644,0.4320261812323644,positive,moderate,0.0,0.0,yes
TAALES,hyper_verb_Sav_P1,no,0.310367247160235,0.310367247160235,positive,weak,0.0,0.0,yes,0.4309245129547027,0.4309245129547027,positive,moderate,0.0,0.0,yes
TAALES,hyper_verb_Sav_Pav,no,0.3087160957388168,0.3087160957388168,positive,weak,0.0,0.0,yes,0.4288301231523107,0.4288301231523107,positive,moderate,0.0,0.0,yes
TAALES,COCA_news_tri_prop_10k,no,0.3547232175826559,0.3547232175826559,positive,weak,0.0,0.0,yes,0.42845411093203645,0.42845411093203645,positive,moderate,0.0,0.0,yes
TAALES,All_AWL_Normed,no,0.3903633898439167,0.3903633898439167,positive,weak,0.0,0.0,yes,0.42788171489335847,0.42788171489335847,positive,moderate,0.0,0.0,yes
TAALES_COVERAGE,Sem_D_CW,no,0.39929897978699724,0.39929897978699724,positive,weak,0.0,0.0,yes,0.426873924046324,0.426873924046324,positive,moderate,0.0,0.0,yes
LCA,slextokens,yes,0.47105478524096195,0.47105478524096195,positive,moderate,0.0,0.0,yes,0.4265631880590242,0.4265631880590242,positive,moderate,0.0,0.0,yes
TAALES,Sem_D,no,0.40713884362894465,0.40713884362894465,positive,moderate,0.0,0.0,yes,0.42649866712718615,0.42649866712718615,positive,moderate,0.0,0.0,yes
TAALES,Brysbaert_Concreteness_Combined_AW,no,-0.4271496065854273,0.4271496065854273,negative,moderate,0.0,0.0,yes,-0.4264768960386493,0.4264768960386493,negative,moderate,0.0,0.0,yes
TAALES,KF_Nsamp_AW,no,0.3696135309078654,0.3696135309078654,positive,weak,0.0,0.0,yes,0.4257509042405254,0.4257509042405254,positive,moderate,0.0,0.0,yes
L2SCA,DC/C,no,0.36778973931180425,0.36778973931180425,positive,weak,0.0,0.0,yes,0.4246753809300583,0.4246753809300583,positive,moderate,0.0,0.0,yes
TAALES,COCA_academic_tri_prop_20k,no,0.38888354865752406,0.38888354865752406,positive,weak,0.0,0.0,yes,0.42422084930128545,0.42422084930128545,positive,moderate,0.0,0.0,yes
TAALES_COVERAGE,SUBTLEXus_Freq_CW,no,0.3969917581269956,0.3969917581269956,positive,weak,0.0,0.0,yes,0.42323306932218835,0.42323306932218835,positive,moderate,0.0,0.0,yes
TAALES_COVERAGE,SUBTLEXus_Freq_CW_Log,no,0.3969917581269956,0.3969917581269956,positive,weak,0.0,0.0,yes,0.42323306932218835,0.42323306932218835,positive,moderate,0.0,0.0,yes
TAALES_COVERAGE,SUBTLEXus_Range_CW,no,0.3969917581269956,0.3969917581269956,positive,weak,0.0,0.0,yes,0.42323306932218835,0.42323306932218835,positive,moderate,0.0,0.0,yes
TAALES_COVERAGE,SUBTLEXus_Range_CW_Log,no,0.3969917581269956,0.3969917581269956,positive,weak,0.0,0.0,yes,0.42323306932218835,0.42323306932218835,positive,moderate,0.0,0.0,yes
TAALES,COCA_academic_tri_prop_90k,no,0.4188089572777465,0.4188089572777465,positive,moderate,0.0,0.0,yes,0.42231909899435083,0.42231909899435083,positive,moderate,0.0,0.0,yes
TAALES,COCA_magazine_Range_AW,no,0.3543342518548709,0.3543342518548709,positive,weak,0.0,0.0,yes,0.4218142992568905,0.4218142992568905,positive,moderate,0.0,0.0,yes
TAALES,BNC_Written_Freq_AW,no,0.3182471403206554,0.3182471403206554,positive,weak,0.0,0.0,yes,0.4214159256486554,0.4214159256486554,positive,moderate,0.0,0.0,yes
LCA,slextypes,yes,0.46865774076156624,0.46865774076156624,positive,moderate,0.0,0.0,yes,0.42098648972903363,0.42098648972903363,positive,moderate,0.0,0.0,yes
LCA,advv,no,0.30166137177047797,0.30166137177047797,positive,weak,0.0,0.0,yes,0.4205213290178515,0.4205213290178515,positive,moderate,0.0,0.0,yes
LCA,ttr,yes,-0.3840847048681155,0.3840847048681155,negative,weak,0.0,0.0,yes,-0.4177217915888461,0.4177217915888461,negative,moderate,0.0,0.0,yes
TAALES,COCA_academic_tri_2_AC,no,0.12333693948096654,0.12333693948096654,positive,very weak,0.0,0.0,yes,0.41660734075936956,0.41660734075936956,positive,moderate,0.0,0.0,yes
TAALES,COCA_academic_tri_AC,no,0.09950062245804801,0.09950062245804801,positive,very weak,0.0,0.0,yes,0.4146922534126981,0.4146922534126981,positive,moderate,0.0,0.0,yes
POLKE,polke_187_per_100_words,no,0.3083350170290227,0.3083350170290227,positive,weak,0.0,0.0,yes,0.41398119158939756,0.41398119158939756,positive,moderate,0.0,0.0,yes
TAASSC,nominalization,no,0.3307116475403669,0.3307116475403669,positive,weak,0.0,0.0,yes,0.41294650206731104,0.41294650206731104,positive,moderate,0.0,0.0,yes
TAALES,COCA_academic_bi_prop_100k,no,0.40365406369298157,0.40365406369298157,positive,moderate,0.0,0.0,yes,0.41269206753469606,0.41269206753469606,positive,moderate,0.0,0.0,yes
L2SCA,S,yes,0.4268027154667054,0.4268027154667054,positive,moderate,0.0,0.0,yes,0.41172709035166816,0.41172709035166816,positive,moderate,0.0,0.0,yes
TAALES_COVERAGE,OLD_CW,no,0.38453517823584055,0.38453517823584055,positive,weak,0.0,0.0,yes,0.41169232268259187,0.41169232268259187,positive,moderate,0.0,0.0,yes
TAALES_COVERAGE,OLDF_CW,no,0.38453517823584055,0.38453517823584055,positive,weak,0.0,0.0,yes,0.4116923226825888,0.4116923226825888,positive,moderate,0.0,0.0,yes
TAALES_COVERAGE,PLDF_CW,no,0.38453517823584055,0.38453517823584055,positive,weak,0.0,0.0,yes,0.4116923226825888,0.4116923226825888,positive,moderate,0.0,0.0,yes
TAALES_COVERAGE,PLD_CW,no,0.38453517823584055,0.38453517823584055,positive,weak,0.0,0.0,yes,0.4116923226825888,0.4116923226825888,positive,moderate,0.0,0.0,yes
L2SCA,DC/T,no,0.1617579669775967,0.1617579669775967,positive,very weak,0.0,0.0,yes,0.40969007542529606,0.40969007542529606,positive,moderate,0.0,0.0,yes
LCA,swordtokens,yes,0.4598966755751633,0.4598966755751633,positive,moderate,0.0,0.0,yes,0.40948826940293376,0.40948826940293376,positive,moderate,0.0,0.0,yes
TAALES_COVERAGE,McD_CD,no,0.36968402747536294,0.36968402747536294,positive,weak,0.0,0.0,yes,0.40892194824813194,0.40892194824813194,positive,moderate,0.0,0.0,yes
TAASSC,finite_dep_clause,no,0.307443831901594,0.307443831901594,positive,weak,0.0,0.0,yes,0.4088627058239726,0.4088627058239726,positive,moderate,0.0,0.0,yes
TAALES,PLD_FW,no,0.2843419261430058,0.2843419261430058,positive,weak,0.0,0.0,yes,0.408491185753559,0.408491185753559,positive,moderate,0.0,0.0,yes
TAALES,COCA_academic_bi_prop_90k,no,0.39999907431331616,0.39999907431331616,positive,weak,0.0,0.0,yes,0.40816236775516923,0.40816236775516923,positive,moderate,0.0,0.0,yes
TAALES_COVERAGE,COCA_Academic_Bigram_Frequency,no,0.39353147714356657,0.39353147714356657,positive,weak,0.0,0.0,yes,0.4079731110350599,0.4079731110350599,positive,moderate,0.0,0.0,yes
TAALES_COVERAGE,COCA_Academic_Bigram_Frequency_Log,no,0.39353147714356657,0.39353147714356657,positive,weak,0.0,0.0,yes,0.4079731110350599,0.4079731110350599,positive,moderate,0.0,0.0,yes
TAALES_COVERAGE,COCA_Academic_Bigram_Range,no,0.39353147714356657,0.39353147714356657,positive,weak,0.0,0.0,yes,0.4079731110350599,0.4079731110350599,positive,moderate,0.0,0.0,yes
TAALES_COVERAGE,COCA_Academic_Bigram_Range_Log,no,0.39353147714356657,0.39353147714356657,positive,weak,0.0,0.0,yes,0.4079731110350599,0.4079731110350599,positive,moderate,0.0,0.0,yes
TAALES_COVERAGE,COCA_academic_bi_MI,no,0.39353147714356657,0.39353147714356657,positive,weak,0.0,0.0,yes,0.4079731110350599,0.4079731110350599,positive,moderate,0.0,0.0,yes
TAALES_COVERAGE,COCA_academic_bi_MI2,no,0.39353147714356657,0.39353147714356657,positive,weak,0.0,0.0,yes,0.4079731110350599,0.4079731110350599,positive,moderate,0.0,0.0,yes
TAALES_COVERAGE,COCA_academic_bi_AC,no,0.39353147714356657,0.39353147714356657,positive,weak,0.0,0.0,yes,0.40797311103505984,0.40797311103505984,positive,moderate,0.0,0.0,yes
TAALES_COVERAGE,COCA_academic_bi_DP,no,0.39353147714356657,0.39353147714356657,positive,weak,0.0,0.0,yes,0.40797311103505984,0.40797311103505984,positive,moderate,0.0,0.0,yes
TAALES_COVERAGE,COCA_academic_bi_T,no,0.39353147714356657,0.39353147714356657,positive,weak,0.0,0.0,yes,0.40797311103505984,0.40797311103505984,positive,moderate,0.0,0.0,yes
TAALES,OLDF_CW,no,-0.3828583375108778,0.3828583375108778,negative,weak,0.0,0.0,yes,-0.4079566450572305,0.4079566450572305,negative,moderate,0.0,0.0,yes
POLKE,polke_290_per_100_words,no,0.21994331804774028,0.21994331804774028,positive,weak,0.0,0.0,yes,0.4064850200672839,0.4064850200672839,positive,moderate,0.0,0.0,yes
TAALES,BNC_Written_Freq_AW_Log,no,0.3525645942854798,0.3525645942854798,positive,weak,0.0,0.0,yes,0.40444565617980754,0.40444565617980754,positive,moderate,0.0,0.0,yes
TAALES,COCA_spoken_Range_Log_FW,no,-0.18640417442410334,0.18640417442410334,negative,very weak,0.0,0.0,yes,-0.4027361878796874,0.4027361878796874,negative,moderate,0.0,0.0,yes
TAALES,COCA_news_Range_AW,no,0.34083452795151786,0.34083452795151786,positive,weak,0.0,0.0,yes,0.40200425321598066,0.40200425321598066,positive,moderate,0.0,0.0,yes
TAALES,MRC_Familiarity_FW,no,0.014461259141679493,0.014461259141679493,positive,very weak,3.090931339022906e-20,3.5481574607926933e-20,yes,-0.4010478653377866,0.4010478653377866,negative,moderate,0.0,0.0,yes
POLKE,polke_271_per_100_words,no,0.32141690758684927,0.32141690758684927,positive,weak,0.0,0.0,yes,0.400521355404855,0.400521355404855,positive,moderate,0.0,0.0,yes
TAALES,KF_Freq_AW,no,0.3004427762024744,0.3004427762024744,positive,weak,0.0,0.0,yes,0.4003724570679707,0.4003724570679707,positive,moderate,0.0,0.0,yes
TAALES,COCA_Academic_Frequency_AW,no,0.3039835871228966,0.3039835871228966,positive,weak,0.0,0.0,yes,0.4001633749187499,0.4001633749187499,positive,moderate,0.0,0.0,yes
LCA,swordtypes,yes,0.45512784578621124,0.45512784578621124,positive,moderate,0.0,0.0,yes,0.3996805666631725,0.3996805666631725,positive,weak,0.0,0.0,yes
TAALES,COCA_news_Frequency_AW,no,0.30178090150211556,0.30178090150211556,positive,weak,0.0,0.0,yes,0.39935224680073844,0.39935224680073844,positive,weak,0.0,0.0,yes
TAALES,WN_Mean_RT_CW,no,0.414931214532332,0.414931214532332,positive,moderate,0.0,0.0,yes,0.3988860967201999,0.3988860967201999,positive,weak,0.0,0.0,yes
TAALES,COCA_academic_tri_prop_10k,no,0.3511279690764661,0.3511279690764661,positive,weak,0.0,0.0,yes,0.39853667179503655,0.39853667179503655,positive,weak,0.0,0.0,yes
TAALES,COCA_magazine_Frequency_AW,no,0.3016511677668542,0.3016511677668542,positive,weak,0.0,0.0,yes,0.3969159461844493,0.3969159461844493,positive,weak,0.0,0.0,yes
TAALES,COCA_academic_bi_prop_80k,no,0.39021281457283574,0.39021281457283574,positive,weak,0.0,0.0,yes,0.3941615957032831,0.3941615957032831,positive,weak,0.0,0.0,yes
TAALES,COCA_magazine_Range_Log_AW,no,0.3419568868741613,0.3419568868741613,positive,weak,0.0,0.0,yes,0.3934486764631058,0.3934486764631058,positive,weak,0.0,0.0,yes
TAASSC,past_tense,no,0.2142776312382737,0.2142776312382737,positive,weak,0.0,0.0,yes,0.39305985201284976,0.39305985201284976,positive,weak,0.0,0.0,yes
TAALES,COCA_news_Range_Log_AW,no,0.3421257590825154,0.3421257590825154,positive,weak,0.0,0.0,yes,0.39248940700953755,0.39248940700953755,positive,weak,0.0,0.0,yes
TAALES,MRC_Familiarity_CW,no,-0.38697217379612775,0.38697217379612775,negative,weak,0.0,0.0,yes,-0.392321204141151,0.392321204141151,negative,weak,0.0,0.0,yes
L2SCA,CT/T,no,0.27150232203278846,0.27150232203278846,positive,weak,0.0,0.0,yes,0.3915926237086925,0.3915926237086925,positive,weak,0.0,0.0,yes
TAALES,COCA_news_Frequency_Log_AW,no,0.3331136156826808,0.3331136156826808,positive,weak,0.0,0.0,yes,0.3914799124439828,0.3914799124439828,positive,weak,0.0,0.0,yes
TAASSC,mlc,yes,-0.36112099129746017,0.36112099129746017,negative,weak,0.0,0.0,yes,-0.3903202769284772,0.3903202769284772,negative,weak,0.0,0.0,yes
POLKE,polke_63_per_100_words,no,0.25473968333896124,0.25473968333896124,positive,weak,0.0,0.0,yes,0.3887201272558819,0.3887201272558819,positive,weak,0.0,0.0,yes
TAALES,COCA_academic_bi_prop_50k,no,0.3916995210608863,0.3916995210608863,positive,weak,0.0,0.0,yes,0.3883783920704476,0.3883783920704476,positive,weak,0.0,0.0,yes
TAALES,COCA_News_Trigram_Range,no,0.14110050095430876,0.14110050095430876,positive,very weak,0.0,0.0,yes,0.3878061531693083,0.3878061531693083,positive,weak,0.0,0.0,yes
TAASSC,relcl_dep,no,0.2718687111859803,0.2718687111859803,positive,weak,0.0,0.0,yes,0.38732336741033857,0.38732336741033857,positive,weak,0.0,0.0,yes
TAALES,COCA_News_Trigram_Frequency,no,0.13824663557494288,0.13824663557494288,positive,very weak,0.0,0.0,yes,0.3871024016321228,0.3871024016321228,positive,weak,0.0,0.0,yes
TAALES_COVERAGE,COCA_magazine_bi_AC,no,0.3405932807664073,0.3405932807664073,positive,weak,0.0,0.0,yes,0.3870100282851586,0.3870100282851586,positive,weak,0.0,0.0,yes
TAALES_COVERAGE,COCA_magazine_bi_DP,no,0.3405932807664073,0.3405932807664073,positive,weak,0.0,0.0,yes,0.3870100282851586,0.3870100282851586,positive,weak,0.0,0.0,yes
TAALES_COVERAGE,COCA_magazine_bi_MI,no,0.3405932807664073,0.3405932807664073,positive,weak,0.0,0.0,yes,0.3870100282851586,0.3870100282851586,positive,weak,0.0,0.0,yes
TAALES_COVERAGE,COCA_magazine_bi_MI2,no,0.3405932807664073,0.3405932807664073,positive,weak,0.0,0.0,yes,0.3870100282851586,0.3870100282851586,positive,weak,0.0,0.0,yes
TAALES_COVERAGE,COCA_magazine_bi_T,no,0.3405932807664073,0.3405932807664073,positive,weak,0.0,0.0,yes,0.3870100282851586,0.3870100282851586,positive,weak,0.0,0.0,yes
TAALES_COVERAGE,COCA_Magazine_Bigram_Frequency,no,0.3405932807664073,0.3405932807664073,positive,weak,0.0,0.0,yes,0.3870100282851562,0.3870100282851562,positive,weak,0.0,0.0,yes
TAALES_COVERAGE,COCA_Magazine_Bigram_Frequency_Log,no,0.3405932807664073,0.3405932807664073,positive,weak,0.0,0.0,yes,0.3870100282851562,0.3870100282851562,positive,weak,0.0,0.0,yes
TAALES_COVERAGE,COCA_Magazine_Bigram_Range,no,0.3405932807664073,0.3405932807664073,positive,weak,0.0,0.0,yes,0.3870100282851562,0.3870100282851562,positive,weak,0.0,0.0,yes
TAALES_COVERAGE,COCA_Magazine_Bigram_Range_Log,no,0.3405932807664073,0.3405932807664073,positive,weak,0.0,0.0,yes,0.3870100282851562,0.3870100282851562,positive,weak,0.0,0.0,yes
TAALES,COCA_news_bi_prop_10k,no,0.3546874318075211,0.3546874318075211,positive,weak,0.0,0.0,yes,0.38546028408437594,0.38546028408437594,positive,weak,0.0,0.0,yes
TAALES,COCA_academic_bi_prop_70k,no,0.3828691835563068,0.3828691835563068,positive,weak,0.0,0.0,yes,0.3843141184423405,0.3843141184423405,positive,weak,0.0,0.0,yes
TAASSC,vp_deps,no,0.3120033422495024,0.3120033422495024,positive,weak,0.0,0.0,yes,0.3838865535347984,0.3838865535347984,positive,weak,0.0,0.0,yes
L2SCA,MLT,no,0.17849060085107596,0.17849060085107596,positive,very weak,0.0,0.0,yes,0.3838494249514049,0.3838494249514049,positive,weak,0.0,0.0,yes
TAALES,COCA_news_tri_prop_20k,no,0.34059310515720914,0.34059310515720914,positive,weak,0.0,0.0,yes,0.3838344464002846,0.3838344464002846,positive,weak,0.0,0.0,yes
TAALES,COCA_magazine_Frequency_Log_AW,no,0.32480855561368016,0.32480855561368016,positive,weak,0.0,0.0,yes,0.3821733533138705,0.3821733533138705,positive,weak,0.0,0.0,yes
TAALES,BNC_Written_Trigram_Freq_Normed,no,0.1036338484440837,0.1036338484440837,positive,very weak,0.0,0.0,yes,0.3819739944663824,0.3819739944663824,positive,weak,0.0,0.0,yes
TAASSC,relcl_nominal,no,0.05920741047153351,0.05920741047153351,positive,very weak,3.18109097968e-312,4.87975941874e-312,yes,0.38156893444790924,0.38156893444790924,positive,weak,0.0,0.0,yes
TAALES,COCA_magazine_bi_prop_100k,no,0.33674413312997525,0.33674413312997525,positive,weak,0.0,0.0,yes,0.38089026337221604,0.38089026337221604,positive,weak,0.0,0.0,yes
TAALES,COCA_spoken_Frequency_AW,no,0.2991935861738924,0.2991935861738924,positive,weak,0.0,0.0,yes,0.3808262600929439,0.3808262600929439,positive,weak,0.0,0.0,yes
TAALES,AWL_Sublist_1_Normed,no,0.2909339538873118,0.2909339538873118,positive,weak,0.0,0.0,yes,0.3793080908593618,0.3793080908593618,positive,weak,0.0,0.0,yes
TAALES,BG_Mean_CW,no,0.34949378097360206,0.34949378097360206,positive,weak,0.0,0.0,yes,0.3778065440950751,0.3778065440950751,positive,weak,0.0,0.0,yes
L2SCA,VP/T,no,0.17690302514412334,0.17690302514412334,positive,very weak,0.0,0.0,yes,0.3767482291344133,0.3767482291344133,positive,weak,0.0,0.0,yes
TAALES,COCA_news_tri_AC,no,0.13010531538267014,0.13010531538267014,positive,very weak,0.0,0.0,yes,0.37659161358415427,0.37659161358415427,positive,weak,0.0,0.0,yes
TAASSC,poss_nominal,no,-0.40988965388353465,0.40988965388353465,negative,moderate,0.0,0.0,yes,-0.37637797269414375,0.37637797269414375,negative,weak,0.0,0.0,yes
LCA,ls1,no,-0.35648943674321576,0.35648943674321576,negative,weak,0.0,0.0,yes,-0.3763769502381384,0.3763769502381384,negative,weak,0.0,0.0,yes
TAALES_COVERAGE,COCA_magazine_Frequency_Log_AW,no,0.3641482498200176,0.3641482498200176,positive,weak,0.0,0.0,yes,0.37621498617823496,0.37621498617823496,positive,weak,0.0,0.0,yes
TAALES_COVERAGE,COCA_magazine_Range_Log_AW,no,0.3641482498200176,0.3641482498200176,positive,weak,0.0,0.0,yes,0.37621498617823496,0.37621498617823496,positive,weak,0.0,0.0,yes
TAALES_COVERAGE,COCA_magazine_Frequency_AW,no,0.3641482498200176,0.3641482498200176,positive,weak,0.0,0.0,yes,0.3762149861782337,0.3762149861782337,positive,weak,0.0,0.0,yes
TAALES_COVERAGE,COCA_magazine_Range_AW,no,0.3641482498200176,0.3641482498200176,positive,weak,0.0,0.0,yes,0.3762149861782337,0.3762149861782337,positive,weak,0.0,0.0,yes
TAALES,COCA_news_tri_2_AC,no,0.15085603671995926,0.15085603671995926,positive,very weak,0.0,0.0,yes,0.37577258221382615,0.37577258221382615,positive,weak,0.0,0.0,yes
TAALES,COCA_magazine_bi_prop_90k,no,0.33255720926131666,0.33255720926131666,positive,weak,0.0,0.0,yes,0.3755302226764486,0.3755302226764486,positive,weak,0.0,0.0,yes
TAALES_COVERAGE,KF_Freq_AW,no,0.325998443196322,0.325998443196322,positive,weak,0.0,0.0,yes,0.3754300620508554,0.3754300620508554,positive,weak,0.0,0.0,yes
TAALES_COVERAGE,KF_Freq_AW_Log,no,0.325998443196322,0.325998443196322,positive,weak,0.0,0.0,yes,0.3754300620508554,0.3754300620508554,positive,weak,0.0,0.0,yes
TAALES_COVERAGE,KF_Ncats_AW,no,0.325998443196322,0.325998443196322,positive,weak,0.0,0.0,yes,0.3754300620508554,0.3754300620508554,positive,weak,0.0,0.0,yes
TAALES_COVERAGE,KF_Nsamp_AW,no,0.325998443196322,0.325998443196322,positive,weak,0.0,0.0,yes,0.3754300620508554,0.3754300620508554,positive,weak,0.0,0.0,yes
TAALES_COVERAGE,COCA_News_Bigram_Frequency,no,0.330992009505336,0.330992009505336,positive,weak,0.0,0.0,yes,0.3747952373161458,0.3747952373161458,positive,weak,0.0,0.0,yes
TAALES_COVERAGE,COCA_News_Bigram_Frequency_Log,no,0.330992009505336,0.330992009505336,positive,weak,0.0,0.0,yes,0.3747952373161458,0.3747952373161458,positive,weak,0.0,0.0,yes
TAALES_COVERAGE,COCA_News_Bigram_Range,no,0.330992009505336,0.330992009505336,positive,weak,0.0,0.0,yes,0.3747952373161458,0.3747952373161458,positive,weak,0.0,0.0,yes
TAALES_COVERAGE,COCA_News_Bigram_Range_Log,no,0.330992009505336,0.330992009505336,positive,weak,0.0,0.0,yes,0.37479523731614356,0.37479523731614356,positive,weak,0.0,0.0,yes
TAALES_COVERAGE,COCA_news_bi_AC,no,0.330992009505336,0.330992009505336,positive,weak,0.0,0.0,yes,0.37479523731614356,0.37479523731614356,positive,weak,0.0,0.0,yes
TAALES_COVERAGE,COCA_news_bi_DP,no,0.330992009505336,0.330992009505336,positive,weak,0.0,0.0,yes,0.37479523731614356,0.37479523731614356,positive,weak,0.0,0.0,yes
TAALES_COVERAGE,COCA_news_bi_MI,no,0.330992009505336,0.330992009505336,positive,weak,0.0,0.0,yes,0.37479523731614356,0.37479523731614356,positive,weak,0.0,0.0,yes
TAALES_COVERAGE,COCA_news_bi_MI2,no,0.330992009505336,0.330992009505336,positive,weak,0.0,0.0,yes,0.37479523731614356,0.37479523731614356,positive,weak,0.0,0.0,yes
TAALES_COVERAGE,COCA_news_bi_T,no,0.330992009505336,0.330992009505336,positive,weak,0.0,0.0,yes,0.37479523731614356,0.37479523731614356,positive,weak,0.0,0.0,yes
TAALES,COCA_academic_bi_prop_60k,no,0.3777338180332359,0.3777338180332359,positive,weak,0.0,0.0,yes,0.37414657759417214,0.37414657759417214,positive,weak,0.0,0.0,yes
POLKE,polke_636_per_100_words,no,0.20872321376083894,0.20872321376083894,positive,weak,0.0,0.0,yes,0.3740082032247805,0.3740082032247805,positive,weak,0.0,0.0,yes
TAALES,COCA_academic_tri_prop_100k,no,0.3847410209316045,0.3847410209316045,positive,weak,0.0,0.0,yes,0.373777756348863,0.373777756348863,positive,weak,0.0,0.0,yes
TAASSC,finite_relative_clause,no,0.2705067710012859,0.2705067710012859,positive,weak,0.0,0.0,yes,0.3730413959175054,0.3730413959175054,positive,weak,0.0,0.0,yes
TAALES,hyper_verb_noun_Sav_Pav,no,-0.35388060871955956,0.35388060871955956,negative,weak,0.0,0.0,yes,-0.37223365101771394,0.37223365101771394,negative,weak,0.0,0.0,yes
TAALES,BNC_Written_Bigram_Proportion,no,0.33891972257482733,0.33891972257482733,positive,weak,0.0,0.0,yes,0.37219984228939346,0.37219984228939346,positive,weak,0.0,0.0,yes
TAALES_COVERAGE,BNC_Written_Bigram_Freq_Normed,no,0.3389197225748455,0.3389197225748455,positive,weak,0.0,0.0,yes,0.37219984228939135,0.37219984228939135,positive,weak,0.0,0.0,yes
TAALES_COVERAGE,BNC_Written_Bigram_Freq_Normed_Log,no,0.3389197225748455,0.3389197225748455,positive,weak,0.0,0.0,yes,0.37219984228939135,0.37219984228939135,positive,weak,0.0,0.0,yes
POLKE,polke_613_per_100_words,no,0.19970072181659076,0.19970072181659076,positive,very weak,0.0,0.0,yes,0.3705124611288575,0.3705124611288575,positive,weak,0.0,0.0,yes
TAASSC,relcl_c,no,0.05462208771826983,0.05462208771826983,positive,very weak,5.7508875602505686e-266,8.576323622460631e-266,yes,0.3703387155131276,0.3703387155131276,positive,weak,0.0,0.0,yes
TAALES_COVERAGE,COCA_Academic_Frequency_Log_AW,no,0.35953524605328785,0.35953524605328785,positive,weak,0.0,0.0,yes,0.37004619765935853,0.37004619765935853,positive,weak,0.0,0.0,yes
TAALES_COVERAGE,COCA_Academic_Range_Log_AW,no,0.35953524605328785,0.35953524605328785,positive,weak,0.0,0.0,yes,0.37004619765935853,0.37004619765935853,positive,weak,0.0,0.0,yes
TAALES_COVERAGE,COCA_Academic_Frequency_AW,no,0.35953524605328785,0.35953524605328785,positive,weak,0.0,0.0,yes,0.37004619765935787,0.37004619765935787,positive,weak,0.0,0.0,yes
TAALES_COVERAGE,COCA_Academic_Range_AW,no,0.35953524605328785,0.35953524605328785,positive,weak,0.0,0.0,yes,0.37004619765935787,0.37004619765935787,positive,weak,0.0,0.0,yes
L2SCA,CP,yes,0.36147377953520743,0.36147377953520743,positive,weak,0.0,0.0,yes,0.3684702334711818,0.3684702334711818,positive,weak,0.0,0.0,yes
TAALES,COCA_magazine_bi_prop_80k,no,0.3272183305295926,0.3272183305295926,positive,weak,0.0,0.0,yes,0.3674617315135171,0.3674617315135171,positive,weak,0.0,0.0,yes
TAALES,hyper_verb_noun_Sav_P1,no,-0.3489610859170525,0.3489610859170525,negative,weak,0.0,0.0,yes,-0.36621341854693285,0.36621341854693285,negative,weak,0.0,0.0,yes
TAALES_COVERAGE,COCA_news_Frequency_AW,no,0.3561608695664954,0.3561608695664954,positive,weak,0.0,0.0,yes,0.3658205028931793,0.3658205028931793,positive,weak,0.0,0.0,yes
TAALES_COVERAGE,COCA_news_Frequency_Log_AW,no,0.3561608695664954,0.3561608695664954,positive,weak,0.0,0.0,yes,0.3658205028931793,0.3658205028931793,positive,weak,0.0,0.0,yes
TAALES_COVERAGE,COCA_news_Range_AW,no,0.3561608695664954,0.3561608695664954,positive,weak,0.0,0.0,yes,0.3658205028931793,0.3658205028931793,positive,weak,0.0,0.0,yes
TAALES_COVERAGE,COCA_news_Range_Log_AW,no,0.3561608695664954,0.3561608695664954,positive,weak,0.0,0.0,yes,0.3658205028931793,0.3658205028931793,positive,weak,0.0,0.0,yes
TAALES,COCA_spoken_Range_AW,no,0.31691974602943734,0.31691974602943734,positive,weak,0.0,0.0,yes,0.3655942079795002,0.3655942079795002,positive,weak,0.0,0.0,yes
TAALES_COVERAGE,Brown_Freq_CW_Log,no,0.3127205495903868,0.3127205495903868,positive,weak,0.0,0.0,yes,0.365157573451701,0.365157573451701,positive,weak,0.0,0.0,yes
TAALES_COVERAGE,Brown_Freq_CW,no,0.31271699973983896,0.31271699973983896,positive,weak,0.0,0.0,yes,0.3651549908340862,0.3651549908340862,positive,weak,0.0,0.0,yes
TAALES,COCA_fiction_Frequency_AW,no,0.27418906630608,0.27418906630608,positive,weak,0.0,0.0,yes,0.36456473016657026,0.36456473016657026,positive,weak,0.0,0.0,yes
TAASSC,nn_all,no,-0.295777744958167,0.295777744958167,negative,weak,0.0,0.0,yes,-0.3636140836823751,0.3636140836823751,negative,weak,0.0,0.0,yes
TAALES,COCA_news_bi_prop_100k,no,0.3239643592663568,0.3239643592663568,positive,weak,0.0,0.0,yes,0.36354010065121933,0.36354010065121933,positive,weak,0.0,0.0,yes
TAALES,BNC_Spoken_Range_FW,no,-0.007044470209593295,0.007044470209593295,negative,very weak,7.155661049587044e-06,7.771981443978329e-06,yes,-0.3635079919654729,0.3635079919654729,negative,weak,0.0,0.0,yes
TAALES,COCA_Magazine_Trigram_Frequency,no,0.13921304371286963,0.13921304371286963,positive,very weak,0.0,0.0,yes,0.3634593322794756,0.3634593322794756,positive,weak,0.0,0.0,yes
TAALES,COCA_Academic_Trigram_Frequency_Log,no,0.22903971256104355,0.22903971256104355,positive,weak,0.0,0.0,yes,0.36333024450110313,0.36333024450110313,positive,weak,0.0,0.0,yes
TAALES_COVERAGE,COCA_academic_tri_2_AC,no,0.37654331812578623,0.37654331812578623,positive,weak,0.0,0.0,yes,0.36200344713214744,0.36200344713214744,positive,weak,0.0,0.0,yes
TAALES_COVERAGE,COCA_academic_tri_2_DP,no,0.37654331812578623,0.37654331812578623,positive,weak,0.0,0.0,yes,0.36200344713214744,0.36200344713214744,positive,weak,0.0,0.0,yes
TAALES_COVERAGE,COCA_academic_tri_2_MI,no,0.37654331812578623,0.37654331812578623,positive,weak,0.0,0.0,yes,0.36200344713214744,0.36200344713214744,positive,weak,0.0,0.0,yes
TAALES_COVERAGE,COCA_academic_tri_2_MI2,no,0.37654331812578623,0.37654331812578623,positive,weak,0.0,0.0,yes,0.36200344713214744,0.36200344713214744,positive,weak,0.0,0.0,yes
TAALES_COVERAGE,COCA_academic_tri_2_T,no,0.37654331812578623,0.37654331812578623,positive,weak,0.0,0.0,yes,0.36200344713214744,0.36200344713214744,positive,weak,0.0,0.0,yes
TAALES,COCA_Magazine_Trigram_Range,no,0.13974985272932394,0.13974985272932394,positive,very weak,0.0,0.0,yes,0.3610413189875658,0.3610413189875658,positive,weak,0.0,0.0,yes
TAALES,COCA_news_bi_prop_90k,no,0.3224482880282149,0.3224482880282149,positive,weak,0.0,0.0,yes,0.3605510762255972,0.3605510762255972,positive,weak,0.0,0.0,yes
TAALES_COVERAGE,COCA_Academic_Trigram_Frequency,no,0.3740615022660115,0.3740615022660115,positive,weak,0.0,0.0,yes,0.3594523835933066,0.3594523835933066,positive,weak,0.0,0.0,yes
TAALES_COVERAGE,COCA_Academic_Trigram_Frequency_Log,no,0.3740615022660115,0.3740615022660115,positive,weak,0.0,0.0,yes,0.35945238359330317,0.35945238359330317,positive,weak,0.0,0.0,yes
TAALES_COVERAGE,COCA_Academic_Trigram_Range,no,0.3740615022660115,0.3740615022660115,positive,weak,0.0,0.0,yes,0.35945238359330317,0.35945238359330317,positive,weak,0.0,0.0,yes
TAALES_COVERAGE,COCA_Academic_Trigram_Range_Log,no,0.3740615022660115,0.3740615022660115,positive,weak,0.0,0.0,yes,0.35945238359330317,0.35945238359330317,positive,weak,0.0,0.0,yes
TAALES,COCA_academic_tri_T,no,0.138248491868119,0.138248491868119,positive,very weak,0.0,0.0,yes,0.35903789005821574,0.35903789005821574,positive,weak,0.0,0.0,yes
POLKE,polke_372_per_100_words,no,0.223097657038491,0.223097657038491,positive,weak,0.0,0.0,yes,0.3589467082382979,0.3589467082382979,positive,weak,0.0,0.0,yes
POLKE,polke_695_per_100_words,no,0.223097657038491,0.223097657038491,positive,weak,0.0,0.0,yes,0.35894670823829583,0.35894670823829583,positive,weak,0.0,0.0,yes
POLKE,polke_67_per_100_words,no,-0.35407751615448163,0.35407751615448163,negative,weak,0.0,0.0,yes,-0.35863726018284187,0.35863726018284187,negative,weak,0.0,0.0,yes
TAALES,COCA_magazine_bi_prop_70k,no,0.3195628509197323,0.3195628509197323,positive,weak,0.0,0.0,yes,0.3579225049638005,0.3579225049638005,positive,weak,0.0,0.0,yes
TAALES_COVERAGE,BNC_Written_Trigram_Freq_Normed,no,0.35075736843570593,0.35075736843570593,positive,weak,0.0,0.0,yes,0.3578202627322076,0.3578202627322076,positive,weak,0.0,0.0,yes
TAALES_COVERAGE,BNC_Written_Trigram_Freq_Normed_Log,no,0.35075736843570593,0.35075736843570593,positive,weak,0.0,0.0,yes,0.3578202627322076,0.3578202627322076,positive,weak,0.0,0.0,yes
TAALES,BNC_Written_Trigram_Proportion,no,0.35075736843568767,0.35075736843568767,positive,weak,0.0,0.0,yes,0.35782026273220485,0.35782026273220485,positive,weak,0.0,0.0,yes
TAALES,COCA_magazine_bi_prop_50k,no,0.3221423593346491,0.3221423593346491,positive,weak,0.0,0.0,yes,0.35773666461104714,0.35773666461104714,positive,weak,0.0,0.0,yes
TAALES_COVERAGE,COCA_academic_tri_AC,no,0.37158798162352363,0.37158798162352363,positive,weak,0.0,0.0,yes,0.35748254330203433,0.35748254330203433,positive,weak,0.0,0.0,yes
TAALES_COVERAGE,COCA_academic_tri_DP,no,0.37158798162352363,0.37158798162352363,positive,weak,0.0,0.0,yes,0.35748254330203433,0.35748254330203433,positive,weak,0.0,0.0,yes
TAALES_COVERAGE,COCA_academic_tri_MI,no,0.37158798162352363,0.37158798162352363,positive,weak,0.0,0.0,yes,0.35748254330203433,0.35748254330203433,positive,weak,0.0,0.0,yes
TAALES_COVERAGE,COCA_academic_tri_MI2,no,0.37158798162352363,0.37158798162352363,positive,weak,0.0,0.0,yes,0.35748254330203433,0.35748254330203433,positive,weak,0.0,0.0,yes
TAALES_COVERAGE,COCA_academic_tri_T,no,0.37158798162352363,0.37158798162352363,positive,weak,0.0,0.0,yes,0.35748254330203433,0.35748254330203433,positive,weak,0.0,0.0,yes
L2SCA,MLS,no,0.15517401834855535,0.15517401834855535,positive,very weak,0.0,0.0,yes,0.35617147325952786,0.35617147325952786,positive,weak,0.0,0.0,yes
TAALES,COCA_academic_tri_2_T,no,0.155479410966895,0.155479410966895,positive,very weak,0.0,0.0,yes,0.35510647192719463,0.35510647192719463,positive,weak,0.0,0.0,yes
TAALES,COCA_spoken_Range_FW,no,-0.08469148399349512,0.08469148399349512,negative,very weak,0.0,0.0,yes,-0.3540089390548998,0.3540089390548998,negative,weak,0.0,0.0,yes
TAALES_COVERAGE,McD_CD_CW,no,0.3274377985000591,0.3274377985000591,positive,weak,0.0,0.0,yes,0.3539912538227799,0.3539912538227799,positive,weak,0.0,0.0,yes
TAALES,COCA_magazine_tri_prop_20k,no,0.3227060054512323,0.3227060054512323,positive,weak,0.0,0.0,yes,0.35389041890184,0.35389041890184,positive,weak,0.0,0.0,yes
TAALES,PLDF_CW,no,-0.3379520916585172,0.3379520916585172,negative,weak,0.0,0.0,yes,-0.3537283431002419,0.3537283431002419,negative,weak,0.0,0.0,yes
TAALES_COVERAGE,MRC_Familiarity_AW,no,0.3049064370239014,0.3049064370239014,positive,weak,0.0,0.0,yes,0.3535635280236267,0.3535635280236267,positive,weak,0.0,0.0,yes
TAALES_COVERAGE,LD_Mean_RT_SD,no,0.3030703577123418,0.3030703577123418,positive,weak,0.0,0.0,yes,0.3534711755328535,0.3534711755328535,positive,weak,0.0,0.0,yes
TAALES_COVERAGE,WN_Mean_Accuracy,no,0.3029831926189049,0.3029831926189049,positive,weak,0.0,0.0,yes,0.3533744967257979,0.3533744967257979,positive,weak,0.0,0.0,yes
TAALES_COVERAGE,WN_Mean_RT,no,0.3029831926189049,0.3029831926189049,positive,weak,0.0,0.0,yes,0.3533744967257979,0.3533744967257979,positive,weak,0.0,0.0,yes
TAALES_COVERAGE,WN_Zscore,no,0.3029831926189049,0.3029831926189049,positive,weak,0.0,0.0,yes,0.3533744967257979,0.3533744967257979,positive,weak,0.0,0.0,yes
TAALES_COVERAGE,LD_Mean_RT,no,0.3029820342328908,0.3029820342328908,positive,weak,0.0,0.0,yes,0.35337441227752436,0.35337441227752436,positive,weak,0.0,0.0,yes
TAALES_COVERAGE,LD_Mean_RT_Zscore,no,0.3029820342328908,0.3029820342328908,positive,weak,0.0,0.0,yes,0.35337441227752436,0.35337441227752436,positive,weak,0.0,0.0,yes
TAALES_COVERAGE,WN_SD,no,0.3029831418853932,0.3029831418853932,positive,weak,0.0,0.0,yes,0.35337423386629546,0.35337423386629546,positive,weak,0.0,0.0,yes
TAALES,COCA_news_bi_prop_70k,no,0.3177805438578318,0.3177805438578318,positive,weak,0.0,0.0,yes,0.3529023246428124,0.3529023246428124,positive,weak,0.0,0.0,yes
TAALES,WN_Mean_RT,no,0.3499940442128245,0.3499940442128245,positive,weak,0.0,0.0,yes,0.3528767201362635,0.3528767201362635,positive,weak,0.0,0.0,yes
TAALES_COVERAGE,MRC_Imageability_AW,no,0.3045834891189428,0.3045834891189428,positive,weak,0.0,0.0,yes,0.352431215137128,0.352431215137128,positive,weak,0.0,0.0,yes
TAALES,COCA_magazine_tri_prop_10k,no,0.3132857104253199,0.3132857104253199,positive,weak,0.0,0.0,yes,0.3522718155501423,0.3522718155501423,positive,weak,0.0,0.0,yes
TAALES_COVERAGE,LD_Mean_Accuracy,no,0.30162077489394257,0.30162077489394257,positive,weak,0.0,0.0,yes,0.3520768074340938,0.3520768074340938,positive,weak,0.0,0.0,yes
TAALES,COCA_magazine_tri_AC,no,0.12983460278266137,0.12983460278266137,positive,very weak,0.0,0.0,yes,0.3520002530725546,0.3520002530725546,positive,weak,0.0,0.0,yes
TAALES,COCA_magazine_tri_2_AC,no,0.1532049938000625,0.1532049938000625,positive,very weak,0.0,0.0,yes,0.3519589620348462,0.3519589620348462,positive,weak,0.0,0.0,yes
TAALES_COVERAGE,poly_adv,no,0.3939491722811006,0.3939491722811006,positive,weak,0.0,0.0,yes,0.35195282882708545,0.35195282882708545,positive,weak,0.0,0.0,yes
TAALES,COCA_fiction_Range_Log_FW,no,-0.19414383123487347,0.19414383123487347,negative,very weak,0.0,0.0,yes,-0.35150784651844647,0.35150784651844647,negative,weak,0.0,0.0,yes
TAALES,COCA_magazine_bi_prop_60k,no,0.3148639601845657,0.3148639601845657,positive,weak,0.0,0.0,yes,0.351289253964755,0.351289253964755,positive,weak,0.0,0.0,yes
TAALES,COCA_magazine_bi_prop_40k,no,0.31877157715607946,0.31877157715607946,positive,weak,0.0,0.0,yes,0.35054170452789135,0.35054170452789135,positive,weak,0.0,0.0,yes
TAALES,Freq_HAL,no,0.2652079631974705,0.2652079631974705,positive,weak,0.0,0.0,yes,0.3500274727528923,0.3500274727528923,positive,weak,0.0,0.0,yes
TAALES,COCA_news_bi_prop_80k,no,0.31428734552966664,0.31428734552966664,positive,weak,0.0,0.0,yes,0.3497856234534724,0.3497856234534724,positive,weak,0.0,0.0,yes
TAALES,PLD,no,0.34873939433498935,0.34873939433498935,positive,weak,0.0,0.0,yes,0.34973503453286625,0.34973503453286625,positive,weak,0.0,0.0,yes
TAASSC,to_clause_noun,no,0.2677028706896351,0.2677028706896351,positive,weak,0.0,0.0,yes,0.34923556589599375,0.34923556589599375,positive,weak,0.0,0.0,yes
TAALES,COCA_news_bi_prop_60k,no,0.31399006582370736,0.31399006582370736,positive,weak,0.0,0.0,yes,0.34833814538133057,0.34833814538133057,positive,weak,0.0,0.0,yes
TAASSC,pp1,no,-0.35046769969598224,0.35046769969598224,negative,weak,0.0,0.0,yes,-0.3479256898580731,0.3479256898580731,negative,weak,0.0,0.0,yes
TAALES_COVERAGE,Freq_N_FW,no,-0.028890723684027092,0.028890723684027092,negative,very weak,9.94223658948109e-76,1.2565170044922675e-75,yes,-0.34644023816814096,0.34644023816814096,negative,weak,0.0,0.0,yes
TAASSC,mean_verbal_deps,yes,-0.2702311804850744,0.2702311804850744,negative,weak,0.0,0.0,yes,-0.3462194995348581,0.3462194995348581,negative,weak,0.0,0.0,yes
TAALES_COVERAGE,content_poly,no,0.3465276094061568,0.3465276094061568,positive,weak,0.0,0.0,yes,0.34603547191978956,0.34603547191978956,positive,weak,0.0,0.0,yes
TAALES_COVERAGE,BG_Mean,no,0.32682082330449275,0.32682082330449275,positive,weak,0.0,0.0,yes,0.3457714096273933,0.3457714096273933,positive,weak,0.0,0.0,yes
TAASSC,to_clause_verb,no,0.2088709726161729,0.2088709726161729,positive,weak,0.0,0.0,yes,0.3448199128515563,0.3448199128515563,positive,weak,0.0,0.0,yes
TAASSC,time_attributive_adj,no,-0.3013192556036512,0.3013192556036512,negative,weak,0.0,0.0,yes,-0.3446733723527203,0.3446733723527203,negative,weak,0.0,0.0,yes
TAALES,PLD_CW,no,0.35621328985924766,0.35621328985924766,positive,weak,0.0,0.0,yes,0.34433078240162124,0.34433078240162124,positive,weak,0.0,0.0,yes
TAALES,WN_Zscore_CW,no,0.3762733256977237,0.3762733256977237,positive,weak,0.0,0.0,yes,0.34379845805611225,0.34379845805611225,positive,weak,0.0,0.0,yes
TAALES,MRC_Meaningfulness_FW,no,-0.26302484906404394,0.26302484906404394,negative,weak,0.0,0.0,yes,-0.3428921868997339,0.3428921868997339,negative,weak,0.0,0.0,yes
TAALES_COVERAGE,COCA_magazine_Frequency_CW,no,0.3397608655073907,0.3397608655073907,positive,weak,0.0,0.0,yes,0.3421983793497539,0.3421983793497539,positive,weak,0.0,0.0,yes
TAALES_COVERAGE,COCA_magazine_Frequency_Log_CW,no,0.3397608655073907,0.3397608655073907,positive,weak,0.0,0.0,yes,0.3421983793497539,0.3421983793497539,positive,weak,0.0,0.0,yes
TAALES_COVERAGE,COCA_magazine_Range_CW,no,0.3397608655073907,0.3397608655073907,positive,weak,0.0,0.0,yes,0.3421983793497539,0.3421983793497539,positive,weak,0.0,0.0,yes
TAALES_COVERAGE,COCA_magazine_Range_Log_CW,no,0.3397608655073907,0.3397608655073907,positive,weak,0.0,0.0,yes,0.3421983793497539,0.3421983793497539,positive,weak,0.0,0.0,yes
TAALES,WN_SD_CW,no,0.32151834090144493,0.32151834090144493,positive,weak,0.0,0.0,yes,0.34203018178088723,0.34203018178088723,positive,weak,0.0,0.0,yes
POLKE,polke_82_per_100_words,no,-0.3554324885288991,0.3554324885288991,negative,weak,0.0,0.0,yes,-0.3418790680481358,0.3418790680481358,negative,weak,0.0,0.0,yes
TAALES,COCA_news_bi_prop_50k,no,0.31053733899888974,0.31053733899888974,positive,weak,0.0,0.0,yes,0.34081616042207524,0.34081616042207524,positive,weak,0.0,0.0,yes
POLKE,polke_475_per_100_words,no,0.25088678574640916,0.25088678574640916,positive,weak,0.0,0.0,yes,0.3406886872584209,0.3406886872584209,positive,weak,0.0,0.0,yes
TAALES_COVERAGE,Freq_HAL,no,0.2932078625867067,0.2932078625867067,positive,weak,0.0,0.0,yes,0.34044333717949893,0.34044333717949893,positive,weak,0.0,0.0,yes
TAALES_COVERAGE,Log_Freq_HAL,no,0.2932078625867067,0.2932078625867067,positive,weak,0.0,0.0,yes,0.34044333717949893,0.34044333717949893,positive,weak,0.0,0.0,yes
TAALES_COVERAGE,Ortho_N,no,0.2932078625867067,0.2932078625867067,positive,weak,0.0,0.0,yes,0.34044333717949893,0.34044333717949893,positive,weak,0.0,0.0,yes
TAALES_COVERAGE,Phono_N,no,0.2932078625867067,0.2932078625867067,positive,weak,0.0,0.0,yes,0.34044333717949893,0.34044333717949893,positive,weak,0.0,0.0,yes
TAALES_COVERAGE,Phono_N_H,no,0.2932078625867067,0.2932078625867067,positive,weak,0.0,0.0,yes,0.34044333717949893,0.34044333717949893,positive,weak,0.0,0.0,yes
TAALES_COVERAGE,OG_N,no,0.2932078625867067,0.2932078625867067,positive,weak,0.0,0.0,yes,0.34044333717949626,0.34044333717949626,positive,weak,0.0,0.0,yes
TAASSC,adverbial_subordinator_conditional,no,0.27550279081267914,0.27550279081267914,positive,weak,0.0,0.0,yes,0.33997696325888366,0.33997696325888366,positive,weak,0.0,0.0,yes
TAALES_COVERAGE,MRC_Meaningfulness_FW,no,-0.013016369912499997,0.013016369912499997,negative,very weak,1.0871454279430878e-16,1.2331047678058172e-16,yes,-0.33997140109106805,0.33997140109106805,negative,weak,0.0,0.0,yes
TAASSC,agentless_passive,no,0.23123833000603342,0.23123833000603342,positive,weak,0.0,0.0,yes,0.33966461067807807,0.33966461067807807,positive,weak,0.0,0.0,yes
TAASSC,be_mv,no,-0.32260134046554645,0.32260134046554645,negative,weak,0.0,0.0,yes,-0.3395762149123584,0.3395762149123584,negative,weak,0.0,0.0,yes
TAALES_COVERAGE,MRC_Concreteness_FW,no,-0.012169363632407646,0.012169363632407646,negative,very weak,8.831766455999438e-15,9.932117686582975e-15,yes,-0.33901103240567254,0.33901103240567254,negative,weak,0.0,0.0,yes
TAALES,COCA_spoken_Frequency_Log_AW,no,0.2949068744351791,0.2949068744351791,positive,weak,0.0,0.0,yes,0.3387616326984964,0.3387616326984964,positive,weak,0.0,0.0,yes
POLKE,polke_312_per_100_words,no,-0.32052563234579884,0.32052563234579884,negative,weak,0.0,0.0,yes,-0.338058328139563,0.338058328139563,negative,weak,0.0,0.0,yes
TAALES,MRC_Familiarity_AW,no,-0.30965785675103236,0.30965785675103236,negative,weak,0.0,0.0,yes,-0.3380476716835017,0.3380476716835017,negative,weak,0.0,0.0,yes
L2SCA,CN/T,no,0.1800388307476303,0.1800388307476303,positive,very weak,0.0,0.0,yes,0.3379327322820136,0.3379327322820136,positive,weak,0.0,0.0,yes
TAASSC,that_complement_clause,no,0.28494234871600715,0.28494234871600715,positive,weak,0.0,0.0,yes,0.3374350206649552,0.3374350206649552,positive,weak,0.0,0.0,yes
LCA,ls2,no,-0.31925523402798656,0.31925523402798656,negative,weak,0.0,0.0,yes,-0.33698779860168915,0.33698779860168915,negative,weak,0.0,0.0,yes
TAALES_COVERAGE,COCA_Academic_Frequency_CW,no,0.3335356347561714,0.3335356347561714,positive,weak,0.0,0.0,yes,0.3348009883523633,0.3348009883523633,positive,weak,0.0,0.0,yes
TAALES_COVERAGE,COCA_Academic_Frequency_Log_CW,no,0.3335356347561714,0.3335356347561714,positive,weak,0.0,0.0,yes,0.3348009883523633,0.3348009883523633,positive,weak,0.0,0.0,yes
TAALES_COVERAGE,COCA_Academic_Range_CW,no,0.3335356347561714,0.3335356347561714,positive,weak,0.0,0.0,yes,0.3348009883523633,0.3348009883523633,positive,weak,0.0,0.0,yes
TAALES_COVERAGE,COCA_Academic_Range_Log_CW,no,0.3335356347561714,0.3335356347561714,positive,weak,0.0,0.0,yes,0.3348009883523633,0.3348009883523633,positive,weak,0.0,0.0,yes
TAASSC,pp3_it,no,0.17466643035459523,0.17466643035459523,positive,very weak,0.0,0.0,yes,0.3344656406793234,0.3344656406793234,positive,weak,0.0,0.0,yes
TAALES,LD_Mean_RT_SD_CW,no,0.3310931405460685,0.3310931405460685,positive,weak,0.0,0.0,yes,0.33303078321710444,0.33303078321710444,positive,weak,0.0,0.0,yes
TAALES,COCA_spoken_Range_Log_AW,no,0.2973050416868788,0.2973050416868788,positive,weak,0.0,0.0,yes,0.33266508811553025,0.33266508811553025,positive,weak,0.0,0.0,yes
POLKE,polke_68_per_100_words,no,-0.3300098371200309,0.3300098371200309,negative,weak,0.0,0.0,yes,-0.33192177393905364,0.33192177393905364,negative,weak,0.0,0.0,yes
POLKE,polke_38_per_100_words,no,0.15311807225750934,0.15311807225750934,positive,very weak,0.0,0.0,yes,0.33113469532086554,0.33113469532086554,positive,weak,0.0,0.0,yes
TAALES_COVERAGE,COCA_news_Frequency_CW,no,0.3304320141699344,0.3304320141699344,positive,weak,0.0,0.0,yes,0.3310152093284794,0.3310152093284794,positive,weak,0.0,0.0,yes
TAALES_COVERAGE,COCA_news_Range_CW,no,0.3304320141699344,0.3304320141699344,positive,weak,0.0,0.0,yes,0.3310152093284794,0.3310152093284794,positive,weak,0.0,0.0,yes
TAALES_COVERAGE,COCA_news_Frequency_Log_CW,no,0.3304320141699344,0.3304320141699344,positive,weak,0.0,0.0,yes,0.33101520932847894,0.33101520932847894,positive,weak,0.0,0.0,yes
TAALES_COVERAGE,COCA_news_Range_Log_CW,no,0.3304320141699344,0.3304320141699344,positive,weak,0.0,0.0,yes,0.33101520932847894,0.33101520932847894,positive,weak,0.0,0.0,yes
POLKE,polke_101_per_100_words,no,0.19465749471249943,0.19465749471249943,positive,very weak,0.0,0.0,yes,0.33087954016678334,0.33087954016678334,positive,weak,0.0,0.0,yes
TAALES,MRC_Imageability_FW,no,-0.25033394190070224,0.25033394190070224,negative,weak,0.0,0.0,yes,-0.330097908041131,0.330097908041131,negative,weak,0.0,0.0,yes
TAALES,COCA_magazine_bi_prop_20k,no,0.30777336155979157,0.30777336155979157,positive,weak,0.0,0.0,yes,0.3300538480504285,0.3300538480504285,positive,weak,0.0,0.0,yes
TAALES_COVERAGE,MRC_Familiarity_FW,no,-0.0071116544440959105,0.0071116544440959105,negative,very weak,5.8477997285058074e-06,6.355498437507896e-06,yes,-0.3298900966463954,0.3298900966463954,negative,weak,0.0,0.0,yes
TAALES_COVERAGE,MRC_Imageability_FW,no,-0.0071116544440959105,0.0071116544440959105,negative,very weak,5.8477997285058074e-06,6.355498437507896e-06,yes,-0.3298900966463954,0.3298900966463954,negative,weak,0.0,0.0,yes
POLKE,polke_150_per_100_words,no,0.19431321604712362,0.19431321604712362,positive,very weak,0.0,0.0,yes,0.3294898997349698,0.3294898997349698,positive,weak,0.0,0.0,yes
TAALES,Brysbaert_Concreteness_Combined_FW,no,-0.25731283189136755,0.25731283189136755,negative,weak,0.0,0.0,yes,-0.32925236055400037,0.32925236055400037,negative,weak,0.0,0.0,yes
TAASSC,all_clauses,no,0.2530570426009692,0.2530570426009692,positive,weak,0.0,0.0,yes,0.3284776915594969,0.3284776915594969,positive,weak,0.0,0.0,yes
TAASSC,verb,no,0.2530479584641269,0.2530479584641269,positive,weak,0.0,0.0,yes,0.32846583383533606,0.32846583383533606,positive,weak,0.0,0.0,yes
TAALES,aoe_inverse_average,no,0.31862473264633595,0.31862473264633595,positive,weak,0.0,0.0,yes,0.3270977808727264,0.3270977808727264,positive,weak,0.0,0.0,yes
TAALES,COCA_magazine_bi_prop_30k,no,0.3018092928916358,0.3018092928916358,positive,weak,0.0,0.0,yes,0.32649258409602977,0.32649258409602977,positive,weak,0.0,0.0,yes
POLKE,polke_280_per_100_words,no,0.1679487432334502,0.1679487432334502,positive,very weak,0.0,0.0,yes,0.32599165096080096,0.32599165096080096,positive,weak,0.0,0.0,yes
POLKE,polke_100_per_100_words,no,0.1804517535749905,0.1804517535749905,positive,very weak,0.0,0.0,yes,0.3258853972355367,0.3258853972355367,positive,weak,0.0,0.0,yes
TAALES_COVERAGE,BNC_Spoken_Freq_AW,no,0.28329081714214266,0.28329081714214266,positive,weak,0.0,0.0,yes,0.32566945387857765,0.32566945387857765,positive,weak,0.0,0.0,yes
TAALES_COVERAGE,BNC_Spoken_Freq_AW_Log,no,0.28329081714214266,0.28329081714214266,positive,weak,0.0,0.0,yes,0.3256694538785769,0.3256694538785769,positive,weak,0.0,0.0,yes
TAALES_COVERAGE,BNC_Spoken_Range_AW,no,0.28329081714214266,0.28329081714214266,positive,weak,0.0,0.0,yes,0.3256694538785769,0.3256694538785769,positive,weak,0.0,0.0,yes
TAALES,COCA_news_tri_prop_90k,no,0.29898832719314383,0.29898832719314383,positive,weak,0.0,0.0,yes,0.32551695584652446,0.32551695584652446,positive,weak,0.0,0.0,yes
TAALES,LD_Mean_RT_SD,no,0.29739672161268554,0.29739672161268554,positive,weak,0.0,0.0,yes,0.324862007638936,0.324862007638936,positive,weak,0.0,0.0,yes
TAALES,hyper_noun_Sav_Pav,no,-0.3192895429512189,0.3192895429512189,negative,weak,0.0,0.0,yes,-0.32484420690733423,0.32484420690733423,negative,weak,0.0,0.0,yes
TAALES,COCA_academic_tri_DP,no,0.01187448501596321,0.01187448501596321,positive,very weak,3.8163304122459646e-14,4.286186415849266e-14,yes,0.3239732851106235,0.3239732851106235,positive,weak,0.0,0.0,yes
LCA,vs2,no,0.22346435774871143,0.22346435774871143,positive,weak,0.0,0.0,yes,0.32354916605801753,0.32354916605801753,positive,weak,0.0,0.0,yes
L2SCA,MLC,no,0.14469803920751217,0.14469803920751217,positive,very weak,0.0,0.0,yes,0.323428713247115,0.323428713247115,positive,weak,0.0,0.0,yes
LCA,cvs1,no,0.30628265697069895,0.30628265697069895,positive,weak,0.0,0.0,yes,0.3233645655348949,0.3233645655348949,positive,weak,0.0,0.0,yes
POLKE,polke_577_per_100_words,no,0.21380860285640413,0.21380860285640413,positive,weak,0.0,0.0,yes,0.3230334664423078,0.3230334664423078,positive,weak,0.0,0.0,yes
TAALES,COCA_news_bi_prop_30k,no,0.2963912810617797,0.2963912810617797,positive,weak,0.0,0.0,yes,0.32204739043500885,0.32204739043500885,positive,weak,0.0,0.0,yes
TAALES,hyper_verb_S1_P1,no,0.22690886235364027,0.22690886235364027,positive,weak,0.0,0.0,yes,0.3220387722556812,0.3220387722556812,positive,weak,0.0,0.0,yes
TAALES,COCA_news_tri_prop_50k,no,0.29990693482454533,0.29990693482454533,positive,weak,0.0,0.0,yes,0.32197443318318714,0.32197443318318714,positive,weak,0.0,0.0,yes
TAALES,COCA_Academic_Bigram_Range_Log,no,0.23955307338995988,0.23955307338995988,positive,weak,0.0,0.0,yes,0.321809964030389,0.321809964030389,positive,weak,0.0,0.0,yes
TAALES,COCA_news_bi_prop_40k,no,0.2952942129987544,0.2952942129987544,positive,weak,0.0,0.0,yes,0.3211521960605869,0.3211521960605869,positive,weak,0.0,0.0,yes
TAALES_COVERAGE,KF_Freq_CW,no,0.2883446867720675,0.2883446867720675,positive,weak,0.0,0.0,yes,0.32015873765848646,0.32015873765848646,positive,weak,0.0,0.0,yes
TAALES_COVERAGE,KF_Freq_CW_Log,no,0.2883446867720675,0.2883446867720675,positive,weak,0.0,0.0,yes,0.32015873765848646,0.32015873765848646,positive,weak,0.0,0.0,yes
TAALES_COVERAGE,KF_Ncats_CW,no,0.2883446867720675,0.2883446867720675,positive,weak,0.0,0.0,yes,0.32015873765848646,0.32015873765848646,positive,weak,0.0,0.0,yes
TAALES_COVERAGE,KF_Nsamp_CW,no,0.2883446867720675,0.2883446867720675,positive,weak,0.0,0.0,yes,0.32015873765848646,0.32015873765848646,positive,weak,0.0,0.0,yes
LCA,lv,yes,-0.25180275561371973,0.25180275561371973,negative,weak,0.0,0.0,yes,-0.31998601392429554,0.31998601392429554,negative,weak,0.0,0.0,yes
L2SCA,CN/C,no,0.2012641662470317,0.2012641662470317,positive,weak,0.0,0.0,yes,0.31984957943770204,0.31984957943770204,positive,weak,0.0,0.0,yes
POLKE,polke_151_per_100_words,no,0.1545129354340921,0.1545129354340921,positive,very weak,0.0,0.0,yes,0.3190126952783505,0.3190126952783505,positive,weak,0.0,0.0,yes
POLKE,polke_58_per_100_words,no,0.1705717657142616,0.1705717657142616,positive,very weak,0.0,0.0,yes,0.3182247811524294,0.3182247811524294,positive,weak,0.0,0.0,yes
TAALES,aoe_index_above_threshold_40,no,0.31861055262663546,0.31861055262663546,positive,weak,0.0,0.0,yes,0.3178719002989152,0.3178719002989152,positive,weak,0.0,0.0,yes
TAALES,COCA_news_tri_prop_100k,no,0.2935733802482989,0.2935733802482989,positive,weak,0.0,0.0,yes,0.3170220239931938,0.3170220239931938,positive,weak,0.0,0.0,yes
POLKE,polke_27_per_100_words,no,0.1842905022095321,0.1842905022095321,positive,very weak,0.0,0.0,yes,0.31671399368303077,0.31671399368303077,positive,weak,0.0,0.0,yes
TAALES,COCA_news_tri_DP,no,0.0706875899905456,0.0706875899905456,positive,very weak,0.0,0.0,yes,0.3166237849240495,0.3166237849240495,positive,weak,0.0,0.0,yes
TAALES,COCA_news_tri_prop_80k,no,0.29139307997844405,0.29139307997844405,positive,weak,0.0,0.0,yes,0.31625737774544166,0.31625737774544166,positive,weak,0.0,0.0,yes
TAALES,COCA_magazine_bi_prop_10k,no,0.2980333470353003,0.2980333470353003,positive,weak,0.0,0.0,yes,0.315615554350885,0.315615554350885,positive,weak,0.0,0.0,yes
TAALES,hyper_verb_noun_s1_p1,no,-0.3065236353258247,0.3065236353258247,negative,weak,0.0,0.0,yes,-0.31496600658541535,0.31496600658541535,negative,weak,0.0,0.0,yes
TAALES,BNC_Written_Bigram_Freq_Normed,no,0.08952328102686154,0.08952328102686154,positive,very weak,0.0,0.0,yes,0.31443747250574655,0.31443747250574655,positive,weak,0.0,0.0,yes
TAALES_COVERAGE,COCA_spoken_Frequency_AW,no,0.2911357619787733,0.2911357619787733,positive,weak,0.0,0.0,yes,0.31435144463437686,0.31435144463437686,positive,weak,0.0,0.0,yes
TAALES_COVERAGE,COCA_spoken_Range_AW,no,0.2911357619787733,0.2911357619787733,positive,weak,0.0,0.0,yes,0.31435144463437686,0.31435144463437686,positive,weak,0.0,0.0,yes
TAALES_COVERAGE,COCA_spoken_Frequency_Log_AW,no,0.2911357619787733,0.2911357619787733,positive,weak,0.0,0.0,yes,0.3143514446343707,0.3143514446343707,positive,weak,0.0,0.0,yes
TAALES_COVERAGE,COCA_spoken_Range_Log_AW,no,0.2911357619787733,0.2911357619787733,positive,weak,0.0,0.0,yes,0.3143514446343707,0.3143514446343707,positive,weak,0.0,0.0,yes
TAALES,aoe_inverse_linear_regression_slope,no,0.24476399131176338,0.24476399131176338,positive,weak,0.0,0.0,yes,0.31429330163569774,0.31429330163569774,positive,weak,0.0,0.0,yes
TAALES,COCA_news_tri_prop_60k,no,0.2920501297153968,0.2920501297153968,positive,weak,0.0,0.0,yes,0.3141795594405634,0.3141795594405634,positive,weak,0.0,0.0,yes
TAALES,COCA_spoken_bi_prop_100k,no,0.2852113742473023,0.2852113742473023,positive,weak,0.0,0.0,yes,0.31400077989654285,0.31400077989654285,positive,weak,0.0,0.0,yes
POLKE,polke_15_per_100_words,no,0.14820657542940904,0.14820657542940904,positive,very weak,0.0,0.0,yes,0.313822685387059,0.313822685387059,positive,weak,0.0,0.0,yes
TAALES,Kuperman_AoA_FW,no,0.2843102081868723,0.2843102081868723,positive,weak,0.0,0.0,yes,0.3137973706229767,0.3137973706229767,positive,weak,0.0,0.0,yes
POLKE,polke_49_per_100_words,no,0.16548580443688887,0.16548580443688887,positive,very weak,0.0,0.0,yes,0.3137339030649767,0.3137339030649767,positive,weak,0.0,0.0,yes
TAALES,BNC_Spoken_Trigram_Normed_Freq,no,0.10055190199059548,0.10055190199059548,positive,very weak,0.0,0.0,yes,0.31346497645265814,0.31346497645265814,positive,weak,0.0,0.0,yes
TAASSC,prep_dep,no,0.24487805895193002,0.24487805895193002,positive,weak,0.0,0.0,yes,0.31275212932133833,0.31275212932133833,positive,weak,0.0,0.0,yes
TAALES,COCA_news_tri_prop_70k,no,0.2881122167371687,0.2881122167371687,positive,weak,0.0,0.0,yes,0.3125482599112573,0.3125482599112573,positive,weak,0.0,0.0,yes
TAALES,hyper_noun_Sav_P1,no,-0.3185606031179494,0.3185606031179494,negative,weak,0.0,0.0,yes,-0.31210038018482905,0.31210038018482905,negative,weak,0.0,0.0,yes
TAASSC,perfect_aspect,no,0.25987970844298935,0.25987970844298935,positive,weak,0.0,0.0,yes,0.3120389328109396,0.3120389328109396,positive,weak,0.0,0.0,yes
TAALES,COCA_news_tri_prop_40k,no,0.29068082730594874,0.29068082730594874,positive,weak,0.0,0.0,yes,0.3118158582078821,0.3118158582078821,positive,weak,0.0,0.0,yes
TAALES,MRC_Imageability_CW,no,-0.35592974275017053,0.35592974275017053,negative,weak,0.0,0.0,yes,-0.31159061831106394,0.31159061831106394,negative,weak,0.0,0.0,yes
TAALES,KF_Freq_AW_Log,no,0.2822430226907124,0.2822430226907124,positive,weak,0.0,0.0,yes,0.3112661763946439,0.3112661763946439,positive,weak,0.0,0.0,yes
TAASSC,to_clause,no,0.2536347618726765,0.2536347618726765,positive,weak,0.0,0.0,yes,0.311212456298281,0.311212456298281,positive,weak,0.0,0.0,yes
TAASSC,wrd_length,no,0.30180482767663036,0.30180482767663036,positive,weak,0.0,0.0,yes,0.311146690861655,0.311146690861655,positive,weak,0.0,0.0,yes
TAALES,aoe_inflection_point_polynomial,no,0.3082027448669212,0.3082027448669212,positive,weak,0.0,0.0,yes,0.31103672267490456,0.31103672267490456,positive,weak,0.0,0.0,yes
TAALES,COCA_magazine_tri_prop_40k,no,0.2951646641121833,0.2951646641121833,positive,weak,0.0,0.0,yes,0.3103558503387036,0.3103558503387036,positive,weak,0.0,0.0,yes
POLKE,polke_64_per_100_words,no,0.16547829467043468,0.16547829467043468,positive,very weak,0.0,0.0,yes,0.31003379602129316,0.31003379602129316,positive,weak,0.0,0.0,yes
POLKE,polke_37_per_100_words,no,0.1817851195863816,0.1817851195863816,positive,very weak,0.0,0.0,yes,0.30945610156282344,0.30945610156282344,positive,weak,0.0,0.0,yes
TAALES,COCA_magazine_tri_prop_30k,no,0.2922232860908063,0.2922232860908063,positive,weak,0.0,0.0,yes,0.3093546723827613,0.3093546723827613,positive,weak,0.0,0.0,yes
TAASSC,adverbial_subordinator_other,no,0.23068587636068266,0.23068587636068266,positive,weak,0.0,0.0,yes,0.3088288804277292,0.3088288804277292,positive,weak,0.0,0.0,yes
TAALES,COCA_Academic_Bigram_Frequency,no,0.06784407708763444,0.06784407708763444,positive,very weak,0.0,0.0,yes,0.3087850734538253,0.3087850734538253,positive,weak,0.0,0.0,yes
TAALES,COCA_magazine_tri_DP,no,0.08768484229902108,0.08768484229902108,positive,very weak,0.0,0.0,yes,0.30875486843773714,0.30875486843773714,positive,weak,0.0,0.0,yes
TAALES,BNC_Spoken_Freq_AW,no,0.24037114889304184,0.24037114889304184,positive,weak,0.0,0.0,yes,0.30866050856517824,0.30866050856517824,positive,weak,0.0,0.0,yes
TAALES,COCA_spoken_bi_prop_90k,no,0.28073736411758354,0.28073736411758354,positive,weak,0.0,0.0,yes,0.30844421912085734,0.30844421912085734,positive,weak,0.0,0.0,yes
TAALES,COCA_news_tri_prop_30k,no,0.2848171862223035,0.2848171862223035,positive,weak,0.0,0.0,yes,0.30787249582063214,0.30787249582063214,positive,weak,0.0,0.0,yes
TAALES_COVERAGE,LD_Mean_RT_SD_CW,no,0.2742552041543834,0.2742552041543834,positive,weak,0.0,0.0,yes,0.30693097727767127,0.30693097727767127,positive,weak,0.0,0.0,yes
TAALES_COVERAGE,WN_Mean_Accuracy_CW,no,0.27415547669481266,0.27415547669481266,positive,weak,0.0,0.0,yes,0.3068228167357703,0.3068228167357703,positive,weak,0.0,0.0,yes
TAALES_COVERAGE,WN_Mean_RT_CW,no,0.27415547669481266,0.27415547669481266,positive,weak,0.0,0.0,yes,0.3068228167357703,0.3068228167357703,positive,weak,0.0,0.0,yes
TAALES_COVERAGE,WN_Zscore_CW,no,0.27415547669481266,0.27415547669481266,positive,weak,0.0,0.0,yes,0.3068228167357703,0.3068228167357703,positive,weak,0.0,0.0,yes
TAALES_COVERAGE,LD_Mean_RT_CW,no,0.2741545602877511,0.2741545602877511,positive,weak,0.0,0.0,yes,0.30682259872424217,0.30682259872424217,positive,weak,0.0,0.0,yes
TAALES_COVERAGE,LD_Mean_RT_Zscore_CW,no,0.2741545602877511,0.2741545602877511,positive,weak,0.0,0.0,yes,0.30682259872424217,0.30682259872424217,positive,weak,0.0,0.0,yes
TAALES_COVERAGE,WN_SD_CW,no,0.2741554041152105,0.2741554041152105,positive,weak,0.0,0.0,yes,0.3068225720488112,0.3068225720488112,positive,weak,0.0,0.0,yes
TAALES,WN_Zscore,no,0.31890986375280445,0.31890986375280445,positive,weak,0.0,0.0,yes,0.3066523875478527,0.3066523875478527,positive,weak,0.0,0.0,yes
TAALES,eat_types,no,0.30062567542651364,0.30062567542651364,positive,weak,0.0,0.0,yes,0.30665190189858016,0.30665190189858016,positive,weak,0.0,0.0,yes
TAALES_COVERAGE,COCA_magazine_tri_2_DP,no,0.2928776242906882,0.2928776242906882,positive,weak,0.0,0.0,yes,0.30609161705262294,0.30609161705262294,positive,weak,0.0,0.0,yes
TAALES_COVERAGE,COCA_magazine_tri_2_MI,no,0.2928776242906882,0.2928776242906882,positive,weak,0.0,0.0,yes,0.30609161705262294,0.30609161705262294,positive,weak,0.0,0.0,yes
TAALES_COVERAGE,COCA_magazine_tri_2_MI2,no,0.2928776242906882,0.2928776242906882,positive,weak,0.0,0.0,yes,0.30609161705262294,0.30609161705262294,positive,weak,0.0,0.0,yes
TAALES_COVERAGE,COCA_magazine_tri_2_T,no,0.2928776242906882,0.2928776242906882,positive,weak,0.0,0.0,yes,0.30609161705262294,0.30609161705262294,positive,weak,0.0,0.0,yes
TAALES_COVERAGE,COCA_magazine_tri_2_AC,no,0.2928776242906882,0.2928776242906882,positive,weak,0.0,0.0,yes,0.30609161705262,0.30609161705262,positive,weak,0.0,0.0,yes
TAALES,COCA_Academic_Bigram_Frequency_Log,no,0.2601680437507605,0.2601680437507605,positive,weak,0.0,0.0,yes,0.3059060720482763,0.3059060720482763,positive,weak,0.0,0.0,yes
TAALES,COCA_Academic_Bigram_Range,no,0.18639444876771336,0.18639444876771336,positive,very weak,0.0,0.0,yes,0.30566773220725596,0.30566773220725596,positive,weak,0.0,0.0,yes
TAALES_COVERAGE,COCA_Magazine_Trigram_Frequency,no,0.2927048096679996,0.2927048096679996,positive,weak,0.0,0.0,yes,0.3055032018660329,0.3055032018660329,positive,weak,0.0,0.0,yes
TAALES_COVERAGE,COCA_Magazine_Trigram_Frequency_Log,no,0.2927048096679996,0.2927048096679996,positive,weak,0.0,0.0,yes,0.3055032018660329,0.3055032018660329,positive,weak,0.0,0.0,yes
TAALES_COVERAGE,COCA_Magazine_Trigram_Range,no,0.2927048096679996,0.2927048096679996,positive,weak,0.0,0.0,yes,0.3055032018660329,0.3055032018660329,positive,weak,0.0,0.0,yes
TAALES_COVERAGE,COCA_Magazine_Trigram_Range_Log,no,0.2927048096679996,0.2927048096679996,positive,weak,0.0,0.0,yes,0.3055032018660329,0.3055032018660329,positive,weak,0.0,0.0,yes
TAALES_COVERAGE,LD_Mean_Accuracy_CW,no,0.2726751104725522,0.2726751104725522,positive,weak,0.0,0.0,yes,0.30520510098582176,0.30520510098582176,positive,weak,0.0,0.0,yes
TAALES,COCA_news_tri_T,no,0.14719229794860084,0.14719229794860084,positive,very weak,0.0,0.0,yes,0.3048330429576633,0.3048330429576633,positive,weak,0.0,0.0,yes
TAALES_COVERAGE,COCA_magazine_tri_AC,no,0.2916040778186299,0.2916040778186299,positive,weak,0.0,0.0,yes,0.30468324169168765,0.30468324169168765,positive,weak,0.0,0.0,yes
TAALES_COVERAGE,COCA_magazine_tri_DP,no,0.2916040778186299,0.2916040778186299,positive,weak,0.0,0.0,yes,0.30468324169168765,0.30468324169168765,positive,weak,0.0,0.0,yes
TAALES_COVERAGE,COCA_magazine_tri_MI2,no,0.2916040778186299,0.2916040778186299,positive,weak,0.0,0.0,yes,0.30468324169168765,0.30468324169168765,positive,weak,0.0,0.0,yes
TAALES_COVERAGE,COCA_magazine_tri_T,no,0.2916040778186299,0.2916040778186299,positive,weak,0.0,0.0,yes,0.30468324169168765,0.30468324169168765,positive,weak,0.0,0.0,yes
TAALES_COVERAGE,COCA_magazine_tri_MI,no,0.2916040778186299,0.2916040778186299,positive,weak,0.0,0.0,yes,0.3046832416916797,0.3046832416916797,positive,weak,0.0,0.0,yes
TAALES,TL_Freq_CW_Log,no,-0.27648674039164756,0.27648674039164756,negative,weak,0.0,0.0,yes,-0.3044360123211192,0.3044360123211192,negative,weak,0.0,0.0,yes
TAALES,COCA_news_tri_2_T,no,0.1699554804915749,0.1699554804915749,positive,very weak,0.0,0.0,yes,0.30408464176991673,0.30408464176991673,positive,weak,0.0,0.0,yes
TAALES_COVERAGE,COCA_fiction_Frequency_AW,no,0.28535621770231834,0.28535621770231834,positive,weak,0.0,0.0,yes,0.30403802394104007,0.30403802394104007,positive,weak,0.0,0.0,yes
TAALES_COVERAGE,COCA_fiction_Frequency_Log_AW,no,0.28535621770231834,0.28535621770231834,positive,weak,0.0,0.0,yes,0.30403802394104007,0.30403802394104007,positive,weak,0.0,0.0,yes
TAALES_COVERAGE,COCA_fiction_Range_AW,no,0.28535621770231834,0.28535621770231834,positive,weak,0.0,0.0,yes,0.30403802394104007,0.30403802394104007,positive,weak,0.0,0.0,yes
TAALES_COVERAGE,COCA_fiction_Range_Log_AW,no,0.28535621770231834,0.28535621770231834,positive,weak,0.0,0.0,yes,0.30403802394104007,0.30403802394104007,positive,weak,0.0,0.0,yes
TAALES,COCA_News_Bigram_Frequency,no,0.09443813255341732,0.09443813255341732,positive,very weak,0.0,0.0,yes,0.30398979891510375,0.30398979891510375,positive,weak,0.0,0.0,yes
TAALES,COCA_news_bi_prop_20k,no,0.2838082991019285,0.2838082991019285,positive,weak,0.0,0.0,yes,0.3039582712533352,0.3039582712533352,positive,weak,0.0,0.0,yes
TAALES,WN_SD,no,0.2835196417362212,0.2835196417362212,positive,weak,0.0,0.0,yes,0.30385672073721387,0.30385672073721387,positive,weak,0.0,0.0,yes
TAASSC,nn_cognitive,no,0.2221557509378295,0.2221557509378295,positive,weak,0.0,0.0,yes,0.30363705342472763,0.30363705342472763,positive,weak,0.0,0.0,yes
TAALES_COVERAGE,COCA_spoken_Bigram_Frequency_Log,no,0.271180277641621,0.271180277641621,positive,weak,0.0,0.0,yes,0.30262402916465675,0.30262402916465675,positive,weak,0.0,0.0,yes
TAALES_COVERAGE,COCA_spoken_Bigram_Range_Log,no,0.271180277641621,0.271180277641621,positive,weak,0.0,0.0,yes,0.30262402916465675,0.30262402916465675,positive,weak,0.0,0.0,yes
TAALES_COVERAGE,COCA_spoken_bi_AC,no,0.271180277641621,0.271180277641621,positive,weak,0.0,0.0,yes,0.30262402916465675,0.30262402916465675,positive,weak,0.0,0.0,yes
TAALES_COVERAGE,COCA_spoken_bi_DP,no,0.271180277641621,0.271180277641621,positive,weak,0.0,0.0,yes,0.30262402916465675,0.30262402916465675,positive,weak,0.0,0.0,yes
TAALES_COVERAGE,COCA_spoken_bi_MI,no,0.271180277641621,0.271180277641621,positive,weak,0.0,0.0,yes,0.30262402916465675,0.30262402916465675,positive,weak,0.0,0.0,yes
TAALES_COVERAGE,COCA_spoken_bi_MI2,no,0.271180277641621,0.271180277641621,positive,weak,0.0,0.0,yes,0.30262402916465675,0.30262402916465675,positive,weak,0.0,0.0,yes
TAALES_COVERAGE,COCA_spoken_bi_T,no,0.271180277641621,0.271180277641621,positive,weak,0.0,0.0,yes,0.30262402916465675,0.30262402916465675,positive,weak,0.0,0.0,yes
TAALES_COVERAGE,COCA_spoken_Bigram_Frequency,no,0.271180277641621,0.271180277641621,positive,weak,0.0,0.0,yes,0.3026240291646561,0.3026240291646561,positive,weak,0.0,0.0,yes
TAALES_COVERAGE,COCA_spoken_Bigram_Range,no,0.271180277641621,0.271180277641621,positive,weak,0.0,0.0,yes,0.3026240291646561,0.3026240291646561,positive,weak,0.0,0.0,yes
TAALES,COCA_Magazine_Bigram_Range,no,0.20015634681343084,0.20015634681343084,positive,weak,0.0,0.0,yes,0.3025201818296863,0.3025201818296863,positive,weak,0.0,0.0,yes
TAALES,COCA_academic_bi_AC,no,0.06253106982043,0.06253106982043,positive,very weak,0.0,0.0,yes,0.30206116805443334,0.30206116805443334,positive,weak,0.0,0.0,yes
TAALES,Brysbaert_Concreteness_Combined_CW,no,-0.34793464123934914,0.34793464123934914,negative,weak,0.0,0.0,yes,-0.30175075561687875,0.30175075561687875,negative,weak,0.0,0.0,yes
TAASSC,amod_dep,no,0.14784265597972232,0.14784265597972232,positive,very weak,0.0,0.0,yes,0.30108187518782137,0.30108187518782137,positive,weak,0.0,0.0,yes
TAALES,COCA_news_bi_AC,no,0.0858916766921568,0.0858916766921568,positive,very weak,0.0,0.0,yes,0.30099276411550857,0.30099276411550857,positive,weak,0.0,0.0,yes
TAALES,COCA_spoken_bi_prop_80k,no,0.2761578493561057,0.2761578493561057,positive,weak,0.0,0.0,yes,0.30095849952990356,0.30095849952990356,positive,weak,0.0,0.0,yes
TAALES,COCA_fiction_Range_AW,no,0.25369331436440046,0.25369331436440046,positive,weak,0.0,0.0,yes,0.3009100818268969,0.3009100818268969,positive,weak,0.0,0.0,yes
TAALES,OLDF,no,-0.2528370014261507,0.2528370014261507,negative,weak,0.0,0.0,yes,-0.30042711911807235,0.30042711911807235,negative,weak,0.0,0.0,yes
TAALES,COCA_spoken_Trigram_Range,no,0.10744663962708928,0.10744663962708928,positive,very weak,0.0,0.0,yes,0.3002903874300197,0.3002903874300197,positive,weak,0.0,0.0,yes
TAALES,COCA_News_Bigram_Range,no,0.1908756160572051,0.1908756160572051,positive,very weak,0.0,0.0,yes,0.3000443060502478,0.3000443060502478,positive,weak,0.0,0.0,yes
TAALES,COCA_Magazine_Bigram_Frequency,no,0.09829980677283377,0.09829980677283377,positive,very weak,0.0,0.0,yes,0.2997965079810428,0.2997965079810428,positive,weak,0.0,0.0,yes
TAALES,COCA_Academic_Range_Log_CW,no,0.3205434426976305,0.3205434426976305,positive,weak,0.0,0.0,yes,0.29944779632855334,0.29944779632855334,positive,weak,0.0,0.0,yes
TAALES,COCA_fiction_Range_FW,no,-0.0426962255580612,0.0426962255580612,negative,very weak,3.399035234198066e-163,4.720117754372213e-163,yes,-0.2991998407678635,0.2991998407678635,negative,weak,0.0,0.0,yes
POLKE,polke_930_per_100_words,no,0.15288822309345992,0.15288822309345992,positive,very weak,0.0,0.0,yes,0.298912217595052,0.298912217595052,positive,weak,0.0,0.0,yes
TAALES,COCA_spoken_bi_prop_40k,no,0.2829852125862598,0.2829852125862598,positive,weak,0.0,0.0,yes,0.29873420102762577,0.29873420102762577,positive,weak,0.0,0.0,yes
TAALES,COCA_News_Trigram_Frequency_Log,no,0.20384535851729357,0.20384535851729357,positive,weak,0.0,0.0,yes,0.29813321248277097,0.29813321248277097,positive,weak,0.0,0.0,yes
TAALES_COVERAGE,COCA_news_tri_AC,no,0.2820276707615494,0.2820276707615494,positive,weak,0.0,0.0,yes,0.298059054864695,0.298059054864695,positive,weak,0.0,0.0,yes
TAALES_COVERAGE,COCA_news_tri_DP,no,0.2820276707615494,0.2820276707615494,positive,weak,0.0,0.0,yes,0.298059054864695,0.298059054864695,positive,weak,0.0,0.0,yes
TAALES_COVERAGE,COCA_news_tri_MI,no,0.2820276707615494,0.2820276707615494,positive,weak,0.0,0.0,yes,0.29805905486469014,0.29805905486469014,positive,weak,0.0,0.0,yes
TAALES_COVERAGE,COCA_news_tri_MI2,no,0.2820276707615494,0.2820276707615494,positive,weak,0.0,0.0,yes,0.29805905486469014,0.29805905486469014,positive,weak,0.0,0.0,yes
TAALES_COVERAGE,COCA_news_tri_T,no,0.2820276707615494,0.2820276707615494,positive,weak,0.0,0.0,yes,0.29805905486469014,0.29805905486469014,positive,weak,0.0,0.0,yes
TAALES_COVERAGE,COCA_News_Trigram_Frequency,no,0.2822179594057264,0.2822179594057264,positive,weak,0.0,0.0,yes,0.2977849409604856,0.2977849409604856,positive,weak,0.0,0.0,yes
TAALES_COVERAGE,COCA_News_Trigram_Frequency_Log,no,0.2822179594057264,0.2822179594057264,positive,weak,0.0,0.0,yes,0.2977849409604856,0.2977849409604856,positive,weak,0.0,0.0,yes
TAALES_COVERAGE,COCA_News_Trigram_Range,no,0.2822179594057264,0.2822179594057264,positive,weak,0.0,0.0,yes,0.2977849409604856,0.2977849409604856,positive,weak,0.0,0.0,yes
TAALES_COVERAGE,COCA_News_Trigram_Range_Log,no,0.2822179594057264,0.2822179594057264,positive,weak,0.0,0.0,yes,0.2977849409604856,0.2977849409604856,positive,weak,0.0,0.0,yes
TAALES,COCA_spoken_Trigram_Frequency,no,0.09679690653604048,0.09679690653604048,positive,very weak,0.0,0.0,yes,0.2971327160079535,0.2971327160079535,positive,weak,0.0,0.0,yes
TAALES_COVERAGE,COCA_news_tri_2_AC,no,0.2809698110867138,0.2809698110867138,positive,weak,0.0,0.0,yes,0.29689915995094235,0.29689915995094235,positive,weak,0.0,0.0,yes
TAALES_COVERAGE,COCA_news_tri_2_DP,no,0.2809698110867138,0.2809698110867138,positive,weak,0.0,0.0,yes,0.29689915995094235,0.29689915995094235,positive,weak,0.0,0.0,yes
TAALES_COVERAGE,COCA_news_tri_2_MI,no,0.2809698110867138,0.2809698110867138,positive,weak,0.0,0.0,yes,0.29689915995094235,0.29689915995094235,positive,weak,0.0,0.0,yes
TAALES_COVERAGE,COCA_news_tri_2_MI2,no,0.2809698110867138,0.2809698110867138,positive,weak,0.0,0.0,yes,0.29689915995094235,0.29689915995094235,positive,weak,0.0,0.0,yes
TAALES_COVERAGE,COCA_news_tri_2_T,no,0.2809698110867138,0.2809698110867138,positive,weak,0.0,0.0,yes,0.29689915995094235,0.29689915995094235,positive,weak,0.0,0.0,yes
POLKE,polke_273_per_100_words,no,-0.28339662694230516,0.28339662694230516,negative,weak,0.0,0.0,yes,-0.29660952124479467,0.29660952124479467,negative,weak,0.0,0.0,yes
TAASSC,emphatics,no,0.16987127636986687,0.16987127636986687,positive,very weak,0.0,0.0,yes,0.29653017440263896,0.29653017440263896,positive,weak,0.0,0.0,yes
LCA,vv2,no,0.25341314610644616,0.25341314610644616,positive,weak,0.0,0.0,yes,0.29575010877361396,0.29575010877361396,positive,weak,0.0,0.0,yes
LCA,nv,no,-0.26556414267697814,0.26556414267697814,negative,weak,0.0,0.0,yes,-0.2955979825116956,0.2955979825116956,negative,weak,0.0,0.0,yes
TAALES_COVERAGE,BG_Mean_CW,no,0.26607431480839167,0.26607431480839167,positive,weak,0.0,0.0,yes,0.29537451347004784,0.29537451347004784,positive,weak,0.0,0.0,yes
TAALES_COVERAGE,OG_N_CW,no,0.26560011189050237,0.26560011189050237,positive,weak,0.0,0.0,yes,0.2950122448853544,0.2950122448853544,positive,weak,0.0,0.0,yes
TAALES_COVERAGE,Freq_HAL_CW,no,0.26560011189050237,0.26560011189050237,positive,weak,0.0,0.0,yes,0.2950122448853509,0.2950122448853509,positive,weak,0.0,0.0,yes
TAALES_COVERAGE,Log_Freq_HAL_CW,no,0.26560011189050237,0.26560011189050237,positive,weak,0.0,0.0,yes,0.2950122448853509,0.2950122448853509,positive,weak,0.0,0.0,yes
TAALES_COVERAGE,Ortho_N_CW,no,0.26560011189050237,0.26560011189050237,positive,weak,0.0,0.0,yes,0.2950122448853509,0.2950122448853509,positive,weak,0.0,0.0,yes
TAALES_COVERAGE,Phono_N_CW,no,0.26560011189050237,0.26560011189050237,positive,weak,0.0,0.0,yes,0.2950122448853509,0.2950122448853509,positive,weak,0.0,0.0,yes
TAALES_COVERAGE,Phono_N_H_CW,no,0.26560011189050237,0.26560011189050237,positive,weak,0.0,0.0,yes,0.2950122448853509,0.2950122448853509,positive,weak,0.0,0.0,yes
TAALES,COCA_fiction_Range_Log_AW,no,0.24557396488008912,0.24557396488008912,positive,weak,0.0,0.0,yes,0.2948225964113892,0.2948225964113892,positive,weak,0.0,0.0,yes
TAASSC,nn_quantity,no,0.10217757785262743,0.10217757785262743,positive,very weak,0.0,0.0,yes,0.29434428419758685,0.29434428419758685,positive,weak,0.0,0.0,yes
TAALES,COCA_magazine_bi_AC,no,0.08785646198648876,0.08785646198648876,positive,very weak,0.0,0.0,yes,0.29418865537893757,0.29418865537893757,positive,weak,0.0,0.0,yes
TAALES,COCA_magazine_tri_prop_100k,no,0.28227543544212375,0.28227543544212375,positive,weak,0.0,0.0,yes,0.29401621591664595,0.29401621591664595,positive,weak,0.0,0.0,yes
TAALES,BG_Mean_FW,no,-0.2980763651451295,0.2980763651451295,negative,weak,0.0,0.0,yes,-0.2939319950533662,0.2939319950533662,negative,weak,0.0,0.0,yes
TAALES,COCA_fiction_Frequency_Log_AW,no,0.2404053410338607,0.2404053410338607,positive,weak,0.0,0.0,yes,0.29315329657457084,0.29315329657457084,positive,weak,0.0,0.0,yes
POLKE,polke_626_per_100_words,no,0.23350949045317493,0.23350949045317493,positive,weak,0.0,0.0,yes,0.2926936490599042,0.2926936490599042,positive,weak,0.0,0.0,yes
TAALES,TL_Freq_AW,no,0.2196614446791762,0.2196614446791762,positive,weak,0.0,0.0,yes,0.29249747288376826,0.29249747288376826,positive,weak,0.0,0.0,yes
TAALES,COCA_spoken_bi_prop_50k,no,0.27558562053577684,0.27558562053577684,positive,weak,0.0,0.0,yes,0.2919489545674423,0.2919489545674423,positive,weak,0.0,0.0,yes
TAALES,COCA_spoken_bi_prop_60k,no,0.2699396425500708,0.2699396425500708,positive,weak,0.0,0.0,yes,0.2917356558395545,0.2917356558395545,positive,weak,0.0,0.0,yes
TAALES,COCA_spoken_bi_prop_70k,no,0.2680660090931995,0.2680660090931995,positive,weak,0.0,0.0,yes,0.2904020802208638,0.2904020802208638,positive,weak,0.0,0.0,yes
TAALES_COVERAGE,MRC_Concreteness_AW,no,0.24361261224312422,0.24361261224312422,positive,weak,0.0,0.0,yes,0.2885843367172788,0.2885843367172788,positive,weak,0.0,0.0,yes
TAASSC,dc_c,no,-0.027569338098601782,0.027569338098601782,negative,very weak,4.0087951675396527e-69,5.036691364344692e-69,yes,0.28807811592615584,0.28807811592615584,positive,weak,0.0,0.0,yes
TAALES,COCA_magazine_tri_prop_80k,no,0.2757363379809821,0.2757363379809821,positive,weak,0.0,0.0,yes,0.2872569503397721,0.2872569503397721,positive,weak,0.0,0.0,yes
POLKE,polke_43_per_100_words,no,0.17649882343899684,0.17649882343899684,positive,very weak,0.0,0.0,yes,0.2872332061785479,0.2872332061785479,positive,weak,0.0,0.0,yes
TAALES,COCA_magazine_tri_prop_90k,no,0.27520451582696775,0.27520451582696775,positive,weak,0.0,0.0,yes,0.2869542423895362,0.2869542423895362,positive,weak,0.0,0.0,yes
TAASSC,pp3,no,0.13403853143480615,0.13403853143480615,positive,very weak,0.0,0.0,yes,0.2863567597972086,0.2863567597972086,positive,weak,0.0,0.0,yes
TAALES,AWL_Sublist_2_Normed,no,0.18253162902139894,0.18253162902139894,positive,very weak,0.0,0.0,yes,0.2857154922670238,0.2857154922670238,positive,weak,0.0,0.0,yes
TAALES_COVERAGE,Freq_N_PH_FW,no,0.01967553108421206,0.01967553108421206,positive,very weak,4.543684933871003e-36,5.4038971300892994e-36,yes,-0.28472038867593774,0.28472038867593774,negative,weak,0.0,0.0,yes
TAALES_COVERAGE,Freq_N_P_FW,no,0.01967553108421206,0.01967553108421206,positive,very weak,4.543684933871003e-36,5.4038971300892994e-36,yes,-0.28472038867593774,0.28472038867593774,negative,weak,0.0,0.0,yes
TAALES,COCA_spoken_tri_AC,no,0.09058116693865319,0.09058116693865319,positive,very weak,0.0,0.0,yes,0.2838456196759273,0.2838456196759273,positive,weak,0.0,0.0,yes
TAALES,COCA_spoken_tri_2_AC,no,0.10625689918922263,0.10625689918922263,positive,very weak,0.0,0.0,yes,0.28322740583918965,0.28322740583918965,positive,weak,0.0,0.0,yes
TAALES,AWL_Sublist_6_Normed,no,0.23622801249967187,0.23622801249967187,positive,weak,0.0,0.0,yes,0.2831543485846622,0.2831543485846622,positive,weak,0.0,0.0,yes
TAALES,COCA_fiction_bi_prop_90k,no,0.2304166285955109,0.2304166285955109,positive,weak,0.0,0.0,yes,0.28300312295452135,0.28300312295452135,positive,weak,0.0,0.0,yes
TAALES,COCA_spoken_bi_prop_20k,no,0.2792436961066656,0.2792436961066656,positive,weak,0.0,0.0,yes,0.2830028357522697,0.2830028357522697,positive,weak,0.0,0.0,yes
TAALES_COVERAGE,hyper_noun_S1_P1,no,0.2730204151823886,0.2730204151823886,positive,weak,0.0,0.0,yes,0.2826950059746814,0.2826950059746814,positive,weak,0.0,0.0,yes
TAALES_COVERAGE,hyper_noun_Sav_P1,no,0.2730204151823886,0.2730204151823886,positive,weak,0.0,0.0,yes,0.2826950059746814,0.2826950059746814,positive,weak,0.0,0.0,yes
TAALES_COVERAGE,hyper_noun_Sav_Pav,no,0.2730204151823886,0.2730204151823886,positive,weak,0.0,0.0,yes,0.2826950059746814,0.2826950059746814,positive,weak,0.0,0.0,yes
TAALES_COVERAGE,poly_noun,no,0.2730204151823886,0.2730204151823886,positive,weak,0.0,0.0,yes,0.2826950059746789,0.2826950059746789,positive,weak,0.0,0.0,yes
POLKE,polke_48_per_100_words,no,0.14261381089228675,0.14261381089228675,positive,very weak,0.0,0.0,yes,0.28181455396051797,0.28181455396051797,positive,weak,0.0,0.0,yes
TAASSC,occurrence_verb,no,0.23378679762778612,0.23378679762778612,positive,weak,0.0,0.0,yes,0.28169676534621485,0.28169676534621485,positive,weak,0.0,0.0,yes
TAALES,COCA_spoken_bi_prop_30k,no,0.27663838413725494,0.27663838413725494,positive,weak,0.0,0.0,yes,0.2815186274834683,0.2815186274834683,positive,weak,0.0,0.0,yes
POLKE,polke_753_per_100_words,no,0.16644346516574232,0.16644346516574232,positive,very weak,0.0,0.0,yes,0.28140061421765256,0.28140061421765256,positive,weak,0.0,0.0,yes
POLKE,polke_156_per_100_words,no,0.14841567953691345,0.14841567953691345,positive,very weak,0.0,0.0,yes,0.2811964722057957,0.2811964722057957,positive,weak,0.0,0.0,yes
TAALES_COVERAGE,COCA_spoken_Frequency_CW,no,0.2670667332466049,0.2670667332466049,positive,weak,0.0,0.0,yes,0.2808736379022013,0.2808736379022013,positive,weak,0.0,0.0,yes
TAALES_COVERAGE,COCA_spoken_Frequency_Log_CW,no,0.2670667332466049,0.2670667332466049,positive,weak,0.0,0.0,yes,0.2808736379022013,0.2808736379022013,positive,weak,0.0,0.0,yes
TAALES_COVERAGE,COCA_spoken_Range_CW,no,0.2670667332466049,0.2670667332466049,positive,weak,0.0,0.0,yes,0.2808736379022013,0.2808736379022013,positive,weak,0.0,0.0,yes
TAALES_COVERAGE,COCA_spoken_Range_Log_CW,no,0.2670667332466049,0.2670667332466049,positive,weak,0.0,0.0,yes,0.2808736379022013,0.2808736379022013,positive,weak,0.0,0.0,yes
TAALES,COCA_fiction_bi_prop_100k,no,0.22800943186347575,0.22800943186347575,positive,weak,0.0,0.0,yes,0.2800914002403099,0.2800914002403099,positive,weak,0.0,0.0,yes
TAALES,COCA_Fiction_Bigram_Range,no,0.2486302454070669,0.2486302454070669,positive,weak,0.0,0.0,yes,0.27909771808726075,0.27909771808726075,positive,weak,0.0,0.0,yes
TAALES_COVERAGE,BNC_Spoken_Freq_CW,no,0.2525733984786604,0.2525733984786604,positive,weak,0.0,0.0,yes,0.2785883489227735,0.2785883489227735,positive,weak,0.0,0.0,yes
TAALES_COVERAGE,BNC_Spoken_Freq_CW_Log,no,0.2525733984786604,0.2525733984786604,positive,weak,0.0,0.0,yes,0.2785883489227735,0.2785883489227735,positive,weak,0.0,0.0,yes
TAALES_COVERAGE,BNC_Spoken_Range_CW,no,0.2525733984786604,0.2525733984786604,positive,weak,0.0,0.0,yes,0.2785883489227735,0.2785883489227735,positive,weak,0.0,0.0,yes
TAALES,COCA_fiction_bi_prop_80k,no,0.22694224037528282,0.22694224037528282,positive,weak,0.0,0.0,yes,0.2781266590180758,0.2781266590180758,positive,weak,0.0,0.0,yes
LCA,vs1,no,0.07865735687197961,0.07865735687197961,positive,very weak,0.0,0.0,yes,0.2776981948865271,0.2776981948865271,positive,weak,0.0,0.0,yes
TAALES,COCA_magazine_tri_prop_50k,no,0.2651395853815376,0.2651395853815376,positive,weak,0.0,0.0,yes,0.2764950146091956,0.2764950146091956,positive,weak,0.0,0.0,yes
TAALES,COCA_magazine_tri_prop_70k,no,0.2666292066958331,0.2666292066958331,positive,weak,0.0,0.0,yes,0.27595576344090017,0.27595576344090017,positive,weak,0.0,0.0,yes
TAASSC,that_verb_clause,no,0.22574767568780763,0.22574767568780763,positive,weak,0.0,0.0,yes,0.27563104061609944,0.27563104061609944,positive,weak,0.0,0.0,yes
TAASSC,pp_indefinite,no,0.19323721367865546,0.19323721367865546,positive,very weak,0.0,0.0,yes,0.2749577605168946,0.2749577605168946,positive,weak,0.0,0.0,yes
POLKE,polke_959_per_100_words,no,-0.3002996026721311,0.3002996026721311,negative,weak,0.0,0.0,yes,-0.2746451889378048,0.2746451889378048,negative,weak,0.0,0.0,yes
TAALES,Phono_N_CW,no,-0.2870024735587371,0.2870024735587371,negative,weak,0.0,0.0,yes,-0.274093635877879,0.274093635877879,negative,weak,0.0,0.0,yes
TAALES,COCA_magazine_tri_prop_60k,no,0.2644458141980848,0.2644458141980848,positive,weak,0.0,0.0,yes,0.27388241851046163,0.27388241851046163,positive,weak,0.0,0.0,yes
TAALES,COCA_Fiction_Bigram_Frequency,no,0.1200626376869878,0.1200626376869878,positive,very weak,0.0,0.0,yes,0.2728032775470258,0.2728032775470258,positive,weak,0.0,0.0,yes
TAALES,BNC_Spoken_Trigram_Proportion,no,0.2543940973832796,0.2543940973832796,positive,weak,0.0,0.0,yes,0.27274246937417723,0.27274246937417723,positive,weak,0.0,0.0,yes
TAALES_COVERAGE,BNC_Spoken_Trigram_Normed_Freq,no,0.25439409738327545,0.25439409738327545,positive,weak,0.0,0.0,yes,0.2727424693741765,0.2727424693741765,positive,weak,0.0,0.0,yes
TAALES_COVERAGE,BNC_Spoken_Trigram_Normed_Freq_Log,no,0.25439409738327545,0.25439409738327545,positive,weak,0.0,0.0,yes,0.2727424693741765,0.2727424693741765,positive,weak,0.0,0.0,yes
TAALES,COCA_magazine_tri_2_T,no,0.1518749688963671,0.1518749688963671,positive,very weak,0.0,0.0,yes,0.27207958737222926,0.27207958737222926,positive,weak,0.0,0.0,yes
POLKE,polke_46_per_100_words,no,-0.2749339100974781,0.2749339100974781,negative,weak,0.0,0.0,yes,-0.2715295684197611,0.2715295684197611,negative,weak,0.0,0.0,yes
POLKE,polke_410_per_100_words,no,0.14312123672845753,0.14312123672845753,positive,very weak,0.0,0.0,yes,0.271283941544999,0.271283941544999,positive,weak,0.0,0.0,yes
POLKE,polke_857_per_100_words,no,0.14312123672845753,0.14312123672845753,positive,very weak,0.0,0.0,yes,0.2712839415449987,0.2712839415449987,positive,weak,0.0,0.0,yes
POLKE,polke_740_per_100_words,no,0.14312123672845753,0.14312123672845753,positive,very weak,0.0,0.0,yes,0.2712839415449985,0.2712839415449985,positive,weak,0.0,0.0,yes
TAALES,Brown_Freq_FW_Log,no,-0.10891590841381234,0.10891590841381234,negative,very weak,0.0,0.0,yes,-0.2710506824490529,0.2710506824490529,negative,weak,0.0,0.0,yes
TAALES_COVERAGE,BNC_Written_Freq_AW,no,0.24478255129775045,0.24478255129775045,positive,weak,0.0,0.0,yes,0.27078867880313723,0.27078867880313723,positive,weak,0.0,0.0,yes
TAALES_COVERAGE,BNC_Written_Freq_AW_Log,no,0.24478255129775045,0.24478255129775045,positive,weak,0.0,0.0,yes,0.27078867880313723,0.27078867880313723,positive,weak,0.0,0.0,yes
TAALES_COVERAGE,BNC_Written_Range_AW,no,0.24478255129775045,0.24478255129775045,positive,weak,0.0,0.0,yes,0.27078867880313723,0.27078867880313723,positive,weak,0.0,0.0,yes
TAALES,COCA_Academic_Range_CW,no,0.2936968255883638,0.2936968255883638,positive,weak,0.0,0.0,yes,0.2706875533161329,0.2706875533161329,positive,weak,0.0,0.0,yes
POLKE,polke_99_per_100_words,no,0.11352045847242409,0.11352045847242409,positive,very weak,0.0,0.0,yes,0.27062326966614547,0.27062326966614547,positive,weak,0.0,0.0,yes
TAALES,BNC_Written_Bigram_Freq_Normed_Log,no,0.15980721130579434,0.15980721130579434,positive,very weak,0.0,0.0,yes,0.26993468710704377,0.26993468710704377,positive,weak,0.0,0.0,yes
TAALES,AWL_Sublist_3_Normed,no,0.2150642861490998,0.2150642861490998,positive,weak,0.0,0.0,yes,0.26962512200291106,0.26962512200291106,positive,weak,0.0,0.0,yes
TAALES,COCA_magazine_tri_T,no,0.13052599194456713,0.13052599194456713,positive,very weak,0.0,0.0,yes,0.26938339642376374,0.26938339642376374,positive,weak,0.0,0.0,yes
TAALES_COVERAGE,COCA_fiction_Frequency_CW,no,0.2597886643583736,0.2597886643583736,positive,weak,0.0,0.0,yes,0.2693575531695083,0.2693575531695083,positive,weak,0.0,0.0,yes
TAALES_COVERAGE,COCA_fiction_Range_CW,no,0.2597886643583736,0.2597886643583736,positive,weak,0.0,0.0,yes,0.2693575531695083,0.2693575531695083,positive,weak,0.0,0.0,yes
TAALES_COVERAGE,COCA_fiction_Frequency_Log_CW,no,0.2597886643583736,0.2597886643583736,positive,weak,0.0,0.0,yes,0.2693575531695072,0.2693575531695072,positive,weak,0.0,0.0,yes
TAALES_COVERAGE,COCA_fiction_Range_Log_CW,no,0.2597886643583736,0.2597886643583736,positive,weak,0.0,0.0,yes,0.2693575531695072,0.2693575531695072,positive,weak,0.0,0.0,yes
TAALES,COCA_fiction_bi_prop_70k,no,0.21880200788984094,0.21880200788984094,positive,weak,0.0,0.0,yes,0.2692507376799983,0.2692507376799983,positive,weak,0.0,0.0,yes
TAASSC,finite_compl_clause,no,0.1269095668883132,0.1269095668883132,positive,very weak,0.0,0.0,yes,0.26866356949239284,0.26866356949239284,positive,weak,0.0,0.0,yes
TAALES,BNC_Written_Range_CW,no,0.2725960417233597,0.2725960417233597,positive,weak,0.0,0.0,yes,0.26803424017023336,0.26803424017023336,positive,weak,0.0,0.0,yes
TAALES,COCA_fiction_bi_prop_60k,no,0.21662477812619194,0.21662477812619194,positive,weak,0.0,0.0,yes,0.2671970916273109,0.2671970916273109,positive,weak,0.0,0.0,yes
TAASSC,jj_attributive,no,0.12977227181777434,0.12977227181777434,positive,very weak,0.0,0.0,yes,0.26575251805601047,0.26575251805601047,positive,weak,0.0,0.0,yes
TAASSC,wh_relative_clause,no,0.2253171772042176,0.2253171772042176,positive,weak,0.0,0.0,yes,0.2636741996499216,0.2636741996499216,positive,weak,0.0,0.0,yes
TAASSC,activity_verb,no,0.1303441501885101,0.1303441501885101,positive,very weak,0.0,0.0,yes,0.2635281841840313,0.2635281841840313,positive,weak,0.0,0.0,yes
TAALES_COVERAGE,MRC_Familiarity_CW,no,0.220128119665695,0.220128119665695,positive,weak,0.0,0.0,yes,0.2628767970324261,0.2628767970324261,positive,weak,0.0,0.0,yes
POLKE,polke_203_per_100_words,no,-0.2677111382156165,0.2677111382156165,negative,weak,0.0,0.0,yes,-0.2626985821120922,0.2626985821120922,negative,weak,0.0,0.0,yes
TAALES,SUBTLEXus_Freq_FW_Log,no,-0.04828909092836942,0.04828909092836942,negative,very weak,3.048493317824087e-208,4.382368851691793e-208,yes,-0.26217962956757224,0.26217962956757224,negative,weak,0.0,0.0,yes
TAALES,COCA_fiction_bi_prop_50k,no,0.2160354283170428,0.2160354283170428,positive,weak,0.0,0.0,yes,0.26106926647283624,0.26106926647283624,positive,weak,0.0,0.0,yes
TAALES_COVERAGE,MRC_Imageability_CW,no,0.21913973234732187,0.21913973234732187,positive,weak,0.0,0.0,yes,0.26082132228916477,0.26082132228916477,positive,weak,0.0,0.0,yes
TAALES,COCA_spoken_Bigram_Range,no,0.1914238276805872,0.1914238276805872,positive,very weak,0.0,0.0,yes,0.2602772555660394,0.2602772555660394,positive,weak,0.0,0.0,yes
TAALES,Sem_D_CW,no,0.2969424108611137,0.2969424108611137,positive,weak,0.0,0.0,yes,0.2601055629739086,0.2601055629739086,positive,weak,0.0,0.0,yes
TAALES,COCA_fiction_bi_AC,no,0.1040806538218177,0.1040806538218177,positive,very weak,0.0,0.0,yes,0.2585924901926577,0.2585924901926577,positive,weak,0.0,0.0,yes
TAALES_COVERAGE,COCA_fiction_bi_AC,no,0.20872491654142022,0.20872491654142022,positive,weak,0.0,0.0,yes,0.257822365415213,0.257822365415213,positive,weak,0.0,0.0,yes
TAALES_COVERAGE,COCA_fiction_bi_DP,no,0.20872491654142022,0.20872491654142022,positive,weak,0.0,0.0,yes,0.257822365415213,0.257822365415213,positive,weak,0.0,0.0,yes
TAALES_COVERAGE,COCA_fiction_bi_MI2,no,0.20872491654142022,0.20872491654142022,positive,weak,0.0,0.0,yes,0.257822365415213,0.257822365415213,positive,weak,0.0,0.0,yes
TAALES_COVERAGE,COCA_fiction_bi_T,no,0.20872491654142022,0.20872491654142022,positive,weak,0.0,0.0,yes,0.257822365415213,0.257822365415213,positive,weak,0.0,0.0,yes
TAALES_COVERAGE,COCA_Fiction_Bigram_Frequency,no,0.20872491654142022,0.20872491654142022,positive,weak,0.0,0.0,yes,0.25782236541521125,0.25782236541521125,positive,weak,0.0,0.0,yes
TAALES_COVERAGE,COCA_Fiction_Bigram_Frequency_Log,no,0.20872491654142022,0.20872491654142022,positive,weak,0.0,0.0,yes,0.25782236541521125,0.25782236541521125,positive,weak,0.0,0.0,yes
TAALES_COVERAGE,COCA_Fiction_Bigram_Range,no,0.20872491654142022,0.20872491654142022,positive,weak,0.0,0.0,yes,0.25782236541521125,0.25782236541521125,positive,weak,0.0,0.0,yes
TAALES_COVERAGE,COCA_Fiction_Bigram_Range_Log,no,0.20872491654142022,0.20872491654142022,positive,weak,0.0,0.0,yes,0.25782236541521125,0.25782236541521125,positive,weak,0.0,0.0,yes
TAALES_COVERAGE,COCA_fiction_bi_MI,no,0.20872491654142022,0.20872491654142022,positive,weak,0.0,0.0,yes,0.25782236541521125,0.25782236541521125,positive,weak,0.0,0.0,yes
L2SCA,C/T,no,0.05577659476864346,0.05577659476864346,positive,very weak,2.9271071505766105e-277,4.395787008090094e-277,yes,0.25721698098263324,0.25721698098263324,positive,weak,0.0,0.0,yes
POLKE,polke_88_per_100_words,no,0.15628173854834118,0.15628173854834118,positive,very weak,0.0,0.0,yes,0.25696841241898244,0.25696841241898244,positive,weak,0.0,0.0,yes
TAALES,BNC_Spoken_Bigram_Normed_Freq_Log,no,0.16884612531233587,0.16884612531233587,positive,very weak,0.0,0.0,yes,0.25579607635730517,0.25579607635730517,positive,weak,0.0,0.0,yes
POLKE,polke_363_per_100_words,no,0.20082642282414767,0.20082642282414767,positive,weak,0.0,0.0,yes,0.25477858685161436,0.25477858685161436,positive,weak,0.0,0.0,yes
TAALES,AWL_Sublist_5_Normed,no,0.2097377156420422,0.2097377156420422,positive,weak,0.0,0.0,yes,0.2542668324247727,0.2542668324247727,positive,weak,0.0,0.0,yes
TAALES,COCA_news_Range_Log_CW,no,0.2365880043919631,0.2365880043919631,positive,weak,0.0,0.0,yes,0.2533665733791709,0.2533665733791709,positive,weak,0.0,0.0,yes
TAALES_COVERAGE,Kuperman_AoA_FW,no,0.030221772792645964,0.030221772792645964,positive,very weak,1.0769757238890598e-82,1.37324413863921e-82,yes,-0.2530023436476571,0.2530023436476571,negative,weak,0.0,0.0,yes
TAALES,COCA_Magazine_Trigram_Frequency_Log,no,0.16398959115273468,0.16398959115273468,positive,very weak,0.0,0.0,yes,0.2520122897327081,0.2520122897327081,positive,weak,0.0,0.0,yes
POLKE,polke_17_per_100_words,no,0.0854764443435921,0.0854764443435921,positive,very weak,0.0,0.0,yes,0.2519026374490603,0.2519026374490603,positive,weak,0.0,0.0,yes
TAALES,MRC_Concreteness_FW,no,-0.20998581397422655,0.20998581397422655,negative,weak,0.0,0.0,yes,-0.25171505862471344,0.25171505862471344,negative,weak,0.0,0.0,yes
POLKE,polke_379_per_100_words,no,0.18940855455382807,0.18940855455382807,positive,very weak,0.0,0.0,yes,0.2504068853833798,0.2504068853833798,positive,weak,0.0,0.0,yes
TAALES,COCA_academic_tri_2_MI2,no,0.2311594231383116,0.2311594231383116,positive,weak,0.0,0.0,yes,0.24999680906575844,0.24999680906575844,positive,weak,0.0,0.0,yes
TAASSC,wh_relative_subj_clause,no,0.21458238082528294,0.21458238082528294,positive,weak,0.0,0.0,yes,0.24975998039415268,0.24975998039415268,positive,weak,0.0,0.0,yes
TAALES,COCA_fiction_bi_prop_40k,no,0.20938887377709195,0.20938887377709195,positive,weak,0.0,0.0,yes,0.2496231848273344,0.2496231848273344,positive,weak,0.0,0.0,yes
POLKE,polke_152_per_100_words,no,0.06533532281746111,0.06533532281746111,positive,very weak,0.0,0.0,yes,0.24958893315784633,0.24958893315784633,positive,weak,0.0,0.0,yes
TAALES,COCA_spoken_bi_prop_10k,no,0.25131433826056593,0.25131433826056593,positive,weak,0.0,0.0,yes,0.24811738760657487,0.24811738760657487,positive,weak,0.0,0.0,yes
TAALES,Phono_N_H_CW,no,-0.2628558544001011,0.2628558544001011,negative,weak,0.0,0.0,yes,-0.2479142328438668,0.2479142328438668,negative,weak,0.0,0.0,yes
TAALES,OLD_CW,no,0.270172273238492,0.270172273238492,positive,weak,0.0,0.0,yes,0.24742187694852677,0.24742187694852677,positive,weak,0.0,0.0,yes
TAASSC,that_relative_clause,no,0.19426539583679253,0.19426539583679253,positive,very weak,0.0,0.0,yes,0.24705133092460588,0.24705133092460588,positive,weak,0.0,0.0,yes
POLKE,polke_148_per_100_words,no,0.09617890856130494,0.09617890856130494,positive,very weak,0.0,0.0,yes,0.2470043002484197,0.2470043002484197,positive,weak,0.0,0.0,yes
TAALES,All_AFL_Normed,no,0.09650252632837893,0.09650252632837893,positive,very weak,0.0,0.0,yes,0.24686768677594775,0.24686768677594775,positive,weak,0.0,0.0,yes
TAASSC,time_adverbials,no,0.0978036745793372,0.0978036745793372,positive,very weak,0.0,0.0,yes,0.24513228955568156,0.24513228955568156,positive,weak,0.0,0.0,yes
TAASSC,finite_clause,no,0.1785814954451701,0.1785814954451701,positive,very weak,0.0,0.0,yes,0.24490057782435304,0.24490057782435304,positive,weak,0.0,0.0,yes
POLKE,polke_276_per_100_words,no,0.1651623685424607,0.1651623685424607,positive,very weak,0.0,0.0,yes,0.24404018215800993,0.24404018215800993,positive,weak,0.0,0.0,yes
POLKE,polke_72_per_100_words,no,0.16000257476336333,0.16000257476336333,positive,very weak,0.0,0.0,yes,0.24360752142067896,0.24360752142067896,positive,weak,0.0,0.0,yes
TAALES,COCA_magazine_Range_Log_CW,no,0.22899693595328105,0.22899693595328105,positive,weak,0.0,0.0,yes,0.24288968322758808,0.24288968322758808,positive,weak,0.0,0.0,yes
POLKE,polke_366_per_100_words,no,0.1346306865042888,0.1346306865042888,positive,very weak,0.0,0.0,yes,0.24243834279969995,0.24243834279969995,positive,weak,0.0,0.0,yes
TAALES,OLDF_FW,no,-0.03778492707393308,0.03778492707393308,negative,very weak,3.25459589487378e-128,4.3949857950460886e-128,yes,-0.24232054808792125,0.24232054808792125,negative,weak,0.0,0.0,yes
TAALES,COCA_fiction_bi_prop_30k,no,0.20500149427424844,0.20500149427424844,positive,weak,0.0,0.0,yes,0.2417103219750577,0.2417103219750577,positive,weak,0.0,0.0,yes
TAASSC,causation_verb,no,0.12654070306151194,0.12654070306151194,positive,very weak,0.0,0.0,yes,0.24152350234121298,0.24152350234121298,positive,weak,0.0,0.0,yes
TAALES_COVERAGE,TL_Freq_FW,no,0.2870986210825428,0.2870986210825428,positive,weak,0.0,0.0,yes,0.2411871386131608,0.2411871386131608,positive,weak,0.0,0.0,yes
TAALES_COVERAGE,TL_Freq_FW_Log,no,0.2870986210825428,0.2870986210825428,positive,weak,0.0,0.0,yes,0.2411871386131608,0.2411871386131608,positive,weak,0.0,0.0,yes
TAASSC,factive_adverb,no,0.10947047215686057,0.10947047215686057,positive,very weak,0.0,0.0,yes,0.23946405383926342,0.23946405383926342,positive,weak,0.0,0.0,yes
POLKE,polke_277_per_100_words,no,-0.2602271154262013,0.2602271154262013,negative,weak,0.0,0.0,yes,-0.2391543703600876,0.2391543703600876,negative,weak,0.0,0.0,yes
POLKE,polke_368_per_100_words,no,0.13511320288001502,0.13511320288001502,positive,very weak,0.0,0.0,yes,0.23872333741900317,0.23872333741900317,positive,weak,0.0,0.0,yes
POLKE,polke_470_per_100_words,no,0.07541433330795977,0.07541433330795977,positive,very weak,0.0,0.0,yes,0.23745640179658892,0.23745640179658892,positive,weak,0.0,0.0,yes
POLKE,polke_594_per_100_words,no,0.16197271994814721,0.16197271994814721,positive,very weak,0.0,0.0,yes,0.23695916110515813,0.23695916110515813,positive,weak,0.0,0.0,yes
POLKE,polke_32_per_100_words,no,0.0749816879492402,0.0749816879492402,positive,very weak,0.0,0.0,yes,0.23695715704456585,0.23695715704456585,positive,weak,0.0,0.0,yes
LCA,modv,no,0.18631923262271283,0.18631923262271283,positive,very weak,0.0,0.0,yes,0.2369515683949277,0.2369515683949277,positive,weak,0.0,0.0,yes
TAALES,AWL_Sublist_7_Normed,no,0.187508759405583,0.187508759405583,positive,very weak,0.0,0.0,yes,0.2369138085943322,0.2369138085943322,positive,weak,0.0,0.0,yes
TAALES,BNC_Spoken_Bigram_Normed_Freq,no,0.11975283859776359,0.11975283859776359,positive,very weak,0.0,0.0,yes,0.2367696255258295,0.2367696255258295,positive,weak,0.0,0.0,yes
TAALES,eat_types_CW,no,0.24865373896344065,0.24865373896344065,positive,weak,0.0,0.0,yes,0.23536405515384928,0.23536405515384928,positive,weak,0.0,0.0,yes
TAALES,KF_Freq_FW,no,0.13847287558385118,0.13847287558385118,positive,very weak,0.0,0.0,yes,0.23512806067096617,0.23512806067096617,positive,weak,0.0,0.0,yes
TAALES,COCA_fiction_tri_prop_10k,no,0.20195412806363058,0.20195412806363058,positive,weak,0.0,0.0,yes,0.23502953197002804,0.23502953197002804,positive,weak,0.0,0.0,yes
POLKE,polke_98_per_100_words,no,-0.2801399943872785,0.2801399943872785,negative,weak,0.0,0.0,yes,-0.23467164139653937,0.23467164139653937,negative,weak,0.0,0.0,yes
TAALES,Freq_N_OGH_FW,no,-0.12907005453814693,0.12907005453814693,negative,very weak,0.0,0.0,yes,-0.23376535946845028,0.23376535946845028,negative,weak,0.0,0.0,yes
TAALES,OG_N_H_FW,no,-0.12907005453814693,0.12907005453814693,negative,very weak,0.0,0.0,yes,-0.2337653594684466,0.2337653594684466,negative,weak,0.0,0.0,yes
TAALES,COCA_Fiction_Trigram_Frequency,no,0.12226589871505786,0.12226589871505786,positive,very weak,0.0,0.0,yes,0.23276708962720308,0.23276708962720308,positive,weak,0.0,0.0,yes
TAALES_COVERAGE,BNC_Spoken_Bigram_Normed_Freq,no,0.21474203197962172,0.21474203197962172,positive,weak,0.0,0.0,yes,0.23255979110857244,0.23255979110857244,positive,weak,0.0,0.0,yes
TAALES_COVERAGE,BNC_Spoken_Bigram_Normed_Freq_Log,no,0.21474203197962172,0.21474203197962172,positive,weak,0.0,0.0,yes,0.23255979110857244,0.23255979110857244,positive,weak,0.0,0.0,yes
TAALES,BNC_Spoken_Bigram_Proportion,no,0.2147420319796279,0.2147420319796279,positive,weak,0.0,0.0,yes,0.23255979110857222,0.23255979110857222,positive,weak,0.0,0.0,yes
TAASSC,nonfinite_prop,no,-0.31923757910838674,0.31923757910838674,negative,weak,0.0,0.0,yes,-0.23245661943667842,0.23245661943667842,negative,weak,0.0,0.0,yes
POLKE,polke_260_per_100_words,no,0.16369461150958786,0.16369461150958786,positive,very weak,0.0,0.0,yes,0.232439737422689,0.232439737422689,positive,weak,0.0,0.0,yes
TAASSC,pp_all,no,-0.1931632294441622,0.1931632294441622,negative,very weak,0.0,0.0,yes,-0.23092468922880646,0.23092468922880646,negative,weak,0.0,0.0,yes
TAALES,LD_Mean_RT_CW,no,0.27488879720459736,0.27488879720459736,positive,weak,0.0,0.0,yes,0.2304186296834663,0.2304186296834663,positive,weak,0.0,0.0,yes
POLKE,polke_575_per_100_words,no,0.15195661145608005,0.15195661145608005,positive,very weak,0.0,0.0,yes,0.23020828823906786,0.23020828823906786,positive,weak,0.0,0.0,yes
POLKE,polke_415_per_100_words,no,0.14238341842300659,0.14238341842300659,positive,very weak,0.0,0.0,yes,0.2301889454064615,0.2301889454064615,positive,weak,0.0,0.0,yes
POLKE,polke_110_per_100_words,no,0.15169140646931575,0.15169140646931575,positive,very weak,0.0,0.0,yes,0.22970715711941947,0.22970715711941947,positive,weak,0.0,0.0,yes
TAALES,Freq_N_OG_FW,no,-0.12390910443892876,0.12390910443892876,negative,very weak,0.0,0.0,yes,-0.22957590859308008,0.22957590859308008,negative,weak,0.0,0.0,yes
TAALES,AWL_Sublist_9_Normed,no,0.1539637089244121,0.1539637089244121,positive,very weak,0.0,0.0,yes,0.22941987261820507,0.22941987261820507,positive,weak,0.0,0.0,yes
TAALES_COVERAGE,BNC_Written_Freq_CW,no,0.21813840868039355,0.21813840868039355,positive,weak,0.0,0.0,yes,0.22910067899227665,0.22910067899227665,positive,weak,0.0,0.0,yes
TAALES_COVERAGE,BNC_Written_Freq_CW_Log,no,0.21813840868039355,0.21813840868039355,positive,weak,0.0,0.0,yes,0.22910067899227665,0.22910067899227665,positive,weak,0.0,0.0,yes
TAALES_COVERAGE,BNC_Written_Range_CW,no,0.21813840868039355,0.21813840868039355,positive,weak,0.0,0.0,yes,0.22910067899227665,0.22910067899227665,positive,weak,0.0,0.0,yes
TAALES,COCA_fiction_bi_prop_20k,no,0.20268002478445302,0.20268002478445302,positive,weak,0.0,0.0,yes,0.22892944446914434,0.22892944446914434,positive,weak,0.0,0.0,yes
POLKE,polke_206_per_100_words,no,0.06677381222500281,0.06677381222500281,positive,very weak,0.0,0.0,yes,0.22878058103038462,0.22878058103038462,positive,weak,0.0,0.0,yes
TAASSC,ccomp_c,no,-0.08418672317479335,0.08418672317479335,negative,very weak,0.0,0.0,yes,0.22866284889406632,0.22866284889406632,positive,weak,0.0,0.0,yes
TAASSC,infinitive_prop,no,-0.13824825773690896,0.13824825773690896,negative,very weak,0.0,0.0,yes,0.22805275159970365,0.22805275159970365,positive,weak,0.0,0.0,yes
TAALES,AWL_Sublist_4_Normed,no,0.12267799525666681,0.12267799525666681,positive,very weak,0.0,0.0,yes,0.22750714722288515,0.22750714722288515,positive,weak,0.0,0.0,yes
L2SCA,C/S,no,0.03501053336665017,0.03501053336665017,positive,very weak,2.427182329371692e-110,3.2168606606433164e-110,yes,0.22687339677636145,0.22687339677636145,positive,weak,0.0,0.0,yes
TAALES,BNC_Written_Freq_FW,no,0.13347282725827278,0.13347282725827278,positive,very weak,0.0,0.0,yes,0.2258602216877427,0.2258602216877427,positive,weak,0.0,0.0,yes
TAASSC,downtoners_adverb,no,0.14276930105274277,0.14276930105274277,positive,very weak,0.0,0.0,yes,0.22571067371863163,0.22571067371863163,positive,weak,0.0,0.0,yes
TAASSC,mltu,no,-0.252802550140248,0.252802550140248,negative,weak,0.0,0.0,yes,-0.22522654118393892,0.22522654118393892,negative,weak,0.0,0.0,yes
TAALES,BNC_Spoken_Freq_FW_Log,no,-0.17522537588351791,0.17522537588351791,negative,very weak,0.0,0.0,yes,-0.22417164603672127,0.22417164603672127,negative,weak,0.0,0.0,yes
TAALES,COCA_spoken_Bigram_Frequency,no,0.1039345006188608,0.1039345006188608,positive,very weak,0.0,0.0,yes,0.22190948372281044,0.22190948372281044,positive,weak,0.0,0.0,yes
TAALES,Freq_N_FW,no,-0.13812301932737317,0.13812301932737317,negative,very weak,0.0,0.0,yes,-0.22102605745904474,0.22102605745904474,negative,weak,0.0,0.0,yes
TAALES,COCA_Academic_Frequency_FW,no,0.13455727267612638,0.13455727267612638,positive,very weak,0.0,0.0,yes,0.2209911453389774,0.2209911453389774,positive,weak,0.0,0.0,yes
TAASSC,split_aux,no,0.17631011852811365,0.17631011852811365,positive,very weak,0.0,0.0,yes,0.22074111494783022,0.22074111494783022,positive,weak,0.0,0.0,yes
TAALES,MRC_Concreteness_CW,no,-0.27388226275702254,0.27388226275702254,negative,weak,0.0,0.0,yes,-0.22038763794970279,0.22038763794970279,negative,weak,0.0,0.0,yes
POLKE,polke_899_per_100_words,no,0.1460740829419934,0.1460740829419934,positive,very weak,0.0,0.0,yes,0.21849220516513237,0.21849220516513237,positive,weak,0.0,0.0,yes
TAASSC,conjuncts_adverb,no,0.2016483279345437,0.2016483279345437,positive,weak,0.0,0.0,yes,0.21842439072373115,0.21842439072373115,positive,weak,0.0,0.0,yes
TAALES,COCA_Fiction_Trigram_Range,no,0.12862502023446093,0.12862502023446093,positive,very weak,0.0,0.0,yes,0.21824929144221367,0.21824929144221367,positive,weak,0.0,0.0,yes
TAALES,LD_Mean_RT,no,0.22465569647685485,0.22465569647685485,positive,weak,0.0,0.0,yes,0.21645653236579515,0.21645653236579515,positive,weak,0.0,0.0,yes
POLKE,polke_121_per_100_words,no,0.09613006420008514,0.09613006420008514,positive,very weak,0.0,0.0,yes,0.21610793623914049,0.21610793623914049,positive,weak,0.0,0.0,yes
TAALES,KF_Ncats_FW,no,0.06253346596215435,0.06253346596215435,positive,very weak,0.0,0.0,yes,-0.21572577760564488,0.21572577760564488,negative,weak,0.0,0.0,yes
TAALES_COVERAGE,MRC_Meaningfulness_AW,no,0.15371795959619128,0.15371795959619128,positive,very weak,0.0,0.0,yes,0.21531103287277528,0.21531103287277528,positive,weak,0.0,0.0,yes
TAASSC,communication_verb,no,0.10490461646957841,0.10490461646957841,positive,very weak,0.0,0.0,yes,0.2149333384637481,0.2149333384637481,positive,weak,0.0,0.0,yes
TAASSC,prep_phrase,no,0.18127236673061747,0.18127236673061747,positive,very weak,0.0,0.0,yes,0.2146338689751312,0.2146338689751312,positive,weak,0.0,0.0,yes
TAALES,LD_Mean_Accuracy_FW,no,0.023828160824429644,0.023828160824429644,positive,very weak,4.322864604158588e-52,5.310682518719183e-52,yes,-0.21369632572640207,0.21369632572640207,negative,weak,0.0,0.0,yes
TAASSC,amplifiers_adverb,no,0.06940275475403047,0.06940275475403047,positive,very weak,0.0,0.0,yes,0.2129938319090433,0.2129938319090433,positive,weak,0.0,0.0,yes
TAALES,Brown_Freq_FW,no,-0.18998408498558206,0.18998408498558206,negative,very weak,0.0,0.0,yes,-0.21216430103020917,0.21216430103020917,negative,weak,0.0,0.0,yes
TAALES,poly_noun,no,0.22039576291355795,0.22039576291355795,positive,weak,0.0,0.0,yes,0.21167816903508196,0.21167816903508196,positive,weak,0.0,0.0,yes
POLKE,polke_65_per_100_words,no,0.0407927244666923,0.0407927244666923,positive,very weak,3.949953339725279e-149,5.415003978919947e-149,yes,0.2116338188648806,0.2116338188648806,positive,weak,0.0,0.0,yes
TAALES,COCA_fiction_tri_AC,no,0.10601836826940934,0.10601836826940934,positive,very weak,0.0,0.0,yes,0.21155776634036444,0.21155776634036444,positive,weak,0.0,0.0,yes
TAASSC,past_participial_clause,no,0.14604240194031137,0.14604240194031137,positive,very weak,0.0,0.0,yes,0.21126488167349533,0.21126488167349533,positive,weak,0.0,0.0,yes
POLKE,polke_136_per_100_words,no,0.1803043639317929,0.1803043639317929,positive,very weak,0.0,0.0,yes,0.21076714611205333,0.21076714611205333,positive,weak,0.0,0.0,yes
POLKE,polke_189_per_100_words,no,0.1803043639317929,0.1803043639317929,positive,very weak,0.0,0.0,yes,0.2107671461120499,0.2107671461120499,positive,weak,0.0,0.0,yes
TAASSC,poss_dep,no,-0.2257691802241127,0.2257691802241127,negative,weak,0.0,0.0,yes,-0.20997242002674496,0.20997242002674496,negative,weak,0.0,0.0,yes
POLKE,polke_281_per_100_words,no,0.05934722343313527,0.05934722343313527,positive,very weak,1.0792943563e-313,1.65859302965e-313,yes,0.20987394760773573,0.20987394760773573,positive,weak,0.0,0.0,yes
TAALES,COCA_fiction_tri_2_AC,no,0.10724039178154955,0.10724039178154955,positive,very weak,0.0,0.0,yes,0.209357723054504,0.209357723054504,positive,weak,0.0,0.0,yes
TAALES,COCA_News_Bigram_Frequency_Log,no,0.18784436064704577,0.18784436064704577,positive,very weak,0.0,0.0,yes,0.20918265733989008,0.20918265733989008,positive,weak,0.0,0.0,yes
TAALES,Brown_Freq_CW_Log,no,-0.1355989448378966,0.1355989448378966,negative,very weak,0.0,0.0,yes,-0.20856531022624009,0.20856531022624009,negative,weak,0.0,0.0,yes
POLKE,polke_24_per_100_words,no,0.09192452380479584,0.09192452380479584,positive,very weak,0.0,0.0,yes,0.20834656263802384,0.20834656263802384,positive,weak,0.0,0.0,yes
POLKE,polke_304_per_100_words,no,0.1164342082822885,0.1164342082822885,positive,very weak,0.0,0.0,yes,0.20827148827441608,0.20827148827441608,positive,weak,0.0,0.0,yes
LCA,logttr,yes,-0.16614228679643278,0.16614228679643278,negative,very weak,0.0,0.0,yes,-0.2081467012170516,0.2081467012170516,negative,weak,0.0,0.0,yes
POLKE,polke_80_per_100_words,no,0.049933601404876495,0.049933601404876495,positive,very weak,1.5167603752880848e-222,2.2138247179736727e-222,yes,0.20789696131511423,0.20789696131511423,positive,weak,0.0,0.0,yes
TAALES,COCA_news_tri_2_MI2,no,0.19158584454512106,0.19158584454512106,positive,very weak,0.0,0.0,yes,0.20777991532924078,0.20777991532924078,positive,weak,0.0,0.0,yes
TAASSC,to_clause_verb_desire,no,0.09851671760454019,0.09851671760454019,positive,very weak,0.0,0.0,yes,0.20774621454598724,0.20774621454598724,positive,weak,0.0,0.0,yes
TAALES,COCA_Academic_Frequency_Log_CW,no,0.242194092605874,0.242194092605874,positive,weak,0.0,0.0,yes,0.2075932554744453,0.2075932554744453,positive,weak,0.0,0.0,yes
POLKE,polke_107_per_100_words,no,0.11987905892759344,0.11987905892759344,positive,very weak,0.0,0.0,yes,0.2068939127637665,0.2068939127637665,positive,weak,0.0,0.0,yes
TAALES,COCA_News_Bigram_Range_Log,no,0.16081932581806785,0.16081932581806785,positive,very weak,0.0,0.0,yes,0.20676944979309636,0.20676944979309636,positive,weak,0.0,0.0,yes
TAALES,Ortho_N_FW,no,0.170947885584854,0.170947885584854,positive,very weak,0.0,0.0,yes,0.20587913536512698,0.20587913536512698,positive,weak,0.0,0.0,yes
TAALES,LD_Mean_RT_Zscore_CW,no,0.25518334375481744,0.25518334375481744,positive,weak,0.0,0.0,yes,0.20587788442163776,0.20587788442163776,positive,weak,0.0,0.0,yes
POLKE,polke_956_per_100_words,no,0.04326221236774608,0.04326221236774608,positive,very weak,1.679746564704363e-167,2.3382835701850507e-167,yes,0.2058292704778206,0.2058292704778206,positive,weak,0.0,0.0,yes
POLKE,polke_635_per_100_words,no,0.1327260888303027,0.1327260888303027,positive,very weak,0.0,0.0,yes,0.20491702700200484,0.20491702700200484,positive,weak,0.0,0.0,yes
POLKE,polke_371_per_100_words,no,0.13891983888054665,0.13891983888054665,positive,very weak,0.0,0.0,yes,0.204738856993765,0.204738856993765,positive,weak,0.0,0.0,yes
TAALES,COCA_spoken_bi_AC,no,0.08647968849381994,0.08647968849381994,positive,very weak,0.0,0.0,yes,0.20441655775545206,0.20441655775545206,positive,weak,0.0,0.0,yes
TAALES,COCA_news_Frequency_FW,no,0.11897574090283346,0.11897574090283346,positive,very weak,0.0,0.0,yes,0.204083438907864,0.204083438907864,positive,weak,0.0,0.0,yes
POLKE,polke_369_per_100_words,no,0.025795011277332948,0.025795011277332948,positive,very weak,9.739647259158306e-61,1.210398191989601e-60,yes,0.2029560270136708,0.2029560270136708,positive,weak,0.0,0.0,yes
TAASSC,nonfinite_clause,no,0.14489809325027472,0.14489809325027472,positive,very weak,0.0,0.0,yes,0.20281511643473862,0.20281511643473862,positive,weak,0.0,0.0,yes
POLKE,polke_23_per_100_words,no,0.0660823755334476,0.0660823755334476,positive,very weak,0.0,0.0,yes,0.20143679601570974,0.20143679601570974,positive,weak,0.0,0.0,yes
TAALES,COCA_spoken_Range_Log_CW,no,0.1913416785420697,0.1913416785420697,positive,very weak,0.0,0.0,yes,0.20127473911345253,0.20127473911345253,positive,weak,0.0,0.0,yes
TAASSC,cc_clause,no,0.0603462799306971,0.0603462799306971,positive,very weak,5e-324,1e-323,yes,0.20105180765098069,0.20105180765098069,positive,weak,0.0,0.0,yes
POLKE,polke_434_per_100_words,no,0.1103857280333826,0.1103857280333826,positive,very weak,0.0,0.0,yes,0.20012704839749507,0.20012704839749507,positive,weak,0.0,0.0,yes
TAALES,Core_AFL_Normed,no,0.045383010079957355,0.045383010079957355,positive,very weak,3.839213124917086e-184,5.428071318411214e-184,yes,0.19996807195039096,0.19996807195039096,positive,very weak,0.0,0.0,yes
TAASSC,to_clause_verb_to_causative,no,0.1559881642496553,0.1559881642496553,positive,very weak,0.0,0.0,yes,0.19875911635249244,0.19875911635249244,positive,very weak,0.0,0.0,yes
POLKE,polke_106_per_100_words,no,-0.25470046712984873,0.25470046712984873,negative,weak,0.0,0.0,yes,-0.19866025128735967,0.19866025128735967,negative,very weak,0.0,0.0,yes
POLKE,polke_74_per_100_words,no,-0.25470046712984873,0.25470046712984873,negative,weak,0.0,0.0,yes,-0.198660251287358,0.198660251287358,negative,very weak,0.0,0.0,yes
TAALES,SUBTLEXus_Freq_FW,no,-0.1843092259106639,0.1843092259106639,negative,very weak,0.0,0.0,yes,-0.19847966983041868,0.19847966983041868,negative,very weak,0.0,0.0,yes
POLKE,polke_949_per_100_words,no,0.1024044951538526,0.1024044951538526,positive,very weak,0.0,0.0,yes,0.19842562238175995,0.19842562238175995,positive,very weak,0.0,0.0,yes
TAALES_COVERAGE,COCA_spoken_Trigram_Frequency_Log,no,0.21156229506673216,0.21156229506673216,positive,weak,0.0,0.0,yes,0.19808373186368827,0.19808373186368827,positive,very weak,0.0,0.0,yes
TAALES_COVERAGE,COCA_spoken_Trigram_Range,no,0.21156229506673216,0.21156229506673216,positive,weak,0.0,0.0,yes,0.19808373186368827,0.19808373186368827,positive,very weak,0.0,0.0,yes
TAALES_COVERAGE,COCA_spoken_Trigram_Range_Log,no,0.21156229506673216,0.21156229506673216,positive,weak,0.0,0.0,yes,0.19808373186368827,0.19808373186368827,positive,very weak,0.0,0.0,yes
TAALES_COVERAGE,COCA_spoken_tri_AC,no,0.21156229506673216,0.21156229506673216,positive,weak,0.0,0.0,yes,0.19808373186368827,0.19808373186368827,positive,very weak,0.0,0.0,yes
TAALES_COVERAGE,COCA_spoken_tri_DP,no,0.21156229506673216,0.21156229506673216,positive,weak,0.0,0.0,yes,0.19808373186368827,0.19808373186368827,positive,very weak,0.0,0.0,yes
TAALES_COVERAGE,COCA_spoken_tri_MI,no,0.21156229506673216,0.21156229506673216,positive,weak,0.0,0.0,yes,0.19808373186368827,0.19808373186368827,positive,very weak,0.0,0.0,yes
TAALES_COVERAGE,COCA_spoken_tri_MI2,no,0.21156229506673216,0.21156229506673216,positive,weak,0.0,0.0,yes,0.19808373186368827,0.19808373186368827,positive,very weak,0.0,0.0,yes
TAALES_COVERAGE,COCA_spoken_tri_T,no,0.21156229506673216,0.21156229506673216,positive,weak,0.0,0.0,yes,0.19808373186368827,0.19808373186368827,positive,very weak,0.0,0.0,yes
TAALES_COVERAGE,COCA_spoken_Trigram_Frequency,no,0.21156229506673216,0.21156229506673216,positive,weak,0.0,0.0,yes,0.19808373186367928,0.19808373186367928,positive,very weak,0.0,0.0,yes
TAALES_COVERAGE,COCA_spoken_tri_2_AC,no,0.21156229506673216,0.21156229506673216,positive,weak,0.0,0.0,yes,0.198083731863678,0.198083731863678,positive,very weak,0.0,0.0,yes
TAALES_COVERAGE,COCA_spoken_tri_2_DP,no,0.21156229506673216,0.21156229506673216,positive,weak,0.0,0.0,yes,0.198083731863678,0.198083731863678,positive,very weak,0.0,0.0,yes
TAALES_COVERAGE,COCA_spoken_tri_2_MI,no,0.21156229506673216,0.21156229506673216,positive,weak,0.0,0.0,yes,0.198083731863678,0.198083731863678,positive,very weak,0.0,0.0,yes
TAALES_COVERAGE,COCA_spoken_tri_2_MI2,no,0.21156229506673216,0.21156229506673216,positive,weak,0.0,0.0,yes,0.198083731863678,0.198083731863678,positive,very weak,0.0,0.0,yes
TAALES_COVERAGE,COCA_spoken_tri_2_T,no,0.21156229506673216,0.21156229506673216,positive,weak,0.0,0.0,yes,0.198083731863678,0.198083731863678,positive,very weak,0.0,0.0,yes
TAALES,TL_Freq_CW,no,-0.17691959990909759,0.17691959990909759,negative,very weak,0.0,0.0,yes,-0.19805397949963477,0.19805397949963477,negative,very weak,0.0,0.0,yes
TAALES,COCA_spoken_tri_prop_100k,no,0.21164352794874178,0.21164352794874178,positive,weak,0.0,0.0,yes,0.1968763934028866,0.1968763934028866,positive,very weak,0.0,0.0,yes
TAALES,COCA_spoken_bi_MI,no,-0.15425671957093812,0.15425671957093812,negative,very weak,0.0,0.0,yes,-0.1961838482389899,0.1961838482389899,negative,very weak,0.0,0.0,yes
TAALES,COCA_Magazine_Bigram_Frequency_Log,no,0.18578962587707215,0.18578962587707215,positive,very weak,0.0,0.0,yes,0.19556793017506352,0.19556793017506352,positive,very weak,0.0,0.0,yes
TAALES,AWL_Sublist_8_Normed,no,0.15766483567998738,0.15766483567998738,positive,very weak,0.0,0.0,yes,0.19554053044990713,0.19554053044990713,positive,very weak,0.0,0.0,yes
TAALES,COCA_magazine_Frequency_FW,no,0.1129523009104976,0.1129523009104976,positive,very weak,0.0,0.0,yes,0.19513969801264938,0.19513969801264938,positive,very weak,0.0,0.0,yes
TAALES,COCA_Magazine_Bigram_Range_Log,no,0.1753953718734228,0.1753953718734228,positive,very weak,0.0,0.0,yes,0.19499071555476483,0.19499071555476483,positive,very weak,0.0,0.0,yes
TAALES,eat_tokens_FW,no,-0.005794690364850597,0.005794690364850597,negative,very weak,0.00022199230952913478,0.0002373546202259764,yes,-0.19495520562014756,0.19495520562014756,negative,very weak,0.0,0.0,yes
TAALES,COCA_spoken_tri_prop_30k,no,0.2081526925339742,0.2081526925339742,positive,weak,0.0,0.0,yes,0.19450103355309062,0.19450103355309062,positive,very weak,0.0,0.0,yes
TAALES,COCA_fiction_bi_prop_10k,no,0.1838737193334312,0.1838737193334312,positive,very weak,0.0,0.0,yes,0.1940766155120692,0.1940766155120692,positive,very weak,0.0,0.0,yes
TAALES,OLD,no,0.21429380811175042,0.21429380811175042,positive,weak,0.0,0.0,yes,0.1938387598502945,0.1938387598502945,positive,very weak,0.0,0.0,yes
TAALES_COVERAGE,hyper_verb_S1_P1,no,0.27079836873430396,0.27079836873430396,positive,weak,0.0,0.0,yes,0.19346064275530336,0.19346064275530336,positive,very weak,0.0,0.0,yes
TAALES_COVERAGE,hyper_verb_Sav_P1,no,0.27079836873430396,0.27079836873430396,positive,weak,0.0,0.0,yes,0.19346064275530336,0.19346064275530336,positive,very weak,0.0,0.0,yes
TAALES_COVERAGE,hyper_verb_Sav_Pav,no,0.27079836873430396,0.27079836873430396,positive,weak,0.0,0.0,yes,0.19346064275530336,0.19346064275530336,positive,very weak,0.0,0.0,yes
TAALES_COVERAGE,poly_verb,no,0.27079836873430396,0.27079836873430396,positive,weak,0.0,0.0,yes,0.19346064275530198,0.19346064275530198,positive,very weak,0.0,0.0,yes
POLKE,polke_370_per_100_words,no,0.10784841798730715,0.10784841798730715,positive,very weak,0.0,0.0,yes,0.19338364959481588,0.19338364959481588,positive,very weak,0.0,0.0,yes
TAALES,COCA_spoken_tri_prop_50k,no,0.20589712246800457,0.20589712246800457,positive,weak,0.0,0.0,yes,0.19268666341120744,0.19268666341120744,positive,very weak,0.0,0.0,yes
TAALES,COCA_spoken_tri_prop_20k,no,0.20335808258055987,0.20335808258055987,positive,weak,0.0,0.0,yes,0.19268133930804915,0.19268133930804915,positive,very weak,0.0,0.0,yes
TAALES,COCA_academic_bi_MI,no,-0.14863395584919786,0.14863395584919786,negative,very weak,0.0,0.0,yes,-0.19237620602178615,0.19237620602178615,negative,very weak,0.0,0.0,yes
TAALES,Spoken_AFL_Normed,no,0.0652445597215578,0.0652445597215578,positive,very weak,0.0,0.0,yes,0.1922036255752613,0.1922036255752613,positive,very weak,0.0,0.0,yes
TAALES,SUBTLEXus_Freq_CW_Log,no,-0.19289597180834914,0.19289597180834914,negative,very weak,0.0,0.0,yes,-0.19209352911011812,0.19209352911011812,negative,very weak,0.0,0.0,yes
TAALES,COCA_magazine_tri_2_MI2,no,0.1779036071970645,0.1779036071970645,positive,very weak,0.0,0.0,yes,0.19207106629716994,0.19207106629716994,positive,very weak,0.0,0.0,yes
TAALES,Log_Freq_HAL,no,0.19885762551129366,0.19885762551129366,positive,very weak,0.0,0.0,yes,0.19153609256763365,0.19153609256763365,positive,very weak,0.0,0.0,yes
TAALES,COCA_spoken_tri_prop_40k,no,0.20187884008332344,0.20187884008332344,positive,weak,0.0,0.0,yes,0.19133642476879487,0.19133642476879487,positive,very weak,0.0,0.0,yes
TAALES,COCA_spoken_tri_prop_80k,no,0.20534415548714474,0.20534415548714474,positive,weak,0.0,0.0,yes,0.19077562057579747,0.19077562057579747,positive,very weak,0.0,0.0,yes
POLKE,polke_341_per_100_words,no,0.119655028547875,0.119655028547875,positive,very weak,0.0,0.0,yes,0.18995647531585982,0.18995647531585982,positive,very weak,0.0,0.0,yes
TAALES,COCA_News_Trigram_Range_Log,no,-0.04333586361926688,0.04333586361926688,negative,very weak,4.578409586941412e-168,6.378531634122277e-168,yes,0.18899460342332924,0.18899460342332924,positive,very weak,0.0,0.0,yes
TAASSC,to_clause_adjective_evaluative,no,-0.1859813651212445,0.1859813651212445,negative,very weak,0.0,0.0,yes,-0.18899239932349607,0.18899239932349607,negative,very weak,0.0,0.0,yes
TAALES,COCA_spoken_tri_prop_90k,no,0.2051875264640456,0.2051875264640456,positive,weak,0.0,0.0,yes,0.188986046689296,0.188986046689296,positive,very weak,0.0,0.0,yes
TAASSC,prep_nominal,no,-0.05981021614965608,0.05981021614965608,negative,very weak,1.387193e-318,2.139423e-318,yes,0.18874897822666586,0.18874897822666586,positive,very weak,0.0,0.0,yes
TAALES,COCA_spoken_Frequency_Log_FW,no,-0.038307167166003124,0.038307167166003124,negative,very weak,9.905210893424349e-132,1.3418196431455576e-131,yes,-0.18867459488380697,0.18867459488380697,negative,very weak,0.0,0.0,yes
TAALES_COVERAGE,aoe_index_above_threshold_40,no,0.12816278289910243,0.12816278289910243,positive,very weak,0.0,0.0,yes,0.18853392589584556,0.18853392589584556,positive,very weak,0.0,0.0,yes
TAALES_COVERAGE,aoe_inflection_point_polynomial,no,0.12816278289910243,0.12816278289910243,positive,very weak,0.0,0.0,yes,0.18853392589584556,0.18853392589584556,positive,very weak,0.0,0.0,yes
TAALES_COVERAGE,aoe_inverse_average,no,0.12816278289910243,0.12816278289910243,positive,very weak,0.0,0.0,yes,0.18853392589584556,0.18853392589584556,positive,very weak,0.0,0.0,yes
TAALES_COVERAGE,aoe_inverse_linear_regression_slope,no,0.12816278289910243,0.12816278289910243,positive,very weak,0.0,0.0,yes,0.18853392589584556,0.18853392589584556,positive,very weak,0.0,0.0,yes
TAALES,COCA_news_Range_Log_FW,no,-0.08815037126120205,0.08815037126120205,negative,very weak,0.0,0.0,yes,-0.1883340506550502,0.1883340506550502,negative,very weak,0.0,0.0,yes
TAALES,COCA_spoken_tri_2_T,no,0.11066373495844264,0.11066373495844264,positive,very weak,0.0,0.0,yes,0.18832429879812929,0.18832429879812929,positive,very weak,0.0,0.0,yes
TAALES,COCA_spoken_Range_CW,no,0.1830326428073333,0.1830326428073333,positive,very weak,0.0,0.0,yes,0.1882764095250108,0.1882764095250108,positive,very weak,0.0,0.0,yes
POLKE,polke_86_per_100_words,no,0.1150882600908349,0.1150882600908349,positive,very weak,0.0,0.0,yes,0.18814614916391703,0.18814614916391703,positive,very weak,0.0,0.0,yes
TAALES,COCA_spoken_tri_prop_60k,no,0.20200827314756745,0.20200827314756745,positive,weak,0.0,0.0,yes,0.18759864602573198,0.18759864602573198,positive,very weak,0.0,0.0,yes
POLKE,polke_47_per_100_words,no,-0.22518429429692954,0.22518429429692954,negative,weak,0.0,0.0,yes,-0.18738201728084142,0.18738201728084142,negative,very weak,0.0,0.0,yes
TAALES_COVERAGE,BG_Mean_FW,no,0.23809313093446974,0.23809313093446974,positive,weak,0.0,0.0,yes,0.18691411891741092,0.18691411891741092,positive,very weak,0.0,0.0,yes
TAASSC,place_adverbials,no,0.07544999028510978,0.07544999028510978,positive,very weak,0.0,0.0,yes,0.18691325821878066,0.18691325821878066,positive,very weak,0.0,0.0,yes
TAALES_COVERAGE,Sem_D_FW,no,0.238089572648236,0.238089572648236,positive,weak,0.0,0.0,yes,0.1869118666847904,0.1869118666847904,positive,very weak,0.0,0.0,yes
POLKE,polke_364_per_100_words,no,0.059672670225909386,0.059672670225909386,positive,very weak,3.97336e-317,6.122473e-317,yes,0.18661750367727897,0.18661750367727897,positive,very weak,0.0,0.0,yes
TAALES,COCA_spoken_tri_T,no,0.09187439549848977,0.09187439549848977,positive,very weak,0.0,0.0,yes,0.18646398755873186,0.18646398755873186,positive,very weak,0.0,0.0,yes
POLKE,polke_859_per_100_words,no,0.11224762451150191,0.11224762451150191,positive,very weak,0.0,0.0,yes,0.185288741816252,0.185288741816252,positive,very weak,0.0,0.0,yes
TAALES,COCA_news_Frequency_Log_CW,no,0.17280100745257834,0.17280100745257834,positive,very weak,0.0,0.0,yes,0.18507333561183326,0.18507333561183326,positive,very weak,0.0,0.0,yes
TAALES,content_poly,no,0.13128749418794872,0.13128749418794872,positive,very weak,0.0,0.0,yes,0.18484508022148133,0.18484508022148133,positive,very weak,0.0,0.0,yes
L2SCA,CP/T,no,0.048866797028885696,0.048866797028885696,positive,very weak,3.268019381317553e-213,4.7216960732599864e-213,yes,0.1847218547627778,0.1847218547627778,positive,very weak,0.0,0.0,yes
POLKE,polke_325_per_100_words,no,0.026034146168730406,0.026034146168730406,positive,very weak,7.775590101526815e-62,9.670150126264313e-62,yes,0.18338963337227215,0.18338963337227215,positive,very weak,0.0,0.0,yes
POLKE,polke_71_per_100_words,no,-0.1781446708261517,0.1781446708261517,negative,very weak,0.0,0.0,yes,-0.1833416109859899,0.1833416109859899,negative,very weak,0.0,0.0,yes
TAASSC,wh_clause,no,0.14109308614181534,0.14109308614181534,positive,very weak,0.0,0.0,yes,0.18312382353675316,0.18312382353675316,positive,very weak,0.0,0.0,yes
POLKE,polke_249_per_100_words,no,0.0986654591080389,0.0986654591080389,positive,very weak,0.0,0.0,yes,0.1830795210070688,0.1830795210070688,positive,very weak,0.0,0.0,yes
TAALES,COCA_spoken_Bigram_Range_Log,no,0.16881560545533003,0.16881560545533003,positive,very weak,0.0,0.0,yes,0.18304720764188953,0.18304720764188953,positive,very weak,0.0,0.0,yes
LCA,vv1,no,0.054942698481141264,0.054942698481141264,positive,very weak,4.4400617019568796e-269,6.64459495537177e-269,yes,-0.18256075258434876,0.18256075258434876,negative,very weak,0.0,0.0,yes
TAALES,COCA_spoken_Bigram_Frequency_Log,no,0.1861198973518121,0.1861198973518121,positive,very weak,0.0,0.0,yes,0.18233832213504175,0.18233832213504175,positive,very weak,0.0,0.0,yes
TAALES,COCA_academic_tri_2_DP,no,0.10742445286902869,0.10742445286902869,positive,very weak,0.0,0.0,yes,0.18224151978317882,0.18224151978317882,positive,very weak,0.0,0.0,yes
TAALES,COCA_spoken_tri_prop_70k,no,0.19634725795814695,0.19634725795814695,positive,very weak,0.0,0.0,yes,0.18076882229634084,0.18076882229634084,positive,very weak,0.0,0.0,yes
POLKE,polke_433_per_100_words,no,0.07689207623212975,0.07689207623212975,positive,very weak,0.0,0.0,yes,0.1806288758322845,0.1806288758322845,positive,very weak,0.0,0.0,yes
POLKE,polke_525_per_100_words,no,0.1192983217769492,0.1192983217769492,positive,very weak,0.0,0.0,yes,0.18042379691698024,0.18042379691698024,positive,very weak,0.0,0.0,yes
TAALES,COCA_academic_bi_T,no,0.07780549961933884,0.07780549961933884,positive,very weak,0.0,0.0,yes,0.18033487703733161,0.18033487703733161,positive,very weak,0.0,0.0,yes
TAALES,COCA_Academic_Trigram_Range_Log,no,-0.07849165007923171,0.07849165007923171,negative,very weak,0.0,0.0,yes,0.1801455972193664,0.1801455972193664,positive,very weak,0.0,0.0,yes
POLKE,polke_3_per_100_words,no,-0.034651370107770925,0.034651370107770925,negative,very weak,3.974367228110132e-108,5.255235000932056e-108,yes,0.18006335762346667,0.18006335762346667,positive,very weak,0.0,0.0,yes
POLKE,polke_674_per_100_words,no,0.11412249422892493,0.11412249422892493,positive,very weak,0.0,0.0,yes,0.17917451443283333,0.17917451443283333,positive,very weak,0.0,0.0,yes
TAALES,COCA_magazine_bi_DP,no,0.12127718882616137,0.12127718882616137,positive,very weak,0.0,0.0,yes,0.17880483198885033,0.17880483198885033,positive,very weak,0.0,0.0,yes
POLKE,polke_476_per_100_words,no,0.13369383466691148,0.13369383466691148,positive,very weak,0.0,0.0,yes,0.17834708530083115,0.17834708530083115,positive,very weak,0.0,0.0,yes
TAALES,COCA_magazine_bi_T,no,0.100150691685045,0.100150691685045,positive,very weak,0.0,0.0,yes,0.17823494792915903,0.17823494792915903,positive,very weak,0.0,0.0,yes
TAASSC,that_verb_clause_factive,no,0.15004712301433268,0.15004712301433268,positive,very weak,0.0,0.0,yes,0.17822873019080848,0.17822873019080848,positive,very weak,0.0,0.0,yes
POLKE,polke_395_per_100_words,no,0.1369264618277915,0.1369264618277915,positive,very weak,0.0,0.0,yes,0.17759264721515367,0.17759264721515367,positive,very weak,0.0,0.0,yes
POLKE,polke_951_per_100_words,no,0.11765184898208114,0.11765184898208114,positive,very weak,0.0,0.0,yes,0.17751068747896925,0.17751068747896925,positive,very weak,0.0,0.0,yes
TAALES_COVERAGE,MRC_Concreteness_CW,no,0.13309921977640227,0.13309921977640227,positive,very weak,0.0,0.0,yes,0.17644793107164666,0.17644793107164666,positive,very weak,0.0,0.0,yes
TAALES,Freq_N_CW,no,-0.16054840030993006,0.16054840030993006,negative,very weak,0.0,0.0,yes,-0.1764075585436446,0.1764075585436446,negative,very weak,0.0,0.0,yes
TAALES,hyper_noun_S1_P1,no,-0.20377694925755654,0.20377694925755654,negative,weak,0.0,0.0,yes,-0.17624556147775206,0.17624556147775206,negative,very weak,0.0,0.0,yes
TAALES,eat_tokens,no,-0.09556538126238553,0.09556538126238553,negative,very weak,0.0,0.0,yes,-0.17570514652382396,0.17570514652382396,negative,very weak,0.0,0.0,yes
POLKE,polke_125_per_100_words,no,0.013373525218066007,0.013373525218066007,positive,very weak,1.561627270952875e-17,1.7783471246242902e-17,yes,0.17561931018433855,0.17561931018433855,positive,very weak,0.0,0.0,yes
POLKE,polke_234_per_100_words,no,0.11700083878894242,0.11700083878894242,positive,very weak,0.0,0.0,yes,0.17557836369689608,0.17557836369689608,positive,very weak,0.0,0.0,yes
TAASSC,pp_demonstrative,no,0.03805598441332799,0.03805598441332799,positive,very weak,4.935069698782469e-130,6.680066719346435e-130,yes,0.17546368516827998,0.17546368516827998,positive,very weak,0.0,0.0,yes
POLKE,polke_92_per_100_words,no,-0.23401515788476202,0.23401515788476202,negative,weak,0.0,0.0,yes,-0.17532033101689856,0.17532033101689856,negative,very weak,0.0,0.0,yes
TAALES,Written_AFL_Normed,no,0.1549213974091698,0.1549213974091698,positive,very weak,0.0,0.0,yes,0.17492009433752775,0.17492009433752775,positive,very weak,0.0,0.0,yes
POLKE,polke_984_per_100_words,no,0.1361251182056642,0.1361251182056642,positive,very weak,0.0,0.0,yes,0.1740082062181807,0.1740082062181807,positive,very weak,0.0,0.0,yes
POLKE,polke_13_per_100_words,no,0.056899153464649584,0.056899153464649584,positive,very weak,1.809792066206262e-288,2.7442912409758968e-288,yes,0.17397172027936111,0.17397172027936111,positive,very weak,0.0,0.0,yes
TAALES,COCA_fiction_bi_T,no,0.12478418054788254,0.12478418054788254,positive,very weak,0.0,0.0,yes,0.17354939846252868,0.17354939846252868,positive,very weak,0.0,0.0,yes
TAASSC,nn_technical,no,0.07209393299410805,0.07209393299410805,positive,very weak,0.0,0.0,yes,0.17341303932387803,0.17341303932387803,positive,very weak,0.0,0.0,yes
TAALES,COCA_fiction_Frequency_Log_FW,no,-0.03890139047074539,0.03890139047074539,negative,very weak,8.625180871859196e-136,1.1739829520030575e-135,yes,-0.17316400325511047,0.17316400325511047,negative,very weak,0.0,0.0,yes
POLKE,polke_222_per_100_words,no,0.07588365561907259,0.07588365561907259,positive,very weak,0.0,0.0,yes,0.1728362180179329,0.1728362180179329,positive,very weak,0.0,0.0,yes
TAALES,SUBTLEXus_Freq_CW,no,-0.17182005636451558,0.17182005636451558,negative,very weak,0.0,0.0,yes,-0.17272299977113337,0.17272299977113337,negative,very weak,0.0,0.0,yes
TAALES,COCA_news_bi_DP,no,0.12276304481922902,0.12276304481922902,positive,very weak,0.0,0.0,yes,0.17240246985186647,0.17240246985186647,positive,very weak,0.0,0.0,yes
TAASSC,contraction,no,-0.24144307302129908,0.24144307302129908,negative,weak,0.0,0.0,yes,-0.17194861453173557,0.17194861453173557,negative,very weak,0.0,0.0,yes
TAALES,COCA_news_Range_CW,no,0.17104847124224778,0.17104847124224778,positive,very weak,0.0,0.0,yes,0.17192835241503784,0.17192835241503784,positive,very weak,0.0,0.0,yes
POLKE,polke_689_per_100_words,no,0.08430162605965345,0.08430162605965345,positive,very weak,0.0,0.0,yes,0.17155847912643052,0.17155847912643052,positive,very weak,0.0,0.0,yes
TAALES,COCA_fiction_tri_MI,no,-0.10382140035261404,0.10382140035261404,negative,very weak,0.0,0.0,yes,-0.17146621803663412,0.17146621803663412,negative,very weak,0.0,0.0,yes
TAALES,COCA_news_bi_T,no,0.09339989322715575,0.09339989322715575,positive,very weak,0.0,0.0,yes,0.1707737713263864,0.1707737713263864,positive,very weak,0.0,0.0,yes
TAALES,COCA_news_bi_MI,no,-0.13394450746578082,0.13394450746578082,negative,very weak,0.0,0.0,yes,-0.17041149371480158,0.17041149371480158,negative,very weak,0.0,0.0,yes
POLKE,polke_41_per_100_words,no,-0.0018840285971470387,0.0018840285971470387,negative,very weak,0.22992331427029228,0.23611885267877322,no,0.16987530416666877,0.16987530416666877,positive,very weak,0.0,0.0,yes
POLKE,polke_137_per_100_words,no,0.16404606826910142,0.16404606826910142,positive,very weak,0.0,0.0,yes,0.16976896089976928,0.16976896089976928,positive,very weak,0.0,0.0,yes
TAASSC,adverbial_subordinator_causitive,no,0.04598219549811942,0.04598219549811942,positive,very weak,5.470100984875274e-189,7.772347298310766e-189,yes,0.1696671396704544,0.1696671396704544,positive,very weak,0.0,0.0,yes
POLKE,polke_120_per_100_words,no,0.09973159756225046,0.09973159756225046,positive,very weak,0.0,0.0,yes,0.16956097427649397,0.16956097427649397,positive,very weak,0.0,0.0,yes
POLKE,polke_871_per_100_words,no,0.15101687743213932,0.15101687743213932,positive,very weak,0.0,0.0,yes,0.16880589067007584,0.16880589067007584,positive,very weak,0.0,0.0,yes
TAALES,COCA_fiction_tri_prop_100k,no,0.15698090717786173,0.15698090717786173,positive,very weak,0.0,0.0,yes,0.1683001476354144,0.1683001476354144,positive,very weak,0.0,0.0,yes
TAALES,COCA_fiction_tri_prop_90k,no,0.15665718954366847,0.15665718954366847,positive,very weak,0.0,0.0,yes,0.1677820754445421,0.1677820754445421,positive,very weak,0.0,0.0,yes
POLKE,polke_113_per_100_words,no,0.13072010306176995,0.13072010306176995,positive,very weak,0.0,0.0,yes,0.16755070354929316,0.16755070354929316,positive,very weak,0.0,0.0,yes
TAALES,COCA_magazine_Frequency_Log_CW,no,0.1581494981855718,0.1581494981855718,positive,very weak,0.0,0.0,yes,0.16585935949182212,0.16585935949182212,positive,very weak,0.0,0.0,yes
POLKE,polke_378_per_100_words,no,0.0069885172723626685,0.0069885172723626685,positive,very weak,8.454136227595313e-06,9.159092628127582e-06,yes,0.16577701261008246,0.16577701261008246,positive,very weak,0.0,0.0,yes
POLKE,polke_483_per_100_words,no,0.1334082565630491,0.1334082565630491,positive,very weak,0.0,0.0,yes,0.16572966087928304,0.16572966087928304,positive,very weak,0.0,0.0,yes
TAALES,COCA_fiction_tri_prop_40k,no,0.1553284490472129,0.1553284490472129,positive,very weak,0.0,0.0,yes,0.16559865672340285,0.16559865672340285,positive,very weak,0.0,0.0,yes
TAALES,KF_Nsamp_CW,no,0.17579458270544268,0.17579458270544268,positive,very weak,0.0,0.0,yes,0.1654469888001199,0.1654469888001199,positive,very weak,0.0,0.0,yes
POLKE,polke_51_per_100_words,no,0.03169856548113358,0.03169856548113358,positive,very weak,8.674862560269814e-91,1.1228218332726591e-90,yes,0.1653534138307056,0.1653534138307056,positive,very weak,0.0,0.0,yes
TAALES,lsa_average_top_three_cosine,no,-0.2089791210899334,0.2089791210899334,negative,weak,0.0,0.0,yes,-0.165115250257026,0.165115250257026,negative,very weak,0.0,0.0,yes
POLKE,polke_36_per_100_words,no,0.042646111326753534,0.042646111326753534,positive,very weak,8.126308443085873e-163,1.1257365896520415e-162,yes,0.16475729579389425,0.16475729579389425,positive,very weak,0.0,0.0,yes
POLKE,polke_76_per_100_words,no,0.10972871173007633,0.10972871173007633,positive,very weak,0.0,0.0,yes,0.16468748325852364,0.16468748325852364,positive,very weak,0.0,0.0,yes
POLKE,polke_205_per_100_words,no,0.09876914858243971,0.09876914858243971,positive,very weak,0.0,0.0,yes,0.1640454651692306,0.1640454651692306,positive,very weak,0.0,0.0,yes
TAALES,COCA_fiction_tri_prop_80k,no,0.1538786943259662,0.1538786943259662,positive,very weak,0.0,0.0,yes,0.16380120620785757,0.16380120620785757,positive,very weak,0.0,0.0,yes
TAALES,COCA_Fiction_Bigram_Frequency_Log,no,0.17135585684341859,0.17135585684341859,positive,very weak,0.0,0.0,yes,0.16364135387170625,0.16364135387170625,positive,very weak,0.0,0.0,yes
POLKE,polke_60_per_100_words,no,0.10585451809283909,0.10585451809283909,positive,very weak,0.0,0.0,yes,0.16354033932405163,0.16354033932405163,positive,very weak,0.0,0.0,yes
POLKE,polke_992_per_100_words,no,0.03523809100644436,0.03523809100644436,positive,very weak,9.34223747335266e-112,1.2391289456148346e-111,yes,0.16332648677002162,0.16332648677002162,positive,very weak,0.0,0.0,yes
TAALES_COVERAGE,Freq_N_P,no,0.1277152024404933,0.1277152024404933,positive,very weak,0.0,0.0,yes,0.16332585840484976,0.16332585840484976,positive,very weak,0.0,0.0,yes
TAASSC,nn_group,no,0.005098267511028302,0.005098267511028302,positive,very weak,0.0011589909825737224,0.001229993524204167,yes,0.16324398123821657,0.16324398123821657,positive,very weak,0.0,0.0,yes
POLKE,polke_296_per_100_words,no,0.11777693256988744,0.11777693256988744,positive,very weak,0.0,0.0,yes,0.1630434705338177,0.1630434705338177,positive,very weak,0.0,0.0,yes
TAALES_COVERAGE,Freq_N_PH,no,0.12994390547491422,0.12994390547491422,positive,very weak,0.0,0.0,yes,0.16276136267767147,0.16276136267767147,positive,very weak,0.0,0.0,yes
TAALES,COCA_fiction_Range_Log_CW,no,0.12862507820421185,0.12862507820421185,positive,very weak,0.0,0.0,yes,0.16270395849205604,0.16270395849205604,positive,very weak,0.0,0.0,yes
TAALES,SUBTLEXus_Range_CW_Log,no,-0.16925893654930346,0.16925893654930346,negative,very weak,0.0,0.0,yes,-0.16268955619121048,0.16268955619121048,negative,very weak,0.0,0.0,yes
TAALES,COCA_fiction_bi_MI,no,-0.1501497695803606,0.1501497695803606,negative,very weak,0.0,0.0,yes,-0.1619321828083094,0.1619321828083094,negative,very weak,0.0,0.0,yes
TAASSC,that_verb_clause_likelihood,no,0.13165071460519306,0.13165071460519306,positive,very weak,0.0,0.0,yes,0.16192423616000703,0.16192423616000703,positive,very weak,0.0,0.0,yes
POLKE,polke_950_per_100_words,no,0.08823320365988377,0.08823320365988377,positive,very weak,0.0,0.0,yes,0.16191605854545987,0.16191605854545987,positive,very weak,0.0,0.0,yes
TAALES,COCA_fiction_tri_prop_50k,no,0.1528463581095131,0.1528463581095131,positive,very weak,0.0,0.0,yes,0.16170395934814422,0.16170395934814422,positive,very weak,0.0,0.0,yes
TAALES,COCA_magazine_tri_2_DP,no,0.09843182243513747,0.09843182243513747,positive,very weak,0.0,0.0,yes,0.1615802990863284,0.1615802990863284,positive,very weak,0.0,0.0,yes
TAALES,COCA_magazine_Range_CW,no,0.1595666942100967,0.1595666942100967,positive,very weak,0.0,0.0,yes,0.16135758243408513,0.16135758243408513,positive,very weak,0.0,0.0,yes
TAALES,BNC_Written_Freq_CW_Log,no,0.1674536797146344,0.1674536797146344,positive,very weak,0.0,0.0,yes,0.1613509979512677,0.1613509979512677,positive,very weak,0.0,0.0,yes
POLKE,polke_22_per_100_words,no,0.027403780012073616,0.027403780012073616,positive,very weak,2.564022713288698e-68,3.216751246005938e-68,yes,0.16115493534144693,0.16115493534144693,positive,very weak,0.0,0.0,yes
TAALES,PLDF,no,-0.14535416715158725,0.14535416715158725,negative,very weak,0.0,0.0,yes,-0.16102730916379007,0.16102730916379007,negative,very weak,0.0,0.0,yes
POLKE,polke_537_per_100_words,no,0.10625998173877785,0.10625998173877785,positive,very weak,0.0,0.0,yes,0.1605067270324821,0.1605067270324821,positive,very weak,0.0,0.0,yes
TAASSC,aspectual_verb,no,0.05457343023508459,0.05457343023508459,positive,very weak,1.700113364263359e-265,2.533183683502746e-265,yes,0.15973318433519618,0.15973318433519618,positive,very weak,0.0,0.0,yes
TAALES,COCA_spoken_Frequency_Log_CW,no,0.15093236952606634,0.15093236952606634,positive,very weak,0.0,0.0,yes,0.15959754203655596,0.15959754203655596,positive,very weak,0.0,0.0,yes
POLKE,polke_302_per_100_words,no,0.08159012133546516,0.08159012133546516,positive,very weak,0.0,0.0,yes,0.15900428628267893,0.15900428628267893,positive,very weak,0.0,0.0,yes
POLKE,polke_33_per_100_words,no,0.07101667364362503,0.07101667364362503,positive,very weak,0.0,0.0,yes,0.15884634248017604,0.15884634248017604,positive,very weak,0.0,0.0,yes
POLKE,polke_492_per_100_words,no,0.09048048334492921,0.09048048334492921,positive,very weak,0.0,0.0,yes,0.15846556964738673,0.15846556964738673,positive,very weak,0.0,0.0,yes
TAALES,Freq_N_PH_CW,no,-0.10205284176420179,0.10205284176420179,negative,very weak,0.0,0.0,yes,-0.1579683681200293,0.1579683681200293,negative,very weak,0.0,0.0,yes
TAALES,COCA_fiction_tri_prop_70k,no,0.1487154716790415,0.1487154716790415,positive,very weak,0.0,0.0,yes,0.15773535191157603,0.15773535191157603,positive,very weak,0.0,0.0,yes
TAALES,Freq_N_OGH_CW,no,-0.11759033882602743,0.11759033882602743,negative,very weak,0.0,0.0,yes,-0.157483241951787,0.157483241951787,negative,very weak,0.0,0.0,yes
TAALES,OG_N_H_CW,no,-0.11759033882602743,0.11759033882602743,negative,very weak,0.0,0.0,yes,-0.1574832419517847,0.1574832419517847,negative,very weak,0.0,0.0,yes
TAALES,OG_N_FW,no,-0.1511666286353718,0.1511666286353718,negative,very weak,0.0,0.0,yes,-0.1571736064248119,0.1571736064248119,negative,very weak,0.0,0.0,yes
TAALES,lsa_average_all_cosine,no,-0.19602282742266294,0.19602282742266294,negative,very weak,0.0,0.0,yes,-0.15679009812355438,0.15679009812355438,negative,very weak,0.0,0.0,yes
TAALES,COCA_fiction_tri_prop_60k,no,0.14856474160683827,0.14856474160683827,positive,very weak,0.0,0.0,yes,0.1559502867078161,0.1559502867078161,positive,very weak,0.0,0.0,yes
POLKE,polke_118_per_100_words,no,0.10426015219183213,0.10426015219183213,positive,very weak,0.0,0.0,yes,0.15544288533223488,0.15544288533223488,positive,very weak,0.0,0.0,yes
POLKE,polke_436_per_100_words,no,0.03271289697121642,0.03271289697121642,positive,very weak,1.4315617765789334e-96,1.8655991237331845e-96,yes,0.15454275502581327,0.15454275502581327,positive,very weak,0.0,0.0,yes
POLKE,polke_634_per_100_words,no,0.1369594705854818,0.1369594705854818,positive,very weak,0.0,0.0,yes,0.15439150952550418,0.15439150952550418,positive,very weak,0.0,0.0,yes
POLKE,polke_391_per_100_words,no,0.05330385431985052,0.05330385431985052,positive,very weak,2.3118729139511287e-253,3.423887778433666e-253,yes,0.15438482471323375,0.15438482471323375,positive,very weak,0.0,0.0,yes
TAASSC,mental_verb,no,0.07737834322085498,0.07737834322085498,positive,very weak,0.0,0.0,yes,0.15411513912694783,0.15411513912694783,positive,very weak,0.0,0.0,yes
TAALES,COCA_spoken_Trigram_Frequency_Log,no,0.1212492971741626,0.1212492971741626,positive,very weak,0.0,0.0,yes,0.1540677718166324,0.1540677718166324,positive,very weak,0.0,0.0,yes
LCA,adjv,no,0.09580466684643436,0.09580466684643436,positive,very weak,0.0,0.0,yes,0.15391330132648545,0.15391330132648545,positive,very weak,0.0,0.0,yes
POLKE,polke_477_per_100_words,no,-0.19588102204193086,0.19588102204193086,negative,very weak,0.0,0.0,yes,-0.1538441099584101,0.1538441099584101,negative,very weak,0.0,0.0,yes
POLKE,polke_287_per_100_words,no,0.10894900589987572,0.10894900589987572,positive,very weak,0.0,0.0,yes,0.15339167594273304,0.15339167594273304,positive,very weak,0.0,0.0,yes
POLKE,polke_117_per_100_words,no,0.1141585930863707,0.1141585930863707,positive,very weak,0.0,0.0,yes,0.15320637597868889,0.15320637597868889,positive,very weak,0.0,0.0,yes
POLKE,polke_228_per_100_words,no,0.09257568307709639,0.09257568307709639,positive,very weak,0.0,0.0,yes,0.15318207491671723,0.15318207491671723,positive,very weak,0.0,0.0,yes
TAALES,eat_tokens_CW,no,-0.07727653659750554,0.07727653659750554,negative,very weak,0.0,0.0,yes,-0.1527420121569307,0.1527420121569307,negative,very weak,0.0,0.0,yes
POLKE,polke_183_per_100_words,no,0.007560566710679177,0.007560566710679177,positive,very weak,1.4508177185900676e-06,1.5878445356617523e-06,yes,0.15244178675134323,0.15244178675134323,positive,very weak,0.0,0.0,yes
TAALES,Freq_N_OG_CW,no,-0.11280440242510523,0.11280440242510523,negative,very weak,0.0,0.0,yes,-0.15202370660498263,0.15202370660498263,negative,very weak,0.0,0.0,yes
POLKE,polke_103_per_100_words,no,0.10275901901800419,0.10275901901800419,positive,very weak,0.0,0.0,yes,0.1520083624746006,0.1520083624746006,positive,very weak,0.0,0.0,yes
POLKE,polke_242_per_100_words,no,0.10220810912047815,0.10220810912047815,positive,very weak,0.0,0.0,yes,0.1519661353045228,0.1519661353045228,positive,very weak,0.0,0.0,yes
TAALES,COCA_Fiction_Bigram_Range_Log,no,0.1591484775491772,0.1591484775491772,positive,very weak,0.0,0.0,yes,0.1511891495328786,0.1511891495328786,positive,very weak,0.0,0.0,yes
POLKE,polke_487_per_100_words,no,0.1270640756967034,0.1270640756967034,positive,very weak,0.0,0.0,yes,0.1509987590297054,0.1509987590297054,positive,very weak,0.0,0.0,yes
TAASSC,complementizer_that0,no,0.04412603688779762,0.04412603688779762,positive,very weak,3.495848130087599e-174,4.910220756019846e-174,yes,0.15069886029680674,0.15069886029680674,positive,very weak,0.0,0.0,yes
POLKE,polke_194_per_100_words,no,0.10761942384239678,0.10761942384239678,positive,very weak,0.0,0.0,yes,0.1506649005689564,0.1506649005689564,positive,very weak,0.0,0.0,yes
TAALES_COVERAGE,COCA_fiction_tri_2_MI,no,0.13983849956178318,0.13983849956178318,positive,very weak,0.0,0.0,yes,0.150130248741065,0.150130248741065,positive,very weak,0.0,0.0,yes
TAALES_COVERAGE,COCA_fiction_tri_2_MI2,no,0.13983849956178318,0.13983849956178318,positive,very weak,0.0,0.0,yes,0.150130248741065,0.150130248741065,positive,very weak,0.0,0.0,yes
TAALES_COVERAGE,COCA_fiction_tri_2_AC,no,0.13983849956178318,0.13983849956178318,positive,very weak,0.0,0.0,yes,0.15013024874105824,0.15013024874105824,positive,very weak,0.0,0.0,yes
TAALES_COVERAGE,COCA_fiction_tri_2_DP,no,0.13983849956178318,0.13983849956178318,positive,very weak,0.0,0.0,yes,0.15013024874105824,0.15013024874105824,positive,very weak,0.0,0.0,yes
TAALES_COVERAGE,COCA_fiction_tri_2_T,no,0.13983849956178318,0.13983849956178318,positive,very weak,0.0,0.0,yes,0.15013024874105824,0.15013024874105824,positive,very weak,0.0,0.0,yes
POLKE,polke_1092_per_100_words,no,0.12707354558372472,0.12707354558372472,positive,very weak,0.0,0.0,yes,0.149109923410743,0.149109923410743,positive,very weak,0.0,0.0,yes
POLKE,polke_1203_per_100_words,no,0.12707354558372472,0.12707354558372472,positive,very weak,0.0,0.0,yes,0.14910992341074247,0.14910992341074247,positive,very weak,0.0,0.0,yes
POLKE,polke_952_per_100_words,no,0.12707354558372472,0.12707354558372472,positive,very weak,0.0,0.0,yes,0.14910992341074114,0.14910992341074114,positive,very weak,0.0,0.0,yes
TAALES,COCA_fiction_tri_prop_30k,no,0.14169272991453313,0.14169272991453313,positive,very weak,0.0,0.0,yes,0.1486004871231635,0.1486004871231635,positive,very weak,0.0,0.0,yes
TAALES,WN_Mean_Accuracy,no,0.11306478646428247,0.11306478646428247,positive,very weak,0.0,0.0,yes,0.14853426352690857,0.14853426352690857,positive,very weak,0.0,0.0,yes
POLKE,polke_982_per_100_words,no,0.06115490461299098,0.06115490461299098,positive,very weak,0.0,0.0,yes,0.14831885906048095,0.14831885906048095,positive,very weak,0.0,0.0,yes
TAALES,COCA_Magazine_Trigram_Range_Log,no,-0.060178959216886437,0.060178959216886437,negative,very weak,1.7e-322,2.6e-322,yes,0.14791350464346004,0.14791350464346004,positive,very weak,0.0,0.0,yes
TAALES,COCA_spoken_tri_MI,no,-0.09537597259104265,0.09537597259104265,negative,very weak,0.0,0.0,yes,-0.14750016658460585,0.14750016658460585,negative,very weak,0.0,0.0,yes
TAALES,Freq_N_P_CW,no,-0.09097903768820066,0.09097903768820066,negative,very weak,0.0,0.0,yes,-0.14738913844070475,0.14738913844070475,negative,very weak,0.0,0.0,yes
POLKE,polke_670_per_100_words,no,0.0838191921673532,0.0838191921673532,positive,very weak,0.0,0.0,yes,0.14697043194221707,0.14697043194221707,positive,very weak,0.0,0.0,yes
POLKE,polke_93_per_100_words,no,0.08382734406287602,0.08382734406287602,positive,very weak,0.0,0.0,yes,0.14689686546429395,0.14689686546429395,positive,very weak,0.0,0.0,yes
TAALES,COCA_academic_bi_DP,no,0.10519830502562437,0.10519830502562437,positive,very weak,0.0,0.0,yes,0.14665056129953108,0.14665056129953108,positive,very weak,0.0,0.0,yes
POLKE,polke_592_per_100_words,no,0.08065217525589781,0.08065217525589781,positive,very weak,0.0,0.0,yes,0.14660575758985164,0.14660575758985164,positive,very weak,0.0,0.0,yes
POLKE,polke_25_per_100_words,no,0.07401687358122569,0.07401687358122569,positive,very weak,0.0,0.0,yes,0.1462967816044484,0.1462967816044484,positive,very weak,0.0,0.0,yes
POLKE,polke_286_per_100_words,no,0.10579493422017958,0.10579493422017958,positive,very weak,0.0,0.0,yes,0.14614409196148506,0.14614409196148506,positive,very weak,0.0,0.0,yes
TAALES,COCA_spoken_tri_prop_10k,no,0.1510417954930956,0.1510417954930956,positive,very weak,0.0,0.0,yes,0.1456619742863544,0.1456619742863544,positive,very weak,0.0,0.0,yes
L2SCA,CP/C,no,0.018153010105895543,0.018153010105895543,positive,very weak,5.925814397664174e-31,6.975134997936897e-31,yes,0.1456151177012405,0.1456151177012405,positive,very weak,0.0,0.0,yes
L2SCA,T/S,no,-0.017703617325424147,0.017703617325424147,negative,very weak,1.6028954352819593e-29,1.8841437090531597e-29,yes,0.1445984900228602,0.1445984900228602,positive,very weak,0.0,0.0,yes
TAASSC,that_verb_clause_nonfactive,no,0.13473537491568546,0.13473537491568546,positive,very weak,0.0,0.0,yes,0.1442865825401296,0.1442865825401296,positive,very weak,0.0,0.0,yes
TAALES_COVERAGE,COCA_Fiction_Trigram_Frequency,no,0.13345469464935275,0.13345469464935275,positive,very weak,0.0,0.0,yes,0.14267773439895576,0.14267773439895576,positive,very weak,0.0,0.0,yes
TAALES_COVERAGE,COCA_Fiction_Trigram_Frequency_Log,no,0.13345469464935275,0.13345469464935275,positive,very weak,0.0,0.0,yes,0.14267773439895576,0.14267773439895576,positive,very weak,0.0,0.0,yes
TAALES_COVERAGE,COCA_Fiction_Trigram_Range,no,0.13345469464935275,0.13345469464935275,positive,very weak,0.0,0.0,yes,0.14267773439895576,0.14267773439895576,positive,very weak,0.0,0.0,yes
TAALES_COVERAGE,COCA_Fiction_Trigram_Range_Log,no,0.13345469464935275,0.13345469464935275,positive,very weak,0.0,0.0,yes,0.14267773439895312,0.14267773439895312,positive,very weak,0.0,0.0,yes
TAALES_COVERAGE,COCA_fiction_tri_AC,no,0.1334171038620255,0.1334171038620255,positive,very weak,0.0,0.0,yes,0.14265277339458318,0.14265277339458318,positive,very weak,0.0,0.0,yes
TAALES_COVERAGE,COCA_fiction_tri_DP,no,0.1334171038620255,0.1334171038620255,positive,very weak,0.0,0.0,yes,0.14265277339458318,0.14265277339458318,positive,very weak,0.0,0.0,yes
TAALES_COVERAGE,COCA_fiction_tri_MI,no,0.1334171038620255,0.1334171038620255,positive,very weak,0.0,0.0,yes,0.14265277339458318,0.14265277339458318,positive,very weak,0.0,0.0,yes
TAALES_COVERAGE,COCA_fiction_tri_MI2,no,0.1334171038620255,0.1334171038620255,positive,very weak,0.0,0.0,yes,0.14265277339458318,0.14265277339458318,positive,very weak,0.0,0.0,yes
TAALES_COVERAGE,COCA_fiction_tri_T,no,0.1334171038620255,0.1334171038620255,positive,very weak,0.0,0.0,yes,0.14265277339458318,0.14265277339458318,positive,very weak,0.0,0.0,yes
TAALES,LD_Mean_RT_Zscore,no,0.15645851175356987,0.15645851175356987,positive,very weak,0.0,0.0,yes,0.1426522105706852,0.1426522105706852,positive,very weak,0.0,0.0,yes
POLKE,polke_279_per_100_words,no,-0.1877672262794038,0.1877672262794038,negative,very weak,0.0,0.0,yes,-0.14251665217534087,0.14251665217534087,negative,very weak,0.0,0.0,yes
POLKE,polke_1057_per_100_words,no,0.04043777555318351,0.04043777555318351,positive,very weak,1.406994454859741e-146,1.9257745331879134e-146,yes,0.1423723984827116,0.1423723984827116,positive,very weak,0.0,0.0,yes
TAALES,COCA_spoken_bi_T,no,0.10044973200485245,0.10044973200485245,positive,very weak,0.0,0.0,yes,0.1419960923217749,0.1419960923217749,positive,very weak,0.0,0.0,yes
POLKE,polke_162_per_100_words,no,0.04604811096703566,0.04604811096703566,positive,very weak,1.5884497192412869e-189,2.2644981450530396e-189,yes,0.1414308556760017,0.1414308556760017,positive,very weak,0.0,0.0,yes
TAALES,Log_Freq_HAL_FW,no,0.012523568868193757,0.012523568868193757,positive,very weak,1.454104435513947e-15,1.64173081428994e-15,yes,-0.14129034521091763,0.14129034521091763,negative,very weak,0.0,0.0,yes
TAASSC,by_passive,no,0.13896444015627604,0.13896444015627604,positive,very weak,0.0,0.0,yes,0.14127125184960362,0.14127125184960362,positive,very weak,0.0,0.0,yes
POLKE,polke_861_per_100_words,no,0.12628181114105444,0.12628181114105444,positive,very weak,0.0,0.0,yes,0.14121355206881164,0.14121355206881164,positive,very weak,0.0,0.0,yes
POLKE,polke_293_per_100_words,no,0.1014990892189631,0.1014990892189631,positive,very weak,0.0,0.0,yes,0.1403644965752383,0.1403644965752383,positive,very weak,0.0,0.0,yes
POLKE,polke_282_per_100_words,no,0.030075516425992186,0.030075516425992186,positive,very weak,6.498988126781587e-82,8.274509753103506e-82,yes,0.13820824370378884,0.13820824370378884,positive,very weak,0.0,0.0,yes
POLKE,polke_584_per_100_words,no,0.09532320694597056,0.09532320694597056,positive,very weak,0.0,0.0,yes,0.13716156810785995,0.13716156810785995,positive,very weak,0.0,0.0,yes
TAALES,Phono_N_FW,no,0.09235432261087759,0.09235432261087759,positive,very weak,0.0,0.0,yes,0.13687190639080626,0.13687190639080626,positive,very weak,0.0,0.0,yes
TAASSC,that_adjective_clause,no,0.11024674654124848,0.11024674654124848,positive,very weak,0.0,0.0,yes,0.1367469014432551,0.1367469014432551,positive,very weak,0.0,0.0,yes
POLKE,polke_161_per_100_words,no,0.04557276890720151,0.04557276890720151,positive,very weak,1.138574507002133e-185,1.612432105292038e-185,yes,0.13650674119161363,0.13650674119161363,positive,very weak,0.0,0.0,yes
POLKE,polke_749_per_100_words,no,0.1161166150645266,0.1161166150645266,positive,very weak,0.0,0.0,yes,0.13591921051065958,0.13591921051065958,positive,very weak,0.0,0.0,yes
POLKE,polke_269_per_100_words,no,0.07256402442404494,0.07256402442404494,positive,very weak,0.0,0.0,yes,0.13589578199521807,0.13589578199521807,positive,very weak,0.0,0.0,yes
POLKE,polke_278_per_100_words,no,0.00889378340343379,0.00889378340343379,positive,very weak,1.4488456765119672e-08,1.5999808984018182e-08,yes,0.1353439539880608,0.1353439539880608,positive,very weak,0.0,0.0,yes
POLKE,polke_19_per_100_words,no,0.04598881364312699,0.04598881364312699,positive,very weak,4.8318263275803546e-189,6.871129479104733e-189,yes,0.13529206134853308,0.13529206134853308,positive,very weak,0.0,0.0,yes
TAALES,LD_Mean_Accuracy,no,-0.07442972479465758,0.07442972479465758,negative,very weak,0.0,0.0,yes,-0.1348647444269095,0.1348647444269095,negative,very weak,0.0,0.0,yes
TAALES,SUBTLEXus_Range_CW,no,-0.1120721965799712,0.1120721965799712,negative,very weak,0.0,0.0,yes,-0.13333277896744597,0.13333277896744597,negative,very weak,0.0,0.0,yes
TAALES,COCA_news_tri_2_DP,no,0.07147153905124101,0.07147153905124101,positive,very weak,0.0,0.0,yes,0.13321537320381036,0.13321537320381036,positive,very weak,0.0,0.0,yes
POLKE,polke_390_per_100_words,no,0.08843654414215397,0.08843654414215397,positive,very weak,0.0,0.0,yes,0.13306233465192208,0.13306233465192208,positive,very weak,0.0,0.0,yes
TAALES,COCA_magazine_bi_MI,no,-0.11211282753349507,0.11211282753349507,negative,very weak,0.0,0.0,yes,-0.13237728798862783,0.13237728798862783,negative,very weak,0.0,0.0,yes
POLKE,polke_629_per_100_words,no,0.1217334211734775,0.1217334211734775,positive,very weak,0.0,0.0,yes,0.1323145137268687,0.1323145137268687,positive,very weak,0.0,0.0,yes
POLKE,polke_274_per_100_words,no,0.04502675464723524,0.04502675464723524,positive,very weak,2.725401355724004e-181,3.850134534651291e-181,yes,0.1318993099687753,0.1318993099687753,positive,very weak,0.0,0.0,yes
TAALES,COCA_Academic_Range_FW,no,0.13145799101924477,0.13145799101924477,positive,very weak,0.0,0.0,yes,0.1318646458567483,0.1318646458567483,positive,very weak,0.0,0.0,yes
POLKE,polke_983_per_100_words,no,0.14296079824515123,0.14296079824515123,positive,very weak,0.0,0.0,yes,0.13162592822979147,0.13162592822979147,positive,very weak,0.0,0.0,yes
TAALES,COCA_academic_tri_MI2,no,0.18277565095484444,0.18277565095484444,positive,very weak,0.0,0.0,yes,0.13162097896880343,0.13162097896880343,positive,very weak,0.0,0.0,yes
POLKE,polke_337_per_100_words,no,0.08095177706619668,0.08095177706619668,positive,very weak,0.0,0.0,yes,0.1315889121656524,0.1315889121656524,positive,very weak,0.0,0.0,yes
POLKE,polke_676_per_100_words,no,0.07588785534539598,0.07588785534539598,positive,very weak,0.0,0.0,yes,0.13131520507515898,0.13131520507515898,positive,very weak,0.0,0.0,yes
POLKE,polke_78_per_100_words,no,0.0517222036741059,0.0517222036741059,positive,very weak,1.1971975476262405e-238,1.7608866159339644e-238,yes,0.12968534954103236,0.12968534954103236,positive,very weak,0.0,0.0,yes
TAALES_COVERAGE,Freq_N,no,0.10316193288945998,0.10316193288945998,positive,very weak,0.0,0.0,yes,0.1295445240983449,0.1295445240983449,positive,very weak,0.0,0.0,yes
TAALES,BNC_Spoken_Freq_AW_Log,no,0.13021820729874367,0.13021820729874367,positive,very weak,0.0,0.0,yes,0.12930794003371132,0.12930794003371132,positive,very weak,0.0,0.0,yes
TAALES,Freq_HAL_FW,no,0.06828556842938915,0.06828556842938915,positive,very weak,0.0,0.0,yes,0.12921211661204815,0.12921211661204815,positive,very weak,0.0,0.0,yes
POLKE,polke_697_per_100_words,no,0.07201246408458607,0.07201246408458607,positive,very weak,0.0,0.0,yes,0.12880097318533634,0.12880097318533634,positive,very weak,0.0,0.0,yes
TAALES,COCA_magazine_tri_2_MI,no,0.09492537843803613,0.09492537843803613,positive,very weak,0.0,0.0,yes,0.1287578413960073,0.1287578413960073,positive,very weak,0.0,0.0,yes
POLKE,polke_791_per_100_words,no,0.0954718187246814,0.0954718187246814,positive,very weak,0.0,0.0,yes,0.12866609364370526,0.12866609364370526,positive,very weak,0.0,0.0,yes
TAASSC,hedges_adverb,no,0.06896149655030265,0.06896149655030265,positive,very weak,0.0,0.0,yes,0.12806689249387598,0.12806689249387598,positive,very weak,0.0,0.0,yes
POLKE,polke_11_per_100_words,no,0.00753458400546592,0.00753458400546592,positive,very weak,1.576108278682577e-06,1.722769724627546e-06,yes,0.12802466678844043,0.12802466678844043,positive,very weak,0.0,0.0,yes
POLKE,polke_2_per_100_words,no,0.00753458400546592,0.00753458400546592,positive,very weak,1.576108278682577e-06,1.722769724627546e-06,yes,0.12802466678843719,0.12802466678843719,positive,very weak,0.0,0.0,yes
POLKE,polke_807_per_100_words,no,0.09475274140561757,0.09475274140561757,positive,very weak,0.0,0.0,yes,0.1273241701357587,0.1273241701357587,positive,very weak,0.0,0.0,yes
TAALES,lsa_max_similarity_cosine,no,-0.16587127551828235,0.16587127551828235,negative,very weak,0.0,0.0,yes,-0.12695048723433244,0.12695048723433244,negative,very weak,0.0,0.0,yes
TAALES,OLD_FW,no,0.11677440446086465,0.11677440446086465,positive,very weak,0.0,0.0,yes,0.12688090653046338,0.12688090653046338,positive,very weak,0.0,0.0,yes
POLKE,polke_291_per_100_words,no,0.09763727531406839,0.09763727531406839,positive,very weak,0.0,0.0,yes,0.1267009057788497,0.1267009057788497,positive,very weak,0.0,0.0,yes
POLKE,polke_389_per_100_words,no,0.0994798875762109,0.0994798875762109,positive,very weak,0.0,0.0,yes,0.12643687294044936,0.12643687294044936,positive,very weak,0.0,0.0,yes
POLKE,polke_614_per_100_words,no,0.09712204441011109,0.09712204441011109,positive,very weak,0.0,0.0,yes,0.12606714965689442,0.12606714965689442,positive,very weak,0.0,0.0,yes
POLKE,polke_211_per_100_words,no,0.08755139989183647,0.08755139989183647,positive,very weak,0.0,0.0,yes,0.12568723862992726,0.12568723862992726,positive,very weak,0.0,0.0,yes
POLKE,polke_4_per_100_words,no,-0.01921082163003208,0.01921082163003208,negative,very weak,1.8274866524183354e-34,2.1659568824446755e-34,yes,0.12481945808790294,0.12481945808790294,positive,very weak,0.0,0.0,yes
TAALES,AWL_Sublist_10_Normed,no,0.10746951089283852,0.10746951089283852,positive,very weak,0.0,0.0,yes,0.12481212430108217,0.12481212430108217,positive,very weak,0.0,0.0,yes
POLKE,polke_633_per_100_words,no,0.08362513818434021,0.08362513818434021,positive,very weak,0.0,0.0,yes,0.12463259033481029,0.12463259033481029,positive,very weak,0.0,0.0,yes
TAALES,COCA_fiction_bi_DP,no,0.10094583521750215,0.10094583521750215,positive,very weak,0.0,0.0,yes,0.1241410270372759,0.1241410270372759,positive,very weak,0.0,0.0,yes
POLKE,polke_314_per_100_words,no,0.02349386470011572,0.02349386470011572,positive,very weak,1.0908955984928621e-50,1.3353932558281646e-50,yes,0.12412821488184836,0.12412821488184836,positive,very weak,0.0,0.0,yes
POLKE,polke_108_per_100_words,no,0.022604719779963103,0.022604719779963103,positive,very weak,4.689037486229976e-47,5.687198931318535e-47,yes,0.12399325705821647,0.12399325705821647,positive,very weak,0.0,0.0,yes
POLKE,polke_520_per_100_words,no,0.11151386768123313,0.11151386768123313,positive,very weak,0.0,0.0,yes,0.12358878763485398,0.12358878763485398,positive,very weak,0.0,0.0,yes
TAALES,COCA_spoken_tri_DP,no,0.010748740574222652,0.010748740574222652,positive,very weak,7.402683105885987e-12,8.276141803516602e-12,yes,0.12349381471697536,0.12349381471697536,positive,very weak,0.0,0.0,yes
TAALES,COCA_Fiction_Trigram_Frequency_Log,no,0.09982754398164626,0.09982754398164626,positive,very weak,0.0,0.0,yes,0.12172637794779083,0.12172637794779083,positive,very weak,0.0,0.0,yes
POLKE,polke_20_per_100_words,no,0.04834900343972536,0.04834900343972536,positive,very weak,9.363485927827908e-209,1.3471793931396697e-208,yes,0.12149151100068338,0.12149151100068338,positive,very weak,0.0,0.0,yes
POLKE,polke_462_per_100_words,no,0.08228448906215455,0.08228448906215455,positive,very weak,0.0,0.0,yes,0.12134715613832385,0.12134715613832385,positive,very weak,0.0,0.0,yes
TAALES,BNC_Spoken_Freq_CW_Log,no,-0.08874829291448542,0.08874829291448542,negative,very weak,0.0,0.0,yes,-0.12100854471586411,0.12100854471586411,negative,very weak,0.0,0.0,yes
POLKE,polke_938_per_100_words,no,0.09114393236560213,0.09114393236560213,positive,very weak,0.0,0.0,yes,0.12064833573325986,0.12064833573325986,positive,very weak,0.0,0.0,yes
TAALES,COCA_spoken_bi_DP,no,0.09607793410023587,0.09607793410023587,positive,very weak,0.0,0.0,yes,0.1202102990385631,0.1202102990385631,positive,very weak,0.0,0.0,yes
TAALES,BNC_Written_Trigram_Freq_Normed_Log,no,-0.10554196430958768,0.10554196430958768,negative,very weak,0.0,0.0,yes,0.12013740394142747,0.12013740394142747,positive,very weak,0.0,0.0,yes
TAALES,Phono_N_H_FW,no,0.07975890720796582,0.07975890720796582,positive,very weak,0.0,0.0,yes,0.11937773919169173,0.11937773919169173,positive,very weak,0.0,0.0,yes
TAALES,KF_Ncats_AW,no,0.1554632248020386,0.1554632248020386,positive,very weak,0.0,0.0,yes,0.11910743374038067,0.11910743374038067,positive,very weak,0.0,0.0,yes
TAASSC,pp2,no,0.15535929763904702,0.15535929763904702,positive,very weak,0.0,0.0,yes,0.11886423945016215,0.11886423945016215,positive,very weak,0.0,0.0,yes
POLKE,polke_31_per_100_words,no,0.0010043701159657755,0.0010043701159657755,positive,very weak,0.5221644322143669,0.5270818135654145,no,0.11874908474366269,0.11874908474366269,positive,very weak,0.0,0.0,yes
POLKE,polke_112_per_100_words,no,0.09296473249800433,0.09296473249800433,positive,very weak,0.0,0.0,yes,0.11811763125920609,0.11811763125920609,positive,very weak,0.0,0.0,yes
TAALES,KF_Nsamp_FW,no,0.1182788053345669,0.1182788053345669,positive,very weak,0.0,0.0,yes,0.11772786707785095,0.11772786707785095,positive,very weak,0.0,0.0,yes
TAALES,COCA_academic_tri_2_MI,no,0.10435251274443703,0.10435251274443703,positive,very weak,0.0,0.0,yes,0.1169382817915861,0.1169382817915861,positive,very weak,0.0,0.0,yes
POLKE,polke_39_per_100_words,no,0.07372920747694708,0.07372920747694708,positive,very weak,0.0,0.0,yes,0.11680308569452562,0.11680308569452562,positive,very weak,0.0,0.0,yes
TAALES,Phono_N,no,-0.13854241198166323,0.13854241198166323,negative,very weak,0.0,0.0,yes,-0.11667690427241408,0.11667690427241408,negative,very weak,0.0,0.0,yes
POLKE,polke_1058_per_100_words,no,-0.036112432451353364,0.036112432451353364,negative,very weak,2.8167055544593848e-117,3.753418823541449e-117,yes,0.11655540243164779,0.11655540243164779,positive,very weak,0.0,0.0,yes
TAALES,COCA_fiction_tri_T,no,0.07019208232436137,0.07019208232436137,positive,very weak,0.0,0.0,yes,0.11646745395311868,0.11646745395311868,positive,very weak,0.0,0.0,yes
POLKE,polke_609_per_100_words,no,0.10278399517087931,0.10278399517087931,positive,very weak,0.0,0.0,yes,0.11603107152798442,0.11603107152798442,positive,very weak,0.0,0.0,yes
POLKE,polke_330_per_100_words,no,0.07334269032149256,0.07334269032149256,positive,very weak,0.0,0.0,yes,0.11574982558562745,0.11574982558562745,positive,very weak,0.0,0.0,yes
TAALES,COCA_fiction_tri_2_T,no,0.07562925837441697,0.07562925837441697,positive,very weak,0.0,0.0,yes,0.1153360940551036,0.1153360940551036,positive,very weak,0.0,0.0,yes
POLKE,polke_268_per_100_words,no,0.04910748499388629,0.04910748499388629,positive,very weak,2.6681791866643483e-215,3.871342897740573e-215,yes,0.11532617210801015,0.11532617210801015,positive,very weak,0.0,0.0,yes
TAASSC,nn_animate,no,-0.0456630129648501,0.0456630129648501,negative,very weak,2.125688279216663e-186,3.015347724447128e-186,yes,0.11481570157127019,0.11481570157127019,positive,very weak,0.0,0.0,yes
TAALES,COCA_fiction_tri_prop_20k,no,0.10771375201554424,0.10771375201554424,positive,very weak,0.0,0.0,yes,0.11263910058681006,0.11263910058681006,positive,very weak,0.0,0.0,yes
TAALES,BNC_Spoken_Range_AW,no,0.13378450345164197,0.13378450345164197,positive,very weak,0.0,0.0,yes,0.11253308265372984,0.11253308265372984,positive,very weak,0.0,0.0,yes
POLKE,polke_589_per_100_words,no,0.0720767403021477,0.0720767403021477,positive,very weak,0.0,0.0,yes,0.11142066438149907,0.11142066438149907,positive,very weak,0.0,0.0,yes
POLKE,polke_700_per_100_words,no,0.08064704024487478,0.08064704024487478,positive,very weak,0.0,0.0,yes,0.11121515851001826,0.11121515851001826,positive,very weak,0.0,0.0,yes
TAALES,BG_Mean,no,0.06438152761182134,0.06438152761182134,positive,very weak,0.0,0.0,yes,0.11104580404480058,0.11104580404480058,positive,very weak,0.0,0.0,yes
POLKE,polke_455_per_100_words,no,0.06331977485761969,0.06331977485761969,positive,very weak,0.0,0.0,yes,0.11004525499915124,0.11004525499915124,positive,very weak,0.0,0.0,yes
POLKE,polke_955_per_100_words,no,0.06876737220113877,0.06876737220113877,positive,very weak,0.0,0.0,yes,0.11002334643115841,0.11002334643115841,positive,very weak,0.0,0.0,yes
POLKE,polke_417_per_100_words,no,0.07438708403483635,0.07438708403483635,positive,very weak,0.0,0.0,yes,0.10957380777580955,0.10957380777580955,positive,very weak,0.0,0.0,yes
TAASSC,to_clause_adjective_ease_difficulty,no,0.08937255711583827,0.08937255711583827,positive,very weak,0.0,0.0,yes,0.10904665723681177,0.10904665723681177,positive,very weak,0.0,0.0,yes
POLKE,polke_416_per_100_words,no,0.08681285030397816,0.08681285030397816,positive,very weak,0.0,0.0,yes,0.10892233880113701,0.10892233880113701,positive,very weak,0.0,0.0,yes
TAALES,COCA_news_tri_2_MI,no,0.08590789419441737,0.08590789419441737,positive,very weak,0.0,0.0,yes,0.10881957090764777,0.10881957090764777,positive,very weak,0.0,0.0,yes
TAASSC,that_noun_clause,no,0.09387673152823835,0.09387673152823835,positive,very weak,0.0,0.0,yes,0.10873179604935487,0.10873179604935487,positive,very weak,0.0,0.0,yes
POLKE,polke_255_per_100_words,no,0.08694859995265077,0.08694859995265077,positive,very weak,0.0,0.0,yes,0.10861953924691106,0.10861953924691106,positive,very weak,0.0,0.0,yes
POLKE,polke_653_per_100_words,no,0.07105246003440699,0.07105246003440699,positive,very weak,0.0,0.0,yes,0.10824543977221025,0.10824543977221025,positive,very weak,0.0,0.0,yes
TAASSC,amod_nominal,no,-0.1438498004790542,0.1438498004790542,negative,very weak,0.0,0.0,yes,0.10730355857565897,0.10730355857565897,positive,very weak,0.0,0.0,yes
POLKE,polke_155_per_100_words,no,0.009524907730479246,0.009524907730479246,positive,very weak,1.2813540893510346e-09,1.4232657145317517e-09,yes,0.10689419633856279,0.10689419633856279,positive,very weak,0.0,0.0,yes
POLKE,polke_157_per_100_words,no,-0.0020535307714534593,0.0020535307714534593,negative,very weak,0.1906806242122298,0.19628887786553068,no,0.10681904018180215,0.10681904018180215,positive,very weak,0.0,0.0,yes
TAASSC,discourse_particle,no,0.04197805357907827,0.04197805357907827,positive,very weak,8.1942973067444e-158,1.1305888882595853e-157,yes,0.1064704416513243,0.1064704416513243,positive,very weak,0.0,0.0,yes
TAALES,COCA_fiction_tri_DP,no,0.044869004432249476,0.044869004432249476,positive,very weak,4.906137465306442e-180,6.902400125513164e-180,yes,0.10602716898379404,0.10602716898379404,positive,very weak,0.0,0.0,yes
POLKE,polke_897_per_100_words,no,0.08104553304048644,0.08104553304048644,positive,very weak,0.0,0.0,yes,0.10586736732934075,0.10586736732934075,positive,very weak,0.0,0.0,yes
TAALES,Ortho_N,no,0.043557389183448356,0.043557389183448356,positive,very weak,9.05613034955475e-170,1.2657916503248896e-169,yes,0.10580103018067931,0.10580103018067931,positive,very weak,0.0,0.0,yes
TAALES,Brown_Freq_AW,no,0.08080412695266091,0.08080412695266091,positive,very weak,0.0,0.0,yes,0.10519476931708092,0.10519476931708092,positive,very weak,0.0,0.0,yes
POLKE,polke_114_per_100_words,no,0.05457143827161976,0.05457143827161976,positive,very weak,1.7772167163609736e-265,2.645769677568637e-265,yes,0.10372420022925005,0.10372420022925005,positive,very weak,0.0,0.0,yes
TAALES,COCA_fiction_Frequency_Log_CW,no,0.06822835204191373,0.06822835204191373,positive,very weak,0.0,0.0,yes,0.10357605441137055,0.10357605441137055,positive,very weak,0.0,0.0,yes
TAALES,USF_CW,no,-0.15249247721488374,0.15249247721488374,negative,very weak,0.0,0.0,yes,-0.10330817777279636,0.10330817777279636,negative,very weak,0.0,0.0,yes
POLKE,polke_238_per_100_words,no,0.0715871898850794,0.0715871898850794,positive,very weak,0.0,0.0,yes,0.10314848178285001,0.10314848178285001,positive,very weak,0.0,0.0,yes
TAALES,WN_Mean_RT_FW,no,0.07460222437049784,0.07460222437049784,positive,very weak,0.0,0.0,yes,0.10307001091358203,0.10307001091358203,positive,very weak,0.0,0.0,yes
TAALES,COCA_fiction_Frequency_FW,no,0.03740648225189035,0.03740648225189035,positive,very weak,1.0731803101674139e-125,1.4446658021484416e-125,yes,0.1015074492769101,0.1015074492769101,positive,very weak,0.0,0.0,yes
TAASSC,attitudinal_adverb,no,0.07646675677747879,0.07646675677747879,positive,very weak,0.0,0.0,yes,0.10148770233818626,0.10148770233818626,positive,very weak,0.0,0.0,yes
POLKE,polke_872_per_100_words,no,0.0742521359388335,0.0742521359388335,positive,very weak,0.0,0.0,yes,0.10148421533694565,0.10148421533694565,positive,very weak,0.0,0.0,yes
TAASSC,finite_ind_clause,no,0.015081356081721748,0.015081356081721748,positive,very weak,7.185832286975988e-22,8.304381652401495e-22,yes,0.1014769847342465,0.1014769847342465,positive,very weak,0.0,0.0,yes
POLKE,polke_132_per_100_words,no,0.03879565224904619,0.03879565224904619,positive,very weak,4.600556721641904e-135,6.256903075032408e-135,yes,0.10146533432599178,0.10146533432599178,positive,very weak,0.0,0.0,yes
POLKE,polke_393_per_100_words,no,0.04564485388836327,0.04564485388836327,positive,very weak,2.980428895259082e-186,4.224326905263906e-186,yes,0.10118995987654325,0.10118995987654325,positive,very weak,0.0,0.0,yes
TAALES,poly_verb,no,0.04400639947156681,0.04400639947156681,positive,very weak,2.9981271096520417e-173,4.207682482040304e-173,yes,0.1005949312569325,0.1005949312569325,positive,very weak,0.0,0.0,yes
POLKE,polke_154_per_100_words,no,0.03318037202093029,0.03318037202093029,positive,very weak,2.689381956252726e-99,3.5208321030331492e-99,yes,0.09988087550758466,0.09988087550758466,positive,very weak,0.0,0.0,yes
POLKE,polke_231_per_100_words,no,0.09377278864207517,0.09377278864207517,positive,very weak,0.0,0.0,yes,0.09930887523571308,0.09930887523571308,positive,very weak,0.0,0.0,yes
TAASSC,nn_place,no,-0.055207642282944315,0.055207642282944315,negative,very weak,1.1523882893557686e-271,1.729086540896888e-271,yes,0.09884557712220657,0.09884557712220657,positive,very weak,0.0,0.0,yes
TAALES,COCA_magazine_Range_Log_FW,no,-0.05692319407203897,0.05692319407203897,negative,very weak,1.0354329238517669e-288,1.5714756322175047e-288,yes,-0.0986678365986572,0.0986678365986572,negative,very weak,0.0,0.0,yes
TAALES_COVERAGE,poly_adj,no,0.21128557540531737,0.21128557540531737,positive,weak,0.0,0.0,yes,0.09859627447260634,0.09859627447260634,positive,very weak,0.0,0.0,yes
TAALES,Freq_HAL_CW,no,-0.11856906082252758,0.11856906082252758,negative,very weak,0.0,0.0,yes,-0.09798919573787573,0.09798919573787573,negative,very weak,0.0,0.0,yes
POLKE,polke_299_per_100_words,no,0.08857989837610068,0.08857989837610068,positive,very weak,0.0,0.0,yes,0.09758313340325803,0.09758313340325803,positive,very weak,0.0,0.0,yes
POLKE,polke_267_per_100_words,no,0.05465699897931551,0.05465699897931551,positive,very weak,2.6407137082488585e-266,3.9415352564375914e-266,yes,0.0972468384800456,0.0972468384800456,positive,very weak,0.0,0.0,yes
TAALES_COVERAGE,Freq_N_OG,no,0.04690002556240592,0.04690002556240592,positive,very weak,1.5518673162919947e-196,2.2197268118772067e-196,yes,0.09699795028940932,0.09699795028940932,positive,very weak,0.0,0.0,yes
POLKE,polke_780_per_100_words,no,0.07649798683656689,0.07649798683656689,positive,very weak,0.0,0.0,yes,0.0967056419139328,0.0967056419139328,positive,very weak,0.0,0.0,yes
TAALES,Brown_Freq_CW,no,-0.08008341910448216,0.08008341910448216,negative,very weak,0.0,0.0,yes,-0.09645676627895167,0.09645676627895167,negative,very weak,0.0,0.0,yes
POLKE,polke_168_per_100_words,no,0.09697119859141926,0.09697119859141926,positive,very weak,0.0,0.0,yes,0.09623512755962568,0.09623512755962568,positive,very weak,0.0,0.0,yes
TAALES,COCA_fiction_Range_CW,no,0.07307712208029732,0.07307712208029732,positive,very weak,0.0,0.0,yes,0.09451690630164296,0.09451690630164296,positive,very weak,0.0,0.0,yes
TAALES,TL_Freq_FW,no,0.03692790333572002,0.03692790333572002,positive,very weak,1.5095131777554335e-122,2.0256769169409766e-122,yes,0.09436436986941578,0.09436436986941578,positive,very weak,0.0,0.0,yes
TAALES,McD_CD_FW,no,-0.09291451142740359,0.09291451142740359,negative,very weak,0.0,0.0,yes,-0.09366894675077582,0.09366894675077582,negative,very weak,0.0,0.0,yes
TAASSC,transitive_activity_phrasal_verb,no,0.07649282412757501,0.07649282412757501,positive,very weak,0.0,0.0,yes,0.09365850902422047,0.09365850902422047,positive,very weak,0.0,0.0,yes
POLKE,polke_303_per_100_words,no,0.07128849920219835,0.07128849920219835,positive,very weak,0.0,0.0,yes,0.09352531670104963,0.09352531670104963,positive,very weak,0.0,0.0,yes
POLKE,polke_30_per_100_words,no,-0.05950314519098369,0.05950314519098369,negative,very weak,2.456288247e-315,3.778057707e-315,yes,0.09351127773264369,0.09351127773264369,positive,very weak,0.0,0.0,yes
POLKE,polke_301_per_100_words,no,0.06930648504554632,0.06930648504554632,positive,very weak,0.0,0.0,yes,0.09289732136987439,0.09289732136987439,positive,very weak,0.0,0.0,yes
TAALES,Phono_N_H,no,-0.1161067766496179,0.1161067766496179,negative,very weak,0.0,0.0,yes,-0.09130997353195582,0.09130997353195582,negative,very weak,0.0,0.0,yes
TAALES,McD_CD,no,-0.09957196711352041,0.09957196711352041,negative,very weak,0.0,0.0,yes,-0.09124852137197502,0.09124852137197502,negative,very weak,0.0,0.0,yes
POLKE,polke_809_per_100_words,no,0.06818273343360194,0.06818273343360194,positive,very weak,0.0,0.0,yes,0.09072012150536878,0.09072012150536878,positive,very weak,0.0,0.0,yes
TAALES,poly_adj,no,0.07912379808081448,0.07912379808081448,positive,very weak,0.0,0.0,yes,0.09031939174294337,0.09031939174294337,positive,very weak,0.0,0.0,yes
TAASSC,pv_do,no,0.014992529210615694,0.014992529210615694,positive,very weak,1.2433912383990504e-21,1.435004020090425e-21,yes,0.09022947474113344,0.09022947474113344,positive,very weak,0.0,0.0,yes
TAASSC,likelihood_adverb,no,0.07906187088940383,0.07906187088940383,positive,very weak,0.0,0.0,yes,0.08995010765076986,0.08995010765076986,positive,very weak,0.0,0.0,yes
TAALES_COVERAGE,lsa_average_all_cosine,no,0.0308080118680656,0.0308080118680656,positive,very weak,7.332715243776915e-86,9.412879223860336e-86,yes,0.08981176959147755,0.08981176959147755,positive,very weak,0.0,0.0,yes
TAASSC,to_clause_adjective_ability_willingness,no,0.0814308747498876,0.0814308747498876,positive,very weak,0.0,0.0,yes,0.08978250793114002,0.08978250793114002,positive,very weak,0.0,0.0,yes
POLKE,polke_1026_per_100_words,no,0.06827943633649536,0.06827943633649536,positive,very weak,0.0,0.0,yes,0.08969194870344571,0.08969194870344571,positive,very weak,0.0,0.0,yes
TAALES,COCA_Academic_Frequency_Log_FW,no,0.08233294913599253,0.08233294913599253,positive,very weak,0.0,0.0,yes,0.08951866509249824,0.08951866509249824,positive,very weak,0.0,0.0,yes
TAALES,COCA_magazine_tri_MI,no,-0.03843460738850026,0.03843460738850026,negative,very weak,1.3501512245786537e-132,1.8304421740335107e-132,yes,-0.08912539030927172,0.08912539030927172,negative,very weak,0.0,0.0,yes
POLKE,polke_83_per_100_words,no,0.001848848520513617,0.001848848520513617,positive,very weak,0.23874134487329876,0.24488122395795897,no,0.08877675730074885,0.08877675730074885,positive,very weak,0.0,0.0,yes
POLKE,polke_84_per_100_words,no,0.05115357294426572,0.05115357294426572,positive,very weak,1.8167090783978599e-233,2.660679820198403e-233,yes,0.08871873461969598,0.08871873461969598,positive,very weak,0.0,0.0,yes
TAALES,Freq_N_OGH,no,-0.05817646309709051,0.05817646309709051,negative,very weak,1.698279322950394e-301,2.5935432224932554e-301,yes,-0.0885437357289348,0.0885437357289348,negative,very weak,0.0,0.0,yes
TAALES,OG_N_H,no,-0.05817646309709051,0.05817646309709051,negative,very weak,1.698279322950394e-301,2.5935432224932554e-301,yes,-0.08854373572893394,0.08854373572893394,negative,very weak,0.0,0.0,yes
POLKE,polke_94_per_100_words,no,0.07149653067961233,0.07149653067961233,positive,very weak,0.0,0.0,yes,0.08854205623845038,0.08854205623845038,positive,very weak,0.0,0.0,yes
TAALES,COCA_news_tri_MI2,no,0.12785625484013885,0.12785625484013885,positive,very weak,0.0,0.0,yes,0.08832276416173006,0.08832276416173006,positive,very weak,0.0,0.0,yes
POLKE,polke_342_per_100_words,no,0.061245897074875495,0.061245897074875495,positive,very weak,0.0,0.0,yes,0.08799788721499024,0.08799788721499024,positive,very weak,0.0,0.0,yes
TAALES_COVERAGE,Freq_N_OGH,no,0.042671287499951784,0.042671287499951784,positive,very weak,5.245427323815975e-163,7.272358820003555e-163,yes,0.08781703961519663,0.08781703961519663,positive,very weak,0.0,0.0,yes
TAALES_COVERAGE,OG_N_H,no,0.042671287499951784,0.042671287499951784,positive,very weak,5.245427323815975e-163,7.272358820003555e-163,yes,0.08781703961519663,0.08781703961519663,positive,very weak,0.0,0.0,yes
TAASSC,that_verb_clause_attitudinal,no,0.049381768654966386,0.049381768654966386,positive,very weak,1.0817474420672426e-217,1.5722007314790858e-217,yes,0.08777562103495512,0.08777562103495512,positive,very weak,0.0,0.0,yes
TAALES,WN_Mean_Accuracy_CW,no,0.07346846619377619,0.07346846619377619,positive,very weak,0.0,0.0,yes,0.08741143507552218,0.08741143507552218,positive,very weak,0.0,0.0,yes
POLKE,polke_620_per_100_words,no,0.06691345330161368,0.06691345330161368,positive,very weak,0.0,0.0,yes,0.08741060278762804,0.08741060278762804,positive,very weak,0.0,0.0,yes
POLKE,polke_367_per_100_words,no,0.06799445747826251,0.06799445747826251,positive,very weak,0.0,0.0,yes,0.08714218899672059,0.08714218899672059,positive,very weak,0.0,0.0,yes
POLKE,polke_693_per_100_words,no,0.06799445747826251,0.06799445747826251,positive,very weak,0.0,0.0,yes,0.08714218899670821,0.08714218899670821,positive,very weak,0.0,0.0,yes
POLKE,polke_204_per_100_words,no,0.07054105770797311,0.07054105770797311,positive,very weak,0.0,0.0,yes,0.0870039446245151,0.0870039446245151,positive,very weak,0.0,0.0,yes
POLKE,polke_396_per_100_words,no,0.06728037582520072,0.06728037582520072,positive,very weak,0.0,0.0,yes,0.08675804119391309,0.08675804119391309,positive,very weak,0.0,0.0,yes
TAALES,COCA_spoken_tri_2_MI,no,-0.04935703025119405,0.04935703025119405,negative,very weak,1.7800168913246124e-217,2.5848678819828197e-217,yes,-0.08619907640629049,0.08619907640629049,negative,very weak,0.0,0.0,yes
POLKE,polke_898_per_100_words,no,0.07358531915624714,0.07358531915624714,positive,very weak,0.0,0.0,yes,0.08590781384803378,0.08590781384803378,positive,very weak,0.0,0.0,yes
POLKE,polke_734_per_100_words,no,0.05430298328296078,0.05430298328296078,positive,very weak,6.906485292123872e-263,1.0272872745873755e-262,yes,0.08542441704921715,0.08542441704921715,positive,very weak,0.0,0.0,yes
POLKE,polke_18_per_100_words,no,0.05755067662223103,0.05755067662223103,positive,very weak,4.456295134637311e-295,6.787341168652743e-295,yes,0.08532574761960074,0.08532574761960074,positive,very weak,0.0,0.0,yes
POLKE,polke_574_per_100_words,no,-0.05146349030771499,0.05146349030771499,negative,very weak,2.7707011104861425e-236,4.068281168222375e-236,yes,0.08498579691717512,0.08498579691717512,positive,very weak,0.0,0.0,yes
POLKE,polke_270_per_100_words,no,-0.05146349030771499,0.05146349030771499,negative,very weak,2.7707011104861425e-236,4.068281168222375e-236,yes,0.08498579691717507,0.08498579691717507,positive,very weak,0.0,0.0,yes
TAALES,Freq_N_PH,no,0.08637070066328864,0.08637070066328864,positive,very weak,0.0,0.0,yes,0.08474095990830549,0.08474095990830549,positive,very weak,0.0,0.0,yes
TAALES,Freq_N_P,no,0.08639397077172349,0.08639397077172349,positive,very weak,0.0,0.0,yes,0.08436088671144708,0.08436088671144708,positive,very weak,0.0,0.0,yes
TAASSC,relational_attributive_adj,no,0.05989330649905767,0.05989330649905767,positive,very weak,1.8211e-319,2.81113e-319,yes,0.08404609447518008,0.08404609447518008,positive,very weak,0.0,0.0,yes
POLKE,polke_718_per_100_words,no,0.0670844671406102,0.0670844671406102,positive,very weak,0.0,0.0,yes,0.0836179908676383,0.0836179908676383,positive,very weak,0.0,0.0,yes
POLKE,polke_869_per_100_words,no,0.07710544065178779,0.07710544065178779,positive,very weak,0.0,0.0,yes,0.08314997706648049,0.08314997706648049,positive,very weak,0.0,0.0,yes
POLKE,polke_126_per_100_words,no,0.042310390429539844,0.042310390429539844,positive,very weak,2.7181321288636152e-160,3.7532983905000807e-160,yes,0.08314916908338071,0.08314916908338071,positive,very weak,0.0,0.0,yes
POLKE,polke_250_per_100_words,no,0.04170897658704505,0.04170897658704505,positive,very weak,8.062736610953777e-156,1.110650063275962e-155,yes,0.08310731207181665,0.08310731207181665,positive,very weak,0.0,0.0,yes
TAALES,WN_Zscore_FW,no,-0.006737513793407325,0.006737513793407325,negative,very weak,1.7596183854240662e-05,1.9003435333767465e-05,yes,0.08298117848151237,0.08298117848151237,positive,very weak,0.0,0.0,yes
TAALES,LD_Mean_RT_Zscore_FW,no,-0.12850576183041915,0.12850576183041915,negative,very weak,0.0,0.0,yes,-0.08239216213238486,0.08239216213238486,negative,very weak,0.0,0.0,yes
TAALES,Freq_N,no,-0.0902820172941441,0.0902820172941441,negative,very weak,0.0,0.0,yes,-0.08232427524951495,0.08232427524951495,negative,very weak,0.0,0.0,yes
POLKE,polke_698_per_100_words,no,0.04356489853719838,0.04356489853719838,positive,very weak,7.925651616388183e-170,1.1095912262943456e-169,yes,0.08226909384129877,0.08226909384129877,positive,very weak,0.0,0.0,yes
POLKE,polke_770_per_100_words,no,0.07050595687845353,0.07050595687845353,positive,very weak,0.0,0.0,yes,0.08213557567111943,0.08213557567111943,positive,very weak,0.0,0.0,yes
POLKE,polke_275_per_100_words,no,-0.03072328922492484,0.03072328922492484,negative,very weak,2.1217715052064723e-85,2.719609963698879e-85,yes,0.08191624320963953,0.08191624320963953,positive,very weak,0.0,0.0,yes
POLKE,polke_848_per_100_words,no,0.04828286100293425,0.04828286100293425,positive,very weak,3.446320167845632e-208,4.950116488991005e-208,yes,0.08184060593378568,0.08184060593378568,positive,very weak,0.0,0.0,yes
POLKE,polke_240_per_100_words,no,0.083736064192691,0.083736064192691,positive,very weak,0.0,0.0,yes,0.08181626114690885,0.08181626114690885,positive,very weak,0.0,0.0,yes
TAASSC,det_nominal,no,-0.08321376565144861,0.08321376565144861,negative,very weak,0.0,0.0,yes,0.08158857697420957,0.08158857697420957,positive,very weak,0.0,0.0,yes
POLKE,polke_365_per_100_words,no,0.005510214616426121,0.005510214616426121,positive,very weak,0.0004459270479720632,0.0004758960095034775,yes,0.08112368207619464,0.08112368207619464,positive,very weak,0.0,0.0,yes
TAALES,McD_CD_CW,no,-0.08411121894441428,0.08411121894441428,negative,very weak,0.0,0.0,yes,-0.08087520153784973,0.08087520153784973,negative,very weak,0.0,0.0,yes
POLKE,polke_1121_per_100_words,no,0.029667318425018702,0.029667318425018702,positive,very weak,9.36738248934004e-80,1.1891236838799531e-79,yes,0.08040345912814705,0.08040345912814705,positive,very weak,0.0,0.0,yes
POLKE,polke_948_per_100_words,no,0.04264174215235913,0.04264174215235913,positive,very weak,8.767478871336391e-163,1.212598892285638e-162,yes,0.0801258555134821,0.0801258555134821,positive,very weak,0.0,0.0,yes
POLKE,polke_703_per_100_words,no,0.06541925274365684,0.06541925274365684,positive,very weak,0.0,0.0,yes,0.08011831909813938,0.08011831909813938,positive,very weak,0.0,0.0,yes
POLKE,polke_446_per_100_words,no,0.025265206377729714,0.025265206377729714,positive,very weak,2.4258436969354974e-58,3.0016752815616003e-58,yes,0.07993169196187318,0.07993169196187318,positive,very weak,0.0,0.0,yes
POLKE,polke_519_per_100_words,no,0.07985175975890325,0.07985175975890325,positive,very weak,0.0,0.0,yes,0.07968519296524956,0.07968519296524956,positive,very weak,0.0,0.0,yes
TAALES,TL_Freq_FW_Log,no,0.009214817116340777,0.009214817116340777,positive,very weak,4.3030409378107545e-09,4.773425102422667e-09,yes,-0.07965463289438193,0.07965463289438193,negative,very weak,0.0,0.0,yes
TAALES,COCA_fiction_tri_MI2,no,0.03660183283500386,0.03660183283500386,positive,very weak,1.9978253351631043e-120,2.6705147699179453e-120,yes,-0.07954003794954423,0.07954003794954423,negative,very weak,0.0,0.0,yes
TAALES,COCA_news_Range_FW,no,0.011497252955179473,0.011497252955179473,positive,very weak,2.359073210493234e-13,2.6425934395792925e-13,yes,-0.07912105174146626,0.07912105174146626,negative,very weak,0.0,0.0,yes
POLKE,polke_615_per_100_words,no,0.07017986437555364,0.07017986437555364,positive,very weak,0.0,0.0,yes,0.07894770870450454,0.07894770870450454,positive,very weak,0.0,0.0,yes
TAASSC,to_clause_adjective_personal_affect,no,0.02387454568284424,0.02387454568284424,positive,very weak,2.7522212781740217e-52,3.383555191446915e-52,yes,0.07885706586060291,0.07885706586060291,positive,very weak,0.0,0.0,yes
POLKE,polke_316_per_100_words,no,0.0269116151792124,0.0269116151792124,positive,very weak,5.972542451450324e-66,7.465678064312906e-66,yes,0.0784857690030264,0.0784857690030264,positive,very weak,0.0,0.0,yes
POLKE,polke_733_per_100_words,no,0.04895777391394336,0.04895777391394336,positive,very weak,5.323939107533871e-214,7.705110185165054e-214,yes,0.0783456467574158,0.0783456467574158,positive,very weak,0.0,0.0,yes
TAALES,BNC_Written_Freq_CW,no,0.041305244253494744,0.041305244253494744,positive,very weak,7.459668721005507e-153,1.025928777588167e-152,yes,0.07830801733690036,0.07830801733690036,positive,very weak,0.0,0.0,yes
TAALES,Freq_N_OG,no,-0.04899159643243108,0.04899159643243108,negative,very weak,2.709464118907344e-214,3.9279213558124216e-214,yes,-0.07804789282969386,0.07804789282969386,negative,very weak,0.0,0.0,yes
POLKE,polke_784_per_100_words,no,0.05583258078690314,0.05583258078690314,positive,very weak,8.179808210148042e-278,1.229480375144951e-277,yes,0.07761218784286798,0.07761218784286798,positive,very weak,0.0,0.0,yes
POLKE,polke_388_per_100_words,no,0.050697450022135715,0.050697450022135715,positive,very weak,2.364134954831863e-229,3.45946369243741e-229,yes,0.07756445404218504,0.07756445404218504,positive,very weak,0.0,0.0,yes
POLKE,polke_122_per_100_words,no,0.022142503226946417,0.022142503226946417,positive,very weak,3.198142735334635e-45,3.8544025236113137e-45,yes,0.07739338655479693,0.07739338655479693,positive,very weak,0.0,0.0,yes
POLKE,polke_694_per_100_words,no,0.07755930636565939,0.07755930636565939,positive,very weak,0.0,0.0,yes,0.07732610972385483,0.07732610972385483,positive,very weak,0.0,0.0,yes
POLKE,polke_292_per_100_words,no,0.0690412630507282,0.0690412630507282,positive,very weak,0.0,0.0,yes,0.07724709489212495,0.07724709489212495,positive,very weak,0.0,0.0,yes
POLKE,polke_516_per_100_words,no,0.05866445144912557,0.05866445144912557,positive,very weak,1.499542410771529e-306,2.2941259897173705e-306,yes,0.07704385876549144,0.07704385876549144,positive,very weak,0.0,0.0,yes
TAALES,COCA_news_tri_MI,no,-0.02838148466927227,0.02838148466927227,negative,very weak,3.7985156439119983e-73,4.793564627894833e-73,yes,-0.07678211994629527,0.07678211994629527,negative,very weak,0.0,0.0,yes
POLKE,polke_115_per_100_words,no,0.057530388821024396,0.057530388821024396,positive,very weak,7.176362351791299e-295,1.0920551404899802e-294,yes,0.0764542321782507,0.0764542321782507,positive,very weak,0.0,0.0,yes
POLKE,polke_782_per_100_words,no,0.06717308593987667,0.06717308593987667,positive,very weak,0.0,0.0,yes,0.07629751979923262,0.07629751979923262,positive,very weak,0.0,0.0,yes
POLKE,polke_449_per_100_words,no,0.056469864130268554,0.056469864130268554,positive,very weak,3.7210337214677597e-284,5.612641013471598e-284,yes,0.07527490691853211,0.07527490691853211,positive,very weak,0.0,0.0,yes
POLKE,polke_747_per_100_words,no,0.053271774552101,0.053271774552101,positive,very weak,4.6433621961844495e-253,6.870894017649984e-253,yes,0.0751813443438383,0.0751813443438383,positive,very weak,0.0,0.0,yes
POLKE,polke_627_per_100_words,no,0.054885268395551676,0.054885268395551676,positive,very weak,1.607838142664309e-268,2.4040474408625022e-268,yes,0.07510841366134083,0.07510841366134083,positive,very weak,0.0,0.0,yes
POLKE,polke_599_per_100_words,no,0.060504311704786116,0.060504311704786116,positive,very weak,0.0,0.0,yes,0.07504429273105555,0.07504429273105555,positive,very weak,0.0,0.0,yes
TAALES,LD_Mean_RT_SD_FW,no,0.04978935102785494,0.04978935102785494,positive,very weak,2.849624586083059e-221,4.152171763069198e-221,yes,0.07500078814640618,0.07500078814640618,positive,very weak,0.0,0.0,yes
POLKE,polke_580_per_100_words,no,0.06651276876827435,0.06651276876827435,positive,very weak,0.0,0.0,yes,0.07480999039867466,0.07480999039867466,positive,very weak,0.0,0.0,yes
POLKE,polke_651_per_100_words,no,0.0565264401860882,0.0565264401860882,positive,very weak,1.0095561436639987e-284,1.5241098471688008e-284,yes,0.07458629170400284,0.07458629170400284,positive,very weak,0.0,0.0,yes
TAALES,LD_Mean_Accuracy_CW,no,0.06446179247406637,0.06446179247406637,positive,very weak,0.0,0.0,yes,0.07423038933590419,0.07423038933590419,positive,very weak,0.0,0.0,yes
LCA,uber,no,-0.056730243074491586,0.056730243074491586,negative,very weak,9.090395946963072e-287,1.3772110467351298e-286,yes,0.07381187161488698,0.07381187161488698,positive,very weak,0.0,0.0,yes
TAALES,BNC_Spoken_Range_CW,no,-0.03414168213973847,0.03414168213973847,negative,very weak,5.037684436065882e-105,6.635659606645919e-105,yes,-0.07377012002505953,0.07377012002505953,negative,very weak,0.0,0.0,yes
TAASSC,size_attributive_adj,no,0.02265025993589828,0.02265025993589828,positive,very weak,3.078738138845651e-47,3.736755773616625e-47,yes,0.07352749729539665,0.07352749729539665,positive,very weak,0.0,0.0,yes
TAASSC,wh_relative_obj_clause,no,0.0521644333904572,0.0521644333904572,positive,very weak,1.0208314067286891e-242,1.5053532781940688e-242,yes,0.07352352048366013,0.07352352048366013,positive,very weak,0.0,0.0,yes
TAASSC,to_clause_verb_cognition,no,0.03429145833006253,0.03429145833006253,positive,very weak,6.239711276708955e-106,8.23161910735066e-106,yes,0.07340969538924946,0.07340969538924946,positive,very weak,0.0,0.0,yes
POLKE,polke_1066_per_100_words,no,0.05389463394405502,0.05389463394405502,positive,very weak,5.669663238291137e-259,8.418590868977748e-259,yes,0.07304795128904411,0.07304795128904411,positive,very weak,0.0,0.0,yes
POLKE,polke_555_per_100_words,no,0.07256414500391942,0.07256414500391942,positive,very weak,0.0,0.0,yes,0.07283766489890295,0.07283766489890295,positive,very weak,0.0,0.0,yes
POLKE,polke_207_per_100_words,no,-0.037282100041370995,0.037282100041370995,negative,very weak,7.124870084583132e-125,9.583648780439272e-125,yes,0.07269673314473095,0.07269673314473095,positive,very weak,0.0,0.0,yes
POLKE,polke_1054_per_100_words,no,0.037876047088427164,0.037876047088427164,positive,very weak,7.987223820933308e-129,1.079439625918095e-128,yes,0.07258026061176968,0.07258026061176968,positive,very weak,0.0,0.0,yes
POLKE,polke_149_per_100_words,no,0.031588469399288256,0.031588469399288256,positive,very weak,3.588876997167459e-90,4.638224604477914e-90,yes,0.07252511130569843,0.07252511130569843,positive,very weak,0.0,0.0,yes
TAALES,COCA_spoken_Frequency_FW,no,0.029492004852595007,0.029492004852595007,positive,very weak,7.757900637687444e-79,9.84082810180027e-79,yes,0.07240774207247372,0.07240774207247372,positive,very weak,0.0,0.0,yes
POLKE,polke_704_per_100_words,no,0.043932471685047395,0.043932471685047395,positive,very weak,1.1279618700096071e-172,1.5817290327608145e-172,yes,0.07179745022249345,0.07179745022249345,positive,very weak,0.0,0.0,yes
POLKE,polke_673_per_100_words,no,0.052441056444528907,0.052441056444528907,positive,very weak,2.7917452232834015e-245,4.123895829397962e-245,yes,0.07176836029913888,0.07176836029913888,positive,very weak,0.0,0.0,yes
TAALES,COCA_fiction_tri_2_MI,no,-0.05607244645257715,0.05607244645257715,negative,very weak,3.4211120191168416e-280,5.146672905952091e-280,yes,-0.0714897524926845,0.0714897524926845,negative,very weak,0.0,0.0,yes
POLKE,polke_79_per_100_words,no,0.03356339385300989,0.03356339385300989,positive,very weak,1.4696400188672035e-101,1.929887161069873e-101,yes,0.07128625224200695,0.07128625224200695,positive,very weak,0.0,0.0,yes
POLKE,polke_485_per_100_words,no,0.04603701974014555,0.04603701974014555,positive,very weak,1.9560914113561897e-189,2.7862929987341073e-189,yes,0.07115561188916186,0.07115561188916186,positive,very weak,0.0,0.0,yes
POLKE,polke_732_per_100_words,no,0.03595355942106375,0.03595355942106375,positive,very weak,2.9036359890126037e-116,3.866254441891782e-116,yes,0.06939849939087714,0.06939849939087714,positive,very weak,0.0,0.0,yes
TAALES,COCA_academic_bi_MI2,no,0.1031948422719481,0.1031948422719481,positive,very weak,0.0,0.0,yes,0.0693621636509595,0.0693621636509595,positive,very weak,0.0,0.0,yes
TAASSC,nonfactive_adverb,no,0.05381384857452959,0.05381384857452959,positive,very weak,3.345157949978674e-258,4.962755955201926e-258,yes,0.06872026077424062,0.06872026077424062,positive,very weak,0.0,0.0,yes
TAALES,Sem_D_FW,no,0.06465936361212701,0.06465936361212701,positive,very weak,0.0,0.0,yes,-0.06850829656113584,0.06850829656113584,negative,very weak,0.0,0.0,yes
TAALES_COVERAGE,SUBTLEXus_Freq_FW,no,0.06623756992554293,0.06623756992554293,positive,very weak,0.0,0.0,yes,0.06805176278248222,0.06805176278248222,positive,very weak,0.0,0.0,yes
TAALES_COVERAGE,SUBTLEXus_Freq_FW_Log,no,0.06623756992554293,0.06623756992554293,positive,very weak,0.0,0.0,yes,0.06805176278248222,0.06805176278248222,positive,very weak,0.0,0.0,yes
TAALES_COVERAGE,SUBTLEXus_Range_FW,no,0.06623756992554293,0.06623756992554293,positive,very weak,0.0,0.0,yes,0.06805176278248222,0.06805176278248222,positive,very weak,0.0,0.0,yes
TAALES_COVERAGE,SUBTLEXus_Range_FW_Log,no,0.06623756992554293,0.06623756992554293,positive,very weak,0.0,0.0,yes,0.06805176278248222,0.06805176278248222,positive,very weak,0.0,0.0,yes
TAALES_COVERAGE,BNC_Written_Freq_FW,no,0.06623516871928414,0.06623516871928414,positive,very weak,0.0,0.0,yes,0.06798198640368894,0.06798198640368894,positive,very weak,0.0,0.0,yes
TAALES_COVERAGE,BNC_Written_Freq_FW_Log,no,0.06623516871928414,0.06623516871928414,positive,very weak,0.0,0.0,yes,0.06798198640368894,0.06798198640368894,positive,very weak,0.0,0.0,yes
TAALES_COVERAGE,BNC_Written_Range_FW,no,0.06623516871928414,0.06623516871928414,positive,very weak,0.0,0.0,yes,0.06798198640368894,0.06798198640368894,positive,very weak,0.0,0.0,yes
TAALES_COVERAGE,COCA_magazine_Frequency_FW,no,0.06622174126650766,0.06622174126650766,positive,very weak,0.0,0.0,yes,0.06753328827414512,0.06753328827414512,positive,very weak,0.0,0.0,yes
TAALES_COVERAGE,COCA_magazine_Range_FW,no,0.06622174126650766,0.06622174126650766,positive,very weak,0.0,0.0,yes,0.06753328827414512,0.06753328827414512,positive,very weak,0.0,0.0,yes
TAALES_COVERAGE,COCA_magazine_Frequency_Log_FW,no,0.06622174126650766,0.06622174126650766,positive,very weak,0.0,0.0,yes,0.06753328827414244,0.06753328827414244,positive,very weak,0.0,0.0,yes
TAALES_COVERAGE,COCA_magazine_Range_Log_FW,no,0.06622174126650766,0.06622174126650766,positive,very weak,0.0,0.0,yes,0.06753328827414244,0.06753328827414244,positive,very weak,0.0,0.0,yes
TAALES_COVERAGE,COCA_fiction_Frequency_FW,no,0.06621934005118879,0.06621934005118879,positive,very weak,0.0,0.0,yes,0.06746383270091638,0.06746383270091638,positive,very weak,0.0,0.0,yes
TAALES_COVERAGE,COCA_fiction_Frequency_Log_FW,no,0.06621934005118879,0.06621934005118879,positive,very weak,0.0,0.0,yes,0.06746383270091638,0.06746383270091638,positive,very weak,0.0,0.0,yes
TAALES_COVERAGE,COCA_fiction_Range_FW,no,0.06621934005118879,0.06621934005118879,positive,very weak,0.0,0.0,yes,0.06746383270091638,0.06746383270091638,positive,very weak,0.0,0.0,yes
TAALES_COVERAGE,COCA_fiction_Range_Log_FW,no,0.06621934005118879,0.06621934005118879,positive,very weak,0.0,0.0,yes,0.06746383270091638,0.06746383270091638,positive,very weak,0.0,0.0,yes
TAALES_COVERAGE,COCA_spoken_Frequency_FW,no,0.06621417262013933,0.06621417262013933,positive,very weak,0.0,0.0,yes,0.06727148141206601,0.06727148141206601,positive,very weak,0.0,0.0,yes
TAALES_COVERAGE,COCA_spoken_Range_FW,no,0.06621417262013933,0.06621417262013933,positive,very weak,0.0,0.0,yes,0.06727148141206601,0.06727148141206601,positive,very weak,0.0,0.0,yes
TAALES_COVERAGE,COCA_spoken_Frequency_Log_FW,no,0.06621417262013933,0.06621417262013933,positive,very weak,0.0,0.0,yes,0.0672714814120636,0.0672714814120636,positive,very weak,0.0,0.0,yes
TAALES_COVERAGE,COCA_spoken_Range_Log_FW,no,0.06621417262013933,0.06621417262013933,positive,very weak,0.0,0.0,yes,0.0672714814120636,0.0672714814120636,positive,very weak,0.0,0.0,yes
TAALES_COVERAGE,COCA_Academic_Frequency_FW,no,0.0662141736529046,0.0662141736529046,positive,very weak,0.0,0.0,yes,0.06713545384740179,0.06713545384740179,positive,very weak,0.0,0.0,yes
TAALES_COVERAGE,COCA_Academic_Range_FW,no,0.0662141736529046,0.0662141736529046,positive,very weak,0.0,0.0,yes,0.06713545384740179,0.06713545384740179,positive,very weak,0.0,0.0,yes
TAALES_COVERAGE,COCA_Academic_Frequency_Log_FW,no,0.0662141736529046,0.0662141736529046,positive,very weak,0.0,0.0,yes,0.06713545384739408,0.06713545384739408,positive,very weak,0.0,0.0,yes
TAALES_COVERAGE,COCA_Academic_Range_Log_FW,no,0.0662141736529046,0.0662141736529046,positive,very weak,0.0,0.0,yes,0.06713545384739408,0.06713545384739408,positive,very weak,0.0,0.0,yes
TAALES_COVERAGE,COCA_news_Frequency_FW,no,0.06621177247042144,0.06621177247042144,positive,very weak,0.0,0.0,yes,0.06706621570435713,0.06706621570435713,positive,very weak,0.0,0.0,yes
TAALES_COVERAGE,COCA_news_Frequency_Log_FW,no,0.06621177247042144,0.06621177247042144,positive,very weak,0.0,0.0,yes,0.06706621570435713,0.06706621570435713,positive,very weak,0.0,0.0,yes
TAALES_COVERAGE,COCA_news_Range_FW,no,0.06621177247042144,0.06621177247042144,positive,very weak,0.0,0.0,yes,0.06706621570435713,0.06706621570435713,positive,very weak,0.0,0.0,yes
TAALES_COVERAGE,COCA_news_Range_Log_FW,no,0.06621177247042144,0.06621177247042144,positive,very weak,0.0,0.0,yes,0.06706621570435713,0.06706621570435713,positive,very weak,0.0,0.0,yes
TAASSC,cc_nominal,no,-0.24372343690321213,0.24372343690321213,negative,weak,0.0,0.0,yes,-0.0670654941019631,0.0670654941019631,negative,very weak,0.0,0.0,yes
POLKE,polke_339_per_100_words,no,0.049710538215741826,0.049710538215741826,positive,very weak,1.4099935474363896e-220,2.0527495194001767e-220,yes,0.0670192055248165,0.0670192055248165,positive,very weak,0.0,0.0,yes
POLKE,polke_931_per_100_words,no,0.04121906254225719,0.04121906254225719,positive,very weak,3.1780205772596667e-152,4.3672318028848786e-152,yes,0.0668754389726052,0.0668754389726052,positive,very weak,0.0,0.0,yes
TAALES_COVERAGE,Freq_HAL_FW,no,0.06621939861155496,0.06621939861155496,positive,very weak,0.0,0.0,yes,0.06643761103676749,0.06643761103676749,positive,very weak,0.0,0.0,yes
TAALES_COVERAGE,Log_Freq_HAL_FW,no,0.06621939861155496,0.06621939861155496,positive,very weak,0.0,0.0,yes,0.06643761103676749,0.06643761103676749,positive,very weak,0.0,0.0,yes
TAALES_COVERAGE,Ortho_N_FW,no,0.06621939861155496,0.06621939861155496,positive,very weak,0.0,0.0,yes,0.06643761103676749,0.06643761103676749,positive,very weak,0.0,0.0,yes
TAALES_COVERAGE,Phono_N_FW,no,0.06621939861155496,0.06621939861155496,positive,very weak,0.0,0.0,yes,0.06643761103676749,0.06643761103676749,positive,very weak,0.0,0.0,yes
TAALES_COVERAGE,Phono_N_H_FW,no,0.06621939861155496,0.06621939861155496,positive,very weak,0.0,0.0,yes,0.06643761103676749,0.06643761103676749,positive,very weak,0.0,0.0,yes
TAALES_COVERAGE,OG_N_FW,no,0.06621939861155496,0.06621939861155496,positive,very weak,0.0,0.0,yes,0.06643761103676579,0.06643761103676579,positive,very weak,0.0,0.0,yes
POLKE,polke_197_per_100_words,no,-0.012864484004372416,0.012864484004372416,negative,very weak,2.44304755647623e-16,2.7673887446213564e-16,yes,0.06607317767750778,0.06607317767750778,positive,very weak,0.0,0.0,yes
TAALES_COVERAGE,BNC_Spoken_Freq_FW,no,0.0662137975701326,0.0662137975701326,positive,very weak,0.0,0.0,yes,0.06602146939181319,0.06602146939181319,positive,very weak,0.0,0.0,yes
TAALES_COVERAGE,BNC_Spoken_Freq_FW_Log,no,0.0662137975701326,0.0662137975701326,positive,very weak,0.0,0.0,yes,0.06602146939181319,0.06602146939181319,positive,very weak,0.0,0.0,yes
TAALES_COVERAGE,BNC_Spoken_Range_FW,no,0.0662137975701326,0.0662137975701326,positive,very weak,0.0,0.0,yes,0.06602146939181319,0.06602146939181319,positive,very weak,0.0,0.0,yes
TAALES_COVERAGE,KF_Freq_FW,no,0.06620537719164162,0.06620537719164162,positive,very weak,0.0,0.0,yes,0.06596824102700143,0.06596824102700143,positive,very weak,0.0,0.0,yes
TAALES_COVERAGE,KF_Freq_FW_Log,no,0.06620537719164162,0.06620537719164162,positive,very weak,0.0,0.0,yes,0.06596824102700143,0.06596824102700143,positive,very weak,0.0,0.0,yes
TAALES_COVERAGE,KF_Ncats_FW,no,0.06620537719164162,0.06620537719164162,positive,very weak,0.0,0.0,yes,0.06596824102700143,0.06596824102700143,positive,very weak,0.0,0.0,yes
TAALES_COVERAGE,KF_Nsamp_FW,no,0.06620537719164162,0.06620537719164162,positive,very weak,0.0,0.0,yes,0.06596824102700143,0.06596824102700143,positive,very weak,0.0,0.0,yes
TAALES,USF,no,-0.12949676866040596,0.12949676866040596,negative,very weak,0.0,0.0,yes,-0.06590945627063814,0.06590945627063814,negative,very weak,0.0,0.0,yes
POLKE,polke_349_per_100_words,no,0.06279007324072024,0.06279007324072024,positive,very weak,0.0,0.0,yes,0.06590643838092088,0.06590643838092088,positive,very weak,0.0,0.0,yes
TAASSC,wh_relative_prep_clause,no,0.06260900888946355,0.06260900888946355,positive,very weak,0.0,0.0,yes,0.06586058316759424,0.06586058316759424,positive,very weak,0.0,0.0,yes
LCA,msttr,no,-0.024430865003398833,0.024430865003398833,negative,very weak,1.1438724456878543e-54,1.410310024697822e-54,yes,-0.06565012604895143,0.06565012604895143,negative,very weak,0.0,0.0,yes
TAASSC,cc_phrase,no,-0.05015150732918414,0.05015150732918414,negative,very weak,1.7765401920996377e-224,2.595201387947937e-224,yes,0.06522910084294545,0.06522910084294545,positive,very weak,0.0,0.0,yes
TAALES_COVERAGE,LD_Mean_RT_FW,no,0.06618611600345023,0.06618611600345023,positive,very weak,0.0,0.0,yes,0.06509391327645843,0.06509391327645843,positive,very weak,0.0,0.0,yes
TAALES_COVERAGE,LD_Mean_RT_Zscore_FW,no,0.06618611600345023,0.06618611600345023,positive,very weak,0.0,0.0,yes,0.06509391327645843,0.06509391327645843,positive,very weak,0.0,0.0,yes
TAALES_COVERAGE,OLD_FW,no,0.06618611600345023,0.06618611600345023,positive,very weak,0.0,0.0,yes,0.06509391327645804,0.06509391327645804,positive,very weak,0.0,0.0,yes
TAALES_COVERAGE,LD_Mean_Accuracy_FW,no,0.06618611600345023,0.06618611600345023,positive,very weak,0.0,0.0,yes,0.06509391327645697,0.06509391327645697,positive,very weak,0.0,0.0,yes
TAALES_COVERAGE,LD_Mean_RT_SD_FW,no,0.06618611600345023,0.06618611600345023,positive,very weak,0.0,0.0,yes,0.06509391327645697,0.06509391327645697,positive,very weak,0.0,0.0,yes
TAALES_COVERAGE,WN_Mean_Accuracy_FW,no,0.06618611600345023,0.06618611600345023,positive,very weak,0.0,0.0,yes,0.06509391327645697,0.06509391327645697,positive,very weak,0.0,0.0,yes
TAALES_COVERAGE,WN_Mean_RT_FW,no,0.06618611600345023,0.06618611600345023,positive,very weak,0.0,0.0,yes,0.06509391327645697,0.06509391327645697,positive,very weak,0.0,0.0,yes
TAALES_COVERAGE,WN_SD_FW,no,0.06618611600345023,0.06618611600345023,positive,very weak,0.0,0.0,yes,0.06509391327645697,0.06509391327645697,positive,very weak,0.0,0.0,yes
TAALES_COVERAGE,WN_Zscore_FW,no,0.06618611600345023,0.06618611600345023,positive,very weak,0.0,0.0,yes,0.06509391327645697,0.06509391327645697,positive,very weak,0.0,0.0,yes
TAALES_COVERAGE,OLDF_FW,no,0.06618611600345023,0.06618611600345023,positive,very weak,0.0,0.0,yes,0.06509391327645402,0.06509391327645402,positive,very weak,0.0,0.0,yes
TAALES_COVERAGE,PLDF_FW,no,0.06618611600345023,0.06618611600345023,positive,very weak,0.0,0.0,yes,0.06509391327645402,0.06509391327645402,positive,very weak,0.0,0.0,yes
TAALES_COVERAGE,PLD_FW,no,0.06618611600345023,0.06618611600345023,positive,very weak,0.0,0.0,yes,0.06509391327645402,0.06509391327645402,positive,very weak,0.0,0.0,yes
POLKE,polke_160_per_100_words,no,0.04861536651129584,0.04861536651129584,positive,very weak,4.836673380938513e-211,6.970499872529034e-211,yes,0.06501076859199577,0.06501076859199577,positive,very weak,0.0,0.0,yes
TAALES_COVERAGE,Freq_N_PH_CW,no,0.04320000656942565,0.04320000656942565,positive,very weak,5.026837914495946e-167,6.99191161667522e-167,yes,0.06436441667959786,0.06436441667959786,positive,very weak,0.0,0.0,yes
TAALES_COVERAGE,Freq_N_P_CW,no,0.03937726688961082,0.03937726688961082,positive,very weak,4.357019331295019e-139,5.944541092419219e-139,yes,0.06393847247134019,0.06393847247134019,positive,very weak,0.0,0.0,yes
POLKE,polke_908_per_100_words,no,0.057023475246913,0.057023475246913,positive,very weak,1.0056225014757559e-289,1.5275842250052448e-289,yes,0.06347298112819887,0.06347298112819887,positive,very weak,0.0,0.0,yes
POLKE,polke_298_per_100_words,no,0.06234953175414577,0.06234953175414577,positive,very weak,0.0,0.0,yes,0.06289527587196281,0.06289527587196281,positive,very weak,0.0,0.0,yes
TAALES,COCA_spoken_Frequency_CW,no,0.030660313625635975,0.030660313625635975,positive,very weak,4.665176302373195e-85,5.975188467938782e-85,yes,0.06279416193025919,0.06279416193025919,positive,very weak,0.0,0.0,yes
POLKE,polke_860_per_100_words,no,-0.01980805987524765,0.01980805987524765,negative,very weak,1.55917743475932e-36,1.858227450043248e-36,yes,0.062277438768559394,0.062277438768559394,positive,very weak,0.0,0.0,yes
TAASSC,to_clause_verb_to_speech_act,no,0.05179095885228403,0.05179095885228403,positive,very weak,2.8041176364245156e-239,4.127949996968278e-239,yes,0.06213376158579035,0.06213376158579035,positive,very weak,0.0,0.0,yes
POLKE,polke_52_per_100_words,no,0.03247946174258659,0.03247946174258659,positive,very weak,3.181775462538503e-95,4.137031780328683e-95,yes,0.06203805940818708,0.06203805940818708,positive,very weak,0.0,0.0,yes
TAASSC,all_phrasal_verbs,no,0.00310377819240035,0.00310377819240035,positive,very weak,0.047949079053955124,0.04992876173499274,yes,0.06187077012069351,0.06187077012069351,positive,very weak,0.0,0.0,yes
POLKE,polke_1081_per_100_words,no,0.04356155446909548,0.04356155446909548,positive,very weak,8.410536231684952e-170,1.1765146523115573e-169,yes,0.061354401505572136,0.061354401505572136,positive,very weak,0.0,0.0,yes
TAALES,SUBTLEXus_Range_AW_Log,no,-0.04820955323139607,0.04820955323139607,negative,very weak,1.4577121140261864e-207,2.090281166851931e-207,yes,-0.061277730685483985,0.061277730685483985,negative,very weak,0.0,0.0,yes
POLKE,polke_355_per_100_words,no,0.06260112230439897,0.06260112230439897,positive,very weak,0.0,0.0,yes,0.061180726420971325,0.061180726420971325,positive,very weak,0.0,0.0,yes
POLKE,polke_739_per_100_words,no,0.0673601549520025,0.0673601549520025,positive,very weak,0.0,0.0,yes,0.06097644368404068,0.06097644368404068,positive,very weak,0.0,0.0,yes
POLKE,polke_215_per_100_words,no,0.05486021023784321,0.05486021023784321,positive,very weak,2.81773045833547e-268,4.2094144042206715e-268,yes,0.060828062428928006,0.060828062428928006,positive,very weak,0.0,0.0,yes
TAALES,Freq_N_P_FW,no,0.012399579029194103,0.012399579029194103,positive,very weak,2.749951082216492e-15,3.0986636701716714e-15,yes,-0.060641076320982104,0.060641076320982104,negative,very weak,0.0,0.0,yes
POLKE,polke_591_per_100_words,no,0.056101569062484334,0.056101569062484334,positive,very weak,1.7566302041212316e-280,2.6449699737207304e-280,yes,0.06060418875419845,0.06060418875419845,positive,very weak,0.0,0.0,yes
TAASSC,existence_verb,no,-0.13879738337608055,0.13879738337608055,negative,very weak,0.0,0.0,yes,-0.06054814602923981,0.06054814602923981,negative,very weak,0.0,0.0,yes
POLKE,polke_422_per_100_words,no,0.03136854815754016,0.03136854815754016,positive,very weak,6.0314745985574585e-89,7.783279861945855e-89,yes,0.06041497994896809,0.06041497994896809,positive,very weak,0.0,0.0,yes
POLKE,polke_484_per_100_words,no,0.039914280855365455,0.039914280855365455,positive,very weak,7.428528067831422e-143,1.0151335168391147e-142,yes,0.06025709990371031,0.06025709990371031,positive,very weak,2.5e-323,3.5e-323,yes
TAASSC,transitive_mental_phrasal_verb,no,0.051300357329754735,0.051300357329754735,positive,very weak,8.459831055177928e-235,1.24111293923269e-234,yes,0.0601694295953712,0.0601694295953712,positive,very weak,2.08e-322,2.8e-322,yes
POLKE,polke_73_per_100_words,no,0.04599139216773872,0.04599139216773872,positive,very weak,4.603786935177839e-189,6.552277671228211e-189,yes,0.060055203361158584,0.060055203361158584,positive,very weak,3.46e-321,4.73e-321,yes
TAALES,COCA_spoken_Trigram_Range_Log,no,-0.07296059477837227,0.07296059477837227,negative,very weak,0.0,0.0,yes,0.05994268987293193,0.05994268987293193,positive,very weak,5.4407e-320,7.4347e-320,yes
POLKE,polke_779_per_100_words,no,0.04347186425239748,0.04347186425239748,positive,very weak,4.1281383089159006e-169,5.760583563702823e-169,yes,0.059874318333843685,0.059874318333843685,positive,very weak,2.897e-319,3.9557e-319,yes
POLKE,polke_119_per_100_words,no,0.02895594151734952,0.02895594151734952,positive,very weak,4.607741243774762e-76,5.827637340024865e-76,yes,0.05964675944113833,0.05964675944113833,positive,very weak,7.468813e-317,1.0190147e-316,yes
TAALES,COCA_spoken_tri_MI2,no,0.06104747022471392,0.06104747022471392,positive,very weak,0.0,0.0,yes,-0.05932164543358323,0.05932164543358323,negative,very weak,2.0055160652e-313,2.7340699935e-313,yes
TAASSC,non_past_tense,no,0.01983030633686175,0.01983030633686175,positive,very weak,1.3020257799526434e-36,1.5528332493871928e-36,yes,0.059315045034383757,0.059315045034383757,positive,very weak,2.35312409945e-313,3.20540733163e-313,yes
POLKE,polke_394_per_100_words,no,0.02727757147614066,0.02727757147614066,positive,very weak,1.0472174117012742e-67,1.3128493136459688e-67,yes,0.0592746581633291,0.0592746581633291,positive,very weak,6.2551535504e-313,8.51395899913e-313,yes
POLKE,polke_991_per_100_words,no,0.05372442722695117,0.05372442722695117,positive,very weak,2.3786171500887962e-257,3.525780823165329e-257,yes,0.05908948481285244,0.05908948481285244,positive,very weak,5.486058870525e-311,7.4612140864e-311,yes
POLKE,polke_392_per_100_words,no,0.02696305509659066,0.02696305509659066,positive,very weak,3.3942156290885514e-66,4.2458641895600773e-66,yes,0.058863335132710436,0.058863335132710436,positive,very weak,1.270385949929703e-308,1.726396120546308e-308,yes
TAALES,BNC_Spoken_Trigram_Normed_Freq_Log,no,-0.10546919076005895,0.10546919076005895,negative,very weak,0.0,0.0,yes,0.058191444095104905,0.058191444095104905,positive,very weak,1.1898308827652992e-301,1.615645260445359e-301,yes
TAALES,KF_Freq_CW,no,0.022927307803610145,0.022927307803610145,positive,very weak,2.3386926960367292e-48,2.852672812022041e-48,yes,0.05793237622743881,0.05793237622743881,positive,very weak,5.521212586919614e-299,7.491202204562609e-299,yes
POLKE,polke_785_per_100_words,no,0.04550853145384599,0.04550853145384599,positive,very weak,3.75230441958643e-185,5.309572672929643e-185,yes,0.05785264627774299,0.05785264627774299,positive,very weak,3.6330497378974007e-298,4.925438972722563e-298,yes
POLKE,polke_856_per_100_words,no,0.04342146415284225,0.04342146415284225,positive,very weak,1.007827089916006e-168,1.405222324557683e-168,yes,0.05784250870201848,0.05784250870201848,positive,very weak,4.615597296721401e-298,6.252566638133652e-298,yes
POLKE,polke_563_per_100_words,no,0.03717456068295039,0.03717456068295039,positive,very weak,3.6420912290177017e-124,4.891297147819388e-124,yes,0.05776319020173656,0.05776319020173656,positive,very weak,2.9989698263142045e-297,4.059379046668399e-297,yes
POLKE,polke_359_per_100_words,no,0.04348601791981848,0.04348601791981848,positive,very weak,3.2122993931674913e-169,4.486232458698899e-169,yes,0.05763793017411971,0.05763793017411971,positive,very weak,5.73023061774902e-296,7.75027248378515e-296,yes
POLKE,polke_750_per_100_words,no,0.048643681746042534,0.048643681746042534,positive,very weak,2.7586787833235217e-211,3.979086722792128e-211,yes,0.057477305616808465,0.057477305616808465,positive,very weak,2.494547650078507e-294,3.371275980996564e-294,yes
POLKE,polke_688_per_100_words,no,-0.1316149698757596,0.1316149698757596,negative,very weak,0.0,0.0,yes,-0.057285083740725995,0.057285083740725995,negative,very weak,2.2497643483915423e-292,3.038067604324012e-292,yes
POLKE,polke_665_per_100_words,no,0.05023320086153009,0.05023320086153009,positive,very weak,3.336812748664575e-225,4.878630745063722e-225,yes,0.05679469151939626,0.05679469151939626,positive,very weak,2.042573720926468e-287,2.75610852194248e-287,yes
POLKE,polke_14_per_100_words,no,0.02346199391795556,0.02346199391795556,positive,very weak,1.4805390759028983e-50,1.8110731206658134e-50,yes,0.05671523180024075,0.05671523180024075,positive,very weak,1.2867739805345731e-286,1.7349193212396172e-286,yes
POLKE,polke_805_per_100_words,no,0.048694879943707685,0.048694879943707685,positive,very weak,9.9868750869688e-212,1.4417079776221796e-211,yes,0.05646865612870145,0.05646865612870145,positive,very weak,3.826078604188131e-284,5.154536375634442e-284,yes
TAASSC,that_noun_clause_factive,no,0.07049394768169853,0.07049394768169853,positive,very weak,0.0,0.0,yes,0.0558216982251799,0.0558216982251799,positive,very weak,1.0481277885878979e-277,1.410941253868324e-277,yes
TAALES,OG_N,no,-0.11341725499673613,0.11341725499673613,negative,very weak,0.0,0.0,yes,-0.05576882123260819,0.05576882123260819,negative,very weak,3.4936050974300455e-277,4.699241366347081e-277,yes
POLKE,polke_924_per_100_words,no,0.04742091034160145,0.04742091034160145,positive,very weak,6.936392124866842e-201,9.929810095280996e-201,yes,0.055413474150298854,0.055413474150298854,positive,very weak,1.1068415321106156e-273,1.4876435952740643e-273,yes
POLKE,polke_16_per_100_words,no,-0.006812928030276266,0.006812928030276266,negative,very weak,1.4154364020292161e-05,1.530563322496914e-05,yes,0.05532067971147501,0.05532067971147501,positive,very weak,9.006774040098461e-273,1.2096019952050792e-272,yes
POLKE,polke_458_per_100_words,no,0.048890903515222586,0.048890903515222586,positive,very weak,2.0212266250299898e-213,2.9227686862786105e-213,yes,0.05526678633165493,0.05526678633165493,positive,very weak,3.038485579656915e-272,4.0774669554863916e-272,yes
TAALES,Log_Freq_HAL_CW,no,-0.008870198309090329,0.008870198309090329,negative,very weak,1.5814613968132376e-08,1.7453064964830777e-08,yes,-0.054841317577033956,0.054841317577033956,negative,very weak,4.3006222715143515e-268,5.766667080255757e-268,yes
POLKE,polke_170_per_100_words,no,0.014978570212894041,0.014978570212894041,positive,very weak,1.3548909116851548e-21,1.562634777094849e-21,yes,0.054056216985915034,0.054056216985915034,positive,very weak,1.6152156351668984e-260,2.1641365736806488e-260,yes
POLKE,polke_169_per_100_words,no,0.0356513989949721,0.0356513989949721,positive,very weak,2.3857439464619238e-114,3.1717448590559684e-114,yes,0.05381463382270809,0.05381463382270809,positive,very weak,3.287981290448943e-258,4.401942164808694e-258,yes
POLKE,polke_326_per_100_words,no,-0.10033128669357051,0.10033128669357051,negative,very weak,0.0,0.0,yes,-0.05350858901359599,0.05350858901359599,negative,very weak,2.6712892102091804e-255,3.5735265175575226e-255,yes
POLKE,polke_692_per_100_words,no,0.03845944607838709,0.03845944607838709,positive,very weak,9.148737407883965e-133,1.2413041657057754e-132,yes,0.05324707598377559,0.05324707598377559,positive,very weak,7.941261490579379e-253,1.0615170269948272e-252,yes
POLKE,polke_669_per_100_words,no,0.04457677557598485,0.04457677557598485,positive,very weak,1.0104126143692945e-177,1.4203751095437215e-177,yes,0.052933600781559106,0.052933600781559106,positive,very weak,7.053617193281584e-250,9.42130333837844e-250,yes
POLKE,polke_664_per_100_words,no,0.042576612541398696,0.042576612541398696,positive,very weak,2.717156971670964e-162,3.754975186475184e-162,yes,0.05280026601235839,0.05280026601235839,positive,very weak,1.2509505873395388e-248,1.6695566204570498e-248,yes
POLKE,polke_335_per_100_words,no,0.01822973653620185,0.01822973653620185,positive,very weak,3.3472840476734735e-31,3.942714383076928e-31,yes,0.05277528238152917,0.05277528238152917,positive,very weak,2.142334322561921e-248,2.8570010600262006e-248,yes
POLKE,polke_90_per_100_words,no,0.010354259872303779,0.010354259872303779,positive,very weak,4.160228533497091e-11,4.639006459653778e-11,yes,0.052452384252189316,0.052452384252189316,positive,very weak,2.1909190665394525e-245,2.9195230762355563e-245,yes
TAALES,TL_Freq_AW_Log,no,-0.006841254812884808,0.006841254812884808,negative,very weak,1.3035737921517024e-05,1.410491516429129e-05,yes,-0.0521577246732484,0.0521577246732484,negative,very weak,1.1774568849345346e-242,1.567809439179136e-242,yes
POLKE,polke_351_per_100_words,no,-0.09090606912961055,0.09090606912961055,negative,very weak,0.0,0.0,yes,-0.05213328519264553,0.05213328519264553,negative,very weak,1.980190257153148e-242,2.634620861922148e-242,yes
TAALES_COVERAGE,lsa_average_top_three_cosine,no,-0.0021797948511884315,0.0021797948511884315,negative,very weak,0.164824352259626,0.1697740325076628,no,0.05176294506919331,0.05176294506919331,positive,very weak,5.0668404725240765e-239,6.730930604476213e-239,yes
TAALES_COVERAGE,lsa_max_similarity_cosine,no,-0.0021797948511884315,0.0021797948511884315,negative,very weak,0.164824352259626,0.1697740325076628,no,0.05176294506919331,0.05176294506919331,positive,very weak,5.0668404725240765e-239,6.730930604476213e-239,yes
POLKE,polke_261_per_100_words,no,0.04822235939592218,0.04822235939592218,positive,very weak,1.1332591249810101e-207,1.6263928027970146e-207,yes,0.05161004521846777,0.05161004521846777,positive,very weak,1.2725178121753237e-237,1.689139355944799e-237,yes
POLKE,polke_1150_per_100_words,no,0.05224190647576584,0.05224190647576584,positive,very weak,1.9610725318370178e-243,2.894354037952225e-243,yes,0.05156822679374049,0.05156822679374049,positive,very weak,3.0677620031531544e-237,4.0689960057290484e-237,yes
POLKE,polke_200_per_100_words,no,0.020865028312532584,0.020865028312532584,positive,very weak,2.3869336680037378e-40,2.8666605326515477e-40,yes,0.05095796382400866,0.05095796382400866,positive,very weak,1.0672922852516497e-231,1.4145334383358416e-231,yes
POLKE,polke_444_per_100_words,no,0.03636316618825206,0.03636316618825206,positive,very weak,6.944160197213109e-119,9.267886955813606e-119,yes,0.05086816665274036,0.05086816665274036,positive,very weak,6.887886183737308e-231,9.121795216300759e-231,yes
POLKE,polke_687_per_100_words,no,0.031047407937697485,0.031047407937697485,positive,very weak,3.5856389928821162e-87,4.609723292948148e-87,yes,0.05085722785419686,0.05085722785419686,positive,very weak,8.64242044706952e-231,1.1427718634076564e-230,yes
POLKE,polke_947_per_100_words,no,0.031047407937697485,0.031047407937697485,positive,very weak,3.5856389928821162e-87,4.609723292948148e-87,yes,0.05085722785419141,0.05085722785419141,positive,very weak,8.642420448045075e-231,1.1427718634076564e-230,yes
POLKE,polke_334_per_100_words,no,0.02341055943361735,0.02341055943361735,positive,very weak,2.42157462209742e-50,2.9579775476474897e-50,yes,0.05061893135010997,0.05061893135010997,positive,very weak,1.1972958082545179e-228,1.581943228934128e-228,yes
POLKE,polke_595_per_100_words,no,0.036881073047384874,0.036881073047384874,positive,very weak,3.052923655918658e-122,4.0904406796097644e-122,yes,0.05055122913272033,0.05055122913272033,positive,very weak,4.839451780890712e-228,6.389268517496206e-228,yes
POLKE,polke_420_per_100_words,no,0.046451793011343986,0.046451793011343986,positive,very weak,7.857502632987916e-193,1.1229680846311896e-192,yes,0.05015308632028688,0.05015308632028688,positive,very weak,1.7200825909154064e-224,2.2691858795537864e-224,yes
POLKE,polke_661_per_100_words,no,0.03286831024381274,0.03286831024381274,positive,very weak,1.7938138782071704e-97,2.3394606852663858e-97,yes,0.05013535323895937,0.05013535323895937,positive,very weak,2.471962168119833e-224,3.2585819510572737e-224,yes
POLKE,polke_403_per_100_words,no,0.02241800206906438,0.02241800206906438,positive,very weak,2.608538741067606e-46,3.1548969964252075e-46,yes,0.05009958053949356,0.05009958053949356,positive,very weak,5.135455713930934e-224,6.764444354371392e-224,yes
TAALES,COCA_Academic_Range_Log_FW,no,0.05881567465853238,0.05881567465853238,positive,very weak,3.991343147250484e-308,6.111744194227303e-308,yes,0.050082064456945415,0.050082064456945415,positive,very weak,7.344763805447556e-224,9.667129644161595e-224,yes
TAALES,COCA_magazine_bi_MI2,no,0.07655689519599858,0.07655689519599858,positive,very weak,0.0,0.0,yes,0.04989668854192927,0.04989668854192927,positive,very weak,3.215480267742049e-222,4.228948358265041e-222,yes
POLKE,polke_935_per_100_words,no,0.03794255319806428,0.03794255319806428,positive,very weak,2.858715136885452e-129,3.866479857853746e-129,yes,0.04958038881281555,0.04958038881281555,positive,very weak,1.9658945978652513e-219,2.5835319811026098e-219,yes
POLKE,polke_397_per_100_words,no,0.03332617527449207,0.03332617527449207,positive,very weak,3.727995535633816e-100,4.888006378908253e-100,yes,0.04957752176959524,0.04957752176959524,positive,very weak,2.083218767569217e-219,2.7356203571065904e-219,yes
POLKE,polke_491_per_100_words,no,0.04771241507719205,0.04771241507719205,positive,very weak,2.4312876296238854e-203,3.483423796829543e-203,yes,0.0492175237860368,0.0492175237860368,positive,very weak,2.938661849063224e-216,3.85601000087485e-216,yes
POLKE,polke_307_per_100_words,no,0.027698654535918424,0.027698654535918424,positive,very weak,9.336026920886559e-70,1.173847959627599e-69,yes,0.04920396043516628,0.04920396043516628,positive,very weak,3.857952446360594e-216,5.0584009522235626e-216,yes
POLKE,polke_583_per_100_words,no,-0.131217154765422,0.131217154765422,negative,very weak,0.0,0.0,yes,-0.048939586797514555,0.048939586797514555,negative,very weak,7.654019537243313e-214,1.002799351136156e-213,yes
POLKE,polke_600_per_100_words,no,0.04385537566972863,0.04385537566972863,positive,very weak,4.4809136913902357e-172,6.278404396024718e-172,yes,0.04886277837788688,0.04886277837788688,positive,very weak,3.5404678891449745e-213,4.635040022811932e-213,yes
POLKE,polke_817_per_100_words,no,0.05429953379990224,0.05429953379990224,positive,very weak,7.454992071086923e-263,1.1079125998192439e-262,yes,0.04886271525157614,0.04886271525157614,positive,very weak,3.544923851192927e-213,4.637333642102112e-213,yes
POLKE,polke_489_per_100_words,no,0.03415033324819347,0.03415033324819347,positive,very weak,4.4662858631222495e-105,5.8875328633779085e-105,yes,0.04874497546081025,0.04874497546081025,positive,very weak,3.6915669507094605e-212,4.825485762550858e-212,yes
POLKE,polke_28_per_100_words,no,-0.07402849044588404,0.07402849044588404,negative,very weak,0.0,0.0,yes,-0.04844283095173924,0.04844283095173924,negative,very weak,1.4699754173470008e-209,1.9200364362148565e-209,yes
POLKE,polke_662_per_100_words,no,0.03929820739155585,0.03929820739155585,positive,very weak,1.5475471097461374e-138,2.1097323475473972e-138,yes,0.0483409445781868,0.0483409445781868,positive,very weak,1.0975674264649056e-208,1.4325176076006948e-208,yes
POLKE,polke_109_per_100_words,no,-0.012478611721551063,0.012478611721551063,negative,very weak,1.833340397196327e-15,2.0685386718366454e-15,yes,0.04831168725557912,0.04831168725557912,positive,very weak,1.9534953129636575e-208,2.5477144195685723e-208,yes
TAALES_COVERAGE,McD_CD_FW,no,0.06577129076977985,0.06577129076977985,positive,very weak,0.0,0.0,yes,0.04823209788079886,0.04823209788079886,positive,very weak,9.357500429060133e-208,1.219461492084964e-207,yes
POLKE,polke_493_per_100_words,no,0.02726393614291121,0.02726393614291121,positive,very weak,1.2186878424173921e-67,1.5255836859458596e-67,yes,0.047868741446468556,0.047868741446468556,positive,very weak,1.155851295377593e-204,1.5051518387035473e-204,yes
TAASSC,evaluative_attributive_adj,no,0.03331538699283969,0.03331538699283969,positive,very weak,4.3162082294570335e-100,5.654925220411622e-100,yes,0.04784768844308972,0.04784768844308972,positive,very weak,1.7430874783595896e-204,2.268129761294914e-204,yes
POLKE,polke_729_per_100_words,no,0.03692780143952448,0.03692780143952448,positive,very weak,1.51182972602969e-122,2.027199358984299e-122,yes,0.04740266976894451,0.04740266976894451,positive,very weak,9.868902857228055e-201,1.2831818347343529e-200,yes
POLKE,polke_297_per_100_words,no,0.03407092738024516,0.03407092738024516,positive,very weak,1.3469537704314133e-104,1.7728516625401948e-104,yes,0.047266383706204666,0.047266383706204666,positive,very weak,1.369496046995842e-199,1.779307364089295e-199,yes
TAALES,Freq_N_PH_FW,no,0.019976677479411273,0.019976677479411273,positive,very weak,3.9576230031660936e-37,4.726548363809088e-37,yes,-0.04650789293649187,0.04650789293649187,negative,very weak,2.7139364290145723e-193,3.52339210882664e-193,yes
POLKE,polke_171_per_100_words,no,0.019850964031751853,0.019850964031751853,positive,very weak,1.1011742021372753e-36,1.3142058153552033e-36,yes,0.046420036784055665,0.046420036784055665,positive,very weak,1.433443266440983e-192,1.859572770004755e-192,yes
POLKE,polke_690_per_100_words,no,0.03557362656610241,0.03557362656610241,positive,very weak,7.376084596024034e-114,9.79101012552726e-114,yes,0.046411795996435586,0.046411795996435586,positive,very weak,1.6753517971780765e-192,2.1717523296752844e-192,yes
POLKE,polke_411_per_100_words,no,0.026727850993310164,0.026727850993310164,positive,very weak,4.457472764368397e-65,5.567782804728188e-65,yes,0.046371912233747065,0.046371912233747065,positive,very weak,3.562159827206371e-192,4.614126966509763e-192,yes
POLKE,polke_212_per_100_words,no,0.02399066165848879,0.02399066165848879,positive,very weak,8.854249575590726e-53,1.090096053276245e-52,yes,0.04603022613713001,0.04603022613713001,positive,very weak,2.2220805656900108e-189,2.87612692087424e-189,yes
POLKE,polke_358_per_100_words,no,0.022722791456733178,0.022722791456733178,positive,very weak,1.5725954341416485e-47,1.9114111761537402e-47,yes,0.045795131839277255,0.045795131839277255,positive,very weak,1.8106061022152537e-187,2.3417718441170135e-187,yes
POLKE,polke_210_per_100_words,no,0.03375118398960821,0.03375118398960821,positive,very weak,1.1181355287922867e-102,1.470554012176972e-102,yes,0.04578948605450931,0.04578948605450931,positive,very weak,2.0118584865423775e-187,2.600103469796667e-187,yes
TAASSC,to_clause_verb_probability,no,0.049581512220134294,0.049581512220134294,positive,very weak,1.921743967058435e-219,2.7954121318958574e-219,yes,0.04554911162970097,0.04554911162970097,positive,very weak,1.7668173862762932e-185,2.2816956456806047e-185,yes
POLKE,polke_421_per_100_words,no,0.03853281438582246,0.03853281438582246,positive,very weak,2.8938072397738165e-133,3.932551042957286e-133,yes,0.04532017594412772,0.04532017594412772,positive,very weak,1.226745026517745e-183,1.5830456888472028e-183,yes
POLKE,polke_659_per_100_words,no,0.029691657272532597,0.029691657272532597,positive,very weak,6.977915390985695e-80,8.864536959659605e-80,yes,0.04519565545643449,0.04519565545643449,positive,very weak,1.2203686375640242e-182,1.5736332431746626e-182,yes
POLKE,polke_373_per_100_words,no,-0.05762662499345979,0.05762662499345979,negative,very weak,7.47596541446297e-296,1.1396693942936884e-295,yes,0.044906112522032623,0.044906112522032623,positive,very weak,2.487979225153619e-180,3.2057733817719434e-180,yes
POLKE,polke_679_per_100_words,no,0.037211696055480345,0.037211696055480345,positive,very weak,2.074427589912186e-124,2.788121721551253e-124,yes,0.044610239603818845,0.044610239603818845,positive,very weak,5.49935547314877e-178,7.080626603941547e-178,yes
POLKE,polke_135_per_100_words,no,0.033134368007152484,0.033134368007152484,positive,very weak,5.007786006889884e-99,6.546000763579383e-99,yes,0.04412596798999049,0.04412596798999049,positive,very weak,3.500183101372377e-174,4.503236323221025e-174,yes
POLKE,polke_1196_per_100_words,no,0.03344695028641803,0.03344695028641803,positive,very weak,7.207184539184072e-101,9.457017203290501e-101,yes,0.04410146643938364,0.04410146643938364,positive,very weak,5.43794946147361e-174,6.991066961339761e-174,yes
POLKE,polke_650_per_100_words,no,-0.010647344070259586,0.010647344070259586,negative,very weak,1.1605612515638962e-11,1.2966531247114541e-11,yes,0.04391244922764397,0.04391244922764397,positive,very weak,1.614283127688451e-172,2.0706773103857093e-172,yes
POLKE,polke_501_per_100_words,no,0.03670067604903598,0.03670067604903598,positive,very weak,4.5643440220493574e-121,6.110733800011435e-121,yes,0.04347855361595117,0.04347855361595117,positive,very weak,3.6666701737884944e-169,4.699805192860439e-169,yes
POLKE,polke_706_per_100_words,no,0.03767770385686971,0.03767770385686971,positive,very weak,1.6925277718115216e-127,2.281985164038333e-127,yes,0.04341841805278683,0.04341841805278683,positive,very weak,1.0636516484817712e-168,1.3623320217671678e-168,yes
POLKE,polke_346_per_100_words,no,0.027264716018862892,0.027264716018862892,positive,very weak,1.2081663490016126e-67,1.5135173765798143e-67,yes,0.0433192163115161,0.0433192163115161,positive,very weak,6.143257306577225e-168,7.86245244834324e-168,yes
POLKE,polke_306_per_100_words,no,0.023523503315813613,0.023523503315813613,positive,very weak,8.208725095229665e-51,1.0055688241656339e-50,yes,0.04331493014189849,0.04331493014189849,positive,very weak,6.626214087832738e-168,8.474240984812189e-168,yes
POLKE,polke_1174_per_100_words,no,0.019506441639546793,0.019506441639546793,positive,very weak,1.760311207779465e-35,2.0921231610130164e-35,yes,0.042671923429723244,0.042671923429723244,positive,very weak,5.1877296090682416e-163,6.629624649442648e-163,yes
POLKE,polke_174_per_100_words,no,0.03232776795359398,0.03232776795359398,positive,very weak,2.359072107287234e-94,3.06500656363455e-94,yes,0.04255238247843838,0.04255238247843838,positive,very weak,4.136927376085883e-162,5.282822375269761e-162,yes
POLKE,polke_702_per_100_words,no,0.01711859609769808,0.01711859609769808,positive,very weak,1.0381729707082185e-27,1.2178294423834437e-27,yes,0.04251892708990217,0.04251892708990217,positive,very weak,7.38888276674245e-162,9.428522280478646e-162,yes
POLKE,polke_728_per_100_words,no,0.0398685662796809,0.0398685662796809,positive,very weak,1.561985029319746e-142,2.132805991467647e-142,yes,0.0425170539471022,0.0425170539471022,positive,very weak,7.632672935646637e-162,9.732367349170249e-162,yes
POLKE,polke_116_per_100_words,no,0.02109542227769928,0.02109542227769928,positive,very weak,3.312828818341376e-41,3.9842225970935904e-41,yes,0.04215265509717725,0.04215265509717725,positive,very weak,4.106033030613216e-159,5.231683987742694e-159,yes
POLKE,polke_683_per_100_words,no,0.03761818862835567,0.03761818862835567,positive,very weak,4.2179475313031565e-127,5.68246662701093e-127,yes,0.04214604103522252,0.04214604103522252,positive,very weak,4.600123763249871e-159,5.856876209334468e-159,yes
TAALES_COVERAGE,Freq_N_OGH_CW,no,-0.08095943521702084,0.08095943521702084,negative,very weak,0.0,0.0,yes,-0.04212013357307381,0.04212013357307381,negative,very weak,7.177755390565624e-159,9.125167157020048e-159,yes
TAALES_COVERAGE,OG_N_H_CW,no,-0.08095943521702084,0.08095943521702084,negative,very weak,0.0,0.0,yes,-0.04212013357307381,0.04212013357307381,negative,very weak,7.177755390565624e-159,9.125167157020048e-159,yes
POLKE,polke_1051_per_100_words,no,0.01901607540395634,0.01901607540395634,positive,very weak,8.374561930372115e-34,9.898258932176552e-34,yes,0.04193288608500876,0.04193288608500876,positive,very weak,1.773986356502337e-157,2.2536197047418577e-157,yes
POLKE,polke_892_per_100_words,no,0.03992842156707869,0.03992842156707869,positive,very weak,5.901811308524603e-143,8.071456454640905e-143,yes,0.041831848494817636,0.041831848494817636,positive,very weak,9.95407411177431e-157,1.26360008154648e-156,yes
POLKE,polke_380_per_100_words,no,0.030863813946009656,0.030863813946009656,positive,very weak,3.636234120463169e-86,4.6712670536287154e-86,yes,0.04182785723116756,0.04182785723116756,positive,very weak,1.0654995347604958e-156,1.3515767027472265e-156,yes
TAALES,COCA_Academic_Frequency_CW,no,0.0045728954272947495,0.0045728954272947495,positive,very weak,0.003568351197111605,0.003765982955720863,yes,0.04149636766246295,0.04149636766246295,positive,very weak,2.965726473097701e-154,3.759217221997455e-154,yes
POLKE,polke_134_per_100_words,no,0.016976288389658784,0.016976288389658784,positive,very weak,2.8042884326038958e-27,3.2828359467001235e-27,yes,0.04147207321257696,0.04147207321257696,positive,very weak,4.472236261437517e-154,5.66461239908814e-154,yes
POLKE,polke_131_per_100_words,no,0.02805119085529325,0.02805119085529325,positive,very weak,1.6979858152772689e-71,2.1380658393542705e-71,yes,0.041100758769221465,0.041100758769221465,positive,very weak,2.3123638684200753e-151,2.926718844531682e-151,yes
TAALES,COCA_news_Frequency_CW,no,0.008149669482240952,0.008149669482240952,positive,very weak,2.065886403348329e-07,2.272607557243351e-07,yes,0.04103233007469937,0.04103233007469937,positive,very weak,7.268740823358731e-151,9.193134595914618e-151,yes
TAALES,OG_N_CW,no,-0.02233017959826135,0.02233017959826135,negative,very weak,5.818815151679858e-46,7.022707941682587e-46,yes,0.040839948483748306,0.040839948483748306,positive,very weak,1.8006066519301088e-149,2.275637736227072e-149,yes
TAASSC,copular_phrasal_verb,no,0.046180288375383204,0.046180288375383204,positive,very weak,1.3236746554596696e-190,1.888604021724903e-190,yes,0.04077927925628869,0.04077927925628869,positive,very weak,4.939187351836738e-149,6.237633511340211e-149,yes
POLKE,polke_216_per_100_words,no,0.02939597364690657,0.02939597364690657,positive,very weak,2.4567739165137565e-78,3.114092584494525e-78,yes,0.04074678317266196,0.04074678317266196,positive,very weak,8.474588019748145e-149,1.0694568398725584e-148,yes
TAALES,SUBTLEXus_Freq_AW,no,0.030467238070368705,0.030467238070368705,positive,very weak,5.170754377445751e-84,6.603010988324246e-84,yes,0.040601429294590735,0.040601429294590735,positive,very weak,9.431327595503404e-148,1.1893181489917897e-147,yes
POLKE,polke_320_per_100_words,no,0.033138877472111535,0.033138877472111535,positive,very weak,4.711906536976297e-99,6.163935706265713e-99,yes,0.04059243525357745,0.04059243525357745,positive,very weak,1.0944630214542978e-147,1.3791359895621757e-147,yes
POLKE,polke_235_per_100_words,no,0.02992774792619282,0.02992774792619282,positive,very weak,3.9602440013643933e-81,5.034706050659699e-81,yes,0.04054967287858924,0.04054967287858924,positive,very weak,2.2196346847529643e-147,2.7949144525340187e-147,yes
POLKE,polke_102_per_100_words,no,-0.05795571686665123,0.05795571686665123,negative,very weak,3.178951526475691e-299,4.85044650169556e-299,yes,0.04035648299823889,0.04035648299823889,positive,very weak,5.364822852095079e-146,6.7503090178599125e-146,yes
TAALES,SUBTLEXus_Freq_AW_Log,no,-0.016826289754464353,0.016826289754464353,negative,very weak,7.92245128444157e-27,9.255452283935485e-27,yes,-0.04026501856154608,0.04026501856154608,negative,very weak,2.4107363846353455e-145,3.031094501209397e-145,yes
POLKE,polke_758_per_100_words,no,0.04309459940167723,0.04309459940167723,positive,very weak,3.209163029718891e-166,4.4600604505412463e-166,yes,0.04009706398960456,0.04009706398960456,positive,very weak,3.7725628313892007e-144,4.7398866343095086e-144,yes
POLKE,polke_1201_per_100_words,no,0.041961983389665,0.041961983389665,positive,very weak,1.0786963596295952e-157,1.487109531161379e-157,yes,0.040051206006571735,0.040051206006571735,positive,very weak,7.978255542378898e-144,1.0016623905695322e-143,yes
POLKE,polke_96_per_100_words,no,0.012683034707350414,0.012683034707350414,positive,very weak,6.349762493442354e-16,7.17853834954096e-16,yes,0.03932877710443085,0.03932877710443085,positive,very weak,9.482711578510127e-139,1.18967449576773e-138,yes
POLKE,polke_852_per_100_words,no,0.03594597162909376,0.03594597162909376,positive,very weak,3.245047055476293e-116,4.3174986036786986e-116,yes,0.03915770339557489,0.03915770339557489,positive,very weak,1.4627663149298796e-137,1.8338042617724733e-137,yes
TAALES,LD_Mean_RT_FW,no,0.046226774505674736,0.046226774505674736,positive,very weak,5.514384248210565e-191,7.874412144613755e-191,yes,0.038854345388751155,0.038854345388751155,positive,very weak,1.8175593072173476e-135,2.2769278392094603e-135,yes
TAASSC,that_adjective_clause_attitudinal,no,0.03482174269813835,0.03482174269813835,positive,very weak,3.5628800345336186e-109,4.71840869438236e-109,yes,0.03871512813981278,0.03871512813981278,positive,very weak,1.6411764817896783e-134,2.0529669338215157e-134,yes
POLKE,polke_87_per_100_words,no,-0.1440757442230828,0.1440757442230828,negative,very weak,0.0,0.0,yes,-0.03866222679888965,0.03866222679888965,negative,very weak,3.779202888169914e-134,4.724003610212393e-134,yes
TAALES,PLDF_FW,no,0.03121866013259705,0.03121866013259705,positive,very weak,4.08082761838039e-88,5.26211982370103e-88,yes,-0.038375005233763845,0.038375005233763845,negative,very weak,3.431744422738928e-132,4.286556216312645e-132,yes
TAALES,COCA_magazine_tri_MI2,no,0.1050790830754222,0.1050790830754222,positive,very weak,0.0,0.0,yes,0.03808691337681577,0.03808691337681577,positive,very weak,3.054121694988707e-130,3.81209512875228e-130,yes
TAASSC,that_noun_clause_likelihood,no,0.04088852044877321,0.04088852044877321,positive,very weak,8.018533924520364e-150,1.100142854444194e-149,yes,0.038080323673033586,0.038080323673033586,positive,very weak,3.3830123351355707e-130,4.219539021641821e-130,yes
POLKE,polke_454_per_100_words,no,-0.05927331134270092,0.05927331134270092,negative,very weak,6.4623767988e-313,9.922091504e-313,yes,-0.038000442605186584,0.038000442605186584,negative,very weak,1.1671385382464268e-129,1.4546821170731265e-129,yes
TAALES,KF_Freq_FW_Log,no,0.05285106307657867,0.05285106307657867,positive,very weak,4.1864192982968064e-249,6.189404393602606e-249,yes,0.03796778622732121,0.03796778622732121,positive,very weak,1.9349247569694762e-129,2.409873607990306e-129,yes
POLKE,polke_691_per_100_words,no,0.0007419218067267328,0.0007419218067267328,positive,very weak,0.6363750456236758,0.6401074505833454,no,0.037901099438521886,0.037901099438521886,positive,very weak,5.424980911995523e-129,6.751699756220843e-129,yes
POLKE,polke_473_per_100_words,no,0.026082337568612324,0.026082337568612324,positive,very weak,4.658848130125917e-62,5.798203587203155e-62,yes,0.03780304526776648,0.03780304526776648,positive,very weak,2.4620812306871555e-128,3.061979195524635e-128,yes
TAASSC,intransitive_occurence_phrasal_verb,no,0.03660607334739257,0.03660607334739257,positive,very weak,1.8753638111235083e-120,2.508774521120762e-120,yes,0.03770830669359976,0.03770830669359976,positive,very weak,1.057735406678605e-127,1.3145045090244982e-127,yes
POLKE,polke_401_per_100_words,no,-0.013039586013425298,0.013039586013425298,negative,very weak,9.59807577505091e-17,1.0893911286705698e-16,yes,0.037626934893186754,0.037626934893186754,positive,very weak,3.688602491000535e-127,4.5807047589181156e-127,yes
POLKE,polke_243_per_100_words,no,0.02238641223056195,0.02238641223056195,positive,very weak,3.4824649530009722e-46,4.205934784786385e-46,yes,0.0373725284640089,0.0373725284640089,positive,very weak,1.8003711248384042e-125,2.2341797967423036e-125,yes
TAASSC,intransitive_aspectual_phrasal_verb,no,0.02614512636559189,0.02614512636559189,positive,very weak,2.3868615909184166e-62,2.972743375762589e-62,yes,0.037283095858955305,0.037283095858955305,positive,very weak,7.017880500620316e-125,8.702577771918903e-125,yes
POLKE,polke_256_per_100_words,no,0.027907435846816982,0.027907435846816982,positive,very weak,8.75385944316747e-71,1.1014577362459436e-70,yes,0.0369999386239437,0.0369999386239437,positive,very weak,5.099996345485735e-123,6.319720904991356e-123,yes
POLKE,polke_526_per_100_words,no,0.03451358070739825,0.03451358070739825,positive,very weak,2.77112280808574e-107,3.661383371238092e-107,yes,0.0365742430636034,0.0365742430636034,positive,very weak,3.014525808399301e-120,3.7274057400178814e-120,yes
TAALES,COCA_Fiction_Trigram_Range_Log,no,-0.06692043630106059,0.06692043630106059,negative,very weak,0.0,0.0,yes,0.03610632313756635,0.03610632313756635,positive,very weak,3.0816669663479576e-117,3.804937975008458e-117,yes
POLKE,polke_514_per_100_words,no,0.031145332384144964,0.031145332384144964,positive,very weak,1.036362803623076e-87,1.3343560121723538e-87,yes,0.03607201809465625,0.03607201809465625,positive,very weak,5.103927403309017e-117,6.297291724226593e-117,yes
POLKE,polke_611_per_100_words,no,0.032918598282652596,0.032918598282652596,positive,very weak,9.140859915433466e-98,1.1930422187951595e-97,yes,0.036005555699143876,0.036005555699143876,positive,very weak,1.354663654627955e-116,1.6701999767699087e-116,yes
TAALES_COVERAGE,Freq_N_OG_FW,no,0.04490967698337903,0.04490967698337903,positive,very weak,2.3308138335728257e-180,3.2818930415249557e-180,yes,-0.03596597665249076,0.03596597665249076,negative,very weak,2.420544674686358e-116,2.982208417447632e-116,yes
TAALES_COVERAGE,Freq_N_OGH_FW,no,0.04492048599354818,0.04492048599354818,positive,very weak,1.9123043939625291e-180,2.6948250087475244e-180,yes,-0.03595378581438257,0.03595378581438257,negative,very weak,2.8940200912606867e-116,3.560433612992882e-116,yes
TAALES_COVERAGE,OG_N_H_FW,no,0.04492048599354818,0.04492048599354818,positive,very weak,1.9123043939625291e-180,2.6948250087475244e-180,yes,-0.03595378581438257,0.03595378581438257,negative,very weak,2.8940200912606867e-116,3.560433612992882e-116,yes
POLKE,polke_21_per_100_words,no,-0.02370805315359312,0.02370805315359312,negative,very weak,1.3859815797688398e-51,1.7002563728923894e-51,yes,0.035839718903920736,0.035839718903920736,positive,very weak,1.5353413252368204e-115,1.8875343174058401e-115,yes
POLKE,polke_471_per_100_words,no,0.02815375247774378,0.02815375247774378,positive,very weak,5.242548571825498e-72,6.611007941677007e-72,yes,0.03545498041193381,0.03545498041193381,positive,very weak,4.107664888220839e-113,5.0463075095263174e-113,yes
POLKE,polke_879_per_100_words,no,0.03251835384631424,0.03251835384631424,positive,very weak,1.9008193655569812e-95,2.4733726949394708e-95,yes,0.0353970057365165,0.0353970057365165,positive,very weak,9.486331451906355e-113,1.1645711123850679e-112,yes
TAALES,COCA_fiction_tri_2_DP,no,-0.007727639932466179,0.007727639932466179,negative,very weak,8.463543221319441e-07,9.286613323456711e-07,yes,0.03539234257011834,0.03539234257011834,positive,very weak,1.0146369650711973e-112,1.2447084371223915e-112,yes
POLKE,polke_251_per_100_words,no,0.026544575854776008,0.026544575854776008,positive,very weak,3.264124127946499e-64,4.071253003220542e-64,yes,0.035231845220931396,0.035231845220931396,positive,very weak,1.0218829560588226e-111,1.2527014078919805e-111,yes
POLKE,polke_602_per_100_words,no,0.03221883463651074,0.03221883463651074,positive,very weak,9.886513358488913e-94,1.283525390598674e-93,yes,0.03513657617037237,0.03513657617037237,positive,very weak,4.0055950643108296e-111,4.906853953780767e-111,yes
POLKE,polke_720_per_100_words,no,0.04502172452429318,0.04502172452429318,positive,very weak,2.989002338520219e-181,4.219044453137593e-181,yes,0.03505986836116713,0.03505986836116713,positive,very weak,1.1999977863163419e-110,1.4689480396377775e-110,yes
TAASSC,topical__attributive_adj,no,0.02573373696296813,0.02573373696296813,positive,very weak,1.8544583285985468e-60,2.3029659909822647e-60,yes,0.034887368568272806,0.034887368568272806,positive,very weak,1.4026769165859131e-109,1.7158280399035955e-109,yes
TAALES,Brown_Freq_AW_Log,no,0.037692883345445946,0.037692883345445946,positive,very weak,1.3405733170155354e-127,1.8088774497888618e-127,yes,-0.03479191546144921,0.03479191546144921,negative,very weak,5.439419473616107e-109,6.649040910371792e-109,yes
POLKE,polke_354_per_100_words,no,0.013239198997711268,0.013239198997711268,positive,very weak,3.2593246548510875e-17,3.7042689085948406e-17,yes,0.03470871667763694,0.03470871667763694,positive,very weak,1.7671319871093478e-108,2.158569343228299e-108,yes
POLKE,polke_1111_per_100_words,no,0.017755363191386677,0.017755363191386677,positive,very weak,1.1010347487918512e-29,1.2951128903827333e-29,yes,0.03454918320496643,0.03454918320496643,positive,very weak,1.679036050348124e-107,2.049499520531696e-107,yes
POLKE,polke_864_per_100_words,no,0.03009702148035411,0.03009702148035411,positive,very weak,4.99229013837134e-82,6.360904596810436e-82,yes,0.03452791357254008,0.03452791357254008,positive,very weak,2.2650769356877267e-107,2.762878339050107e-107,yes
TAALES_COVERAGE,Freq_N_OG_CW,no,-0.0777803260706273,0.0777803260706273,negative,very weak,0.0,0.0,yes,-0.03449806522157196,0.03449806522157196,negative,very weak,3.446778475069773e-107,4.201297146229325e-107,yes
POLKE,polke_816_per_100_words,no,0.04264362685659131,0.04264362685659131,positive,very weak,8.484927699059199e-163,1.1744673933726008e-162,yes,0.034466231281656975,0.034466231281656975,positive,very weak,5.3913715494880485e-107,6.566904976826707e-107,yes
POLKE,polke_442_per_100_words,no,0.022822678614232827,0.022822678614232827,positive,very weak,6.213115158686344e-48,7.56245031735066e-48,yes,0.03436602493706288,0.03436602493706288,positive,very weak,2.198362584028024e-106,2.673894916448753e-106,yes
POLKE,polke_413_per_100_words,no,0.022822678614232827,0.022822678614232827,positive,very weak,6.213115158686344e-48,7.56245031735066e-48,yes,0.034366024937051806,0.034366024937051806,positive,very weak,2.1983625843689457e-106,2.673894916448753e-106,yes
POLKE,polke_402_per_100_words,no,0.022908862669020293,0.022908862669020293,positive,very weak,2.779197689855459e-48,3.3875792737044156e-48,yes,0.0343598517507775,0.0343598517507775,positive,very weak,2.396871788586951e-106,2.9132779003732254e-106,yes
TAASSC,to_clause_adjective_certainty,no,0.031439642057807325,0.031439642057807325,positive,very weak,2.4277392673810966e-89,3.135220514727847e-89,yes,0.033960075012572186,0.033960075012572186,positive,very weak,6.262532965061038e-104,7.601021963962972e-104,yes
TAALES_COVERAGE,Freq_N_CW,no,0.014007064049540134,0.014007064049540134,positive,very weak,4.406084872208353e-19,5.040984360131639e-19,yes,0.03382871671049219,0.03382871671049219,positive,very weak,3.8440839180173755e-103,4.66237900947652e-103,yes
POLKE,polke_352_per_100_words,no,0.006329851102514615,0.006329851102514615,positive,very weak,5.492653761402523e-05,5.8984979341298226e-05,yes,0.03369806773286825,0.03369806773286825,positive,very weak,2.3203557989512845e-102,2.8123040248773517e-102,yes
POLKE,polke_1025_per_100_words,no,0.03445106142472424,0.03445106142472424,positive,very weak,6.671438012783132e-107,8.807941641203287e-107,yes,0.03365071363567864,0.03365071363567864,positive,very weak,4.444254007655497e-102,5.3826946491025265e-102,yes
POLKE,polke_953_per_100_words,no,-0.005375042751605343,0.005375042751605343,negative,very weak,0.0006144408052141647,0.0006545130316411755,yes,0.03361909406536206,0.03361909406536206,positive,very weak,6.855514651601775e-102,8.297253089271026e-102,yes
POLKE,polke_414_per_100_words,no,0.020794507191575058,0.020794507191575058,positive,very weak,4.350016824813664e-40,5.220629009485958e-40,yes,0.033572465026210314,0.033572465026210314,positive,very weak,1.2981199713640269e-101,1.570011107820385e-101,yes
POLKE,polke_593_per_100_words,no,0.03310670932783316,0.03310670932783316,positive,very weak,7.2743121870971064e-99,9.501481645751361e-99,yes,0.03344555039610509,0.03344555039610509,positive,very weak,7.346034181761718e-101,8.878399310585868e-101,yes
POLKE,polke_321_per_100_words,no,0.0193163195252094,0.0193163195252094,positive,very weak,7.960491420486118e-35,9.447918883137505e-35,yes,0.03321518218593557,0.03321518218593557,positive,very weak,1.6792148722580975e-99,2.0280658492412937e-99,yes
TAALES,COCA_magazine_Frequency_Log_FW,no,0.024233564700290387,0.024233564700290387,positive,very weak,8.112403536287572e-54,9.994807517768092e-54,yes,-0.03317497076251181,0.03317497076251181,negative,very weak,2.8931526553099305e-99,3.491735963305089e-99,yes
POLKE,polke_760_per_100_words,no,0.030563189735618102,0.030563189735618102,positive,very weak,1.5674906540891156e-84,2.0046580699200844e-84,yes,0.033155034605199425,0.033155034605199425,positive,very weak,3.7879278193454955e-99,4.565211673129559e-99,yes
POLKE,polke_744_per_100_words,no,0.030563189735618102,0.030563189735618102,positive,very weak,1.5674906540891156e-84,2.0046580699200844e-84,yes,0.03315503460519161,0.03315503460519161,positive,very weak,3.787927819745401e-99,4.565211673129559e-99,yes
POLKE,polke_1001_per_100_words,no,0.031888931762593734,0.031888931762593734,positive,very weak,7.36015210777642e-92,9.533731771024593e-92,yes,0.032700779775040524,0.032700779775040524,positive,very weak,1.6825192387904513e-96,2.026348661885972e-96,yes
POLKE,polke_343_per_100_words,no,0.022770805335773803,0.022770805335773803,positive,very weak,1.0068706407914361e-47,1.2246688999697255e-47,yes,0.03266636803168743,0.03266636803168743,positive,very weak,2.660958404720041e-96,3.202486781820962e-96,yes
POLKE,polke_641_per_100_words,no,0.02247977263883463,0.02247977263883463,positive,very weak,1.480842563155083e-46,1.792268874954811e-46,yes,0.03264116031533545,0.03264116031533545,positive,very weak,3.721657658301249e-96,4.475906650762021e-96,yes
POLKE,polke_313_per_100_words,no,0.03073854286067052,0.03073854286067052,positive,very weak,1.7527286689182618e-85,2.2482645229579797e-85,yes,0.03249210902040928,0.03249210902040928,positive,very weak,2.6911926241710215e-95,3.234334513281922e-95,yes
POLKE,polke_26_per_100_words,no,-0.026589515382407444,0.026589515382407444,negative,very weak,2.0058261519274137e-64,2.503633079006925e-64,yes,0.03222983017931351,0.03222983017931351,positive,very weak,8.557052397435222e-94,1.0276852143978576e-93,yes
POLKE,polke_1091_per_100_words,no,0.025502979150419238,0.025502979150419238,positive,very weak,2.0678884673708848e-59,2.5643013170940473e-59,yes,0.03210665844330116,0.03210665844330116,positive,very weak,4.302091428702596e-93,5.163111826609484e-93,yes
POLKE,polke_459_per_100_words,no,0.023683603394520247,0.023683603394520247,positive,very weak,1.755689110887933e-51,2.1522564868997893e-51,yes,0.03205714555443822,0.03205714555443822,positive,very weak,8.21972025451872e-93,9.857916249300424e-93,yes
POLKE,polke_1105_per_100_words,no,0.02536428885447235,0.02536428885447235,positive,very weak,8.719054169478739e-59,1.0796518339823854e-58,yes,0.03200318374320055,0.03200318374320055,positive,very weak,1.6626701472166885e-92,1.9926480101164365e-92,yes
TAALES,BNC_Spoken_Freq_FW,no,-0.04595855643937561,0.04595855643937561,negative,very weak,8.519179828872773e-189,1.2094696528573515e-188,yes,-0.03182715096939677,0.03182715096939677,negative,very weak,1.641681481179559e-91,1.966119930323285e-91,yes
POLKE,polke_867_per_100_words,no,0.03053691103392808,0.03053691103392808,positive,very weak,2.174348102512993e-84,2.778693737563177e-84,yes,0.031723848107914634,0.031723848107914634,positive,very weak,6.256642615095203e-91,7.487887009691746e-91,yes
POLKE,polke_350_per_100_words,no,0.015347991775760458,0.015347991775760458,positive,very weak,1.3595301297793835e-22,1.573275420088828e-22,yes,0.031571715186793935,0.031571715186793935,positive,very weak,4.452649427879175e-90,5.325169992198595e-90,yes
POLKE,polke_95_per_100_words,no,-0.003812198960538808,0.003812198960538808,negative,very weak,0.01513009045484664,0.015822015323208528,yes,0.031546060753185674,0.031546060753185674,positive,very weak,6.193507231808046e-90,7.401996447770591e-90,yes
POLKE,polke_605_per_100_words,no,0.03256134468115843,0.03256134468115843,positive,very weak,1.074788533771126e-95,1.3995917505068192e-95,yes,0.03133843431629784,0.03133843431629784,positive,very weak,8.86261018252103e-89,1.0584523999320033e-88,yes
POLKE,polke_361_per_100_words,no,0.036396053362442816,0.036396053362442816,positive,very weak,4.2644910132083484e-119,5.695951781660683e-119,yes,0.031221882152347523,0.031221882152347523,positive,very weak,3.9168881361015383e-88,4.6746438089172847e-88,yes
POLKE,polke_133_per_100_words,no,0.024900486595247552,0.024900486595247552,positive,very weak,1.013364696302144e-56,1.252104073600992e-56,yes,0.03099974244085461,0.03099974244085461,positive,very weak,6.5515337827784295e-87,7.813546896707237e-87,yes
POLKE,polke_1127_per_100_words,no,0.019143490275252292,0.019143490275252292,positive,very weak,3.0986863367310045e-34,3.6700601294845805e-34,yes,0.030877655532416205,0.030877655532416205,positive,very weak,3.0549783090173607e-86,3.640922724089488e-86,yes
POLKE,polke_53_per_100_words,no,-0.0041665112667354474,0.0041665112667354474,negative,very weak,0.0079301051866135,0.0083385226211172,yes,0.030863117958023635,0.030863117958023635,positive,very weak,3.668212533538412e-86,4.36873923265165e-86,yes
POLKE,polke_457_per_100_words,no,0.02478637508720598,0.02478637508720598,positive,very weak,3.221762842335897e-56,3.9750527155439303e-56,yes,0.03072502829224246,0.03072502829224246,positive,very weak,2.0760589866830362e-85,2.4708127426519132e-85,yes
POLKE,polke_1070_per_100_words,no,0.02004926164878958,0.02004926164878958,positive,very weak,2.1856047190128347e-37,2.6120641763811925e-37,yes,0.030658371975895108,0.030658371975895108,positive,very weak,4.7797658956805145e-85,5.684673031270515e-85,yes
POLKE,polke_730_per_100_words,no,-0.0014034307448663379,0.0014034307448663379,negative,very weak,0.3711585239232872,0.3775426266479463,no,0.03060762665110458,0.03060762665110458,positive,very weak,9.007363355682614e-85,1.0705217016629024e-84,yes
POLKE,polke_445_per_100_words,no,0.031636928850404436,0.031636928850404436,positive,very weak,1.9221174733509441e-90,2.4859965812947734e-90,yes,0.03043992612076208,0.03043992612076208,positive,very weak,7.257733556928694e-84,8.613849861683537e-84,yes
POLKE,polke_754_per_100_words,no,0.0214424653827527,0.0214424653827527,positive,very weak,1.6245169072569764e-42,1.9551203480320802e-42,yes,0.030428100665968974,0.030428100665968974,positive,very weak,8.404557003930359e-84,9.968060346985176e-84,yes
POLKE,polke_763_per_100_words,no,0.031941417500558886,0.031941417500558886,positive,very weak,3.7185431918202284e-92,4.82033376717437e-92,yes,0.030329001537540975,0.030329001537540975,positive,very weak,2.867318969706175e-83,3.398377355249544e-83,yes
TAASSC,wh_question,no,-0.0484492322323518,0.0484492322323518,negative,very weak,1.2953654131619953e-209,1.8652826898176507e-209,yes,-0.030293373306029728,0.030293373306029728,negative,very weak,4.453106921231496e-83,5.274225393585647e-83,yes
POLKE,polke_1_per_100_words,no,-0.03850085253649111,0.03850085253649111,negative,very weak,4.779223855602421e-133,6.489603256023874e-133,yes,0.030249608343747774,0.030249608343747774,positive,very weak,7.641992700506846e-83,9.044870587556412e-83,yes
POLKE,polke_873_per_100_words,no,0.022598541024689778,0.022598541024689778,positive,very weak,4.964154504478399e-47,6.016625424155798e-47,yes,0.03023692208226052,0.03023692208226052,positive,very weak,8.935752469481625e-83,1.0568838265628266e-82,yes
TAASSC,intransitive_activity_phrasal_verb,no,-0.059528368551615925,0.059528368551615925,negative,very weak,1.330780767e-315,2.048733407e-315,yes,-0.03016532250924457,0.03016532250924457,negative,very weak,2.157522761464806e-82,2.5500699765073345e-82,yes
POLKE,polke_771_per_100_words,no,0.027406556118840623,0.027406556118840623,positive,very weak,2.485696503926147e-68,3.120768304709621e-68,yes,0.030047172406037985,0.030047172406037985,positive,very weak,9.198022781238499e-82,1.086405583321214e-81,yes
POLKE,polke_1095_per_100_words,no,0.03121032074783095,0.03121032074783095,positive,very weak,4.537627810874346e-88,5.846755594026674e-88,yes,0.02963221083184141,0.02963221083184141,positive,very weak,1.4319004409679778e-79,1.6889334637277042e-79,yes
POLKE,polke_929_per_100_words,no,0.03373228649111,0.03373228649111,positive,very weak,1.4499534021360258e-102,1.905494317749643e-102,yes,0.029215028371996,0.029215028371996,positive,very weak,2.1341766236104377e-77,2.515541518551134e-77,yes
TAALES_COVERAGE,Brown_Freq_FW,no,0.06545148704861255,0.06545148704861255,positive,very weak,0.0,0.0,yes,0.029063398132369193,0.029063398132369193,positive,very weak,1.2928268827031046e-76,1.5217557335867016e-76,yes
TAALES_COVERAGE,Brown_Freq_FW_Log,no,0.06545148704861255,0.06545148704861255,positive,very weak,0.0,0.0,yes,0.029063398132369193,0.029063398132369193,positive,very weak,1.2928268827031046e-76,1.5217557335867016e-76,yes
POLKE,polke_375_per_100_words,no,0.009223460459950351,0.009223460459950351,positive,very weak,4.162317534208331e-09,4.6203071658040694e-09,yes,0.028943330294624325,0.028943330294624325,positive,very weak,5.347264586184136e-76,6.289820826684358e-76,yes
TAALES,COCA_fiction_tri_2_MI2,no,0.055117825793560005,0.055117825793560005,positive,very weak,8.70141181142258e-271,1.304451158792808e-270,yes,-0.028655269936645886,0.028655269936645886,negative,very weak,1.5741777070196967e-74,1.8503870922130086e-74,yes
POLKE,polke_437_per_100_words,no,0.013742063684678998,0.013742063684678998,positive,very weak,1.9985275055051843e-18,2.284983114627594e-18,yes,0.02865253355257963,0.02865253355257963,positive,very weak,1.625314319762524e-74,1.9091877112278964e-74,yes
POLKE,polke_561_per_100_words,no,0.028395708691931625,0.028395708691931625,positive,very weak,3.2218930005111706e-73,4.068885490336272e-73,yes,0.028642736296044816,0.028642736296044816,positive,very weak,1.822363105613685e-74,2.139187355323388e-74,yes
TAALES,KF_Freq_CW_Log,no,0.06652498221131689,0.06652498221131689,positive,very weak,0.0,0.0,yes,0.028531454599709717,0.028531454599709717,positive,very weak,6.667052657948697e-74,7.820790224611503e-74,yes
TAALES,USF_FW,no,-0.03559006706262545,0.03559006706262545,negative,very weak,5.811525047802319e-114,7.720190129342353e-114,yes,-0.02812120467244925,0.02812120467244925,negative,very weak,7.615800587025913e-72,8.921515031932679e-72,yes
POLKE,polke_510_per_100_words,no,0.022494638936066593,0.022494638936066593,positive,very weak,1.2919057908858975e-46,1.564702282040476e-46,yes,0.027929430248460275,0.027929430248460275,positive,very weak,6.8149027077229995e-71,7.977855388221806e-71,yes
POLKE,polke_610_per_100_words,no,0.030047163811230095,0.030047163811230095,positive,very weak,9.198991159861452e-82,1.170346427237566e-81,yes,0.02785785201890014,0.02785785201890014,positive,very weak,1.538254297455274e-70,1.7995266849493826e-70,yes
POLKE,polke_543_per_100_words,no,0.02932498417041422,0.02932498417041422,positive,very weak,5.746385994749997e-78,7.278472659524553e-78,yes,0.0274558903297663,0.0274558903297663,positive,very weak,1.431459531511286e-68,1.6734513268860636e-68,yes
POLKE,polke_1138_per_100_words,no,-0.04896567150809672,0.04896567150809672,negative,very weak,4.547302295931861e-214,6.586675200610761e-214,yes,-0.027187691119226445,0.027187691119226445,negative,very weak,2.841416413799411e-67,3.319502145549039e-67,yes
POLKE,polke_705_per_100_words,no,0.01927853782149773,0.01927853782149773,positive,very weak,1.0725504590518746e-34,1.2720774808257018e-34,yes,0.027038511451144942,0.027038511451144942,positive,very weak,1.4787449060424305e-66,1.7263767963667587e-66,yes
POLKE,polke_866_per_100_words,no,0.02162329294703693,0.02162329294703693,positive,very weak,3.3115512155265673e-43,3.98827972937364e-43,yes,0.027005700512404307,0.027005700512404307,positive,very weak,2.12287555018284e-66,2.47668814187998e-66,yes
POLKE,polke_701_per_100_words,no,0.007204142891371634,0.007204142891371634,positive,very weak,4.416391107509945e-06,4.81507358511097e-06,yes,0.02690254374157257,0.02690254374157257,positive,very weak,6.597671504133857e-66,7.692050733915408e-66,yes
TAALES,Ortho_N_CW,no,-0.08563625924904852,0.08563625924904852,negative,very weak,0.0,0.0,yes,-0.026785834839456953,0.026785834839456953,negative,very weak,2.3675140130439197e-65,2.7583468290559253e-65,yes
POLKE,polke_208_per_100_words,no,0.013392503953731538,0.013392503953731538,positive,very weak,1.406614866189967e-17,1.6028867079839156e-17,yes,0.02668059208270767,0.02668059208270767,positive,very weak,7.457943102513411e-65,8.683212777196538e-65,yes
POLKE,polke_70_per_100_words,no,-0.03611626333872062,0.03611626333872062,negative,very weak,2.662288480944476e-117,3.550408044183341e-117,yes,0.026348155326346344,0.026348155326346344,positive,very weak,2.715760484150925e-63,3.1597891657522636e-63,yes
POLKE,polke_907_per_100_words,no,0.02223013675499286,0.02223013675499286,positive,very weak,1.4457853633617017e-45,1.743686285629619e-45,yes,0.026317262558354548,0.026317262558354548,positive,very weak,3.7843276421060354e-63,4.400082648279221e-63,yes
POLKE,polke_322_per_100_words,no,0.009121400279231586,0.009121400279231586,positive,very weak,6.1521270882425816e-09,6.807030939571631e-09,yes,0.025580484736365473,0.025580484736365473,positive,very weak,9.221657101943124e-60,1.0707611327833136e-59,yes
POLKE,polke_647_per_100_words,no,0.009121400279231586,0.009121400279231586,positive,very weak,6.1521270882425816e-09,6.807030939571631e-09,yes,0.02558048473635712,0.02558048473635712,positive,very weak,9.221657102746088e-60,1.0707611327833136e-59,yes
POLKE,polke_315_per_100_words,no,0.014308570019086494,0.014308570019086494,positive,very weak,7.621490523819805e-20,8.731366899366041e-20,yes,0.025406906786048202,0.025406906786048202,positive,very weak,5.60779880847403e-59,6.507019591700245e-59,yes
POLKE,polke_123_per_100_words,no,0.005191473295025106,0.005191473295025106,positive,very weak,0.0009390452306661766,0.0009984268881540563,yes,0.025049836184656747,0.025049836184656747,positive,very weak,2.212343311806272e-57,2.5653609058470294e-57,yes
POLKE,polke_564_per_100_words,no,0.023892919029231702,0.023892919029231702,positive,very weak,2.300947893797631e-52,2.8307931405042594e-52,yes,0.024909517636779673,0.024909517636779673,positive,very weak,9.245118816918801e-57,1.0713093764199826e-56,yes
POLKE,polke_977_per_100_words,no,0.028130827902127717,0.028130827902127717,positive,very weak,6.820028569149118e-72,8.59393754304977e-72,yes,0.02484271841699285,0.02484271841699285,positive,very weak,1.8211780319614157e-56,2.1089266204009642e-56,yes
TAASSC,jj_predicative,no,-0.040530793189967745,0.040530793189967745,negative,very weak,3.0321807124032894e-147,4.153506327293643e-147,yes,0.02458406061030065,0.02458406061030065,positive,very weak,2.4720731122858602e-55,2.860732380276822e-55,yes
POLKE,polke_223_per_100_words,no,0.014666568935798546,0.014666568935798546,positive,very weak,9.04997280783705e-21,1.0423575127898282e-20,yes,0.02411830988330944,0.02411830988330944,positive,very weak,2.529094481072912e-53,2.9247451348887684e-53,yes
POLKE,polke_800_per_100_words,no,0.02486857765812617,0.02486857765812617,positive,very weak,1.4010781636123007e-56,1.7299129233945972e-56,yes,0.024069055806128,0.024069055806128,positive,very weak,4.1047209495325637e-53,4.743663361488105e-53,yes
POLKE,polke_448_per_100_words,no,0.019731794578483876,0.019731794578483876,positive,very weak,2.887896443824794e-36,3.4394044452496684e-36,yes,0.024051859252462886,0.024051859252462886,positive,very weak,4.859746651662203e-53,5.612434685252983e-53,yes
POLKE,polke_699_per_100_words,no,0.016883407198473144,0.016883407198473144,positive,very weak,5.34041888243506e-27,6.243229981851485e-27,yes,0.023979290845547115,0.023979290845547115,positive,very weak,9.896654246785731e-53,1.1421777949688782e-52,yes
POLKE,polke_762_per_100_words,no,0.02900877811059848,0.02900877811059848,positive,very weak,2.468022330189212e-76,3.1237330599811795e-76,yes,0.023718217976355257,0.023718217976355257,positive,very weak,1.256127591119783e-51,1.4487281901616864e-51,yes
POLKE,polke_1006_per_100_words,no,0.01944660223983689,0.01944660223983689,positive,very weak,2.8349136666542564e-35,3.3669507883047436e-35,yes,0.023706818751480858,0.023706818751480858,positive,very weak,1.4026345359620373e-51,1.6166117131551708e-51,yes
POLKE,polke_91_per_100_words,no,-0.08214695553678586,0.08214695553678586,negative,very weak,0.0,0.0,yes,-0.023461577544795553,0.023461577544795553,negative,very weak,1.486454130802259e-50,1.7120677194935354e-50,yes
POLKE,polke_66_per_100_words,no,-0.08232634232300652,0.08232634232300652,negative,very weak,0.0,0.0,yes,-0.023385452644864788,0.023385452644864788,negative,very weak,3.0777385214172403e-50,3.542497694114475e-50,yes
TAALES,WN_Mean_Accuracy_FW,no,0.07104863609635353,0.07104863609635353,positive,very weak,0.0,0.0,yes,0.023019928332641718,0.023019928332641718,positive,very weak,9.811435167089785e-49,1.1285453595948345e-48,yes
TAALES,COCA_news_bi_MI2,no,0.06525453334527907,0.06525453334527907,positive,very weak,0.0,0.0,yes,0.022975096674429124,0.022975096674429124,positive,very weak,1.49457936520528e-48,1.7179648869484284e-48,yes
POLKE,polke_75_per_100_words,no,-0.10012767848045304,0.10012767848045304,negative,very weak,0.0,0.0,yes,-0.022830050200579054,0.022830050200579054,negative,very weak,5.800642605827582e-48,6.663162805756399e-48,yes
POLKE,polke_443_per_100_words,no,0.020327235217109208,0.020327235217109208,positive,very weak,2.2053926937666686e-38,2.639391814242733e-38,yes,0.02278314109254445,0.02278314109254445,positive,very weak,8.977537595116976e-48,1.030554014432772e-47,yes
POLKE,polke_5_per_100_words,no,0.010473073428582677,0.010473073428582677,positive,very weak,2.4896545547234613e-11,2.777981497300414e-11,yes,0.022711653925382918,0.022711653925382918,positive,very weak,1.7437230674511025e-47,2.0003244553034388e-47,yes
POLKE,polke_548_per_100_words,no,0.02026411997924867,0.02026411997924867,positive,very weak,3.722568565086624e-38,4.452025864102901e-38,yes,0.022506432719692368,0.022506432719692368,positive,very weak,1.1592484608440824e-46,1.3289512769703216e-46,yes
POLKE,polke_655_per_100_words,no,-0.0048196099841433075,0.0048196099841433075,negative,very weak,0.0021319155762372956,0.0022611225808577377,yes,0.022120085476871398,0.022120085476871398,positive,very weak,3.9163685162782465e-45,4.48668804637087e-45,yes
POLKE,polke_587_per_100_words,no,-0.03922927779085694,0.03922927779085694,negative,very weak,4.6629946089772536e-138,6.351894959806188e-138,yes,0.022100518665756092,0.022100518665756092,positive,very weak,4.673127206127545e-45,5.35007553972546e-45,yes
POLKE,polke_870_per_100_words,no,0.014213668857051128,0.014213668857051128,positive,very weak,1.3292277770155288e-19,1.521779464340208e-19,yes,0.022029757687237913,0.022029757687237913,positive,very weak,8.841151440327223e-45,1.0115126564483781e-44,yes
POLKE,polke_1078_per_100_words,no,0.017421785349883628,0.017421785349883628,positive,very weak,1.2162112033631106e-28,1.4286316532655715e-28,yes,0.02186759150130667,0.02186759150130667,positive,very weak,3.782469858730046e-44,4.324623871814686e-44,yes
POLKE,polke_1011_per_100_words,no,0.013252036945823558,0.013252036945823558,positive,very weak,3.038946964482654e-17,3.456096846212037e-17,yes,0.021731011126782645,0.021731011126782645,positive,very weak,1.276019032552856e-43,1.457943131797567e-43,yes
POLKE,polke_12_per_100_words,no,0.011800671942747254,0.011800671942747254,positive,very weak,5.4749932087804674e-14,6.141015927441793e-14,yes,0.02165615955617564,0.02165615955617564,positive,very weak,2.4767160725691666e-43,2.8279414543649275e-43,yes
POLKE,polke_912_per_100_words,no,0.025564976041973258,0.025564976041973258,positive,very weak,1.0841055633841946e-59,1.345326368454337e-59,yes,0.02153916182416013,0.02153916182416013,positive,very weak,6.951770639375601e-43,7.932326444796511e-43,yes
POLKE,polke_245_per_100_words,no,0.01061180411538834,0.01061180411538834,positive,very weak,1.3573541932538588e-11,1.5155354436395623e-11,yes,0.021464275095086485,0.021464275095086485,positive,very weak,1.3419124772484484e-42,1.5301728048411498e-42,yes
POLKE,polke_786_per_100_words,no,0.01600847268078609,0.01600847268078609,positive,very weak,1.944070612838864e-24,2.2558058870220918e-24,yes,0.02146151289642206,0.02146151289642206,positive,very weak,1.3748039301282946e-42,1.566637036657824e-42,yes
POLKE,polke_405_per_100_words,no,0.014486060864472275,0.014486060864472275,positive,very weak,2.6671015624267267e-20,3.063683308480801e-20,yes,0.021443175091376138,0.021443175091376138,positive,very weak,1.614450195228117e-42,1.8385007203294957e-42,yes
POLKE,polke_722_per_100_words,no,0.01873427589144131,0.01873427589144131,positive,very weak,7.375826780002919e-33,8.70581068665176e-33,yes,0.02137630389856228,0.02137630389856228,positive,very weak,2.897343215849258e-42,3.297241947698393e-42,yes
POLKE,polke_831_per_100_words,no,0.019029786936627987,0.019029786936627987,positive,very weak,7.527194280687736e-34,8.902853925089288e-34,yes,0.021280189150386552,0.021280189150386552,positive,very weak,6.693681013706005e-42,7.612508579911007e-42,yes
POLKE,polke_527_per_100_words,no,0.020774230046751194,0.020774230046751194,positive,very weak,5.167432769696909e-40,6.197305734286852e-40,yes,0.021234504533002598,0.021234504533002598,positive,very weak,9.952922450542894e-42,1.1311638172750869e-41,yes
TAASSC,cc_dep,no,-0.13005170803706606,0.13005170803706606,negative,very weak,0.0,0.0,yes,-0.02100514178329326,0.02100514178329326,negative,very weak,7.200777043549446e-41,8.178365979925364e-41,yes
POLKE,polke_1010_per_100_words,no,0.018570014441851773,0.018570014441851773,positive,very weak,2.583082700954007e-32,3.046758481524155e-32,yes,0.020902714039197058,0.020902714039197058,positive,very weak,1.7305863251599638e-40,1.9642326589340423e-40,yes
POLKE,polke_1104_per_100_words,no,0.007012109670761327,0.007012109670761327,positive,very weak,7.881310940576556e-06,8.549303139208599e-06,yes,0.020895195888631694,0.020895195888631694,positive,very weak,1.8453222652295992e-40,2.0916904728648503e-40,yes
POLKE,polke_1083_per_100_words,no,0.007012109670761327,0.007012109670761327,positive,very weak,7.881310940576556e-06,8.549303139208599e-06,yes,0.02089519588861038,0.02089519588861038,positive,very weak,1.845322265565317e-40,2.0916904728648503e-40,yes
POLKE,polke_1035_per_100_words,no,0.01679678607710552,0.01679678607710552,positive,very weak,9.70759632246983e-27,1.1333238729091734e-26,yes,0.02079399073159374,0.02079399073159374,positive,very weak,4.369146258897568e-40,4.949198040957285e-40,yes
TAASSC,nn_abstract,no,0.09015094067646437,0.09015094067646437,positive,very weak,0.0,0.0,yes,0.02058227772282409,0.02058227772282409,positive,very weak,2.6159752945024993e-39,2.9613185677041496e-39,yes
POLKE,polke_190_per_100_words,no,0.008156787159009528,0.008156787159009528,positive,very weak,2.0161202520724684e-07,2.2192851298487057e-07,yes,0.020191748854009782,0.020191748854009782,positive,very weak,6.771431586148926e-38,7.660293647919135e-38,yes
POLKE,polke_490_per_100_words,no,0.0076438347828646416,0.0076438347828646416,positive,very weak,1.1105885448765505e-06,1.216257569899926e-06,yes,0.020138939862225008,0.020138939862225008,positive,very weak,1.046412455181666e-37,1.182991008989161e-37,yes
POLKE,polke_789_per_100_words,no,0.018430706378028374,0.018430706378028374,positive,very weak,7.414249268969326e-32,8.739132299850443e-32,yes,0.020101855719986846,0.020101855719986846,positive,very weak,1.4195402424192438e-37,1.6037625268438755e-37,yes
POLKE,polke_707_per_100_words,no,0.023790603610167604,0.023790603610167604,positive,very weak,6.2267914184434e-52,7.64419991598456e-52,yes,0.020042214803045733,0.020042214803045733,positive,very weak,2.315510832670345e-37,2.6142864239826475e-37,yes
POLKE,polke_353_per_100_words,no,0.015882929990622973,0.015882929990622973,positive,very weak,4.417899674119907e-24,5.119390500753811e-24,yes,0.01986532245120014,0.01986532245120014,positive,very weak,9.800236767003875e-37,1.105750398382345e-36,yes
POLKE,polke_846_per_100_words,no,0.022678961931787804,0.022678961931787804,positive,very weak,2.360644118994743e-47,2.867212934898006e-47,yes,0.019855666657475096,0.019855666657475096,positive,very weak,1.05994000327119e-36,1.1951328767982188e-36,yes
POLKE,polke_1079_per_100_words,no,0.01271563900737446,0.01271563900737446,positive,very weak,5.353532612477146e-16,6.056272051713921e-16,yes,0.019822173929471207,0.019822173929471207,positive,very weak,1.3907343637272615e-36,1.5670889840947786e-36,yes
POLKE,polke_855_per_100_words,no,0.017272991957315863,0.017272991957315863,positive,very weak,3.4998332071606084e-28,4.108291547077648e-28,yes,0.01977690572909734,0.01977690572909734,positive,very weak,2.00617061925229e-36,2.259082476702349e-36,yes
POLKE,polke_858_per_100_words,no,0.011372741612056342,0.011372741612056342,positive,very weak,4.25044917907021e-13,4.758172547066194e-13,yes,0.01961993095011684,0.01961993095011684,positive,very weak,7.10179721017885e-36,7.991851847412551e-36,yes
POLKE,polke_755_per_100_words,no,-0.0014662317075252325,0.0014662317075252325,negative,very weak,0.3501368058387766,0.3567941901446832,no,0.019535551514035233,0.019535551514035233,positive,very weak,1.3953647676730244e-35,1.569213492825729e-35,yes
POLKE,polke_838_per_100_words,no,0.014460274899218861,0.014460274899218861,positive,very weak,3.109058711602912e-20,3.564194980213231e-20,yes,0.0194801533354951,0.0194801533354951,positive,very weak,2.1706165966970104e-35,2.4378568853632117e-35,yes
POLKE,polke_538_per_100_words,no,0.014460274899218861,0.014460274899218861,positive,very weak,3.109058711602912e-20,3.564194980213231e-20,yes,0.019480153335474388,0.019480153335474388,positive,very weak,2.1706165970551745e-35,2.4378568853632117e-35,yes
POLKE,polke_708_per_100_words,no,0.02036711521068679,0.02036711521068679,positive,very weak,1.5829514573884653e-38,1.8957833445678895e-38,yes,0.019416249786340555,0.019416249786340555,positive,very weak,3.608040814964986e-35,4.049600783812141e-35,yes
POLKE,polke_158_per_100_words,no,0.006264037112988501,0.006264037112988501,positive,very weak,6.560977537402074e-05,7.032547797902848e-05,yes,0.01941396642862234,0.01941396642862234,positive,very weak,3.67403816254873e-35,4.1209780567502107e-35,yes
POLKE,polke_336_per_100_words,no,0.009713873249694133,0.009713873249694133,positive,very weak,6.010975989868618e-10,6.681026456658898e-10,yes,0.019334936451816137,0.019334936451816137,positive,very weak,6.871436895037745e-35,7.702296911757995e-35,yes
POLKE,polke_936_per_100_words,no,0.020867978262575877,0.020867978262575877,positive,very weak,2.32765229931717e-40,2.7974237514568652e-40,yes,0.018847311316680784,0.018847311316680784,positive,very weak,3.093757595929988e-33,3.4655743154930954e-33,yes
POLKE,polke_360_per_100_words,no,0.018985987146244054,0.018985987146244054,positive,very weak,1.0580584854116437e-33,1.2497040650695378e-33,yes,0.01866277392221193,0.01866277392221193,positive,very weak,1.274485000546109e-32,1.426724396825442e-32,yes
POLKE,polke_890_per_100_words,no,0.016468878943028103,0.016468878943028103,positive,very weak,9.071874581759731e-26,1.05551322304735e-25,yes,0.01819965319539052,0.01819965319539052,positive,very weak,4.18865504286814e-31,4.682883571394303e-31,yes
TAASSC,np,no,-0.041354639247570595,0.041354639247570595,negative,very weak,3.246118266943407e-153,4.467971771916487e-153,yes,0.018125907078410636,0.018125907078410636,positive,very weak,7.246446115530606e-31,8.096192239827353e-31,yes
POLKE,polke_324_per_100_words,no,-0.057263320510623196,0.057263320510623196,negative,very weak,3.74180787086223e-292,5.68900753415667e-292,yes,-0.017633667832353792,0.017633667832353792,negative,very weak,2.6585309573868437e-29,2.9683467395302325e-29,yes
POLKE,polke_663_per_100_words,no,0.008962820554164723,0.008962820554164723,positive,very weak,1.1197846241038992e-08,1.2373908700632649e-08,yes,0.01754233387765822,0.01754233387765822,positive,very weak,5.131731080791663e-29,5.726036957422058e-29,yes
POLKE,polke_666_per_100_words,no,0.015733069820752635,0.015733069820752635,positive,very weak,1.1672526755660305e-23,1.351680174608874e-23,yes,0.017505257072426096,0.017505257072426096,positive,very weak,6.695675831100037e-29,7.466244506070589e-29,yes
POLKE,polke_530_per_100_words,no,0.017054676280630794,0.017054676280630794,positive,very weak,1.623855902204285e-27,1.903563138947607e-27,yes,0.0173675195530272,0.0173675195530272,positive,very weak,1.79007907535181e-28,1.994792471883271e-28,yes
POLKE,polke_621_per_100_words,no,0.01647191663501574,0.01647191663501574,positive,very weak,8.887753952793004e-26,1.034792805773252e-25,yes,0.017263786877695697,0.017263786877695697,positive,very weak,3.7352381105185347e-28,4.159696986713823e-28,yes
POLKE,polke_40_per_100_words,no,-0.05511251950373391,0.05511251950373391,negative,very weak,9.80428080593389e-271,1.4685014482250325e-270,yes,0.01703856296418516,0.01703856296418516,positive,very weak,1.8172276838211685e-27,2.0224175715465956e-27,yes
POLKE,polke_236_per_100_words,no,0.016950298627609287,0.016950298627609287,positive,very weak,3.359344304571234e-27,3.929928705552296e-27,yes,0.01678518719262106,0.01678518719262106,positive,very weak,1.0513924251420303e-26,1.1678354981337966e-26,yes
POLKE,polke_1163_per_100_words,no,0.012355809442479559,0.012355809442479559,positive,very weak,3.438544586224342e-15,3.87203149400837e-15,yes,0.0165645582184099,0.0165645582184099,positive,very weak,4.74719304314649e-26,5.269537908735424e-26,yes
POLKE,polke_761_per_100_words,no,0.017009827186220853,0.017009827186220853,positive,very weak,2.2204171495350032e-27,2.6011034231233134e-27,yes,0.016557703966726258,0.016557703966726258,positive,very weak,4.973235554912226e-26,5.516881614925271e-26,yes
POLKE,polke_515_per_100_words,no,0.013614027924299181,0.013614027924299181,positive,very weak,4.10760844603091e-18,4.690112173730367e-18,yes,0.016438910905193293,0.016438910905193293,positive,very weak,1.1103553340243583e-25,1.2301417298784074e-25,yes
POLKE,polke_357_per_100_words,no,-0.06866594715792636,0.06866594715792636,negative,very weak,0.0,0.0,yes,-0.016298626697153984,0.016298626697153984,negative,very weak,2.845843258013519e-25,3.150820650415226e-25,yes
POLKE,polke_1097_per_100_words,no,0.007315474101656468,0.007315474101656468,positive,very weak,3.1360035690557782e-06,3.4234539280271543e-06,yes,0.01618164131409241,0.01618164131409241,positive,very weak,6.200695609816932e-25,6.860769658603896e-25,yes
POLKE,polke_500_per_100_words,no,0.01290169551163806,0.01290169551163806,positive,very weak,2.0051724477131246e-16,2.2728821862709904e-16,yes,0.016149060239223162,0.016149060239223162,positive,very weak,7.695075116465307e-25,8.508738765143779e-25,yes
POLKE,polke_209_per_100_words,no,0.004775127982709693,0.004775127982709693,positive,very weak,0.0023433633075010465,0.00248384924126347,yes,0.015979013499116176,0.015979013499116176,positive,very weak,2.3583859641525992e-24,2.6060772735320285e-24,yes
POLKE,polke_918_per_100_words,no,0.007139365367661764,0.007139365367661764,positive,very weak,5.377918741416818e-06,5.855955962876091e-06,yes,0.01591310817046909,0.01591310817046909,positive,very weak,3.6288624343324156e-24,4.0074044268384374e-24,yes
POLKE,polke_262_per_100_words,no,-0.0024053522681906324,0.0024053522681906324,negative,very weak,0.12533505328299174,0.12948772071104267,no,0.015704820542667138,0.015704820542667138,positive,very weak,1.4004387569361287e-23,1.5455292587808628e-23,yes
POLKE,polke_305_per_100_words,no,0.008108372943487157,0.008108372943487157,positive,very weak,2.378912145092085e-07,2.615278415918542e-07,yes,0.015679145163365056,0.015679145163365056,positive,very weak,1.6520960103182462e-23,1.8220865965889342e-23,yes
POLKE,polke_976_per_100_words,no,0.014540110520674027,0.014540110520674027,positive,very weak,1.932349757287034e-20,2.2226558241094994e-20,yes,0.015656669064475392,0.015656669064475392,positive,very weak,1.9088367149698623e-23,2.1038913664352916e-23,yes
POLKE,polke_645_per_100_words,no,0.013156715750696265,0.013156715750696265,positive,very weak,5.102587664479271e-17,5.795323075882086e-17,yes,0.015569644284280523,0.015569644284280523,positive,very weak,3.332977203684123e-23,3.6711983971215617e-23,yes
POLKE,polke_891_per_100_words,no,0.01613639449535832,0.01613639449535832,positive,very weak,8.36789732139433e-25,9.729453495722899e-25,yes,0.015523332514391568,0.015523332514391568,positive,very weak,4.4782767827493196e-23,4.929553711434585e-23,yes
POLKE,polke_412_per_100_words,no,0.016660680663002938,0.016660680663002938,positive,very weak,2.4675186591160352e-26,2.8787717689687075e-26,yes,0.015486036899045885,0.015486036899045885,positive,very weak,5.677317569112324e-23,6.245413490075456e-23,yes
TAASSC,transitive_communication_phrasal_verb,no,0.01514304920612585,0.01514304920612585,positive,very weak,4.9009065393948195e-22,5.667602639960968e-22,yes,0.015307014965440022,0.015307014965440022,positive,very weak,1.7592260078128818e-22,1.9340208996148026e-22,yes
POLKE,polke_863_per_100_words,no,0.015952206651749967,0.015952206651749967,positive,very weak,2.8108112517466433e-24,3.259324744249827e-24,yes,0.015230222799166273,0.015230222799166273,positive,very weak,2.846412713383649e-22,3.127224729950646e-22,yes
TAASSC,to_clause_adjective,no,-0.11000647340051967,0.11000647340051967,negative,very weak,0.0,0.0,yes,-0.015058653350417612,0.015058653350417612,negative,very weak,8.2693357507074395e-22,9.079328305034097e-22,yes
POLKE,polke_862_per_100_words,no,0.012448303199597435,0.012448303199597435,positive,very weak,2.1423861394643504e-15,2.4156424912434983e-15,yes,0.014695716162439932,0.014695716162439932,positive,very weak,7.591358595866245e-21,8.329609719712483e-21,yes
POLKE,polke_1065_per_100_words,no,0.016070479597131582,0.016070479597131582,positive,very weak,1.2930453690402784e-24,1.5014033905917924e-24,yes,0.014514751527516957,0.014514751527516957,positive,very weak,2.2480849088199687e-20,2.4651314697098762e-20,yes
TAALES,SUBTLEXus_Range_AW,no,0.030269478744839266,0.030269478744839266,positive,very weak,5.9808077195285715e-83,7.631759850440104e-83,yes,-0.014351806520534903,0.014351806520534903,negative,very weak,5.908339867630509e-20,6.474634423633432e-20,yes
POLKE,polke_533_per_100_words,no,0.016539456813566417,0.016539456813566417,positive,very weak,5.628340705503609e-26,6.557475754034436e-26,yes,0.014243982556076324,0.014243982556076324,positive,very weak,1.1132952493662252e-19,1.219221808852539e-19,yes
POLKE,polke_1012_per_100_words,no,0.015016152811424058,0.015016152811424058,positive,very weak,1.0750068529797417e-21,1.2415062308823279e-21,yes,0.01401930043302141,0.01401930043302141,positive,very weak,4.106160432633765e-19,4.493979031248824e-19,yes
POLKE,polke_404_per_100_words,no,0.005323089027387069,0.005323089027387069,positive,very weak,0.0006937146965072365,0.0007384982647485479,yes,0.014004698742237831,0.014004698742237831,positive,very weak,4.466508221670586e-19,4.885243367452204e-19,yes
POLKE,polke_849_per_100_words,no,0.009967914551703962,0.009967914551703962,positive,very weak,2.124773059944899e-10,2.3631555108985093e-10,yes,0.013961475435583426,0.013961475435583426,positive,very weak,5.7265269081607285e-19,6.255409966557738e-19,yes
TAASSC,that_noun_clause_nonfactive,no,0.011802328561975857,0.011802328561975857,positive,very weak,5.430955335202114e-14,6.095607591539022e-14,yes,0.013957916923433322,0.013957916923433322,positive,very weak,5.844696251278536e-19,6.38042907125569e-19,yes
POLKE,polke_511_per_100_words,no,0.01159003901057309,0.01159003901057309,positive,very weak,1.5151285987123702e-13,1.6983304227396828e-13,yes,0.013892642106322163,0.013892642106322163,positive,very weak,8.493503165260249e-19,9.26613099772349e-19,yes
TAALES,COCA_fiction_bi_MI2,no,0.04986466853961846,0.04986466853961846,positive,very weak,6.167695388508515e-222,8.994555774908252e-222,yes,0.01340635028049611,0.01340635028049611,positive,very weak,1.3032013255700725e-17,1.4208456918961694e-17,yes
POLKE,polke_1160_per_100_words,no,0.013629113114883842,0.013629113114883842,positive,very weak,3.774627622475565e-18,4.3127823934347725e-18,yes,0.013201398531696669,0.013201398531696669,positive,very weak,4.003915518541121e-17,4.362589017978413e-17,yes
POLKE,polke_836_per_100_words,no,0.013592981764449336,0.013592981764449336,positive,very weak,4.621103852885735e-18,5.272916239320716e-18,yes,0.012991189407536423,0.012991189407536423,positive,very weak,1.2441218859113395e-16,1.3547104979923475e-16,yes
POLKE,polke_709_per_100_words,no,0.012597847413014897,0.012597847413014897,positive,very weak,9.897711829967501e-16,1.118219748906078e-15,yes,0.012808459602334041,0.012808459602334041,positive,very weak,3.285679076767187e-16,3.5754692999084554e-16,yes
TAALES,COCA_spoken_tri_2_DP,no,-0.0790926713370266,0.0790926713370266,negative,very weak,0.0,0.0,yes,-0.012781466601194974,0.012781466601194974,negative,very weak,3.788223213624773e-16,4.119722771950847e-16,yes
TAASSC,np_deps,no,-0.06798946773976709,0.06798946773976709,negative,very weak,0.0,0.0,yes,0.012636781582666281,0.012636781582666281,positive,very weak,8.083214763819291e-16,8.784989429626163e-16,yes
TAALES,KF_Ncats_CW,no,0.058892911449542604,0.058892911449542604,positive,very weak,6.240193857620257e-309,9.563835983752225e-309,yes,0.012578298555349435,0.012578298555349435,positive,very weak,1.0954572446985097e-15,1.1898094836339102e-15,yes
POLKE,polke_214_per_100_words,no,0.004356754012117818,0.004356754012117818,positive,very weak,0.005498797543012092,0.005785544654150759,yes,0.012317203056788009,0.012317203056788009,positive,very weak,4.185039925452253e-15,4.542622450728237e-15,yes
POLKE,polke_601_per_100_words,no,0.013457013107076008,0.013457013107076008,positive,very weak,9.848791759750432e-18,1.1230503901577122e-17,yes,0.011997303712173923,0.011997303712173923,positive,very weak,2.0832957365793438e-14,2.2555885026727112e-14,yes
POLKE,polke_1089_per_100_words,no,0.0014571587332430295,0.0014571587332430295,positive,very weak,0.35312628279727454,0.35962682600791324,no,0.010937550906220306,0.010937550906220306,positive,very weak,3.1696995680143853e-12,3.4296749269051548e-12,yes
POLKE,polke_685_per_100_words,no,0.008552220429401841,0.008552220429401841,positive,very weak,5.041411357862063e-08,5.5601417869668414e-08,yes,0.010658980785673781,0.010658980785673781,positive,very weak,1.1024207044586095e-11,1.192087962261359e-11,yes
POLKE,polke_903_per_100_words,no,0.009997433259597845,0.009997433259597845,positive,very weak,1.8798030270681633e-10,2.0934170074168183e-10,yes,0.010619904674522092,0.010619904674522092,positive,very weak,1.3098077956394729e-11,1.415450768444673e-11,yes
POLKE,polke_757_per_100_words,no,0.006474140108304989,0.006474140108304989,positive,very weak,3.69836425649131e-05,3.979105834305268e-05,yes,0.010534488356807448,0.010534488356807448,positive,very weak,1.905129072106976e-11,2.0574914097376978e-11,yes
POLKE,polke_69_per_100_words,no,-0.0566525822472698,0.0566525822472698,negative,very weak,5.481891672865621e-286,8.297832496879559e-286,yes,0.010404306221076283,0.010404306221076283,positive,very weak,3.353454370827496e-11,3.619367052214699e-11,yes
POLKE,polke_1086_per_100_words,no,0.008435555592381145,0.008435555592381145,positive,very weak,7.6372038403802e-08,8.417612201961467e-08,yes,0.010177272072691649,0.010177272072691649,positive,very weak,8.84600213787542e-11,9.541442557519715e-11,yes
TAASSC,that_noun_clause_attitudinal,no,0.00512989463353873,0.00512989463353873,positive,very weak,0.0010795154744952286,0.0011463585379314655,yes,0.01013845440687858,0.01013845440687858,positive,very weak,1.0420306637988356e-10,1.1232448701539932e-10,yes
POLKE,polke_502_per_100_words,no,0.007127389442726123,0.007127389442726123,positive,very weak,5.576374526759891e-06,6.068199437432241e-06,yes,0.009887563419801126,0.009887563419801126,positive,very weak,2.9604921485365603e-10,3.1892236399121867e-10,yes
POLKE,polke_682_per_100_words,no,0.01030870061388954,0.01030870061388954,positive,very weak,5.057911932840928e-11,5.636334610020917e-11,yes,0.009572453386596735,0.009572453386596735,positive,very weak,1.0605671116075907e-09,1.14179070709794e-09,yes
POLKE,polke_562_per_100_words,no,0.008998016161588162,0.008998016161588162,positive,very weak,9.812469509953012e-09,1.0850022701205298e-08,yes,0.009535640051842008,0.009535640051842008,positive,very weak,1.2279029342305074e-09,1.3211126299907905e-09,yes
TAASSC,nn_concrete,no,-0.170466660891194,0.170466660891194,negative,very weak,0.0,0.0,yes,0.009513744573891187,0.009513744573891187,positive,very weak,1.3393562006994332e-09,1.4401228114103625e-09,yes
TAALES,BNC_Written_Freq_FW_Log,no,0.0015028291199017036,0.0015028291199017036,positive,very weak,0.33824185120541667,0.3448779874062364,no,0.009412373708492594,0.009412373708492594,positive,very weak,1.9976088003794916e-09,2.1465533161972606e-09,yes
POLKE,polke_813_per_100_words,no,0.01223805826537994,0.01223805826537994,positive,very weak,6.2489850449152376e-15,7.0321583674735126e-15,yes,0.009397695153505121,0.009397695153505121,positive,very weak,2.115939396698237e-09,2.272283071595164e-09,yes
POLKE,polke_657_per_100_words,no,-0.0011686946357276514,0.0011686946357276514,negative,very weak,0.4564381012603306,0.46236937014853335,no,0.00935756674465739,0.00935756674465739,positive,very weak,2.475366294696992e-09,2.654942586244741e-09,yes
POLKE,polke_536_per_100_words,no,0.006400906210672203,0.006400906210672203,positive,very weak,4.5251291295690806e-05,4.865577716119733e-05,yes,0.009326408863825278,0.009326408863825278,positive,very weak,2.7948145472885925e-09,2.99569184287496e-09,yes
POLKE,polke_684_per_100_words,no,-0.012805300526401598,0.012805300526401598,negative,very weak,3.340916040630279e-16,3.781961062495663e-16,yes,0.00932579019718697,0.00932579019718697,positive,very weak,2.8015474065364926e-09,3.0010329807683225e-09,yes
POLKE,polke_1019_per_100_words,no,0.006991600804608811,0.006991600804608811,positive,very weak,8.377068387927282e-06,9.0813351993017e-06,yes,0.00928841477534406,0.00928841477534406,positive,very weak,3.238963497179328e-09,3.4674297113998428e-09,yes
POLKE,polke_904_per_100_words,no,0.006593479987619031,0.006593479987619031,positive,very weak,2.6502547510363173e-05,2.8586081119668454e-05,yes,0.009102214361136458,0.009102214361136458,positive,very weak,6.6179686215607414e-09,7.0803594422811426e-09,yes
POLKE,polke_461_per_100_words,no,0.006777876086901569,0.006777876086901569,positive,very weak,1.5665558815804733e-05,1.6929069545749917e-05,yes,0.008995666945460687,0.008995666945460687,positive,very weak,9.8995015186337e-09,1.0577972027698938e-08,yes
POLKE,polke_723_per_100_words,no,0.010890424147712447,0.010890424147712447,positive,very weak,3.922301567844403e-12,4.387962941195793e-12,yes,0.00892210128629061,0.00892210128629061,positive,very weak,1.3038472890165252e-08,1.3923400377729393e-08,yes
POLKE,polke_678_per_100_words,no,0.004433696771393218,0.004433696771393218,positive,very weak,0.004723748482590597,0.004973129924888197,yes,0.008813856361681839,0.008813856361681839,positive,very weak,1.94776479628806e-08,2.0786662262812834e-08,yes
POLKE,polke_937_per_100_words,no,0.007179287970741403,0.007179287970741403,positive,very weak,4.764043465861888e-06,5.190809748381918e-06,yes,0.008764926724588163,0.008764926724588163,positive,very weak,2.3316807982603053e-08,2.4868361747614573e-08,yes
POLKE,polke_628_per_100_words,no,0.008214910332642662,0.008214910332642662,positive,very weak,1.6508738163777725e-07,1.8183998683929863e-07,yes,0.008689361922261643,0.008689361922261643,positive,very weak,3.072744586476644e-08,3.2751752428884057e-08,yes
TAALES,COCA_magazine_Range_FW,no,0.051249999452708674,0.051249999452708674,positive,very weak,2.42516949058585e-234,3.5548424584228485e-234,yes,0.008668119545260158,0.008668119545260158,positive,very weak,3.319278769443252e-08,3.5357534717982463e-08,yes
POLKE,polke_680_per_100_words,no,-0.007336148164778267,0.007336148164778267,negative,very weak,2.9412573173767507e-06,3.2129021014656865e-06,yes,-0.008560448611557721,0.008560448611557721,negative,very weak,4.894879578900034e-08,5.207641735616351e-08,yes
TAALES,COCA_news_Frequency_Log_FW,no,0.03202790438576043,0.03202790438576043,positive,very weak,1.2042329484000762e-92,1.5622235298836086e-92,yes,-0.008514297083524323,0.008514297083524323,negative,very weak,5.773557058103121e-08,6.138654900587013e-08,yes
POLKE,polke_1193_per_100_words,no,0.006319261454337101,0.006319261454337101,positive,very weak,5.652634357778073e-05,6.062706643895807e-05,yes,0.008043525213531962,0.008043525213531962,positive,very weak,2.96486670858301e-07,3.150400498897065e-07,yes
POLKE,polke_837_per_100_words,no,0.006579576394711655,0.006579576394711655,positive,very weak,2.7559540667911973e-05,2.9707487269308e-05,yes,0.007954593285886933,0.007954593285886933,positive,very weak,3.9992548131881783e-07,4.246886690165774e-07,yes
POLKE,polke_323_per_100_words,no,-0.0008623754385072877,0.0008623754385072877,negative,very weak,0.5826420859760248,0.5867476086018101,no,0.00773019305376172,0.00773019305376172,positive,very weak,8.393411785956496e-07,8.907612136705069e-07,yes
POLKE,polke_920_per_100_words,no,0.004727306065630134,0.004727306065630134,positive,very weak,0.0025919740438904233,0.0027372139687635937,yes,0.007699988909135766,0.007699988909135766,positive,very weak,9.260155277195708e-07,9.821376809146962e-07,yes
POLKE,polke_844_per_100_words,no,0.0030183747238606375,0.0030183747238606375,positive,very weak,0.05443014949084284,0.056574367501088164,no,0.0075878402157069195,0.0075878402157069195,positive,very weak,1.3296241094999765e-06,1.4093358144576389e-06,yes
POLKE,polke_1139_per_100_words,no,-0.007273699694766761,0.007273699694766761,negative,very weak,3.5679280335763455e-06,3.892491461567069e-06,yes,-0.007418386559261593,0.007418386559261593,negative,very weak,2.275392120090722e-06,2.408825608614561e-06,yes
POLKE,polke_582_per_100_words,no,0.007744188414207179,0.007744188414207179,positive,very weak,8.018807078119067e-07,8.804260012147374e-07,yes,0.0073917023421867754,0.0073917023421867754,positive,very weak,2.4737372874222603e-06,2.6171865810790723e-06,yes
POLKE,polke_494_per_100_words,no,0.004767638530478634,0.004767638530478634,positive,very weak,0.0023807981575126786,0.0025219696356604347,yes,0.007344070065056872,0.007344070065056872,positive,very weak,2.869754010326908e-06,3.0342960096859727e-06,yes
POLKE,polke_958_per_100_words,no,0.0025353342271000976,0.0025353342271000976,positive,very weak,0.10618333830078792,0.1098337908237945,no,0.006723811412218795,0.006723811412218795,positive,very weak,1.830166322489806e-05,1.9315293803507795e-05,yes
TAALES,BNC_Spoken_Freq_CW,no,-0.016086900860824194,0.016086900860824194,negative,very weak,1.160380063082309e-24,1.3482735827819513e-24,yes,-0.006649746970862561,0.006649746970862561,negative,very weak,2.2605795863068066e-05,2.3843136473039197e-05,yes
POLKE,polke_865_per_100_words,no,0.006735873451108753,0.006735873451108753,positive,very weak,1.767925247452109e-05,1.908113152536417e-05,yes,0.006642749565508773,0.006642749565508773,positive,very weak,2.30588810514308e-05,2.4306073142719004e-05,yes
POLKE,polke_917_per_100_words,no,0.004087997337601095,0.004087997337601095,positive,very weak,0.00918744749792307,0.009642884001798082,yes,0.006631988021115637,0.006631988021115637,positive,very weak,2.3772598973563913e-05,2.5043001989964445e-05,yes
POLKE,polke_710_per_100_words,no,0.0059983903949812735,0.0059983903949812735,positive,very weak,0.00013216675032845849,0.00014157774941493212,yes,0.006631443350386212,0.006631443350386212,positive,very weak,2.3809275328830547e-05,2.5066241368289986e-05,yes
POLKE,polke_529_per_100_words,no,0.00012018764226888931,0.00012018764226888931,positive,very weak,0.9389521950576576,0.9395000084736772,no,0.00644016690796757,0.00644016690796757,positive,very weak,4.062277097647496e-05,4.2741136334143894e-05,yes
POLKE,polke_1197_per_100_words,no,0.0003033682724246254,0.0003033682724246254,positive,very weak,0.8467125625343099,0.8486920191387151,no,0.006416126341829222,0.006416126341829222,positive,very weak,4.340053613331595e-05,4.563575687837943e-05,yes
POLKE,polke_967_per_100_words,no,0.004765107034390825,0.004765107034390825,positive,very weak,0.0023935747236208563,0.0025339386734628197,yes,0.006112415949875594,0.006112415949875594,positive,very weak,9.817904770455216e-05,0.00010317222231207535,yes
POLKE,polke_246_per_100_words,no,0.0019694580910416034,0.0019694580910416034,positive,very weak,0.2094807009114727,0.21538333457024922,no,0.006088427538447089,0.006088427538447089,positive,very weak,0.00010455874819397417,0.00010980909562318781,yes
POLKE,polke_922_per_100_words,no,0.005977506928066246,0.005977506928066246,positive,very weak,0.00013948612609588587,0.00014932503511513377,yes,0.006017866525051207,0.006017866525051207,positive,very weak,0.0001256681078984614,0.00013189767750664707,yes
POLKE,polke_549_per_100_words,no,0.006488439381659057,0.006488439381659057,positive,very weak,3.55464105643077e-05,3.8268734537217645e-05,yes,0.005947629549186413,0.005947629549186413,positive,very weak,0.00015062404167730145,0.00015799402536793391,yes
TAALES,COCA_academic_tri_MI,no,0.022991567212910465,0.022991567212910465,positive,very weak,1.2805803392990071e-48,1.5631283145180052e-48,yes,-0.005857441529598622,0.005857441529598622,negative,very weak,0.00018953898797754648,0.00019869154302047198,yes
POLKE,polke_581_per_100_words,no,0.0018585940734486303,0.0018585940734486303,positive,very weak,0.23627502517243262,0.2424965099764943,no,0.0055804111513241775,0.0055804111513241775,positive,very weak,0.00037650274306986337,0.00039444239729066315,yes
POLKE,polke_1128_per_100_words,no,0.00180673598359509,0.00180673598359509,positive,very weak,0.24960749348375816,0.2558737903913002,no,0.005482944435577385,0.005482944435577385,positive,very weak,0.00047598634709607684,0.0004983617736689694,yes
TAASSC,that_adjective_clause_likelihood,no,0.004472753085265382,0.004472753085265382,positive,very weak,0.004369440134993038,0.004602942156949054,yes,0.005325845027388015,0.005325845027388015,positive,very weak,0.0006892813230722288,0.000720803334798093,yes
POLKE,polke_745_per_100_words,no,0.005873879525877363,0.005873879525877363,positive,very weak,0.00018180645168925315,0.00019450908586841494,yes,0.005146782322575899,0.005146782322575899,positive,very weak,0.0010391728548539525,0.001086033787979603,yes
POLKE,polke_884_per_100_words,no,0.005409591977072678,0.005409591977072678,positive,very weak,0.000566481770774025,0.0006038012659275654,yes,0.005102932333196842,0.005102932333196842,positive,very weak,0.001146938346331744,0.001197928906186931,yes
POLKE,polke_1018_per_100_words,no,0.005266297008070397,0.005266297008070397,positive,very weak,0.0007911838927320104,0.0008417372059772939,yes,0.005081347042885469,0.005081347042885469,positive,very weak,0.0012036979988855304,0.0012564467852030949,yes
POLKE,polke_1143_per_100_words,no,0.006386534875314229,0.006386534875314229,positive,very weak,4.7067339682485815e-05,5.057674658863607e-05,yes,0.005058148607988638,0.005058148607988638,positive,very weak,0.0012675845388539712,0.001322328153366521,yes
POLKE,polke_919_per_100_words,no,0.00240294513105215,0.00240294513105215,positive,very weak,0.12571357693087118,0.12980059267696814,no,0.005007600130922284,0.005007600130922284,positive,very weak,0.0014177753592822435,0.0014781062256346794,yes
POLKE,polke_376_per_100_words,no,-0.006319548959530781,0.006319548959530781,negative,very weak,5.6482332499682585e-05,6.0617772363551716e-05,yes,-0.004873450765377265,0.004873450765377265,negative,very weak,0.0018994357609658176,0.0019778581238957967,yes
TAALES,COCA_spoken_tri_2_MI2,no,0.08816559519730573,0.08816559519730573,positive,very weak,0.0,0.0,yes,-0.0048720115673219246,0.0048720115673219246,negative,very weak,0.0019053344878710503,0.001982796508919206,yes
TAALES,BNC_Written_Range_FW,no,0.06521484473853478,0.06521484473853478,positive,very weak,0.0,0.0,yes,-0.004836620287461695,0.004836620287461695,negative,very weak,0.0020557897896402366,0.002138071248776838,yes
POLKE,polke_1076_per_100_words,no,0.0022802578831588463,0.0022802578831588463,positive,very weak,0.14621105161178458,0.15087361823959722,no,0.0048240242177698695,0.0048240242177698695,positive,very weak,0.0021119161625432746,0.002195112859855585,yes
POLKE,polke_814_per_100_words,no,0.005168391825754445,0.005168391825754445,positive,very weak,0.000989584836128847,0.0010515105290960177,yes,0.004771074220333779,0.004771074220333779,positive,very weak,0.002363557950755549,0.002455179821650979,yes
POLKE,polke_916_per_100_words,no,0.004744241554978298,0.004744241554978298,positive,very weak,0.002501298689057088,0.002643085182829887,yes,0.004574804096069527,0.004574804096069527,positive,very weak,0.0035544731824135242,0.0036877928057103414,yes
POLKE,polke_868_per_100_words,no,0.006557450129317674,0.006557450129317674,positive,very weak,2.932471020168383e-05,3.159037562555765e-05,yes,0.004516152263412645,0.004516152263412645,positive,very weak,0.004004127574177002,0.0041492923200686154,yes
TAALES,COCA_fiction_Frequency_CW,no,-0.0038627705878305093,0.0038627705878305093,negative,very weak,0.013836656584965608,0.014487097706481085,yes,-0.0044592206295106206,0.0044592206295106206,negative,very weak,0.004489379141072523,0.004649326827861943,yes
POLKE,polke_1191_per_100_words,no,0.00225804391802634,0.00225804391802634,positive,very weak,0.15018159859674066,0.15487759566651246,no,0.0044056226057121554,0.0044056226057121554,positive,very weak,0.004994280610606009,0.005169095502226496,yes
POLKE,polke_915_per_100_words,no,0.0009524052085980925,0.0009524052085980925,positive,very weak,0.5439179031877296,0.5480723877596688,no,0.0043904310245772874,0.0043904310245772874,positive,very weak,0.005146442632711437,0.005323370998250974,yes
POLKE,polke_1146_per_100_words,no,0.0026194506293238063,0.0026194506293238063,positive,very weak,0.09507972606328882,0.09840780337872077,no,0.004298219296393181,0.004298219296393181,positive,very weak,0.006163372435456637,0.006371418762391882,yes
POLKE,polke_1194_per_100_words,no,0.002421938384035113,0.002421938384035113,positive,very weak,0.12275097696622667,0.1268944698596014,no,0.004283450628111252,0.004283450628111252,positive,very weak,0.006342090591543299,0.0065522200990944315,yes
POLKE,polke_1192_per_100_words,no,-0.0017936390964655732,0.0017936390964655732,negative,very weak,0.2530562195110687,0.25925413169742106,no,0.004020791126053832,0.004020791126053832,positive,very weak,0.010401953725213435,0.010727210245785353,yes
POLKE,polke_876_per_100_words,no,0.004517983303552702,0.004517983303552702,positive,very weak,0.003989342912287613,0.004207701780180355,yes,0.004017873447721805,0.004017873447721805,positive,very weak,0.010457775123857796,0.010778295875851034,yes
POLKE,polke_797_per_100_words,no,0.003946035956992565,0.003946035956992565,positive,very weak,0.01191891232253403,0.012486826287810544,yes,0.003968874255996237,0.003968874255996237,positive,very weak,0.011435887696580748,0.011779307747529118,yes
POLKE,polke_883_per_100_words,no,0.003475392570034286,0.003475392570034286,positive,very weak,0.02678581843542218,0.02799371030880502,yes,0.0038868662316050777,0.0038868662316050777,positive,very weak,0.01325546988783336,0.013645336649240223,yes
POLKE,polke_790_per_100_words,no,0.0033849271270882746,0.0033849271270882746,positive,very weak,0.031007441789616227,0.03238596995687688,yes,0.0038548970292526905,0.0038548970292526905,positive,very weak,0.01403138485179571,0.014432952439350607,yes
POLKE,polke_1159_per_100_words,no,0.007667824019059002,0.007667824019059002,positive,very weak,1.0277740851046243e-06,1.1262827833574636e-06,yes,0.003854654800330804,0.003854654800330804,positive,very weak,0.014037413801071028,0.014432952439350607,yes
POLKE,polke_995_per_100_words,no,0.004101837987285219,0.004101837987285219,positive,very weak,0.008953645849459345,0.009403247171967407,yes,0.003785867059647108,0.003785867059647108,positive,very weak,0.01584482118019904,0.01628152685682526,yes
POLKE,polke_1015_per_100_words,no,0.003214455744330726,0.003214455744330726,positive,very weak,0.04052601679056923,0.0422248595357389,yes,0.0037556572255026226,0.0037556572255026226,positive,very weak,0.016701239347878732,0.017151272743480255,yes
POLKE,polke_787_per_100_words,no,0.004117929370856331,0.004117929370856331,positive,very weak,0.008688515148014612,0.009130394288508002,yes,0.0037534560257831717,0.0037534560257831717,positive,very weak,0.016765200801655143,0.017206654323661624,yes
TAASSC,color_attributive_adj,no,-0.01190519186038131,0.01190519186038131,negative,very weak,3.282185917025041e-14,3.688695181977683e-14,yes,0.003593639224830173,0.003593639224830173,positive,very weak,0.022022712805303022,0.02257558425648218,yes
POLKE,polke_89_per_100_words,no,-0.013344070760473293,0.013344070760473293,negative,very weak,1.8361831783724887e-17,2.0896178838147434e-17,yes,0.00312788777753637,0.00312788777753637,positive,very weak,0.04624142431501825,0.04737398010767999,yes
TAALES,COCA_magazine_Frequency_CW,no,-0.025406339415113242,0.025406339415113242,negative,very weak,5.640872888045749e-59,6.9899544819353035e-59,yes,0.0029866610792985753,0.0029866610792985753,positive,very weak,0.057015953557057034,0.058342697106415764,no
POLKE,polke_556_per_100_words,no,0.0026869626150507887,0.0026869626150507887,positive,very weak,0.08685782249653472,0.09006116419683015,no,0.0028720814603064534,0.0028720814603064534,positive,very weak,0.06722383818268444,0.06870612783513041,no
POLKE,polke_1115_per_100_words,no,0.002691939161921455,0.002691939161921455,positive,very weak,0.08627520510042869,0.08951117770552643,no,0.0028720814601592673,0.0028720814601592673,positive,very weak,0.06722383819670487,0.06870612783513041,no
POLKE,polke_1029_per_100_words,no,0.005445978982438914,0.005445978982438914,positive,very weak,0.0005197566428714296,0.0005543424393809091,yes,0.002734481760363713,0.002734481760363713,positive,very weak,0.08142246667525806,0.08316827298872399,no
POLKE,polke_1123_per_100_words,no,0.0013755541006642761,0.0013755541006642761,positive,very weak,0.3807356847130684,0.38705494918963385,no,0.00266368242256406,0.00266368242256406,positive,very weak,0.08962560795639282,0.091492808122151,no
POLKE,polke_1036_per_100_words,no,0.0032538182955022307,0.0032538182955022307,positive,very weak,0.038132269689333864,0.03977910128783916,yes,0.002506550684478927,0.002506550684478927,positive,very weak,0.11021075023685026,0.11223957047409017,no
POLKE,polke_1049_per_100_words,no,0.0032538182955022484,0.0032538182955022484,positive,very weak,0.038132269689332816,0.03977910128783916,yes,0.0025065506843878842,0.0025065506843878842,positive,very weak,0.11021075024977717,0.11223957047409017,no
POLKE,polke_1178_per_100_words,no,0.0019815049073645076,0.0019815049073645076,positive,very weak,0.20670735139374286,0.21265933271761786,no,0.002419874682701539,0.002419874682701539,positive,very weak,0.1230702111716335,0.12526137220139552,no
POLKE,polke_456_per_100_words,no,-8.97259914554349e-05,8.97259914554349e-05,negative,very weak,0.9544050938072286,0.9544050938072286,no,0.0023545467078359265,0.0023545467078359265,positive,very weak,0.13351473018692922,0.13581124689832955,no
POLKE,polke_965_per_100_words,no,0.001541149094388076,0.001541149094388076,positive,very weak,0.3260685663131803,0.3326636473688901,no,0.0020573496078827016,0.0020573496078827016,positive,very weak,0.18985716232009886,0.19232490564250496,no
POLKE,polke_1200_per_100_words,no,0.0012519109360001922,0.0012519109360001922,positive,very weak,0.4250140705941297,0.43130126098753396,no,0.002057346813138801,0.002057346813138801,positive,very weak,0.18985776399577897,0.19232490564250496,no
POLKE,polke_646_per_100_words,no,0.0016096977802997966,0.0016096977802997966,positive,very weak,0.30501192846047964,0.3113663436367464,no,0.0018559869585794944,0.0018559869585794944,positive,very weak,0.2369330388020618,0.2397287088858575,no
POLKE,polke_1082_per_100_words,no,0.0010454584673165366,0.0010454584673165366,positive,very weak,0.5052863271190147,0.510645875668303,no,0.001849749368902167,0.001849749368902167,positive,very weak,0.2385126068985113,0.24118462313145453,no
TAALES,WN_SD_FW,no,0.03466418278530591,0.03466418278530591,positive,very weak,3.316446110160957e-108,4.388661326331822e-108,yes,-0.0018225688349002378,0.0018225688349002378,negative,very weak,0.24548234601233992,0.24808616582861695,no
POLKE,polke_1137_per_100_words,no,0.0007795036227821023,0.0007795036227821023,positive,very weak,0.6193855895101772,0.6233839706631185,no,0.0017465434799601436,0.0017465434799601436,positive,very weak,0.2657312690554835,0.26839171167853604,no
POLKE,polke_964_per_100_words,no,0.001061657608565597,0.001061657608565597,positive,very weak,0.49871196621454733,0.5042989516851113,no,0.0014541430757322995,0.0014541430757322995,positive,very weak,0.3541234831640984,0.3574583717636426,no
LCA,ld,no,-0.04097954281306979,0.04097954281306979,negative,very weak,1.756299607110017e-150,2.4115723188099916e-150,yes,0.0012850294732606594,0.0012850294732606594,positive,very weak,0.4128681861469879,0.4165111407306378,no
TAALES,COCA_spoken_bi_MI2,no,0.06432318729564968,0.06432318729564968,positive,very weak,0.0,0.0,yes,0.0011033697600888628,0.0011033697600888628,positive,very weak,0.4819947176296282,0.4856762283988322,no
POLKE,polke_1164_per_100_words,no,-0.000275340657149496,0.000275340657149496,negative,very weak,0.8607223882634836,0.8622306634765622,no,0.0008136824457591935,0.0008136824457591935,positive,very weak,0.6041087503924205,0.607295725042791,no
POLKE,polke_946_per_100_words,no,-0.022416196488962693,0.022416196488962693,negative,very weak,2.6520067184016125e-46,3.205208965510053e-46,yes,0.00033558327361082885,0.00033558327361082885,positive,very weak,0.8306695472104083,0.833098405535585,no
POLKE,polke_172_per_100_words,no,-0.014588966935932927,0.014588966935932927,negative,very weak,1.4425810483265827e-20,1.6604204683758988e-20,yes,-1.081880309582839e-05,1.081880309582839e-05,negative,very weak,0.9944993956449311,0.9944993956449311,no
POLKE,polke_1020_per_100_words,no,,,not calculable,not calculable,,,no,,,not calculable,not calculable,,,no
POLKE,polke_1040_per_100_words,no,,,not calculable,not calculable,,,no,,,not calculable,not calculable,,,no
POLKE,polke_1045_per_100_words,no,,,not calculable,not calculable,,,no,,,not calculable,not calculable,,,no
POLKE,polke_104_per_100_words,no,,,not calculable,not calculable,,,no,,,not calculable,not calculable,,,no
POLKE,polke_105_per_100_words,no,,,not calculable,not calculable,,,no,,,not calculable,not calculable,,,no
POLKE,polke_111_per_100_words,no,,,not calculable,not calculable,,,no,,,not calculable,not calculable,,,no
POLKE,polke_1147_per_100_words,no,,,not calculable,not calculable,,,no,,,not calculable,not calculable,,,no
POLKE,polke_1152_per_100_words,no,,,not calculable,not calculable,,,no,,,not calculable,not calculable,,,no
POLKE,polke_1161_per_100_words,no,,,not calculable,not calculable,,,no,,,not calculable,not calculable,,,no
POLKE,polke_1162_per_100_words,no,,,not calculable,not calculable,,,no,,,not calculable,not calculable,,,no
POLKE,polke_1166_per_100_words,no,,,not calculable,not calculable,,,no,,,not calculable,not calculable,,,no
POLKE,polke_1167_per_100_words,no,,,not calculable,not calculable,,,no,,,not calculable,not calculable,,,no
POLKE,polke_1168_per_100_words,no,,,not calculable,not calculable,,,no,,,not calculable,not calculable,,,no
POLKE,polke_1172_per_100_words,no,,,not calculable,not calculable,,,no,,,not calculable,not calculable,,,no
POLKE,polke_1176_per_100_words,no,,,not calculable,not calculable,,,no,,,not calculable,not calculable,,,no
POLKE,polke_1182_per_100_words,no,,,not calculable,not calculable,,,no,,,not calculable,not calculable,,,no
POLKE,polke_1184_per_100_words,no,,,not calculable,not calculable,,,no,,,not calculable,not calculable,,,no
POLKE,polke_1185_per_100_words,no,,,not calculable,not calculable,,,no,,,not calculable,not calculable,,,no
POLKE,polke_130_per_100_words,no,,,not calculable,not calculable,,,no,,,not calculable,not calculable,,,no
POLKE,polke_153_per_100_words,no,,,not calculable,not calculable,,,no,,,not calculable,not calculable,,,no
POLKE,polke_173_per_100_words,no,,,not calculable,not calculable,,,no,,,not calculable,not calculable,,,no
POLKE,polke_175_per_100_words,no,,,not calculable,not calculable,,,no,,,not calculable,not calculable,,,no
POLKE,polke_176_per_100_words,no,,,not calculable,not calculable,,,no,,,not calculable,not calculable,,,no
POLKE,polke_177_per_100_words,no,,,not calculable,not calculable,,,no,,,not calculable,not calculable,,,no
POLKE,polke_178_per_100_words,no,,,not calculable,not calculable,,,no,,,not calculable,not calculable,,,no
POLKE,polke_179_per_100_words,no,,,not calculable,not calculable,,,no,,,not calculable,not calculable,,,no
POLKE,polke_180_per_100_words,no,,,not calculable,not calculable,,,no,,,not calculable,not calculable,,,no
POLKE,polke_181_per_100_words,no,,,not calculable,not calculable,,,no,,,not calculable,not calculable,,,no
POLKE,polke_182_per_100_words,no,,,not calculable,not calculable,,,no,,,not calculable,not calculable,,,no
POLKE,polke_272_per_100_words,no,,,not calculable,not calculable,,,no,,,not calculable,not calculable,,,no
POLKE,polke_284_per_100_words,no,,,not calculable,not calculable,,,no,,,not calculable,not calculable,,,no
POLKE,polke_285_per_100_words,no,,,not calculable,not calculable,,,no,,,not calculable,not calculable,,,no
POLKE,polke_338_per_100_words,no,,,not calculable,not calculable,,,no,,,not calculable,not calculable,,,no
POLKE,polke_377_per_100_words,no,,,not calculable,not calculable,,,no,,,not calculable,not calculable,,,no
POLKE,polke_385_per_100_words,no,,,not calculable,not calculable,,,no,,,not calculable,not calculable,,,no
POLKE,polke_386_per_100_words,no,,,not calculable,not calculable,,,no,,,not calculable,not calculable,,,no
POLKE,polke_488_per_100_words,no,,,not calculable,not calculable,,,no,,,not calculable,not calculable,,,no
POLKE,polke_596_per_100_words,no,,,not calculable,not calculable,,,no,,,not calculable,not calculable,,,no
POLKE,polke_719_per_100_words,no,,,not calculable,not calculable,,,no,,,not calculable,not calculable,,,no
POLKE,polke_724_per_100_words,no,,,not calculable,not calculable,,,no,,,not calculable,not calculable,,,no
POLKE,polke_768_per_100_words,no,,,not calculable,not calculable,,,no,,,not calculable,not calculable,,,no
POLKE,polke_798_per_100_words,no,,,not calculable,not calculable,,,no,,,not calculable,not calculable,,,no
POLKE,polke_801_per_100_words,no,,,not calculable,not calculable,,,no,,,not calculable,not calculable,,,no
POLKE,polke_900_per_100_words,no,,,not calculable,not calculable,,,no,,,not calculable,not calculable,,,no
POLKE,polke_923_per_100_words,no,,,not calculable,not calculable,,,no,,,not calculable,not calculable,,,no
POLKE,polke_932_per_100_words,no,,,not calculable,not calculable,,,no,,,not calculable,not calculable,,,no
POLKE,polke_954_per_100_words,no,,,not calculable,not calculable,,,no,,,not calculable,not calculable,,,no
POLKE,polke_966_per_100_words,no,,,not calculable,not calculable,,,no,,,not calculable,not calculable,,,no
POLKE,polke_97_per_100_words,no,,,not calculable,not calculable,,,no,,,not calculable,not calculable,,,no
POLKE,polke_990_per_100_words,no,,,not calculable,not calculable,,,no,,,not calculable,not calculable,,,no
TAASSC,ability_willingness_adj,no,,,not calculable,not calculable,,,no,,,not calculable,not calculable,,,no
TAASSC,attitudinal_adj,no,,,not calculable,not calculable,,,no,,,not calculable,not calculable,,,no
TAASSC,certainty_adj,no,,,not calculable,not calculable,,,no,,,not calculable,not calculable,,,no
TAASSC,ease_difficulty_adj,no,,,not calculable,not calculable,,,no,,,not calculable,not calculable,,,no
TAASSC,evaluative_adj,no,,,not calculable,not calculable,,,no,,,not calculable,not calculable,,,no
TAASSC,likelihood_adj,no,,,not calculable,not calculable,,,no,,,not calculable,not calculable,,,no
TAASSC,modal_necessity,no,,,not calculable,not calculable,,,no,,,not calculable,not calculable,,,no
TAASSC,modal_possibility,no,,,not calculable,not calculable,,,no,,,not calculable,not calculable,,,no
TAASSC,modal_predictive,no,,,not calculable,not calculable,,,no,,,not calculable,not calculable,,,no
TAASSC,personal_affect_adj,no,,,not calculable,not calculable,,,no,,,not calculable,not calculable,,,no
