model_validation_rank,experiment,task,algorithm,feature_set,split,rounds,class_weight,evaluated_target,actual,predicted,texts,percentage
1,classifier__complexity,cefr,classifier,complexity,validation,200,balanced,cefr,A1,A1,28349,98.34865568083261
1,classifier__complexity,cefr,classifier,complexity,validation,200,balanced,cefr,A1,A2,375,1.3009540329575022
1,classifier__complexity,cefr,classifier,complexity,validation,200,balanced,cefr,A1,B1,94,0.3261058109280139
1,classifier__complexity,cefr,classifier,complexity,validation,200,balanced,cefr,A1,B2,7,0.024284475281873375
1,classifier__complexity,cefr,classifier,complexity,validation,200,balanced,cefr,A1,C1,0,0.0
1,classifier__complexity,cefr,classifier,complexity,validation,200,balanced,cefr,A2,A1,262,1.3823669076135703
1,classifier__complexity,cefr,classifier,complexity,validation,200,balanced,cefr,A2,A2,18225,96.15891943227986
1,classifier__complexity,cefr,classifier,complexity,validation,200,balanced,cefr,A2,B1,426,2.247665277264813
1,classifier__complexity,cefr,classifier,complexity,validation,200,balanced,cefr,A2,B2,39,0.20577217327072234
1,classifier__complexity,cefr,classifier,complexity,validation,200,balanced,cefr,A2,C1,1,0.005276209571044162
1,classifier__complexity,cefr,classifier,complexity,validation,200,balanced,cefr,B1,A1,32,0.3499945313354479
1,classifier__complexity,cefr,classifier,complexity,validation,200,balanced,cefr,B1,A2,273,2.9858908454555397
1,classifier__complexity,cefr,classifier,complexity,validation,200,balanced,cefr,B1,B1,8625,94.33446352400743
1,classifier__complexity,cefr,classifier,complexity,validation,200,balanced,cefr,B1,B2,190,2.0780925298042217
1,classifier__complexity,cefr,classifier,complexity,validation,200,balanced,cefr,B1,C1,23,0.25155856939735316
1,classifier__complexity,cefr,classifier,complexity,validation,200,balanced,cefr,B2,A1,2,0.07855459544383347
1,classifier__complexity,cefr,classifier,complexity,validation,200,balanced,cefr,B2,A2,27,1.0604870384917517
1,classifier__complexity,cefr,classifier,complexity,validation,200,balanced,cefr,B2,B1,113,4.43833464257659
1,classifier__complexity,cefr,classifier,complexity,validation,200,balanced,cefr,B2,B2,2341,91.94815396700707
1,classifier__complexity,cefr,classifier,complexity,validation,200,balanced,cefr,B2,C1,63,2.474469756480754
1,classifier__complexity,cefr,classifier,complexity,validation,200,balanced,cefr,C1,A1,0,0.0
1,classifier__complexity,cefr,classifier,complexity,validation,200,balanced,cefr,C1,A2,1,0.1310615989515072
1,classifier__complexity,cefr,classifier,complexity,validation,200,balanced,cefr,C1,B1,15,1.9659239842726082
1,classifier__complexity,cefr,classifier,complexity,validation,200,balanced,cefr,C1,B2,57,7.470511140235911
1,classifier__complexity,cefr,classifier,complexity,validation,200,balanced,cefr,C1,C1,690,90.43250327653998
1,classifier__complexity,cefr,classifier,complexity,test,200,balanced,cefr,A1,A1,28386,98.36440501767274
1,classifier__complexity,cefr,classifier,complexity,test,200,balanced,cefr,A1,A2,385,1.3341187885508352
1,classifier__complexity,cefr,classifier,complexity,test,200,balanced,cefr,A1,B1,82,0.28414997574329476
1,classifier__complexity,cefr,classifier,complexity,test,200,balanced,cefr,A1,B2,5,0.01732621803312773
1,classifier__complexity,cefr,classifier,complexity,test,200,balanced,cefr,A1,C1,0,0.0
1,classifier__complexity,cefr,classifier,complexity,test,200,balanced,cefr,A2,A1,313,1.603812256609961
1,classifier__complexity,cefr,classifier,complexity,test,200,balanced,cefr,A2,A2,18705,95.84443533510965
1,classifier__complexity,cefr,classifier,complexity,test,200,balanced,cefr,A2,B1,460,2.3570403771264603
1,classifier__complexity,cefr,classifier,complexity,test,200,balanced,cefr,A2,B2,36,0.18446402951424473
1,classifier__complexity,cefr,classifier,complexity,test,200,balanced,cefr,A2,C1,2,0.010248001639680263
1,classifier__complexity,cefr,classifier,complexity,test,200,balanced,cefr,B1,A1,37,0.39737944366877886
1,classifier__complexity,cefr,classifier,complexity,test,200,balanced,cefr,B1,A2,264,2.8353560305015573
1,classifier__complexity,cefr,classifier,complexity,test,200,balanced,cefr,B1,B1,8784,94.34002792396092
1,classifier__complexity,cefr,classifier,complexity,test,200,balanced,cefr,B1,B2,200,2.14799699280421
1,classifier__complexity,cefr,classifier,complexity,test,200,balanced,cefr,B1,C1,26,0.2792396090645473
1,classifier__complexity,cefr,classifier,complexity,test,200,balanced,cefr,B2,A1,2,0.07097232079488999
1,classifier__complexity,cefr,classifier,complexity,test,200,balanced,cefr,B2,A2,30,1.0645848119233499
1,classifier__complexity,cefr,classifier,complexity,test,200,balanced,cefr,B2,B1,126,4.471256210078069
1,classifier__complexity,cefr,classifier,complexity,test,200,balanced,cefr,B2,B2,2593,92.01561391057488
1,classifier__complexity,cefr,classifier,complexity,test,200,balanced,cefr,B2,C1,67,2.3775727466288146
1,classifier__complexity,cefr,classifier,complexity,test,200,balanced,cefr,C1,A1,0,0.0
1,classifier__complexity,cefr,classifier,complexity,test,200,balanced,cefr,C1,A2,0,0.0
1,classifier__complexity,cefr,classifier,complexity,test,200,balanced,cefr,C1,B1,14,2.4263431542461005
1,classifier__complexity,cefr,classifier,complexity,test,200,balanced,cefr,C1,B2,31,5.37261698440208
1,classifier__complexity,cefr,classifier,complexity,test,200,balanced,cefr,C1,C1,532,92.20103986135182
2,classifier__combined_plus_error_composition,cefr,classifier,combined_plus_error_composition,validation,200,balanced,cefr,A1,A1,28362,98.39375542064181
2,classifier__combined_plus_error_composition,cefr,classifier,combined_plus_error_composition,validation,200,balanced,cefr,A1,A2,358,1.2419774501300953
2,classifier__combined_plus_error_composition,cefr,classifier,combined_plus_error_composition,validation,200,balanced,cefr,A1,B1,98,0.33998265394622723
2,classifier__combined_plus_error_composition,cefr,classifier,combined_plus_error_composition,validation,200,balanced,cefr,A1,B2,7,0.024284475281873375
2,classifier__combined_plus_error_composition,cefr,classifier,combined_plus_error_composition,validation,200,balanced,cefr,A1,C1,0,0.0
2,classifier__combined_plus_error_composition,cefr,classifier,combined_plus_error_composition,validation,200,balanced,cefr,A2,A1,258,1.3612620693293938
2,classifier__combined_plus_error_composition,cefr,classifier,combined_plus_error_composition,validation,200,balanced,cefr,A2,A2,18240,96.23806257584552
2,classifier__combined_plus_error_composition,cefr,classifier,combined_plus_error_composition,validation,200,balanced,cefr,A2,B1,410,2.1632459241281063
2,classifier__combined_plus_error_composition,cefr,classifier,combined_plus_error_composition,validation,200,balanced,cefr,A2,B2,45,0.2374294306969873
2,classifier__combined_plus_error_composition,cefr,classifier,combined_plus_error_composition,validation,200,balanced,cefr,A2,C1,0,0.0
2,classifier__combined_plus_error_composition,cefr,classifier,combined_plus_error_composition,validation,200,balanced,cefr,B1,A1,35,0.38280651864814613
2,classifier__combined_plus_error_composition,cefr,classifier,combined_plus_error_composition,validation,200,balanced,cefr,B1,A2,272,2.9749535163513072
2,classifier__combined_plus_error_composition,cefr,classifier,combined_plus_error_composition,validation,200,balanced,cefr,B1,B1,8627,94.35633818221591
2,classifier__combined_plus_error_composition,cefr,classifier,combined_plus_error_composition,validation,200,balanced,cefr,B1,B2,184,2.0124685551788253
2,classifier__combined_plus_error_composition,cefr,classifier,combined_plus_error_composition,validation,200,balanced,cefr,B1,C1,25,0.2734332276058187
2,classifier__combined_plus_error_composition,cefr,classifier,combined_plus_error_composition,validation,200,balanced,cefr,B2,A1,1,0.03927729772191674
2,classifier__combined_plus_error_composition,cefr,classifier,combined_plus_error_composition,validation,200,balanced,cefr,B2,A2,23,0.9033778476040848
2,classifier__combined_plus_error_composition,cefr,classifier,combined_plus_error_composition,validation,200,balanced,cefr,B2,B1,118,4.634721131186175
2,classifier__combined_plus_error_composition,cefr,classifier,combined_plus_error_composition,validation,200,balanced,cefr,B2,B2,2339,91.86959937156324
2,classifier__combined_plus_error_composition,cefr,classifier,combined_plus_error_composition,validation,200,balanced,cefr,B2,C1,65,2.553024351924588
2,classifier__combined_plus_error_composition,cefr,classifier,combined_plus_error_composition,validation,200,balanced,cefr,C1,A1,0,0.0
2,classifier__combined_plus_error_composition,cefr,classifier,combined_plus_error_composition,validation,200,balanced,cefr,C1,A2,1,0.1310615989515072
2,classifier__combined_plus_error_composition,cefr,classifier,combined_plus_error_composition,validation,200,balanced,cefr,C1,B1,13,1.7038007863695939
2,classifier__combined_plus_error_composition,cefr,classifier,combined_plus_error_composition,validation,200,balanced,cefr,C1,B2,60,7.863695937090433
2,classifier__combined_plus_error_composition,cefr,classifier,combined_plus_error_composition,validation,200,balanced,cefr,C1,C1,689,90.30144167758847
2,classifier__combined_plus_error_composition,cefr,classifier,combined_plus_error_composition,test,200,balanced,cefr,A1,A1,28379,98.34014831242636
2,classifier__combined_plus_error_composition,cefr,classifier,combined_plus_error_composition,test,200,balanced,cefr,A1,A2,398,1.3791669554369672
2,classifier__combined_plus_error_composition,cefr,classifier,combined_plus_error_composition,test,200,balanced,cefr,A1,B1,77,0.26682375771016703
2,classifier__combined_plus_error_composition,cefr,classifier,combined_plus_error_composition,test,200,balanced,cefr,A1,B2,4,0.013860974426502182
2,classifier__combined_plus_error_composition,cefr,classifier,combined_plus_error_composition,test,200,balanced,cefr,A1,C1,0,0.0
2,classifier__combined_plus_error_composition,cefr,classifier,combined_plus_error_composition,test,200,balanced,cefr,A2,A1,320,1.639680262348842
2,classifier__combined_plus_error_composition,cefr,classifier,combined_plus_error_composition,test,200,balanced,cefr,A2,A2,18697,95.80344332855093
2,classifier__combined_plus_error_composition,cefr,classifier,combined_plus_error_composition,test,200,balanced,cefr,A2,B1,458,2.34679237548678
2,classifier__combined_plus_error_composition,cefr,classifier,combined_plus_error_composition,test,200,balanced,cefr,A2,B2,40,0.20496003279360525
2,classifier__combined_plus_error_composition,cefr,classifier,combined_plus_error_composition,test,200,balanced,cefr,A2,C1,1,0.005124000819840132
2,classifier__combined_plus_error_composition,cefr,classifier,combined_plus_error_composition,test,200,balanced,cefr,B1,A1,35,0.3758994737407368
2,classifier__combined_plus_error_composition,cefr,classifier,combined_plus_error_composition,test,200,balanced,cefr,B1,A2,261,2.803136075609494
2,classifier__combined_plus_error_composition,cefr,classifier,combined_plus_error_composition,test,200,balanced,cefr,B1,B1,8795,94.45816775856514
2,classifier__combined_plus_error_composition,cefr,classifier,combined_plus_error_composition,test,200,balanced,cefr,B1,B2,195,2.094297067984105
2,classifier__combined_plus_error_composition,cefr,classifier,combined_plus_error_composition,test,200,balanced,cefr,B1,C1,25,0.26849962410052625
2,classifier__combined_plus_error_composition,cefr,classifier,combined_plus_error_composition,test,200,balanced,cefr,B2,A1,2,0.07097232079488999
2,classifier__combined_plus_error_composition,cefr,classifier,combined_plus_error_composition,test,200,balanced,cefr,B2,A2,30,1.0645848119233499
2,classifier__combined_plus_error_composition,cefr,classifier,combined_plus_error_composition,test,200,balanced,cefr,B2,B1,123,4.364797728885734
2,classifier__combined_plus_error_composition,cefr,classifier,combined_plus_error_composition,test,200,balanced,cefr,B2,B2,2599,92.22853087295955
2,classifier__combined_plus_error_composition,cefr,classifier,combined_plus_error_composition,test,200,balanced,cefr,B2,C1,64,2.2711142654364798
2,classifier__combined_plus_error_composition,cefr,classifier,combined_plus_error_composition,test,200,balanced,cefr,C1,A1,0,0.0
2,classifier__combined_plus_error_composition,cefr,classifier,combined_plus_error_composition,test,200,balanced,cefr,C1,A2,1,0.17331022530329288
2,classifier__combined_plus_error_composition,cefr,classifier,combined_plus_error_composition,test,200,balanced,cefr,C1,B1,16,2.772963604852686
2,classifier__combined_plus_error_composition,cefr,classifier,combined_plus_error_composition,test,200,balanced,cefr,C1,B2,30,5.1993067590987865
2,classifier__combined_plus_error_composition,cefr,classifier,combined_plus_error_composition,test,200,balanced,cefr,C1,C1,530,91.85441941074524
3,classifier__combined,cefr,classifier,combined,validation,200,balanced,cefr,A1,A1,28364,98.40069384215091
3,classifier__combined,cefr,classifier,combined,validation,200,balanced,cefr,A1,A2,361,1.2523850823937555
3,classifier__combined,cefr,classifier,combined,validation,200,balanced,cefr,A1,B1,93,0.3226366001734606
3,classifier__combined,cefr,classifier,combined,validation,200,balanced,cefr,A1,B2,7,0.024284475281873375
3,classifier__combined,cefr,classifier,combined,validation,200,balanced,cefr,A1,C1,0,0.0
3,classifier__combined,cefr,classifier,combined,validation,200,balanced,cefr,A2,A1,259,1.3665382789004379
3,classifier__combined,cefr,classifier,combined,validation,200,balanced,cefr,A2,A2,18237,96.22223394713238
3,classifier__combined,cefr,classifier,combined,validation,200,balanced,cefr,A2,B1,412,2.1737983432701946
3,classifier__combined,cefr,classifier,combined,validation,200,balanced,cefr,A2,B2,44,0.2321532211259431
3,classifier__combined,cefr,classifier,combined,validation,200,balanced,cefr,A2,C1,1,0.005276209571044162
3,classifier__combined,cefr,classifier,combined,validation,200,balanced,cefr,B1,A1,34,0.3718691895439134
3,classifier__combined,cefr,classifier,combined,validation,200,balanced,cefr,B1,A2,270,2.9530788581428413
3,classifier__combined,cefr,classifier,combined,validation,200,balanced,cefr,B1,B1,8622,94.30165153669475
3,classifier__combined,cefr,classifier,combined,validation,200,balanced,cefr,B1,B2,194,2.121841846221153
3,classifier__combined,cefr,classifier,combined,validation,200,balanced,cefr,B1,C1,23,0.25155856939735316
3,classifier__combined,cefr,classifier,combined,validation,200,balanced,cefr,B2,A1,1,0.03927729772191674
3,classifier__combined,cefr,classifier,combined,validation,200,balanced,cefr,B2,A2,24,0.9426551453260016
3,classifier__combined,cefr,classifier,combined,validation,200,balanced,cefr,B2,B1,115,4.516889238020425
3,classifier__combined,cefr,classifier,combined,validation,200,balanced,cefr,B2,B2,2342,91.987431264729
3,classifier__combined,cefr,classifier,combined,validation,200,balanced,cefr,B2,C1,64,2.513747054202671
3,classifier__combined,cefr,classifier,combined,validation,200,balanced,cefr,C1,A1,0,0.0
3,classifier__combined,cefr,classifier,combined,validation,200,balanced,cefr,C1,A2,1,0.1310615989515072
3,classifier__combined,cefr,classifier,combined,validation,200,balanced,cefr,C1,B1,15,1.9659239842726082
3,classifier__combined,cefr,classifier,combined,validation,200,balanced,cefr,C1,B2,60,7.863695937090433
3,classifier__combined,cefr,classifier,combined,validation,200,balanced,cefr,C1,C1,687,90.03931847968545
3,classifier__combined,cefr,classifier,combined,test,200,balanced,cefr,A1,A1,28377,98.33321782521311
3,classifier__combined,cefr,classifier,combined,test,200,balanced,cefr,A1,A2,397,1.3757017118303416
3,classifier__combined,cefr,classifier,combined,test,200,balanced,cefr,A1,B1,76,0.26335851410354144
3,classifier__combined,cefr,classifier,combined,test,200,balanced,cefr,A1,B2,8,0.027721948853004365
3,classifier__combined,cefr,classifier,combined,test,200,balanced,cefr,A1,C1,0,0.0
3,classifier__combined,cefr,classifier,combined,test,200,balanced,cefr,A2,A1,320,1.639680262348842
3,classifier__combined,cefr,classifier,combined,test,200,balanced,cefr,A2,A2,18702,95.82906333265014
3,classifier__combined,cefr,classifier,combined,test,200,balanced,cefr,A2,B1,452,2.3160483705677395
3,classifier__combined,cefr,classifier,combined,test,200,balanced,cefr,A2,B2,41,0.21008403361344538
3,classifier__combined,cefr,classifier,combined,test,200,balanced,cefr,A2,C1,1,0.005124000819840132
3,classifier__combined,cefr,classifier,combined,test,200,balanced,cefr,B1,A1,34,0.3651594887767157
3,classifier__combined,cefr,classifier,combined,test,200,balanced,cefr,B1,A2,267,2.8675759853936205
3,classifier__combined,cefr,classifier,combined,test,200,balanced,cefr,B1,B1,8775,94.24336805928472
3,classifier__combined,cefr,classifier,combined,test,200,balanced,cefr,B1,B2,210,2.2553968424444206
3,classifier__combined,cefr,classifier,combined,test,200,balanced,cefr,B1,C1,25,0.26849962410052625
3,classifier__combined,cefr,classifier,combined,test,200,balanced,cefr,B2,A1,2,0.07097232079488999
3,classifier__combined,cefr,classifier,combined,test,200,balanced,cefr,B2,A2,30,1.0645848119233499
3,classifier__combined,cefr,classifier,combined,test,200,balanced,cefr,B2,B1,127,4.506742370475514
3,classifier__combined,cefr,classifier,combined,test,200,balanced,cefr,B2,B2,2598,92.1930447125621
3,classifier__combined,cefr,classifier,combined,test,200,balanced,cefr,B2,C1,61,2.1646557842441445
3,classifier__combined,cefr,classifier,combined,test,200,balanced,cefr,C1,A1,0,0.0
3,classifier__combined,cefr,classifier,combined,test,200,balanced,cefr,C1,A2,0,0.0
3,classifier__combined,cefr,classifier,combined,test,200,balanced,cefr,C1,B1,17,2.946273830155979
3,classifier__combined,cefr,classifier,combined,test,200,balanced,cefr,C1,B2,30,5.1993067590987865
3,classifier__combined,cefr,classifier,combined,test,200,balanced,cefr,C1,C1,530,91.85441941074524
4,classifier__combined_without_length_features,cefr,classifier,combined_without_length_features,validation,200,balanced,cefr,A1,A1,28364,98.40069384215091
4,classifier__combined_without_length_features,cefr,classifier,combined_without_length_features,validation,200,balanced,cefr,A1,A2,361,1.2523850823937555
4,classifier__combined_without_length_features,cefr,classifier,combined_without_length_features,validation,200,balanced,cefr,A1,B1,94,0.3261058109280139
4,classifier__combined_without_length_features,cefr,classifier,combined_without_length_features,validation,200,balanced,cefr,A1,B2,6,0.020815264527320035
4,classifier__combined_without_length_features,cefr,classifier,combined_without_length_features,validation,200,balanced,cefr,A1,C1,0,0.0
4,classifier__combined_without_length_features,cefr,classifier,combined_without_length_features,validation,200,balanced,cefr,A2,A1,259,1.3665382789004379
4,classifier__combined_without_length_features,cefr,classifier,combined_without_length_features,validation,200,balanced,cefr,A2,A2,18239,96.23278636627447
4,classifier__combined_without_length_features,cefr,classifier,combined_without_length_features,validation,200,balanced,cefr,A2,B1,413,2.1790745528412385
4,classifier__combined_without_length_features,cefr,classifier,combined_without_length_features,validation,200,balanced,cefr,A2,B2,42,0.22160080198385482
4,classifier__combined_without_length_features,cefr,classifier,combined_without_length_features,validation,200,balanced,cefr,A2,C1,0,0.0
4,classifier__combined_without_length_features,cefr,classifier,combined_without_length_features,validation,200,balanced,cefr,B1,A1,35,0.38280651864814613
4,classifier__combined_without_length_features,cefr,classifier,combined_without_length_features,validation,200,balanced,cefr,B1,A2,277,3.0296401618724706
4,classifier__combined_without_length_features,cefr,classifier,combined_without_length_features,validation,200,balanced,cefr,B1,B1,8622,94.30165153669475
4,classifier__combined_without_length_features,cefr,classifier,combined_without_length_features,validation,200,balanced,cefr,B1,B2,184,2.0124685551788253
4,classifier__combined_without_length_features,cefr,classifier,combined_without_length_features,validation,200,balanced,cefr,B1,C1,25,0.2734332276058187
4,classifier__combined_without_length_features,cefr,classifier,combined_without_length_features,validation,200,balanced,cefr,B2,A1,2,0.07855459544383347
4,classifier__combined_without_length_features,cefr,classifier,combined_without_length_features,validation,200,balanced,cefr,B2,A2,25,0.9819324430479183
4,classifier__combined_without_length_features,cefr,classifier,combined_without_length_features,validation,200,balanced,cefr,B2,B1,119,4.673998428908091
4,classifier__combined_without_length_features,cefr,classifier,combined_without_length_features,validation,200,balanced,cefr,B2,B2,2337,91.7910447761194
4,classifier__combined_without_length_features,cefr,classifier,combined_without_length_features,validation,200,balanced,cefr,B2,C1,63,2.474469756480754
4,classifier__combined_without_length_features,cefr,classifier,combined_without_length_features,validation,200,balanced,cefr,C1,A1,0,0.0
4,classifier__combined_without_length_features,cefr,classifier,combined_without_length_features,validation,200,balanced,cefr,C1,A2,1,0.1310615989515072
4,classifier__combined_without_length_features,cefr,classifier,combined_without_length_features,validation,200,balanced,cefr,C1,B1,16,2.0969855832241153
4,classifier__combined_without_length_features,cefr,classifier,combined_without_length_features,validation,200,balanced,cefr,C1,B2,60,7.863695937090433
4,classifier__combined_without_length_features,cefr,classifier,combined_without_length_features,validation,200,balanced,cefr,C1,C1,686,89.90825688073394
4,classifier__combined_without_length_features,cefr,classifier,combined_without_length_features,test,200,balanced,cefr,A1,A1,28386,98.36440501767274
4,classifier__combined_without_length_features,cefr,classifier,combined_without_length_features,test,200,balanced,cefr,A1,A2,390,1.3514450065839627
4,classifier__combined_without_length_features,cefr,classifier,combined_without_length_features,test,200,balanced,cefr,A1,B1,75,0.25989327049691596
4,classifier__combined_without_length_features,cefr,classifier,combined_without_length_features,test,200,balanced,cefr,A1,B2,7,0.02425670524637882
4,classifier__combined_without_length_features,cefr,classifier,combined_without_length_features,test,200,balanced,cefr,A1,C1,0,0.0
4,classifier__combined_without_length_features,cefr,classifier,combined_without_length_features,test,200,balanced,cefr,A2,A1,320,1.639680262348842
4,classifier__combined_without_length_features,cefr,classifier,combined_without_length_features,test,200,balanced,cefr,A2,A2,18699,95.81369133019061
4,classifier__combined_without_length_features,cefr,classifier,combined_without_length_features,test,200,balanced,cefr,A2,B1,453,2.3211723713875796
4,classifier__combined_without_length_features,cefr,classifier,combined_without_length_features,test,200,balanced,cefr,A2,B2,43,0.22033203525312564
4,classifier__combined_without_length_features,cefr,classifier,combined_without_length_features,test,200,balanced,cefr,A2,C1,1,0.005124000819840132
4,classifier__combined_without_length_features,cefr,classifier,combined_without_length_features,test,200,balanced,cefr,B1,A1,36,0.3866394587047578
4,classifier__combined_without_length_features,cefr,classifier,combined_without_length_features,test,200,balanced,cefr,B1,A2,262,2.813876060573515
4,classifier__combined_without_length_features,cefr,classifier,combined_without_length_features,test,200,balanced,cefr,B1,B1,8789,94.39372784878101
4,classifier__combined_without_length_features,cefr,classifier,combined_without_length_features,test,200,balanced,cefr,B1,B2,200,2.14799699280421
4,classifier__combined_without_length_features,cefr,classifier,combined_without_length_features,test,200,balanced,cefr,B1,C1,24,0.2577596391365052
4,classifier__combined_without_length_features,cefr,classifier,combined_without_length_features,test,200,balanced,cefr,B2,A1,2,0.07097232079488999
4,classifier__combined_without_length_features,cefr,classifier,combined_without_length_features,test,200,balanced,cefr,B2,A2,30,1.0645848119233499
4,classifier__combined_without_length_features,cefr,classifier,combined_without_length_features,test,200,balanced,cefr,B2,B1,117,4.151880766501065
4,classifier__combined_without_length_features,cefr,classifier,combined_without_length_features,test,200,balanced,cefr,B2,B2,2606,92.47693399574166
4,classifier__combined_without_length_features,cefr,classifier,combined_without_length_features,test,200,balanced,cefr,B2,C1,63,2.2356281050390345
4,classifier__combined_without_length_features,cefr,classifier,combined_without_length_features,test,200,balanced,cefr,C1,A1,0,0.0
4,classifier__combined_without_length_features,cefr,classifier,combined_without_length_features,test,200,balanced,cefr,C1,A2,0,0.0
4,classifier__combined_without_length_features,cefr,classifier,combined_without_length_features,test,200,balanced,cefr,C1,B1,15,2.5996533795493932
4,classifier__combined_without_length_features,cefr,classifier,combined_without_length_features,test,200,balanced,cefr,C1,B2,28,4.852686308492201
4,classifier__combined_without_length_features,cefr,classifier,combined_without_length_features,test,200,balanced,cefr,C1,C1,534,92.5476603119584
5,classifier__complexity_without_length_features,cefr,classifier,complexity_without_length_features,validation,200,balanced,cefr,A1,A1,28360,98.38681699913269
5,classifier__complexity_without_length_features,cefr,classifier,complexity_without_length_features,validation,200,balanced,cefr,A1,A2,364,1.2627927146574154
5,classifier__complexity_without_length_features,cefr,classifier,complexity_without_length_features,validation,200,balanced,cefr,A1,B1,94,0.3261058109280139
5,classifier__complexity_without_length_features,cefr,classifier,complexity_without_length_features,validation,200,balanced,cefr,A1,B2,7,0.024284475281873375
5,classifier__complexity_without_length_features,cefr,classifier,complexity_without_length_features,validation,200,balanced,cefr,A1,C1,0,0.0
5,classifier__complexity_without_length_features,cefr,classifier,complexity_without_length_features,validation,200,balanced,cefr,A2,A1,262,1.3823669076135703
5,classifier__complexity_without_length_features,cefr,classifier,complexity_without_length_features,validation,200,balanced,cefr,A2,A2,18229,96.18002427056402
5,classifier__complexity_without_length_features,cefr,classifier,complexity_without_length_features,validation,200,balanced,cefr,A2,B1,419,2.2107318102675038
5,classifier__complexity_without_length_features,cefr,classifier,complexity_without_length_features,validation,200,balanced,cefr,A2,B2,42,0.22160080198385482
5,classifier__complexity_without_length_features,cefr,classifier,complexity_without_length_features,validation,200,balanced,cefr,A2,C1,1,0.005276209571044162
5,classifier__complexity_without_length_features,cefr,classifier,complexity_without_length_features,validation,200,balanced,cefr,B1,A1,33,0.3609318604396806
5,classifier__complexity_without_length_features,cefr,classifier,complexity_without_length_features,validation,200,balanced,cefr,B1,A2,271,2.9640161872470743
5,classifier__complexity_without_length_features,cefr,classifier,complexity_without_length_features,validation,200,balanced,cefr,B1,B1,8615,94.22509023296512
5,classifier__complexity_without_length_features,cefr,classifier,complexity_without_length_features,validation,200,balanced,cefr,B1,B2,198,2.165591162638084
5,classifier__complexity_without_length_features,cefr,classifier,complexity_without_length_features,validation,200,balanced,cefr,B1,C1,26,0.2843705567100514
5,classifier__complexity_without_length_features,cefr,classifier,complexity_without_length_features,validation,200,balanced,cefr,B2,A1,1,0.03927729772191674
5,classifier__complexity_without_length_features,cefr,classifier,complexity_without_length_features,validation,200,balanced,cefr,B2,A2,25,0.9819324430479183
5,classifier__complexity_without_length_features,cefr,classifier,complexity_without_length_features,validation,200,balanced,cefr,B2,B1,113,4.43833464257659
5,classifier__complexity_without_length_features,cefr,classifier,complexity_without_length_features,validation,200,balanced,cefr,B2,B2,2344,92.06598586017282
5,classifier__complexity_without_length_features,cefr,classifier,complexity_without_length_features,validation,200,balanced,cefr,B2,C1,63,2.474469756480754
5,classifier__complexity_without_length_features,cefr,classifier,complexity_without_length_features,validation,200,balanced,cefr,C1,A1,0,0.0
5,classifier__complexity_without_length_features,cefr,classifier,complexity_without_length_features,validation,200,balanced,cefr,C1,A2,1,0.1310615989515072
5,classifier__complexity_without_length_features,cefr,classifier,complexity_without_length_features,validation,200,balanced,cefr,C1,B1,13,1.7038007863695939
5,classifier__complexity_without_length_features,cefr,classifier,complexity_without_length_features,validation,200,balanced,cefr,C1,B2,60,7.863695937090433
5,classifier__complexity_without_length_features,cefr,classifier,complexity_without_length_features,validation,200,balanced,cefr,C1,C1,689,90.30144167758847
5,classifier__complexity_without_length_features,cefr,classifier,complexity_without_length_features,test,200,balanced,cefr,A1,A1,28366,98.29510014554023
5,classifier__complexity_without_length_features,cefr,classifier,complexity_without_length_features,test,200,balanced,cefr,A1,A2,406,1.4068889042899717
5,classifier__complexity_without_length_features,cefr,classifier,complexity_without_length_features,test,200,balanced,cefr,A1,B1,79,0.2737542449234181
5,classifier__complexity_without_length_features,cefr,classifier,complexity_without_length_features,test,200,balanced,cefr,A1,B2,7,0.02425670524637882
5,classifier__complexity_without_length_features,cefr,classifier,complexity_without_length_features,test,200,balanced,cefr,A1,C1,0,0.0
5,classifier__complexity_without_length_features,cefr,classifier,complexity_without_length_features,test,200,balanced,cefr,A2,A1,307,1.5730682516909202
5,classifier__complexity_without_length_features,cefr,classifier,complexity_without_length_features,test,200,balanced,cefr,A2,A2,18701,95.82393933183029
5,classifier__complexity_without_length_features,cefr,classifier,complexity_without_length_features,test,200,balanced,cefr,A2,B1,463,2.372412379585981
5,classifier__complexity_without_length_features,cefr,classifier,complexity_without_length_features,test,200,balanced,cefr,A2,B2,44,0.22545603607296577
5,classifier__complexity_without_length_features,cefr,classifier,complexity_without_length_features,test,200,balanced,cefr,A2,C1,1,0.005124000819840132
5,classifier__complexity_without_length_features,cefr,classifier,complexity_without_length_features,test,200,balanced,cefr,B1,A1,36,0.3866394587047578
5,classifier__complexity_without_length_features,cefr,classifier,complexity_without_length_features,test,200,balanced,cefr,B1,A2,255,2.7386961658253677
5,classifier__complexity_without_length_features,cefr,classifier,complexity_without_length_features,test,200,balanced,cefr,B1,B1,8791,94.41520781870906
5,classifier__complexity_without_length_features,cefr,classifier,complexity_without_length_features,test,200,balanced,cefr,B1,B2,202,2.169476962732252
5,classifier__complexity_without_length_features,cefr,classifier,complexity_without_length_features,test,200,balanced,cefr,B1,C1,27,0.2899795940285684
5,classifier__complexity_without_length_features,cefr,classifier,complexity_without_length_features,test,200,balanced,cefr,B2,A1,2,0.07097232079488999
5,classifier__complexity_without_length_features,cefr,classifier,complexity_without_length_features,test,200,balanced,cefr,B2,A2,28,0.99361249112846
5,classifier__complexity_without_length_features,cefr,classifier,complexity_without_length_features,test,200,balanced,cefr,B2,B1,125,4.435770049680625
5,classifier__complexity_without_length_features,cefr,classifier,complexity_without_length_features,test,200,balanced,cefr,B2,B2,2600,92.26401703335699
5,classifier__complexity_without_length_features,cefr,classifier,complexity_without_length_features,test,200,balanced,cefr,B2,C1,63,2.2356281050390345
5,classifier__complexity_without_length_features,cefr,classifier,complexity_without_length_features,test,200,balanced,cefr,C1,A1,0,0.0
5,classifier__complexity_without_length_features,cefr,classifier,complexity_without_length_features,test,200,balanced,cefr,C1,A2,0,0.0
5,classifier__complexity_without_length_features,cefr,classifier,complexity_without_length_features,test,200,balanced,cefr,C1,B1,14,2.4263431542461005
5,classifier__complexity_without_length_features,cefr,classifier,complexity_without_length_features,test,200,balanced,cefr,C1,B2,34,5.892547660311958
5,classifier__complexity_without_length_features,cefr,classifier,complexity_without_length_features,test,200,balanced,cefr,C1,C1,529,91.68110918544194
6,classifier__combined_without_length_correlated_features,cefr,classifier,combined_without_length_correlated_features,validation,200,balanced,cefr,A1,A1,28325,98.26539462272333
6,classifier__combined_without_length_correlated_features,cefr,classifier,combined_without_length_correlated_features,validation,200,balanced,cefr,A1,A2,381,1.3217692974848223
6,classifier__combined_without_length_correlated_features,cefr,classifier,combined_without_length_correlated_features,validation,200,balanced,cefr,A1,B1,109,0.37814397224631396
6,classifier__combined_without_length_correlated_features,cefr,classifier,combined_without_length_correlated_features,validation,200,balanced,cefr,A1,B2,9,0.031222896790980056
6,classifier__combined_without_length_correlated_features,cefr,classifier,combined_without_length_correlated_features,validation,200,balanced,cefr,A1,C1,1,0.003469210754553339
6,classifier__combined_without_length_correlated_features,cefr,classifier,combined_without_length_correlated_features,validation,200,balanced,cefr,A2,A1,261,1.3770906980425264
6,classifier__combined_without_length_correlated_features,cefr,classifier,combined_without_length_correlated_features,validation,200,balanced,cefr,A2,A2,18207,96.06394766000106
6,classifier__combined_without_length_correlated_features,cefr,classifier,combined_without_length_correlated_features,validation,200,balanced,cefr,A2,B1,433,2.284598744262122
6,classifier__combined_without_length_correlated_features,cefr,classifier,combined_without_length_correlated_features,validation,200,balanced,cefr,A2,B2,51,0.26908668812325226
6,classifier__combined_without_length_correlated_features,cefr,classifier,combined_without_length_correlated_features,validation,200,balanced,cefr,A2,C1,1,0.005276209571044162
6,classifier__combined_without_length_correlated_features,cefr,classifier,combined_without_length_correlated_features,validation,200,balanced,cefr,B1,A1,34,0.3718691895439134
6,classifier__combined_without_length_correlated_features,cefr,classifier,combined_without_length_correlated_features,validation,200,balanced,cefr,B1,A2,269,2.942141529038609
6,classifier__combined_without_length_correlated_features,cefr,classifier,combined_without_length_correlated_features,validation,200,balanced,cefr,B1,B1,8628,94.36727551132013
6,classifier__combined_without_length_correlated_features,cefr,classifier,combined_without_length_correlated_features,validation,200,balanced,cefr,B1,B2,190,2.0780925298042217
6,classifier__combined_without_length_correlated_features,cefr,classifier,combined_without_length_correlated_features,validation,200,balanced,cefr,B1,C1,22,0.2406212402931204
6,classifier__combined_without_length_correlated_features,cefr,classifier,combined_without_length_correlated_features,validation,200,balanced,cefr,B2,A1,2,0.07855459544383347
6,classifier__combined_without_length_correlated_features,cefr,classifier,combined_without_length_correlated_features,validation,200,balanced,cefr,B2,A2,26,1.021209740769835
6,classifier__combined_without_length_correlated_features,cefr,classifier,combined_without_length_correlated_features,validation,200,balanced,cefr,B2,B1,133,5.223880597014925
6,classifier__combined_without_length_correlated_features,cefr,classifier,combined_without_length_correlated_features,validation,200,balanced,cefr,B2,B2,2325,91.3197172034564
6,classifier__combined_without_length_correlated_features,cefr,classifier,combined_without_length_correlated_features,validation,200,balanced,cefr,B2,C1,60,2.356637863315004
6,classifier__combined_without_length_correlated_features,cefr,classifier,combined_without_length_correlated_features,validation,200,balanced,cefr,C1,A1,0,0.0
6,classifier__combined_without_length_correlated_features,cefr,classifier,combined_without_length_correlated_features,validation,200,balanced,cefr,C1,A2,2,0.2621231979030144
6,classifier__combined_without_length_correlated_features,cefr,classifier,combined_without_length_correlated_features,validation,200,balanced,cefr,C1,B1,15,1.9659239842726082
6,classifier__combined_without_length_correlated_features,cefr,classifier,combined_without_length_correlated_features,validation,200,balanced,cefr,C1,B2,61,7.99475753604194
6,classifier__combined_without_length_correlated_features,cefr,classifier,combined_without_length_correlated_features,validation,200,balanced,cefr,C1,C1,685,89.77719528178244
6,classifier__combined_without_length_correlated_features,cefr,classifier,combined_without_length_correlated_features,test,200,balanced,cefr,A1,A1,28349,98.2361910042276
6,classifier__combined_without_length_correlated_features,cefr,classifier,combined_without_length_correlated_features,test,200,balanced,cefr,A1,A2,415,1.4380760967496016
6,classifier__combined_without_length_correlated_features,cefr,classifier,combined_without_length_correlated_features,test,200,balanced,cefr,A1,B1,87,0.3014761937764225
6,classifier__combined_without_length_correlated_features,cefr,classifier,combined_without_length_correlated_features,test,200,balanced,cefr,A1,B2,7,0.02425670524637882
6,classifier__combined_without_length_correlated_features,cefr,classifier,combined_without_length_correlated_features,test,200,balanced,cefr,A1,C1,0,0.0
6,classifier__combined_without_length_correlated_features,cefr,classifier,combined_without_length_correlated_features,test,200,balanced,cefr,A2,A1,318,1.6294322607091616
6,classifier__combined_without_length_correlated_features,cefr,classifier,combined_without_length_correlated_features,test,200,balanced,cefr,A2,A2,18668,95.65484730477557
6,classifier__combined_without_length_correlated_features,cefr,classifier,combined_without_length_correlated_features,test,200,balanced,cefr,A2,B1,483,2.4748923959827835
6,classifier__combined_without_length_correlated_features,cefr,classifier,combined_without_length_correlated_features,test,200,balanced,cefr,A2,B2,46,0.23570403771264603
6,classifier__combined_without_length_correlated_features,cefr,classifier,combined_without_length_correlated_features,test,200,balanced,cefr,A2,C1,1,0.005124000819840132
6,classifier__combined_without_length_correlated_features,cefr,classifier,combined_without_length_correlated_features,test,200,balanced,cefr,B1,A1,39,0.41885941359682094
6,classifier__combined_without_length_correlated_features,cefr,classifier,combined_without_length_correlated_features,test,200,balanced,cefr,B1,A2,251,2.6957362259692834
6,classifier__combined_without_length_correlated_features,cefr,classifier,combined_without_length_correlated_features,test,200,balanced,cefr,B1,B1,8783,94.32928793899688
6,classifier__combined_without_length_correlated_features,cefr,classifier,combined_without_length_correlated_features,test,200,balanced,cefr,B1,B2,206,2.2124369025883364
6,classifier__combined_without_length_correlated_features,cefr,classifier,combined_without_length_correlated_features,test,200,balanced,cefr,B1,C1,32,0.3436795188486736
6,classifier__combined_without_length_correlated_features,cefr,classifier,combined_without_length_correlated_features,test,200,balanced,cefr,B2,A1,3,0.10645848119233499
6,classifier__combined_without_length_correlated_features,cefr,classifier,combined_without_length_correlated_features,test,200,balanced,cefr,B2,A2,34,1.20652945351313
6,classifier__combined_without_length_correlated_features,cefr,classifier,combined_without_length_correlated_features,test,200,balanced,cefr,B2,B1,121,4.293825408090845
6,classifier__combined_without_length_correlated_features,cefr,classifier,combined_without_length_correlated_features,test,200,balanced,cefr,B2,B2,2593,92.01561391057488
6,classifier__combined_without_length_correlated_features,cefr,classifier,combined_without_length_correlated_features,test,200,balanced,cefr,B2,C1,67,2.3775727466288146
6,classifier__combined_without_length_correlated_features,cefr,classifier,combined_without_length_correlated_features,test,200,balanced,cefr,C1,A1,0,0.0
6,classifier__combined_without_length_correlated_features,cefr,classifier,combined_without_length_correlated_features,test,200,balanced,cefr,C1,A2,2,0.34662045060658575
6,classifier__combined_without_length_correlated_features,cefr,classifier,combined_without_length_correlated_features,test,200,balanced,cefr,C1,B1,16,2.772963604852686
6,classifier__combined_without_length_correlated_features,cefr,classifier,combined_without_length_correlated_features,test,200,balanced,cefr,C1,B2,33,5.719237435008666
6,classifier__combined_without_length_correlated_features,cefr,classifier,combined_without_length_correlated_features,test,200,balanced,cefr,C1,C1,526,91.16117850953206
7,classifier__combined_without_length_and_duplicate_features,cefr,classifier,combined_without_length_and_duplicate_features,validation,200,balanced,cefr,A1,A1,28328,98.27580225498698
7,classifier__combined_without_length_and_duplicate_features,cefr,classifier,combined_without_length_and_duplicate_features,validation,200,balanced,cefr,A1,A2,384,1.3321769297484822
7,classifier__combined_without_length_and_duplicate_features,cefr,classifier,combined_without_length_and_duplicate_features,validation,200,balanced,cefr,A1,B1,106,0.3677363399826539
7,classifier__combined_without_length_and_duplicate_features,cefr,classifier,combined_without_length_and_duplicate_features,validation,200,balanced,cefr,A1,B2,7,0.024284475281873375
7,classifier__combined_without_length_and_duplicate_features,cefr,classifier,combined_without_length_and_duplicate_features,validation,200,balanced,cefr,A1,C1,0,0.0
7,classifier__combined_without_length_and_duplicate_features,cefr,classifier,combined_without_length_and_duplicate_features,validation,200,balanced,cefr,A2,A1,265,1.398195536326703
7,classifier__combined_without_length_and_duplicate_features,cefr,classifier,combined_without_length_and_duplicate_features,validation,200,balanced,cefr,A2,A2,18174,95.8898327441566
7,classifier__combined_without_length_and_duplicate_features,cefr,classifier,combined_without_length_and_duplicate_features,validation,200,balanced,cefr,A2,B1,467,2.4639898696776235
7,classifier__combined_without_length_and_duplicate_features,cefr,classifier,combined_without_length_and_duplicate_features,validation,200,balanced,cefr,A2,B2,46,0.24270564026803143
7,classifier__combined_without_length_and_duplicate_features,cefr,classifier,combined_without_length_and_duplicate_features,validation,200,balanced,cefr,A2,C1,1,0.005276209571044162
7,classifier__combined_without_length_and_duplicate_features,cefr,classifier,combined_without_length_and_duplicate_features,validation,200,balanced,cefr,B1,A1,29,0.31718254402274965
7,classifier__combined_without_length_and_duplicate_features,cefr,classifier,combined_without_length_and_duplicate_features,validation,200,balanced,cefr,B1,A2,261,2.854642896204747
7,classifier__combined_without_length_and_duplicate_features,cefr,classifier,combined_without_length_and_duplicate_features,validation,200,balanced,cefr,B1,B1,8622,94.30165153669475
7,classifier__combined_without_length_and_duplicate_features,cefr,classifier,combined_without_length_and_duplicate_features,validation,200,balanced,cefr,B1,B2,207,2.2640271245761787
7,classifier__combined_without_length_and_duplicate_features,cefr,classifier,combined_without_length_and_duplicate_features,validation,200,balanced,cefr,B1,C1,24,0.2624958985015859
7,classifier__combined_without_length_and_duplicate_features,cefr,classifier,combined_without_length_and_duplicate_features,validation,200,balanced,cefr,B2,A1,3,0.1178318931657502
7,classifier__combined_without_length_and_duplicate_features,cefr,classifier,combined_without_length_and_duplicate_features,validation,200,balanced,cefr,B2,A2,21,0.8248232521602514
7,classifier__combined_without_length_and_duplicate_features,cefr,classifier,combined_without_length_and_duplicate_features,validation,200,balanced,cefr,B2,B1,117,4.595443833464258
7,classifier__combined_without_length_and_duplicate_features,cefr,classifier,combined_without_length_and_duplicate_features,validation,200,balanced,cefr,B2,B2,2335,91.71249018067556
7,classifier__combined_without_length_and_duplicate_features,cefr,classifier,combined_without_length_and_duplicate_features,validation,200,balanced,cefr,B2,C1,70,2.7494108405341713
7,classifier__combined_without_length_and_duplicate_features,cefr,classifier,combined_without_length_and_duplicate_features,validation,200,balanced,cefr,C1,A1,0,0.0
7,classifier__combined_without_length_and_duplicate_features,cefr,classifier,combined_without_length_and_duplicate_features,validation,200,balanced,cefr,C1,A2,1,0.1310615989515072
7,classifier__combined_without_length_and_duplicate_features,cefr,classifier,combined_without_length_and_duplicate_features,validation,200,balanced,cefr,C1,B1,13,1.7038007863695939
7,classifier__combined_without_length_and_duplicate_features,cefr,classifier,combined_without_length_and_duplicate_features,validation,200,balanced,cefr,C1,B2,56,7.339449541284404
7,classifier__combined_without_length_and_duplicate_features,cefr,classifier,combined_without_length_and_duplicate_features,validation,200,balanced,cefr,C1,C1,693,90.82568807339449
7,classifier__combined_without_length_and_duplicate_features,cefr,classifier,combined_without_length_and_duplicate_features,test,200,balanced,cefr,A1,A1,28354,98.25351722226073
7,classifier__combined_without_length_and_duplicate_features,cefr,classifier,combined_without_length_and_duplicate_features,test,200,balanced,cefr,A1,A2,411,1.4242151223230992
7,classifier__combined_without_length_and_duplicate_features,cefr,classifier,combined_without_length_and_duplicate_features,test,200,balanced,cefr,A1,B1,84,0.2910804629565458
7,classifier__combined_without_length_and_duplicate_features,cefr,classifier,combined_without_length_and_duplicate_features,test,200,balanced,cefr,A1,B2,9,0.031187192459629913
7,classifier__combined_without_length_and_duplicate_features,cefr,classifier,combined_without_length_and_duplicate_features,test,200,balanced,cefr,A1,C1,0,0.0
7,classifier__combined_without_length_and_duplicate_features,cefr,classifier,combined_without_length_and_duplicate_features,test,200,balanced,cefr,A2,A1,319,1.6345562615290017
7,classifier__combined_without_length_and_duplicate_features,cefr,classifier,combined_without_length_and_duplicate_features,test,200,balanced,cefr,A2,A2,18644,95.5318712850994
7,classifier__combined_without_length_and_duplicate_features,cefr,classifier,combined_without_length_and_duplicate_features,test,200,balanced,cefr,A2,B1,503,2.577372412379586
7,classifier__combined_without_length_and_duplicate_features,cefr,classifier,combined_without_length_and_duplicate_features,test,200,balanced,cefr,A2,B2,48,0.2459520393523263
7,classifier__combined_without_length_and_duplicate_features,cefr,classifier,combined_without_length_and_duplicate_features,test,200,balanced,cefr,A2,C1,2,0.010248001639680263
7,classifier__combined_without_length_and_duplicate_features,cefr,classifier,combined_without_length_and_duplicate_features,test,200,balanced,cefr,B1,A1,35,0.3758994737407368
7,classifier__combined_without_length_and_duplicate_features,cefr,classifier,combined_without_length_and_duplicate_features,test,200,balanced,cefr,B1,A2,248,2.6635162710772207
7,classifier__combined_without_length_and_duplicate_features,cefr,classifier,combined_without_length_and_duplicate_features,test,200,balanced,cefr,B1,B1,8775,94.24336805928472
7,classifier__combined_without_length_and_duplicate_features,cefr,classifier,combined_without_length_and_duplicate_features,test,200,balanced,cefr,B1,B2,226,2.4272366018687572
7,classifier__combined_without_length_and_duplicate_features,cefr,classifier,combined_without_length_and_duplicate_features,test,200,balanced,cefr,B1,C1,27,0.2899795940285684
7,classifier__combined_without_length_and_duplicate_features,cefr,classifier,combined_without_length_and_duplicate_features,test,200,balanced,cefr,B2,A1,4,0.14194464158977999
7,classifier__combined_without_length_and_duplicate_features,cefr,classifier,combined_without_length_and_duplicate_features,test,200,balanced,cefr,B2,A2,29,1.0290986515259049
7,classifier__combined_without_length_and_duplicate_features,cefr,classifier,combined_without_length_and_duplicate_features,test,200,balanced,cefr,B2,B1,119,4.222853087295954
7,classifier__combined_without_length_and_duplicate_features,cefr,classifier,combined_without_length_and_duplicate_features,test,200,balanced,cefr,B2,B2,2591,91.94464158977999
7,classifier__combined_without_length_and_duplicate_features,cefr,classifier,combined_without_length_and_duplicate_features,test,200,balanced,cefr,B2,C1,75,2.6614620298083747
7,classifier__combined_without_length_and_duplicate_features,cefr,classifier,combined_without_length_and_duplicate_features,test,200,balanced,cefr,C1,A1,0,0.0
7,classifier__combined_without_length_and_duplicate_features,cefr,classifier,combined_without_length_and_duplicate_features,test,200,balanced,cefr,C1,A2,0,0.0
7,classifier__combined_without_length_and_duplicate_features,cefr,classifier,combined_without_length_and_duplicate_features,test,200,balanced,cefr,C1,B1,12,2.079722703639515
7,classifier__combined_without_length_and_duplicate_features,cefr,classifier,combined_without_length_and_duplicate_features,test,200,balanced,cefr,C1,B2,32,5.545927209705372
7,classifier__combined_without_length_and_duplicate_features,cefr,classifier,combined_without_length_and_duplicate_features,test,200,balanced,cefr,C1,C1,533,92.37435008665511
8,classifier__complexity_without_length_correlated_features,cefr,classifier,complexity_without_length_correlated_features,validation,200,balanced,cefr,A1,A1,28326,98.26886383347788
8,classifier__complexity_without_length_correlated_features,cefr,classifier,complexity_without_length_correlated_features,validation,200,balanced,cefr,A1,A2,383,1.328707718993929
8,classifier__complexity_without_length_correlated_features,cefr,classifier,complexity_without_length_correlated_features,validation,200,balanced,cefr,A1,B1,107,0.3712055507372073
8,classifier__complexity_without_length_correlated_features,cefr,classifier,complexity_without_length_correlated_features,validation,200,balanced,cefr,A1,B2,8,0.027753686036426712
8,classifier__complexity_without_length_correlated_features,cefr,classifier,complexity_without_length_correlated_features,validation,200,balanced,cefr,A1,C1,1,0.003469210754553339
8,classifier__complexity_without_length_correlated_features,cefr,classifier,complexity_without_length_correlated_features,validation,200,balanced,cefr,A2,A1,269,1.4193003746108794
8,classifier__complexity_without_length_correlated_features,cefr,classifier,complexity_without_length_correlated_features,validation,200,balanced,cefr,A2,A2,18202,96.03756661214582
8,classifier__complexity_without_length_correlated_features,cefr,classifier,complexity_without_length_correlated_features,validation,200,balanced,cefr,A2,B1,430,2.2687701155489894
8,classifier__complexity_without_length_correlated_features,cefr,classifier,complexity_without_length_correlated_features,validation,200,balanced,cefr,A2,B2,51,0.26908668812325226
8,classifier__complexity_without_length_correlated_features,cefr,classifier,complexity_without_length_correlated_features,validation,200,balanced,cefr,A2,C1,1,0.005276209571044162
8,classifier__complexity_without_length_correlated_features,cefr,classifier,complexity_without_length_correlated_features,validation,200,balanced,cefr,B1,A1,37,0.4046811768566116
8,classifier__complexity_without_length_correlated_features,cefr,classifier,complexity_without_length_correlated_features,validation,200,balanced,cefr,B1,A2,269,2.942141529038609
8,classifier__complexity_without_length_correlated_features,cefr,classifier,complexity_without_length_correlated_features,validation,200,balanced,cefr,B1,B1,8617,94.24696489117358
8,classifier__complexity_without_length_correlated_features,cefr,classifier,complexity_without_length_correlated_features,validation,200,balanced,cefr,B1,B2,198,2.165591162638084
8,classifier__complexity_without_length_correlated_features,cefr,classifier,complexity_without_length_correlated_features,validation,200,balanced,cefr,B1,C1,22,0.2406212402931204
8,classifier__complexity_without_length_correlated_features,cefr,classifier,complexity_without_length_correlated_features,validation,200,balanced,cefr,B2,A1,3,0.1178318931657502
8,classifier__complexity_without_length_correlated_features,cefr,classifier,complexity_without_length_correlated_features,validation,200,balanced,cefr,B2,A2,26,1.021209740769835
8,classifier__complexity_without_length_correlated_features,cefr,classifier,complexity_without_length_correlated_features,validation,200,balanced,cefr,B2,B1,125,4.9096622152395915
8,classifier__complexity_without_length_correlated_features,cefr,classifier,complexity_without_length_correlated_features,validation,200,balanced,cefr,B2,B2,2334,91.67321288295365
8,classifier__complexity_without_length_correlated_features,cefr,classifier,complexity_without_length_correlated_features,validation,200,balanced,cefr,B2,C1,58,2.2780832678711707
8,classifier__complexity_without_length_correlated_features,cefr,classifier,complexity_without_length_correlated_features,validation,200,balanced,cefr,C1,A1,0,0.0
8,classifier__complexity_without_length_correlated_features,cefr,classifier,complexity_without_length_correlated_features,validation,200,balanced,cefr,C1,A2,2,0.2621231979030144
8,classifier__complexity_without_length_correlated_features,cefr,classifier,complexity_without_length_correlated_features,validation,200,balanced,cefr,C1,B1,14,1.834862385321101
8,classifier__complexity_without_length_correlated_features,cefr,classifier,complexity_without_length_correlated_features,validation,200,balanced,cefr,C1,B2,65,8.51900393184797
8,classifier__complexity_without_length_correlated_features,cefr,classifier,complexity_without_length_correlated_features,validation,200,balanced,cefr,C1,C1,682,89.38401048492791
8,classifier__complexity_without_length_correlated_features,cefr,classifier,complexity_without_length_correlated_features,test,200,balanced,cefr,A1,A1,28361,98.27777392750711
8,classifier__complexity_without_length_correlated_features,cefr,classifier,complexity_without_length_correlated_features,test,200,balanced,cefr,A1,A2,405,1.4034236606833461
8,classifier__complexity_without_length_correlated_features,cefr,classifier,complexity_without_length_correlated_features,test,200,balanced,cefr,A1,B1,85,0.29454570656317136
8,classifier__complexity_without_length_correlated_features,cefr,classifier,complexity_without_length_correlated_features,test,200,balanced,cefr,A1,B2,7,0.02425670524637882
8,classifier__complexity_without_length_correlated_features,cefr,classifier,complexity_without_length_correlated_features,test,200,balanced,cefr,A1,C1,0,0.0
8,classifier__complexity_without_length_correlated_features,cefr,classifier,complexity_without_length_correlated_features,test,200,balanced,cefr,A2,A1,320,1.639680262348842
8,classifier__complexity_without_length_correlated_features,cefr,classifier,complexity_without_length_correlated_features,test,200,balanced,cefr,A2,A2,18678,95.70608731297398
8,classifier__complexity_without_length_correlated_features,cefr,classifier,complexity_without_length_correlated_features,test,200,balanced,cefr,A2,B1,473,2.423652387784382
8,classifier__complexity_without_length_correlated_features,cefr,classifier,complexity_without_length_correlated_features,test,200,balanced,cefr,A2,B2,44,0.22545603607296577
8,classifier__complexity_without_length_correlated_features,cefr,classifier,complexity_without_length_correlated_features,test,200,balanced,cefr,A2,C1,1,0.005124000819840132
8,classifier__complexity_without_length_correlated_features,cefr,classifier,complexity_without_length_correlated_features,test,200,balanced,cefr,B1,A1,36,0.3866394587047578
8,classifier__complexity_without_length_correlated_features,cefr,classifier,complexity_without_length_correlated_features,test,200,balanced,cefr,B1,A2,262,2.813876060573515
8,classifier__complexity_without_length_correlated_features,cefr,classifier,complexity_without_length_correlated_features,test,200,balanced,cefr,B1,B1,8765,94.1359682096445
8,classifier__complexity_without_length_correlated_features,cefr,classifier,complexity_without_length_correlated_features,test,200,balanced,cefr,B1,B2,212,2.2768768123724628
8,classifier__complexity_without_length_correlated_features,cefr,classifier,complexity_without_length_correlated_features,test,200,balanced,cefr,B1,C1,36,0.3866394587047578
8,classifier__complexity_without_length_correlated_features,cefr,classifier,complexity_without_length_correlated_features,test,200,balanced,cefr,B2,A1,2,0.07097232079488999
8,classifier__complexity_without_length_correlated_features,cefr,classifier,complexity_without_length_correlated_features,test,200,balanced,cefr,B2,A2,32,1.1355571327182399
8,classifier__complexity_without_length_correlated_features,cefr,classifier,complexity_without_length_correlated_features,test,200,balanced,cefr,B2,B1,126,4.471256210078069
8,classifier__complexity_without_length_correlated_features,cefr,classifier,complexity_without_length_correlated_features,test,200,balanced,cefr,B2,B2,2594,92.05110007097232
8,classifier__complexity_without_length_correlated_features,cefr,classifier,complexity_without_length_correlated_features,test,200,balanced,cefr,B2,C1,64,2.2711142654364798
8,classifier__complexity_without_length_correlated_features,cefr,classifier,complexity_without_length_correlated_features,test,200,balanced,cefr,C1,A1,0,0.0
8,classifier__complexity_without_length_correlated_features,cefr,classifier,complexity_without_length_correlated_features,test,200,balanced,cefr,C1,A2,2,0.34662045060658575
8,classifier__complexity_without_length_correlated_features,cefr,classifier,complexity_without_length_correlated_features,test,200,balanced,cefr,C1,B1,15,2.5996533795493932
8,classifier__complexity_without_length_correlated_features,cefr,classifier,complexity_without_length_correlated_features,test,200,balanced,cefr,C1,B2,31,5.37261698440208
8,classifier__complexity_without_length_correlated_features,cefr,classifier,complexity_without_length_correlated_features,test,200,balanced,cefr,C1,C1,529,91.68110918544194
9,classifier__combined_without_duplicate_features,cefr,classifier,combined_without_duplicate_features,validation,200,balanced,cefr,A1,A1,28343,98.32784041630529
9,classifier__combined_without_duplicate_features,cefr,classifier,combined_without_duplicate_features,validation,200,balanced,cefr,A1,A2,376,1.3044232437120555
9,classifier__combined_without_duplicate_features,cefr,classifier,combined_without_duplicate_features,validation,200,balanced,cefr,A1,B1,98,0.33998265394622723
9,classifier__combined_without_duplicate_features,cefr,classifier,combined_without_duplicate_features,validation,200,balanced,cefr,A1,B2,8,0.027753686036426712
9,classifier__combined_without_duplicate_features,cefr,classifier,combined_without_duplicate_features,validation,200,balanced,cefr,A1,C1,0,0.0
9,classifier__combined_without_duplicate_features,cefr,classifier,combined_without_duplicate_features,validation,200,balanced,cefr,A2,A1,260,1.371814488471482
9,classifier__combined_without_duplicate_features,cefr,classifier,combined_without_duplicate_features,validation,200,balanced,cefr,A2,A2,18182,95.93204242072495
9,classifier__combined_without_duplicate_features,cefr,classifier,combined_without_duplicate_features,validation,200,balanced,cefr,A2,B1,464,2.4481612409644913
9,classifier__combined_without_duplicate_features,cefr,classifier,combined_without_duplicate_features,validation,200,balanced,cefr,A2,B2,46,0.24270564026803143
9,classifier__combined_without_duplicate_features,cefr,classifier,combined_without_duplicate_features,validation,200,balanced,cefr,A2,C1,1,0.005276209571044162
9,classifier__combined_without_duplicate_features,cefr,classifier,combined_without_duplicate_features,validation,200,balanced,cefr,B1,A1,30,0.3281198731269824
9,classifier__combined_without_duplicate_features,cefr,classifier,combined_without_duplicate_features,validation,200,balanced,cefr,B1,A2,261,2.854642896204747
9,classifier__combined_without_duplicate_features,cefr,classifier,combined_without_duplicate_features,validation,200,balanced,cefr,B1,B1,8620,94.27977687848627
9,classifier__combined_without_duplicate_features,cefr,classifier,combined_without_duplicate_features,validation,200,balanced,cefr,B1,B2,211,2.307776440993109
9,classifier__combined_without_duplicate_features,cefr,classifier,combined_without_duplicate_features,validation,200,balanced,cefr,B1,C1,21,0.22968391118888767
9,classifier__combined_without_duplicate_features,cefr,classifier,combined_without_duplicate_features,validation,200,balanced,cefr,B2,A1,2,0.07855459544383347
9,classifier__combined_without_duplicate_features,cefr,classifier,combined_without_duplicate_features,validation,200,balanced,cefr,B2,A2,22,0.864100549882168
9,classifier__combined_without_duplicate_features,cefr,classifier,combined_without_duplicate_features,validation,200,balanced,cefr,B2,B1,119,4.673998428908091
9,classifier__combined_without_duplicate_features,cefr,classifier,combined_without_duplicate_features,validation,200,balanced,cefr,B2,B2,2328,91.43754909662215
9,classifier__combined_without_duplicate_features,cefr,classifier,combined_without_duplicate_features,validation,200,balanced,cefr,B2,C1,75,2.945797329143755
9,classifier__combined_without_duplicate_features,cefr,classifier,combined_without_duplicate_features,validation,200,balanced,cefr,C1,A1,0,0.0
9,classifier__combined_without_duplicate_features,cefr,classifier,combined_without_duplicate_features,validation,200,balanced,cefr,C1,A2,1,0.1310615989515072
9,classifier__combined_without_duplicate_features,cefr,classifier,combined_without_duplicate_features,validation,200,balanced,cefr,C1,B1,13,1.7038007863695939
9,classifier__combined_without_duplicate_features,cefr,classifier,combined_without_duplicate_features,validation,200,balanced,cefr,C1,B2,60,7.863695937090433
9,classifier__combined_without_duplicate_features,cefr,classifier,combined_without_duplicate_features,validation,200,balanced,cefr,C1,C1,689,90.30144167758847
9,classifier__combined_without_duplicate_features,cefr,classifier,combined_without_duplicate_features,test,200,balanced,cefr,A1,A1,28360,98.27430868390049
9,classifier__combined_without_duplicate_features,cefr,classifier,combined_without_duplicate_features,test,200,balanced,cefr,A1,A2,407,1.410354147896597
9,classifier__combined_without_duplicate_features,cefr,classifier,combined_without_duplicate_features,test,200,balanced,cefr,A1,B1,82,0.28414997574329476
9,classifier__combined_without_duplicate_features,cefr,classifier,combined_without_duplicate_features,test,200,balanced,cefr,A1,B2,9,0.031187192459629913
9,classifier__combined_without_duplicate_features,cefr,classifier,combined_without_duplicate_features,test,200,balanced,cefr,A1,C1,0,0.0
9,classifier__combined_without_duplicate_features,cefr,classifier,combined_without_duplicate_features,test,200,balanced,cefr,A2,A1,327,1.6755482680877227
9,classifier__combined_without_duplicate_features,cefr,classifier,combined_without_duplicate_features,test,200,balanced,cefr,A2,A2,18649,95.55749128919861
9,classifier__combined_without_duplicate_features,cefr,classifier,combined_without_duplicate_features,test,200,balanced,cefr,A2,B1,488,2.500512400081984
9,classifier__combined_without_duplicate_features,cefr,classifier,combined_without_duplicate_features,test,200,balanced,cefr,A2,B2,50,0.25620004099200655
9,classifier__combined_without_duplicate_features,cefr,classifier,combined_without_duplicate_features,test,200,balanced,cefr,A2,C1,2,0.010248001639680263
9,classifier__combined_without_duplicate_features,cefr,classifier,combined_without_duplicate_features,test,200,balanced,cefr,B1,A1,40,0.429599398560842
9,classifier__combined_without_duplicate_features,cefr,classifier,combined_without_duplicate_features,test,200,balanced,cefr,B1,A2,255,2.7386961658253677
9,classifier__combined_without_duplicate_features,cefr,classifier,combined_without_duplicate_features,test,200,balanced,cefr,B1,B1,8764,94.12522822468048
9,classifier__combined_without_duplicate_features,cefr,classifier,combined_without_duplicate_features,test,200,balanced,cefr,B1,B2,223,2.3950166469766945
9,classifier__combined_without_duplicate_features,cefr,classifier,combined_without_duplicate_features,test,200,balanced,cefr,B1,C1,29,0.31145956395661045
9,classifier__combined_without_duplicate_features,cefr,classifier,combined_without_duplicate_features,test,200,balanced,cefr,B2,A1,4,0.14194464158977999
9,classifier__combined_without_duplicate_features,cefr,classifier,combined_without_duplicate_features,test,200,balanced,cefr,B2,A2,29,1.0290986515259049
9,classifier__combined_without_duplicate_features,cefr,classifier,combined_without_duplicate_features,test,200,balanced,cefr,B2,B1,117,4.151880766501065
9,classifier__combined_without_duplicate_features,cefr,classifier,combined_without_duplicate_features,test,200,balanced,cefr,B2,B2,2600,92.26401703335699
9,classifier__combined_without_duplicate_features,cefr,classifier,combined_without_duplicate_features,test,200,balanced,cefr,B2,C1,68,2.41305890702626
9,classifier__combined_without_duplicate_features,cefr,classifier,combined_without_duplicate_features,test,200,balanced,cefr,C1,A1,0,0.0
9,classifier__combined_without_duplicate_features,cefr,classifier,combined_without_duplicate_features,test,200,balanced,cefr,C1,A2,0,0.0
9,classifier__combined_without_duplicate_features,cefr,classifier,combined_without_duplicate_features,test,200,balanced,cefr,C1,B1,10,1.733102253032929
9,classifier__combined_without_duplicate_features,cefr,classifier,combined_without_duplicate_features,test,200,balanced,cefr,C1,B2,32,5.545927209705372
9,classifier__combined_without_duplicate_features,cefr,classifier,combined_without_duplicate_features,test,200,balanced,cefr,C1,C1,535,92.72097053726169
10,classifier__combined_without_length_correlated_and_duplicate_features,cefr,classifier,combined_without_length_correlated_and_duplicate_features,validation,200,balanced,cefr,A1,A1,28310,98.21335646140503
10,classifier__combined_without_length_correlated_and_duplicate_features,cefr,classifier,combined_without_length_correlated_and_duplicate_features,validation,200,balanced,cefr,A1,A2,392,1.359930615784909
10,classifier__combined_without_length_correlated_and_duplicate_features,cefr,classifier,combined_without_length_correlated_and_duplicate_features,validation,200,balanced,cefr,A1,B1,115,0.398959236773634
10,classifier__combined_without_length_correlated_and_duplicate_features,cefr,classifier,combined_without_length_correlated_and_duplicate_features,validation,200,balanced,cefr,A1,B2,7,0.024284475281873375
10,classifier__combined_without_length_correlated_and_duplicate_features,cefr,classifier,combined_without_length_correlated_and_duplicate_features,validation,200,balanced,cefr,A1,C1,1,0.003469210754553339
10,classifier__combined_without_length_correlated_and_duplicate_features,cefr,classifier,combined_without_length_correlated_and_duplicate_features,validation,200,balanced,cefr,A2,A1,269,1.4193003746108794
10,classifier__combined_without_length_correlated_and_duplicate_features,cefr,classifier,combined_without_length_correlated_and_duplicate_features,validation,200,balanced,cefr,A2,A2,18162,95.82651822930407
10,classifier__combined_without_length_correlated_and_duplicate_features,cefr,classifier,combined_without_length_correlated_and_duplicate_features,validation,200,balanced,cefr,A2,B1,465,2.453437450535535
10,classifier__combined_without_length_correlated_and_duplicate_features,cefr,classifier,combined_without_length_correlated_and_duplicate_features,validation,200,balanced,cefr,A2,B2,55,0.2901915264074289
10,classifier__combined_without_length_correlated_and_duplicate_features,cefr,classifier,combined_without_length_correlated_and_duplicate_features,validation,200,balanced,cefr,A2,C1,2,0.010552419142088324
10,classifier__combined_without_length_correlated_and_duplicate_features,cefr,classifier,combined_without_length_correlated_and_duplicate_features,validation,200,balanced,cefr,B1,A1,30,0.3281198731269824
10,classifier__combined_without_length_correlated_and_duplicate_features,cefr,classifier,combined_without_length_correlated_and_duplicate_features,validation,200,balanced,cefr,B1,A2,265,2.898392212621678
10,classifier__combined_without_length_correlated_and_duplicate_features,cefr,classifier,combined_without_length_correlated_and_duplicate_features,validation,200,balanced,cefr,B1,B1,8603,94.09384228371431
10,classifier__combined_without_length_correlated_and_duplicate_features,cefr,classifier,combined_without_length_correlated_and_duplicate_features,validation,200,balanced,cefr,B1,B2,219,2.3952750738269715
10,classifier__combined_without_length_correlated_and_duplicate_features,cefr,classifier,combined_without_length_correlated_and_duplicate_features,validation,200,balanced,cefr,B1,C1,26,0.2843705567100514
10,classifier__combined_without_length_correlated_and_duplicate_features,cefr,classifier,combined_without_length_correlated_and_duplicate_features,validation,200,balanced,cefr,B2,A1,3,0.1178318931657502
10,classifier__combined_without_length_correlated_and_duplicate_features,cefr,classifier,combined_without_length_correlated_and_duplicate_features,validation,200,balanced,cefr,B2,A2,24,0.9426551453260016
10,classifier__combined_without_length_correlated_and_duplicate_features,cefr,classifier,combined_without_length_correlated_and_duplicate_features,validation,200,balanced,cefr,B2,B1,123,4.831107619795758
10,classifier__combined_without_length_correlated_and_duplicate_features,cefr,classifier,combined_without_length_correlated_and_duplicate_features,validation,200,balanced,cefr,B2,B2,2331,91.5553809897879
10,classifier__combined_without_length_correlated_and_duplicate_features,cefr,classifier,combined_without_length_correlated_and_duplicate_features,validation,200,balanced,cefr,B2,C1,65,2.553024351924588
10,classifier__combined_without_length_correlated_and_duplicate_features,cefr,classifier,combined_without_length_correlated_and_duplicate_features,validation,200,balanced,cefr,C1,A1,0,0.0
10,classifier__combined_without_length_correlated_and_duplicate_features,cefr,classifier,combined_without_length_correlated_and_duplicate_features,validation,200,balanced,cefr,C1,A2,1,0.1310615989515072
10,classifier__combined_without_length_correlated_and_duplicate_features,cefr,classifier,combined_without_length_correlated_and_duplicate_features,validation,200,balanced,cefr,C1,B1,15,1.9659239842726082
10,classifier__combined_without_length_correlated_and_duplicate_features,cefr,classifier,combined_without_length_correlated_and_duplicate_features,validation,200,balanced,cefr,C1,B2,64,8.387942332896461
10,classifier__combined_without_length_correlated_and_duplicate_features,cefr,classifier,combined_without_length_correlated_and_duplicate_features,validation,200,balanced,cefr,C1,C1,683,89.51507208387942
10,classifier__combined_without_length_correlated_and_duplicate_features,cefr,classifier,combined_without_length_correlated_and_duplicate_features,test,200,balanced,cefr,A1,A1,28340,98.20500381176797
10,classifier__combined_without_length_correlated_and_duplicate_features,cefr,classifier,combined_without_length_correlated_and_duplicate_features,test,200,balanced,cefr,A1,A2,414,1.434610853142976
10,classifier__combined_without_length_correlated_and_duplicate_features,cefr,classifier,combined_without_length_correlated_and_duplicate_features,test,200,balanced,cefr,A1,B1,92,0.3188024118095502
10,classifier__combined_without_length_correlated_and_duplicate_features,cefr,classifier,combined_without_length_correlated_and_duplicate_features,test,200,balanced,cefr,A1,B2,12,0.04158292327950655
10,classifier__combined_without_length_correlated_and_duplicate_features,cefr,classifier,combined_without_length_correlated_and_duplicate_features,test,200,balanced,cefr,A1,C1,0,0.0
10,classifier__combined_without_length_correlated_and_duplicate_features,cefr,classifier,combined_without_length_correlated_and_duplicate_features,test,200,balanced,cefr,A2,A1,323,1.6550522648083623
10,classifier__combined_without_length_correlated_and_duplicate_features,cefr,classifier,combined_without_length_correlated_and_duplicate_features,test,200,balanced,cefr,A2,A2,18621,95.41401926624307
10,classifier__combined_without_length_correlated_and_duplicate_features,cefr,classifier,combined_without_length_correlated_and_duplicate_features,test,200,balanced,cefr,A2,B1,504,2.582496413199426
10,classifier__combined_without_length_correlated_and_duplicate_features,cefr,classifier,combined_without_length_correlated_and_duplicate_features,test,200,balanced,cefr,A2,B2,64,0.3279360524697684
10,classifier__combined_without_length_correlated_and_duplicate_features,cefr,classifier,combined_without_length_correlated_and_duplicate_features,test,200,balanced,cefr,A2,C1,4,0.020496003279360527
10,classifier__combined_without_length_correlated_and_duplicate_features,cefr,classifier,combined_without_length_correlated_and_duplicate_features,test,200,balanced,cefr,B1,A1,41,0.44033938352486307
10,classifier__combined_without_length_correlated_and_duplicate_features,cefr,classifier,combined_without_length_correlated_and_duplicate_features,test,200,balanced,cefr,B1,A2,242,2.5990763612930943
10,classifier__combined_without_length_correlated_and_duplicate_features,cefr,classifier,combined_without_length_correlated_and_duplicate_features,test,200,balanced,cefr,B1,B1,8761,94.09300826978843
10,classifier__combined_without_length_correlated_and_duplicate_features,cefr,classifier,combined_without_length_correlated_and_duplicate_features,test,200,balanced,cefr,B1,B2,231,2.4809365266888626
10,classifier__combined_without_length_correlated_and_duplicate_features,cefr,classifier,combined_without_length_correlated_and_duplicate_features,test,200,balanced,cefr,B1,C1,36,0.3866394587047578
10,classifier__combined_without_length_correlated_and_duplicate_features,cefr,classifier,combined_without_length_correlated_and_duplicate_features,test,200,balanced,cefr,B2,A1,5,0.17743080198722497
10,classifier__combined_without_length_correlated_and_duplicate_features,cefr,classifier,combined_without_length_correlated_and_duplicate_features,test,200,balanced,cefr,B2,A2,26,0.9226401703335699
10,classifier__combined_without_length_correlated_and_duplicate_features,cefr,classifier,combined_without_length_correlated_and_duplicate_features,test,200,balanced,cefr,B2,B1,122,4.329311568488289
10,classifier__combined_without_length_correlated_and_duplicate_features,cefr,classifier,combined_without_length_correlated_and_duplicate_features,test,200,balanced,cefr,B2,B2,2593,92.01561391057488
10,classifier__combined_without_length_correlated_and_duplicate_features,cefr,classifier,combined_without_length_correlated_and_duplicate_features,test,200,balanced,cefr,B2,C1,72,2.55500354861604
10,classifier__combined_without_length_correlated_and_duplicate_features,cefr,classifier,combined_without_length_correlated_and_duplicate_features,test,200,balanced,cefr,C1,A1,0,0.0
10,classifier__combined_without_length_correlated_and_duplicate_features,cefr,classifier,combined_without_length_correlated_and_duplicate_features,test,200,balanced,cefr,C1,A2,1,0.17331022530329288
10,classifier__combined_without_length_correlated_and_duplicate_features,cefr,classifier,combined_without_length_correlated_and_duplicate_features,test,200,balanced,cefr,C1,B1,15,2.5996533795493932
10,classifier__combined_without_length_correlated_and_duplicate_features,cefr,classifier,combined_without_length_correlated_and_duplicate_features,test,200,balanced,cefr,C1,B2,31,5.37261698440208
10,classifier__combined_without_length_correlated_and_duplicate_features,cefr,classifier,combined_without_length_correlated_and_duplicate_features,test,200,balanced,cefr,C1,C1,530,91.85441941074524
11,classifier__training_mutual_information_features,cefr,classifier,training_mutual_information_features,validation,200,balanced,cefr,A1,A1,27543,95.55247181266262
11,classifier__training_mutual_information_features,cefr,classifier,training_mutual_information_features,validation,200,balanced,cefr,A1,A2,1122,3.8924544666088465
11,classifier__training_mutual_information_features,cefr,classifier,training_mutual_information_features,validation,200,balanced,cefr,A1,B1,140,0.4856895056374675
11,classifier__training_mutual_information_features,cefr,classifier,training_mutual_information_features,validation,200,balanced,cefr,A1,B2,20,0.06938421509106678
11,classifier__training_mutual_information_features,cefr,classifier,training_mutual_information_features,validation,200,balanced,cefr,A1,C1,0,0.0
11,classifier__training_mutual_information_features,cefr,classifier,training_mutual_information_features,validation,200,balanced,cefr,A2,A1,736,3.883290244288503
11,classifier__training_mutual_information_features,cefr,classifier,training_mutual_information_features,validation,200,balanced,cefr,A2,A2,16863,88.9727219965177
11,classifier__training_mutual_information_features,cefr,classifier,training_mutual_information_features,validation,200,balanced,cefr,A2,B1,1181,6.231203503403155
11,classifier__training_mutual_information_features,cefr,classifier,training_mutual_information_features,validation,200,balanced,cefr,A2,B2,163,0.8600221600801985
11,classifier__training_mutual_information_features,cefr,classifier,training_mutual_information_features,validation,200,balanced,cefr,A2,C1,10,0.05276209571044162
11,classifier__training_mutual_information_features,cefr,classifier,training_mutual_information_features,validation,200,balanced,cefr,B1,A1,42,0.45936782237777535
11,classifier__training_mutual_information_features,cefr,classifier,training_mutual_information_features,validation,200,balanced,cefr,B1,A2,553,6.048342994640709
11,classifier__training_mutual_information_features,cefr,classifier,training_mutual_information_features,validation,200,balanced,cefr,B1,B1,7833,85.6720988734551
11,classifier__training_mutual_information_features,cefr,classifier,training_mutual_information_features,validation,200,balanced,cefr,B1,B2,606,6.628021437165044
11,classifier__training_mutual_information_features,cefr,classifier,training_mutual_information_features,validation,200,balanced,cefr,B1,C1,109,1.1921688723613693
11,classifier__training_mutual_information_features,cefr,classifier,training_mutual_information_features,validation,200,balanced,cefr,B2,A1,1,0.03927729772191674
11,classifier__training_mutual_information_features,cefr,classifier,training_mutual_information_features,validation,200,balanced,cefr,B2,A2,19,0.7462686567164178
11,classifier__training_mutual_information_features,cefr,classifier,training_mutual_information_features,validation,200,balanced,cefr,B2,B1,180,7.0699135899450125
11,classifier__training_mutual_information_features,cefr,classifier,training_mutual_information_features,validation,200,balanced,cefr,B2,B2,2164,84.99607227022781
11,classifier__training_mutual_information_features,cefr,classifier,training_mutual_information_features,validation,200,balanced,cefr,B2,C1,182,7.148468185388845
11,classifier__training_mutual_information_features,cefr,classifier,training_mutual_information_features,validation,200,balanced,cefr,C1,A1,0,0.0
11,classifier__training_mutual_information_features,cefr,classifier,training_mutual_information_features,validation,200,balanced,cefr,C1,A2,1,0.1310615989515072
11,classifier__training_mutual_information_features,cefr,classifier,training_mutual_information_features,validation,200,balanced,cefr,C1,B1,14,1.834862385321101
11,classifier__training_mutual_information_features,cefr,classifier,training_mutual_information_features,validation,200,balanced,cefr,C1,B2,58,7.601572739187418
11,classifier__training_mutual_information_features,cefr,classifier,training_mutual_information_features,validation,200,balanced,cefr,C1,C1,690,90.43250327653998
11,classifier__training_mutual_information_features,cefr,classifier,training_mutual_information_features,test,200,balanced,cefr,A1,A1,27537,95.42241319564766
11,classifier__training_mutual_information_features,cefr,classifier,training_mutual_information_features,test,200,balanced,cefr,A1,A2,1143,3.9607734423729988
11,classifier__training_mutual_information_features,cefr,classifier,training_mutual_information_features,test,200,balanced,cefr,A1,B1,152,0.5267170282070829
11,classifier__training_mutual_information_features,cefr,classifier,training_mutual_information_features,test,200,balanced,cefr,A1,B2,26,0.0900963337722642
11,classifier__training_mutual_information_features,cefr,classifier,training_mutual_information_features,test,200,balanced,cefr,A1,C1,0,0.0
11,classifier__training_mutual_information_features,cefr,classifier,training_mutual_information_features,test,200,balanced,cefr,A2,A1,828,4.2426726788276286
11,classifier__training_mutual_information_features,cefr,classifier,training_mutual_information_features,test,200,balanced,cefr,A2,A2,17328,88.7886862061898
11,classifier__training_mutual_information_features,cefr,classifier,training_mutual_information_features,test,200,balanced,cefr,A2,B1,1194,6.118056978889117
11,classifier__training_mutual_information_features,cefr,classifier,training_mutual_information_features,test,200,balanced,cefr,A2,B2,151,0.7737241237958598
11,classifier__training_mutual_information_features,cefr,classifier,training_mutual_information_features,test,200,balanced,cefr,A2,C1,15,0.07686001229760198
11,classifier__training_mutual_information_features,cefr,classifier,training_mutual_information_features,test,200,balanced,cefr,B1,A1,48,0.5155192782730104
11,classifier__training_mutual_information_features,cefr,classifier,training_mutual_information_features,test,200,balanced,cefr,B1,A2,533,5.724411985823219
11,classifier__training_mutual_information_features,cefr,classifier,training_mutual_information_features,test,200,balanced,cefr,B1,B1,8013,86.05949951670068
11,classifier__training_mutual_information_features,cefr,classifier,training_mutual_information_features,test,200,balanced,cefr,B1,B2,593,6.3688110836644825
11,classifier__training_mutual_information_features,cefr,classifier,training_mutual_information_features,test,200,balanced,cefr,B1,C1,124,1.3317581355386103
11,classifier__training_mutual_information_features,cefr,classifier,training_mutual_information_features,test,200,balanced,cefr,B2,A1,2,0.07097232079488999
11,classifier__training_mutual_information_features,cefr,classifier,training_mutual_information_features,test,200,balanced,cefr,B2,A2,37,1.312987934705465
11,classifier__training_mutual_information_features,cefr,classifier,training_mutual_information_features,test,200,balanced,cefr,B2,B1,198,7.026259758694109
11,classifier__training_mutual_information_features,cefr,classifier,training_mutual_information_features,test,200,balanced,cefr,B2,B2,2362,83.81831085876507
11,classifier__training_mutual_information_features,cefr,classifier,training_mutual_information_features,test,200,balanced,cefr,B2,C1,219,7.771469127040455
11,classifier__training_mutual_information_features,cefr,classifier,training_mutual_information_features,test,200,balanced,cefr,C1,A1,0,0.0
11,classifier__training_mutual_information_features,cefr,classifier,training_mutual_information_features,test,200,balanced,cefr,C1,A2,0,0.0
11,classifier__training_mutual_information_features,cefr,classifier,training_mutual_information_features,test,200,balanced,cefr,C1,B1,10,1.733102253032929
11,classifier__training_mutual_information_features,cefr,classifier,training_mutual_information_features,test,200,balanced,cefr,C1,B2,53,9.185441941074524
11,classifier__training_mutual_information_features,cefr,classifier,training_mutual_information_features,test,200,balanced,cefr,C1,C1,514,89.08145580589255
12,classifier__training_information_gain_features,cefr,classifier,training_information_gain_features,validation,200,balanced,cefr,A1,A1,27386,95.00780572419775
12,classifier__training_information_gain_features,cefr,classifier,training_information_gain_features,validation,200,balanced,cefr,A1,A2,1277,4.430182133564614
12,classifier__training_information_gain_features,cefr,classifier,training_information_gain_features,validation,200,balanced,cefr,A1,B1,144,0.4995663486556809
12,classifier__training_information_gain_features,cefr,classifier,training_information_gain_features,validation,200,balanced,cefr,A1,B2,18,0.06244579358196011
12,classifier__training_information_gain_features,cefr,classifier,training_information_gain_features,validation,200,balanced,cefr,A1,C1,0,0.0
12,classifier__training_information_gain_features,cefr,classifier,training_information_gain_features,validation,200,balanced,cefr,A2,A1,837,4.416187410963963
12,classifier__training_information_gain_features,cefr,classifier,training_information_gain_features,validation,200,balanced,cefr,A2,A2,16751,88.38178652456075
12,classifier__training_information_gain_features,cefr,classifier,training_information_gain_features,validation,200,balanced,cefr,A2,B1,1184,6.247032132116288
12,classifier__training_information_gain_features,cefr,classifier,training_information_gain_features,validation,200,balanced,cefr,A2,B2,169,0.8916794175064633
12,classifier__training_information_gain_features,cefr,classifier,training_information_gain_features,validation,200,balanced,cefr,A2,C1,12,0.06331451485252995
12,classifier__training_information_gain_features,cefr,classifier,training_information_gain_features,validation,200,balanced,cefr,B1,A1,50,0.5468664552116373
12,classifier__training_information_gain_features,cefr,classifier,training_information_gain_features,validation,200,balanced,cefr,B1,A2,536,5.862408399868753
12,classifier__training_information_gain_features,cefr,classifier,training_information_gain_features,validation,200,balanced,cefr,B1,B1,7828,85.61741222793394
12,classifier__training_information_gain_features,cefr,classifier,training_information_gain_features,validation,200,balanced,cefr,B1,B2,619,6.770206715520071
12,classifier__training_information_gain_features,cefr,classifier,training_information_gain_features,validation,200,balanced,cefr,B1,C1,110,1.2031062014656022
12,classifier__training_information_gain_features,cefr,classifier,training_information_gain_features,validation,200,balanced,cefr,B2,A1,2,0.07855459544383347
12,classifier__training_information_gain_features,cefr,classifier,training_information_gain_features,validation,200,balanced,cefr,B2,A2,21,0.8248232521602514
12,classifier__training_information_gain_features,cefr,classifier,training_information_gain_features,validation,200,balanced,cefr,B2,B1,189,7.423409269442262
12,classifier__training_information_gain_features,cefr,classifier,training_information_gain_features,validation,200,balanced,cefr,B2,B2,2130,83.66064414768263
12,classifier__training_information_gain_features,cefr,classifier,training_information_gain_features,validation,200,balanced,cefr,B2,C1,204,8.012568735271014
12,classifier__training_information_gain_features,cefr,classifier,training_information_gain_features,validation,200,balanced,cefr,C1,A1,0,0.0
12,classifier__training_information_gain_features,cefr,classifier,training_information_gain_features,validation,200,balanced,cefr,C1,A2,0,0.0
12,classifier__training_information_gain_features,cefr,classifier,training_information_gain_features,validation,200,balanced,cefr,C1,B1,11,1.4416775884665793
12,classifier__training_information_gain_features,cefr,classifier,training_information_gain_features,validation,200,balanced,cefr,C1,B2,69,9.043250327653997
12,classifier__training_information_gain_features,cefr,classifier,training_information_gain_features,validation,200,balanced,cefr,C1,C1,683,89.51507208387942
12,classifier__training_information_gain_features,cefr,classifier,training_information_gain_features,test,200,balanced,cefr,A1,A1,27400,94.94767482153995
12,classifier__training_information_gain_features,cefr,classifier,training_information_gain_features,test,200,balanced,cefr,A1,A2,1289,4.466699008940329
12,classifier__training_information_gain_features,cefr,classifier,training_information_gain_features,test,200,balanced,cefr,A1,B1,150,0.5197865409938319
12,classifier__training_information_gain_features,cefr,classifier,training_information_gain_features,test,200,balanced,cefr,A1,B2,18,0.062374384919259826
12,classifier__training_information_gain_features,cefr,classifier,training_information_gain_features,test,200,balanced,cefr,A1,C1,1,0.0034652436066255456
12,classifier__training_information_gain_features,cefr,classifier,training_information_gain_features,test,200,balanced,cefr,A2,A1,911,4.66796474687436
12,classifier__training_information_gain_features,cefr,classifier,training_information_gain_features,test,200,balanced,cefr,A2,A2,17210,88.18405410944867
12,classifier__training_information_gain_features,cefr,classifier,training_information_gain_features,test,200,balanced,cefr,A2,B1,1222,6.26152900184464
12,classifier__training_information_gain_features,cefr,classifier,training_information_gain_features,test,200,balanced,cefr,A2,B2,160,0.819840131174421
12,classifier__training_information_gain_features,cefr,classifier,training_information_gain_features,test,200,balanced,cefr,A2,C1,13,0.06661201065792172
12,classifier__training_information_gain_features,cefr,classifier,training_information_gain_features,test,200,balanced,cefr,B1,A1,47,0.5047792933089893
12,classifier__training_information_gain_features,cefr,classifier,training_information_gain_features,test,200,balanced,cefr,B1,A2,547,5.874771775319514
12,classifier__training_information_gain_features,cefr,classifier,training_information_gain_features,test,200,balanced,cefr,B1,B1,7962,85.5117602835356
12,classifier__training_information_gain_features,cefr,classifier,training_information_gain_features,test,200,balanced,cefr,B1,B2,644,6.916550316829556
12,classifier__training_information_gain_features,cefr,classifier,training_information_gain_features,test,200,balanced,cefr,B1,C1,111,1.1921383310063367
12,classifier__training_information_gain_features,cefr,classifier,training_information_gain_features,test,200,balanced,cefr,B2,A1,2,0.07097232079488999
12,classifier__training_information_gain_features,cefr,classifier,training_information_gain_features,test,200,balanced,cefr,B2,A2,30,1.0645848119233499
12,classifier__training_information_gain_features,cefr,classifier,training_information_gain_features,test,200,balanced,cefr,B2,B1,214,7.594038325053229
12,classifier__training_information_gain_features,cefr,classifier,training_information_gain_features,test,200,balanced,cefr,B2,B2,2326,82.54080908445705
12,classifier__training_information_gain_features,cefr,classifier,training_information_gain_features,test,200,balanced,cefr,B2,C1,246,8.729595457771469
12,classifier__training_information_gain_features,cefr,classifier,training_information_gain_features,test,200,balanced,cefr,C1,A1,0,0.0
12,classifier__training_information_gain_features,cefr,classifier,training_information_gain_features,test,200,balanced,cefr,C1,A2,0,0.0
12,classifier__training_information_gain_features,cefr,classifier,training_information_gain_features,test,200,balanced,cefr,C1,B1,9,1.559792027729636
12,classifier__training_information_gain_features,cefr,classifier,training_information_gain_features,test,200,balanced,cefr,C1,B2,46,7.9722703639514725
12,classifier__training_information_gain_features,cefr,classifier,training_information_gain_features,test,200,balanced,cefr,C1,C1,522,90.46793760831889
13,classifier__polke,cefr,classifier,polke,validation,200,balanced,cefr,A1,A1,27591,95.71899392888118
13,classifier__polke,cefr,classifier,polke,validation,200,balanced,cefr,A1,A2,1073,3.722463139635733
13,classifier__polke,cefr,classifier,polke,validation,200,balanced,cefr,A1,B1,148,0.5134431916738942
13,classifier__polke,cefr,classifier,polke,validation,200,balanced,cefr,A1,B2,13,0.04509973980919341
13,classifier__polke,cefr,classifier,polke,validation,200,balanced,cefr,A1,C1,0,0.0
13,classifier__polke,cefr,classifier,polke,validation,200,balanced,cefr,A2,A1,788,4.1576531419828
13,classifier__polke,cefr,classifier,polke,validation,200,balanced,cefr,A2,A2,16929,89.32095182820662
13,classifier__polke,cefr,classifier,polke,validation,200,balanced,cefr,A2,B1,1089,5.745792222867093
13,classifier__polke,cefr,classifier,polke,validation,200,balanced,cefr,A2,B2,131,0.6911834538067851
13,classifier__polke,cefr,classifier,polke,validation,200,balanced,cefr,A2,C1,16,0.08441935313670659
13,classifier__polke,cefr,classifier,polke,validation,200,balanced,cefr,B1,A1,63,0.689051733566663
13,classifier__polke,cefr,classifier,polke,validation,200,balanced,cefr,B1,A2,511,5.588975172262933
13,classifier__polke,cefr,classifier,polke,validation,200,balanced,cefr,B1,B1,7855,85.91272011374822
13,classifier__polke,cefr,classifier,polke,validation,200,balanced,cefr,B1,B2,585,6.398337525976157
13,classifier__polke,cefr,classifier,polke,validation,200,balanced,cefr,B1,C1,129,1.4109154544460243
13,classifier__polke,cefr,classifier,polke,validation,200,balanced,cefr,B2,A1,4,0.15710919088766695
13,classifier__polke,cefr,classifier,polke,validation,200,balanced,cefr,B2,A2,24,0.9426551453260016
13,classifier__polke,cefr,classifier,polke,validation,200,balanced,cefr,B2,B1,203,7.973291437549096
13,classifier__polke,cefr,classifier,polke,validation,200,balanced,cefr,B2,B2,2134,83.81775333857031
13,classifier__polke,cefr,classifier,polke,validation,200,balanced,cefr,B2,C1,181,7.109190887666929
13,classifier__polke,cefr,classifier,polke,validation,200,balanced,cefr,C1,A1,0,0.0
13,classifier__polke,cefr,classifier,polke,validation,200,balanced,cefr,C1,A2,0,0.0
13,classifier__polke,cefr,classifier,polke,validation,200,balanced,cefr,C1,B1,16,2.0969855832241153
13,classifier__polke,cefr,classifier,polke,validation,200,balanced,cefr,C1,B2,103,13.499344692005241
13,classifier__polke,cefr,classifier,polke,validation,200,balanced,cefr,C1,C1,644,84.40366972477065
13,classifier__polke,cefr,classifier,polke,test,200,balanced,cefr,A1,A1,27601,95.64418878647169
13,classifier__polke,cefr,classifier,polke,test,200,balanced,cefr,A1,A2,1090,3.7771155312218445
13,classifier__polke,cefr,classifier,polke,test,200,balanced,cefr,A1,B1,157,0.5440432462402106
13,classifier__polke,cefr,classifier,polke,test,200,balanced,cefr,A1,B2,10,0.03465243606625546
13,classifier__polke,cefr,classifier,polke,test,200,balanced,cefr,A1,C1,0,0.0
13,classifier__polke,cefr,classifier,polke,test,200,balanced,cefr,A2,A1,873,4.4732527157204345
13,classifier__polke,cefr,classifier,polke,test,200,balanced,cefr,A2,A2,17384,89.07563025210085
13,classifier__polke,cefr,classifier,polke,test,200,balanced,cefr,A2,B1,1113,5.703012912482066
13,classifier__polke,cefr,classifier,polke,test,200,balanced,cefr,A2,B2,133,0.6814921090387375
13,classifier__polke,cefr,classifier,polke,test,200,balanced,cefr,A2,C1,13,0.06661201065792172
13,classifier__polke,cefr,classifier,polke,test,200,balanced,cefr,B1,A1,60,0.644399097841263
13,classifier__polke,cefr,classifier,polke,test,200,balanced,cefr,B1,A2,504,5.412952421866609
13,classifier__polke,cefr,classifier,polke,test,200,balanced,cefr,B1,B1,8017,86.10245945655676
13,classifier__polke,cefr,classifier,polke,test,200,balanced,cefr,B1,B2,605,6.497690903232735
13,classifier__polke,cefr,classifier,polke,test,200,balanced,cefr,B1,C1,125,1.3424981205026312
13,classifier__polke,cefr,classifier,polke,test,200,balanced,cefr,B2,A1,3,0.10645848119233499
13,classifier__polke,cefr,classifier,polke,test,200,balanced,cefr,B2,A2,32,1.1355571327182399
13,classifier__polke,cefr,classifier,polke,test,200,balanced,cefr,B2,B1,222,7.877927608232789
13,classifier__polke,cefr,classifier,polke,test,200,balanced,cefr,B2,B2,2350,83.39247693399574
13,classifier__polke,cefr,classifier,polke,test,200,balanced,cefr,B2,C1,211,7.487579843860895
13,classifier__polke,cefr,classifier,polke,test,200,balanced,cefr,C1,A1,0,0.0
13,classifier__polke,cefr,classifier,polke,test,200,balanced,cefr,C1,A2,0,0.0
13,classifier__polke,cefr,classifier,polke,test,200,balanced,cefr,C1,B1,15,2.5996533795493932
13,classifier__polke,cefr,classifier,polke,test,200,balanced,cefr,C1,B2,71,12.305025996533796
13,classifier__polke,cefr,classifier,polke,test,200,balanced,cefr,C1,C1,491,85.09532062391682
14,classifier__length_only,cefr,classifier,length_only,validation,200,balanced,cefr,A1,A1,24046,83.4206418039896
14,classifier__length_only,cefr,classifier,length_only,validation,200,balanced,cefr,A1,A2,4209,14.601908065915003
14,classifier__length_only,cefr,classifier,length_only,validation,200,balanced,cefr,A1,B1,521,1.8074588031222898
14,classifier__length_only,cefr,classifier,length_only,validation,200,balanced,cefr,A1,B2,49,0.16999132697311362
14,classifier__length_only,cefr,classifier,length_only,validation,200,balanced,cefr,A1,C1,0,0.0
14,classifier__length_only,cefr,classifier,length_only,validation,200,balanced,cefr,A2,A1,1659,8.753231678362265
14,classifier__length_only,cefr,classifier,length_only,validation,200,balanced,cefr,A2,A2,13313,70.24217801931093
14,classifier__length_only,cefr,classifier,length_only,validation,200,balanced,cefr,A2,B1,3447,18.187094391389223
14,classifier__length_only,cefr,classifier,length_only,validation,200,balanced,cefr,A2,B2,534,2.8174959109375823
14,classifier__length_only,cefr,classifier,length_only,validation,200,balanced,cefr,A2,C1,0,0.0
14,classifier__length_only,cefr,classifier,length_only,validation,200,balanced,cefr,B1,A1,150,1.6405993656349118
14,classifier__length_only,cefr,classifier,length_only,validation,200,balanced,cefr,B1,A2,1515,16.57005359291261
14,classifier__length_only,cefr,classifier,length_only,validation,200,balanced,cefr,B1,B1,5426,59.34594771956688
14,classifier__length_only,cefr,classifier,length_only,validation,200,balanced,cefr,B1,B2,1907,20.857486601771846
14,classifier__length_only,cefr,classifier,length_only,validation,200,balanced,cefr,B1,C1,145,1.5859127201137482
14,classifier__length_only,cefr,classifier,length_only,validation,200,balanced,cefr,B2,A1,7,0.2749410840534171
14,classifier__length_only,cefr,classifier,length_only,validation,200,balanced,cefr,B2,A2,64,2.513747054202671
14,classifier__length_only,cefr,classifier,length_only,validation,200,balanced,cefr,B2,B1,235,9.230164964650433
14,classifier__length_only,cefr,classifier,length_only,validation,200,balanced,cefr,B2,B2,1869,73.40926944226237
14,classifier__length_only,cefr,classifier,length_only,validation,200,balanced,cefr,B2,C1,371,14.571877454831109
14,classifier__length_only,cefr,classifier,length_only,validation,200,balanced,cefr,C1,A1,0,0.0
14,classifier__length_only,cefr,classifier,length_only,validation,200,balanced,cefr,C1,A2,0,0.0
14,classifier__length_only,cefr,classifier,length_only,validation,200,balanced,cefr,C1,B1,9,1.1795543905635648
14,classifier__length_only,cefr,classifier,length_only,validation,200,balanced,cefr,C1,B2,96,12.58191349934469
14,classifier__length_only,cefr,classifier,length_only,validation,200,balanced,cefr,C1,C1,658,86.23853211009175
14,classifier__length_only,cefr,classifier,length_only,test,200,balanced,cefr,A1,A1,23982,83.10347217409384
14,classifier__length_only,cefr,classifier,length_only,test,200,balanced,cefr,A1,A2,4325,14.987178598655484
14,classifier__length_only,cefr,classifier,length_only,test,200,balanced,cefr,A1,B1,501,1.7360870469193983
14,classifier__length_only,cefr,classifier,length_only,test,200,balanced,cefr,A1,B2,50,0.17326218033127727
14,classifier__length_only,cefr,classifier,length_only,test,200,balanced,cefr,A1,C1,0,0.0
14,classifier__length_only,cefr,classifier,length_only,test,200,balanced,cefr,A2,A1,1772,9.079729452756713
14,classifier__length_only,cefr,classifier,length_only,test,200,balanced,cefr,A2,A2,13579,69.57880713260914
14,classifier__length_only,cefr,classifier,length_only,test,200,balanced,cefr,A2,B1,3607,18.48227095716335
14,classifier__length_only,cefr,classifier,length_only,test,200,balanced,cefr,A2,B2,558,2.859192457470793
14,classifier__length_only,cefr,classifier,length_only,test,200,balanced,cefr,A2,C1,0,0.0
14,classifier__length_only,cefr,classifier,length_only,test,200,balanced,cefr,B1,A1,146,1.5680378047470733
14,classifier__length_only,cefr,classifier,length_only,test,200,balanced,cefr,B1,A2,1533,16.46439694984427
14,classifier__length_only,cefr,classifier,length_only,test,200,balanced,cefr,B1,B1,5534,59.435076790892495
14,classifier__length_only,cefr,classifier,length_only,test,200,balanced,cefr,B1,B2,1929,20.717430995596605
14,classifier__length_only,cefr,classifier,length_only,test,200,balanced,cefr,B1,C1,169,1.8150574589195574
14,classifier__length_only,cefr,classifier,length_only,test,200,balanced,cefr,B2,A1,5,0.17743080198722497
14,classifier__length_only,cefr,classifier,length_only,test,200,balanced,cefr,B2,A2,86,3.0518097941802695
14,classifier__length_only,cefr,classifier,length_only,test,200,balanced,cefr,B2,B1,332,11.781405251951739
14,classifier__length_only,cefr,classifier,length_only,test,200,balanced,cefr,B2,B2,1986,70.47551454932577
14,classifier__length_only,cefr,classifier,length_only,test,200,balanced,cefr,B2,C1,409,14.513839602555004
14,classifier__length_only,cefr,classifier,length_only,test,200,balanced,cefr,C1,A1,0,0.0
14,classifier__length_only,cefr,classifier,length_only,test,200,balanced,cefr,C1,A2,0,0.0
14,classifier__length_only,cefr,classifier,length_only,test,200,balanced,cefr,C1,B1,6,1.0398613518197575
14,classifier__length_only,cefr,classifier,length_only,test,200,balanced,cefr,C1,B2,87,15.077989601386482
14,classifier__length_only,cefr,classifier,length_only,test,200,balanced,cefr,C1,C1,484,83.88214904679376
15,classifier__accuracy,cefr,classifier,accuracy,validation,200,balanced,cefr,A1,A1,24990,86.69557675628793
15,classifier__accuracy,cefr,classifier,accuracy,validation,200,balanced,cefr,A1,A2,3177,11.021682567215958
15,classifier__accuracy,cefr,classifier,accuracy,validation,200,balanced,cefr,A1,B1,605,2.09887250650477
15,classifier__accuracy,cefr,classifier,accuracy,validation,200,balanced,cefr,A1,B2,51,0.1769297484822203
15,classifier__accuracy,cefr,classifier,accuracy,validation,200,balanced,cefr,A1,C1,2,0.006938421509106678
15,classifier__accuracy,cefr,classifier,accuracy,validation,200,balanced,cefr,A2,A1,4925,25.985332137392497
15,classifier__accuracy,cefr,classifier,accuracy,validation,200,balanced,cefr,A2,A2,10557,55.700944441513215
15,classifier__accuracy,cefr,classifier,accuracy,validation,200,balanced,cefr,A2,B1,2968,15.659790006859073
15,classifier__accuracy,cefr,classifier,accuracy,validation,200,balanced,cefr,A2,B2,498,2.6275523663799927
15,classifier__accuracy,cefr,classifier,accuracy,validation,200,balanced,cefr,A2,C1,5,0.02638104785522081
15,classifier__accuracy,cefr,classifier,accuracy,validation,200,balanced,cefr,B1,A1,1074,11.74669145794597
15,classifier__accuracy,cefr,classifier,accuracy,validation,200,balanced,cefr,B1,A2,1764,19.293448539866564
15,classifier__accuracy,cefr,classifier,accuracy,validation,200,balanced,cefr,B1,B1,4481,49.010171716066935
15,classifier__accuracy,cefr,classifier,accuracy,validation,200,balanced,cefr,B1,B2,1671,18.27627693317292
15,classifier__accuracy,cefr,classifier,accuracy,validation,200,balanced,cefr,B1,C1,153,1.67341135294761
15,classifier__accuracy,cefr,classifier,accuracy,validation,200,balanced,cefr,B2,A1,218,8.562450903377847
15,classifier__accuracy,cefr,classifier,accuracy,validation,200,balanced,cefr,B2,A2,75,2.945797329143755
15,classifier__accuracy,cefr,classifier,accuracy,validation,200,balanced,cefr,B2,B1,242,9.505106048703848
15,classifier__accuracy,cefr,classifier,accuracy,validation,200,balanced,cefr,B2,B2,1524,59.8586017282011
15,classifier__accuracy,cefr,classifier,accuracy,validation,200,balanced,cefr,B2,C1,487,19.12804399057345
15,classifier__accuracy,cefr,classifier,accuracy,validation,200,balanced,cefr,C1,A1,52,6.8152031454783755
15,classifier__accuracy,cefr,classifier,accuracy,validation,200,balanced,cefr,C1,A2,2,0.2621231979030144
15,classifier__accuracy,cefr,classifier,accuracy,validation,200,balanced,cefr,C1,B1,10,1.310615989515072
15,classifier__accuracy,cefr,classifier,accuracy,validation,200,balanced,cefr,C1,B2,83,10.878112712975097
15,classifier__accuracy,cefr,classifier,accuracy,validation,200,balanced,cefr,C1,C1,616,80.73394495412845
15,classifier__accuracy,cefr,classifier,accuracy,test,200,balanced,cefr,A1,A1,24978,86.55485480629288
15,classifier__accuracy,cefr,classifier,accuracy,test,200,balanced,cefr,A1,A2,3243,11.237785016286644
15,classifier__accuracy,cefr,classifier,accuracy,test,200,balanced,cefr,A1,B1,592,2.051424215122323
15,classifier__accuracy,cefr,classifier,accuracy,test,200,balanced,cefr,A1,B2,45,0.15593596229814954
15,classifier__accuracy,cefr,classifier,accuracy,test,200,balanced,cefr,A1,C1,0,0.0
15,classifier__accuracy,cefr,classifier,accuracy,test,200,balanced,cefr,A2,A1,5121,26.24000819840131
15,classifier__accuracy,cefr,classifier,accuracy,test,200,balanced,cefr,A2,A2,10762,55.144496823119496
15,classifier__accuracy,cefr,classifier,accuracy,test,200,balanced,cefr,A2,B1,3091,15.838286534125846
15,classifier__accuracy,cefr,classifier,accuracy,test,200,balanced,cefr,A2,B2,537,2.7515884402541504
15,classifier__accuracy,cefr,classifier,accuracy,test,200,balanced,cefr,A2,C1,5,0.025620004099200656
15,classifier__accuracy,cefr,classifier,accuracy,test,200,balanced,cefr,B1,A1,1040,11.169584362581892
15,classifier__accuracy,cefr,classifier,accuracy,test,200,balanced,cefr,B1,A2,1818,19.525292664590268
15,classifier__accuracy,cefr,classifier,accuracy,test,200,balanced,cefr,B1,B1,4599,49.39319084953281
15,classifier__accuracy,cefr,classifier,accuracy,test,200,balanced,cefr,B1,B2,1672,17.957254859843196
15,classifier__accuracy,cefr,classifier,accuracy,test,200,balanced,cefr,B1,C1,182,1.9546772634518312
15,classifier__accuracy,cefr,classifier,accuracy,test,200,balanced,cefr,B2,A1,253,8.977998580553583
15,classifier__accuracy,cefr,classifier,accuracy,test,200,balanced,cefr,B2,A2,96,3.4066713981547196
15,classifier__accuracy,cefr,classifier,accuracy,test,200,balanced,cefr,B2,B1,318,11.28459900638751
15,classifier__accuracy,cefr,classifier,accuracy,test,200,balanced,cefr,B2,B2,1633,57.948899929027675
15,classifier__accuracy,cefr,classifier,accuracy,test,200,balanced,cefr,B2,C1,518,18.381831085876506
15,classifier__accuracy,cefr,classifier,accuracy,test,200,balanced,cefr,C1,A1,32,5.545927209705372
15,classifier__accuracy,cefr,classifier,accuracy,test,200,balanced,cefr,C1,A2,0,0.0
15,classifier__accuracy,cefr,classifier,accuracy,test,200,balanced,cefr,C1,B1,6,1.0398613518197575
15,classifier__accuracy,cefr,classifier,accuracy,test,200,balanced,cefr,C1,B2,78,13.518197573656845
15,classifier__accuracy,cefr,classifier,accuracy,test,200,balanced,cefr,C1,C1,461,79.89601386481803
16,classifier__majority,cefr,classifier,majority,validation,200,none,cefr,A1,A1,28825,100.0
16,classifier__majority,cefr,classifier,majority,validation,200,none,cefr,A1,A2,0,0.0
16,classifier__majority,cefr,classifier,majority,validation,200,none,cefr,A1,B1,0,0.0
16,classifier__majority,cefr,classifier,majority,validation,200,none,cefr,A1,B2,0,0.0
16,classifier__majority,cefr,classifier,majority,validation,200,none,cefr,A1,C1,0,0.0
16,classifier__majority,cefr,classifier,majority,validation,200,none,cefr,A2,A1,18953,100.0
16,classifier__majority,cefr,classifier,majority,validation,200,none,cefr,A2,A2,0,0.0
16,classifier__majority,cefr,classifier,majority,validation,200,none,cefr,A2,B1,0,0.0
16,classifier__majority,cefr,classifier,majority,validation,200,none,cefr,A2,B2,0,0.0
16,classifier__majority,cefr,classifier,majority,validation,200,none,cefr,A2,C1,0,0.0
16,classifier__majority,cefr,classifier,majority,validation,200,none,cefr,B1,A1,9143,100.0
16,classifier__majority,cefr,classifier,majority,validation,200,none,cefr,B1,A2,0,0.0
16,classifier__majority,cefr,classifier,majority,validation,200,none,cefr,B1,B1,0,0.0
16,classifier__majority,cefr,classifier,majority,validation,200,none,cefr,B1,B2,0,0.0
16,classifier__majority,cefr,classifier,majority,validation,200,none,cefr,B1,C1,0,0.0
16,classifier__majority,cefr,classifier,majority,validation,200,none,cefr,B2,A1,2546,100.0
16,classifier__majority,cefr,classifier,majority,validation,200,none,cefr,B2,A2,0,0.0
16,classifier__majority,cefr,classifier,majority,validation,200,none,cefr,B2,B1,0,0.0
16,classifier__majority,cefr,classifier,majority,validation,200,none,cefr,B2,B2,0,0.0
16,classifier__majority,cefr,classifier,majority,validation,200,none,cefr,B2,C1,0,0.0
16,classifier__majority,cefr,classifier,majority,validation,200,none,cefr,C1,A1,763,100.0
16,classifier__majority,cefr,classifier,majority,validation,200,none,cefr,C1,A2,0,0.0
16,classifier__majority,cefr,classifier,majority,validation,200,none,cefr,C1,B1,0,0.0
16,classifier__majority,cefr,classifier,majority,validation,200,none,cefr,C1,B2,0,0.0
16,classifier__majority,cefr,classifier,majority,validation,200,none,cefr,C1,C1,0,0.0
16,classifier__majority,cefr,classifier,majority,test,200,none,cefr,A1,A1,28858,100.0
16,classifier__majority,cefr,classifier,majority,test,200,none,cefr,A1,A2,0,0.0
16,classifier__majority,cefr,classifier,majority,test,200,none,cefr,A1,B1,0,0.0
16,classifier__majority,cefr,classifier,majority,test,200,none,cefr,A1,B2,0,0.0
16,classifier__majority,cefr,classifier,majority,test,200,none,cefr,A1,C1,0,0.0
16,classifier__majority,cefr,classifier,majority,test,200,none,cefr,A2,A1,19516,100.0
16,classifier__majority,cefr,classifier,majority,test,200,none,cefr,A2,A2,0,0.0
16,classifier__majority,cefr,classifier,majority,test,200,none,cefr,A2,B1,0,0.0
16,classifier__majority,cefr,classifier,majority,test,200,none,cefr,A2,B2,0,0.0
16,classifier__majority,cefr,classifier,majority,test,200,none,cefr,A2,C1,0,0.0
16,classifier__majority,cefr,classifier,majority,test,200,none,cefr,B1,A1,9311,100.0
16,classifier__majority,cefr,classifier,majority,test,200,none,cefr,B1,A2,0,0.0
16,classifier__majority,cefr,classifier,majority,test,200,none,cefr,B1,B1,0,0.0
16,classifier__majority,cefr,classifier,majority,test,200,none,cefr,B1,B2,0,0.0
16,classifier__majority,cefr,classifier,majority,test,200,none,cefr,B1,C1,0,0.0
16,classifier__majority,cefr,classifier,majority,test,200,none,cefr,B2,A1,2818,100.0
16,classifier__majority,cefr,classifier,majority,test,200,none,cefr,B2,A2,0,0.0
16,classifier__majority,cefr,classifier,majority,test,200,none,cefr,B2,B1,0,0.0
16,classifier__majority,cefr,classifier,majority,test,200,none,cefr,B2,B2,0,0.0
16,classifier__majority,cefr,classifier,majority,test,200,none,cefr,B2,C1,0,0.0
16,classifier__majority,cefr,classifier,majority,test,200,none,cefr,C1,A1,577,100.0
16,classifier__majority,cefr,classifier,majority,test,200,none,cefr,C1,A2,0,0.0
16,classifier__majority,cefr,classifier,majority,test,200,none,cefr,C1,B1,0,0.0
16,classifier__majority,cefr,classifier,majority,test,200,none,cefr,C1,B2,0,0.0
16,classifier__majority,cefr,classifier,majority,test,200,none,cefr,C1,C1,0,0.0
