model_validation_rank,experiment,task,algorithm,feature_set,split,rounds,class_weight,level,cefr_level,support,cefr_accuracy,cefr_accuracy_standard_deviation,cefr_ordinal_mae,cefr_ordinal_mae_standard_deviation,within_one_cefr_accuracy,within_one_cefr_accuracy_standard_deviation,evaluation
1,classifier__complexity,cefr,classifier,complexity,validation,200,balanced,1,A1,14555,0.9897629680522158,0.0008512184974160969,0.012641703881827551,0.0011152443149907488,0.9977327378907592,0.0003918121025176625,CEFR accuracy within actual course level; not level prediction
1,classifier__complexity,cefr,classifier,complexity,validation,200,balanced,2,A1,8691,0.9723852260959613,0.001911983986429613,0.03336785180071338,0.002453438747288288,0.9944770452191922,0.0008208666080429818,CEFR accuracy within actual course level; not level prediction
1,classifier__complexity,cefr,classifier,complexity,validation,200,balanced,3,A1,5579,0.9844058074923822,0.0017875605001360063,0.019716795124574298,0.0023790456518692567,0.9964151281591683,0.0008116870207770789,CEFR accuracy within actual course level; not level prediction
1,classifier__complexity,cefr,classifier,complexity,validation,200,balanced,4,A2,10488,0.9705377574370709,0.0017563334049237238,0.029652936689549964,0.0017701006723502726,0.9998093058733791,0.0001365263787833177,CEFR accuracy within actual course level; not level prediction
1,classifier__complexity,cefr,classifier,complexity,validation,200,balanced,5,A2,5417,0.9715709802473694,0.002512116266037868,0.03138268414251431,0.002860986139723437,0.9970463356101164,0.0007381053263733177,CEFR accuracy within actual course level; not level prediction
1,classifier__complexity,cefr,classifier,complexity,validation,200,balanced,6,A2,3048,0.9130577427821522,0.005501432125485237,0.09448818897637795,0.0060391221389001475,0.9927821522309711,0.001504571791567785,CEFR accuracy within actual course level; not level prediction
1,classifier__complexity,cefr,classifier,complexity,validation,200,balanced,7,B1,5709,0.9581362760553512,0.002718110771663233,0.04449115431774391,0.0029384405250077535,0.9973725696269049,0.0006770628932186471,CEFR accuracy within actual course level; not level prediction
1,classifier__complexity,cefr,classifier,complexity,validation,200,balanced,8,B1,2154,0.9206128133704735,0.006276872249269421,0.08681522748375116,0.00720271322887958,0.9925719591457753,0.0018184992233744887,CEFR accuracy within actual course level; not level prediction
1,classifier__complexity,cefr,classifier,complexity,validation,200,balanced,9,B1,1280,0.915625,0.007670703251732909,0.103125,0.009932236577775106,0.98125,0.0038735289138977654,CEFR accuracy within actual course level; not level prediction
1,classifier__complexity,cefr,classifier,complexity,validation,200,balanced,10,B2,1468,0.9475476839237057,0.006363464822917394,0.05926430517711172,0.007690654880680636,0.9938692098092643,0.002240512693794284,CEFR accuracy within actual course level; not level prediction
1,classifier__complexity,cefr,classifier,complexity,validation,200,balanced,11,B2,699,0.8812589413447782,0.013675089462178632,0.13590844062947066,0.01678426086999301,0.9828326180257511,0.0052562398312221495,CEFR accuracy within actual course level; not level prediction
1,classifier__complexity,cefr,classifier,complexity,validation,200,balanced,12,B2,379,0.8812664907651715,0.01957376077322367,0.1424802110817942,0.025366232289831803,0.978891820580475,0.007903001343495504,CEFR accuracy within actual course level; not level prediction
1,classifier__complexity,cefr,classifier,complexity,validation,200,balanced,13,C1,495,0.9232323232323232,0.011320847657700275,0.10505050505050505,0.017073870339373288,0.9737373737373738,0.007460912581517536,CEFR accuracy within actual course level; not level prediction
1,classifier__complexity,cefr,classifier,complexity,validation,200,balanced,14,C1,186,0.8763440860215054,0.023496188553610884,0.13440860215053763,0.027785570030634716,0.989247311827957,0.007099192283597513,CEFR accuracy within actual course level; not level prediction
1,classifier__complexity,cefr,classifier,complexity,validation,200,balanced,15,C1,82,0.8536585365853658,0.03311611674632626,0.15853658536585366,0.04040036113756386,0.9878048780487805,0.013254867039790385,CEFR accuracy within actual course level; not level prediction
1,classifier__complexity,cefr,classifier,complexity,test,200,balanced,1,A1,14613,0.9898720317525491,0.0008307433630121591,0.012112502566208171,0.0010512403637270111,0.9980154656812428,0.00037288009374796953,CEFR accuracy within actual course level; not level prediction
1,classifier__complexity,cefr,classifier,complexity,test,200,balanced,2,A1,8492,0.9751530852567122,0.0017536351035257682,0.028850682995760716,0.002149896142112026,0.9962317475270843,0.0006846617269368186,CEFR accuracy within actual course level; not level prediction
1,classifier__complexity,cefr,classifier,complexity,test,200,balanced,3,A1,5753,0.9803580740483226,0.0019801697316579616,0.024682774204762732,0.0026691570287378868,0.9954806188075787,0.0009245159981272501,CEFR accuracy within actual course level; not level prediction
1,classifier__complexity,cefr,classifier,complexity,test,200,balanced,4,A2,10679,0.9678808877235696,0.0018454872105594013,0.03230639572993726,0.0018595766436064131,0.9998127165464931,0.00013224793348257831,CEFR accuracy within actual course level; not level prediction
1,classifier__complexity,cefr,classifier,complexity,test,200,balanced,5,A2,5586,0.9740422484783388,0.0022873603387466015,0.028105979233798782,0.0026034782854808787,0.9978517722878625,0.0006254501404292432,CEFR accuracy within actual course level; not level prediction
1,classifier__complexity,cefr,classifier,complexity,test,200,balanced,6,A2,3251,0.9006459550907413,0.0061007377582923145,0.10735158412796063,0.006766552962721938,0.9926176561058137,0.0014673483741985884,CEFR accuracy within actual course level; not level prediction
1,classifier__complexity,cefr,classifier,complexity,test,200,balanced,7,B1,5602,0.9564441270974652,0.0028936314934295583,0.0458764726883256,0.0031317230034186745,0.9976794002142092,0.0006582102723540013,CEFR accuracy within actual course level; not level prediction
1,classifier__complexity,cefr,classifier,complexity,test,200,balanced,8,B1,2148,0.9292364990689013,0.005684020421512503,0.07960893854748603,0.006865954659259442,0.9911545623836127,0.002117078838772095,CEFR accuracy within actual course level; not level prediction
1,classifier__complexity,cefr,classifier,complexity,test,200,balanced,9,B1,1561,0.9160794362588085,0.007336383519384921,0.10377962844330557,0.009452827299584507,0.9801409352978859,0.003472889231664393,CEFR accuracy within actual course level; not level prediction
1,classifier__complexity,cefr,classifier,complexity,test,200,balanced,10,B2,1680,0.9434523809523809,0.007688623090439403,0.06607142857142857,0.009253856195380867,0.9910714285714286,0.0024172793352117044,CEFR accuracy within actual course level; not level prediction
1,classifier__complexity,cefr,classifier,complexity,test,200,balanced,11,B2,800,0.89125,0.011869749572739178,0.1225,0.013971064350887453,0.9875,0.003982472172287817,CEFR accuracy within actual course level; not level prediction
1,classifier__complexity,cefr,classifier,complexity,test,200,balanced,12,B2,338,0.8727810650887574,0.02009453825171691,0.14792899408284024,0.026043049478021427,0.9792899408284024,0.008913454573220098,CEFR accuracy within actual course level; not level prediction
1,classifier__complexity,cefr,classifier,complexity,test,200,balanced,13,C1,416,0.9447115384615384,0.011859865274827524,0.08173076923076923,0.018774174830478593,0.9735576923076923,0.008209608404123221,CEFR accuracy within actual course level; not level prediction
1,classifier__complexity,cefr,classifier,complexity,test,200,balanced,14,C1,107,0.8691588785046729,0.038533534432544064,0.1588785046728972,0.052924306240725034,0.9719626168224299,0.016271943184811562,CEFR accuracy within actual course level; not level prediction
1,classifier__complexity,cefr,classifier,complexity,test,200,balanced,15,C1,54,0.8518518518518519,0.049586096807233,0.14814814814814814,0.049586096807233,1.0,0.0,CEFR accuracy within actual course level; not level prediction
2,classifier__combined_plus_error_composition,cefr,classifier,combined_plus_error_composition,validation,200,balanced,1,A1,14555,0.9900377877018207,0.0008459100608076055,0.012641703881827551,0.001147940642721596,0.9975266231535554,0.0004134335223209503,CEFR accuracy within actual course level; not level prediction
2,classifier__combined_plus_error_composition,cefr,classifier,combined_plus_error_composition,validation,200,balanced,2,A1,8691,0.9727304107697619,0.0019040389197568053,0.03336785180071338,0.0024862834009921645,0.9941318605453918,0.0008653079682857592,CEFR accuracy within actual course level; not level prediction
2,classifier__combined_plus_error_composition,cefr,classifier,combined_plus_error_composition,validation,200,balanced,3,A1,5579,0.9854812690446316,0.0016985055398313063,0.018103602796200036,0.0022240296981961855,0.9967736153432515,0.0007692321733494511,CEFR accuracy within actual course level; not level prediction
2,classifier__combined_plus_error_composition,cefr,classifier,combined_plus_error_composition,validation,200,balanced,4,A2,10488,0.9708237986270023,0.0017407874702671904,0.02955758962623951,0.0017699158210067044,0.9996186117467581,0.00019175930832213793,CEFR accuracy within actual course level; not level prediction
2,classifier__combined_plus_error_composition,cefr,classifier,combined_plus_error_composition,validation,200,balanced,5,A2,5417,0.9728632084179435,0.002441547718622907,0.030090455971940187,0.0028047151076634955,0.9970463356101164,0.0007322766170187208,CEFR accuracy within actual course level; not level prediction
2,classifier__combined_plus_error_composition,cefr,classifier,combined_plus_error_composition,validation,200,balanced,6,A2,3048,0.9146981627296588,0.005373133120730813,0.09350393700787402,0.005963999654879418,0.9917979002624672,0.0015983879037968474,CEFR accuracy within actual course level; not level prediction
2,classifier__combined_plus_error_composition,cefr,classifier,combined_plus_error_composition,validation,200,balanced,7,B1,5709,0.9577859520056052,0.0027434811699599392,0.04536696444210895,0.003019596115059089,0.9968470835522859,0.0007415027747430793,CEFR accuracy within actual course level; not level prediction
2,classifier__combined_plus_error_composition,cefr,classifier,combined_plus_error_composition,validation,200,balanced,8,B1,2154,0.9206128133704735,0.006247118477599557,0.0872794800371402,0.007243613143244965,0.9921077065923862,0.002005704636663635,CEFR accuracy within actual course level; not level prediction
2,classifier__combined_plus_error_composition,cefr,classifier,combined_plus_error_composition,validation,200,balanced,9,B1,1280,0.91875,0.007607713466479078,0.10078125,0.009970885448452689,0.98046875,0.0038985414339627496,CEFR accuracy within actual course level; not level prediction
2,classifier__combined_plus_error_composition,cefr,classifier,combined_plus_error_composition,validation,200,balanced,10,B2,1468,0.9455040871934605,0.0063025033056849965,0.05926430517711172,0.007254044238866408,0.9952316076294278,0.002056492911687082,CEFR accuracy within actual course level; not level prediction
2,classifier__combined_plus_error_composition,cefr,classifier,combined_plus_error_composition,validation,200,balanced,11,B2,699,0.8812589413447782,0.01312857870775313,0.13161659513590845,0.015229441824395451,0.9871244635193133,0.0042970593092055845,CEFR accuracy within actual course level; not level prediction
2,classifier__combined_plus_error_composition,cefr,classifier,combined_plus_error_composition,validation,200,balanced,12,B2,379,0.8839050131926122,0.01939588430879246,0.13984168865435356,0.025141720535149927,0.978891820580475,0.007903001343495504,CEFR accuracy within actual course level; not level prediction
2,classifier__combined_plus_error_composition,cefr,classifier,combined_plus_error_composition,validation,200,balanced,13,C1,495,0.9232323232323232,0.011704989541757376,0.10303030303030303,0.01727507782079488,0.9757575757575757,0.007576642260860019,CEFR accuracy within actual course level; not level prediction
2,classifier__combined_plus_error_composition,cefr,classifier,combined_plus_error_composition,validation,200,balanced,14,C1,186,0.8763440860215054,0.021580787710800707,0.12903225806451613,0.023562497110179822,0.9946236559139785,0.005257660683421247,CEFR accuracy within actual course level; not level prediction
2,classifier__combined_plus_error_composition,cefr,classifier,combined_plus_error_composition,validation,200,balanced,15,C1,82,0.8414634146341463,0.03111279296930417,0.17073170731707318,0.03870745726241383,0.9878048780487805,0.013254867039790385,CEFR accuracy within actual course level; not level prediction
2,classifier__combined_plus_error_composition,cefr,classifier,combined_plus_error_composition,test,200,balanced,1,A1,14613,0.9901457606241019,0.0008197804480595984,0.011428180387326353,0.0009968187686647313,0.9984260589885718,0.00033336410974970103,CEFR accuracy within actual course level; not level prediction
2,classifier__combined_plus_error_composition,cefr,classifier,combined_plus_error_composition,test,200,balanced,2,A1,8492,0.9743287800282618,0.001797074410427465,0.02967498822421102,0.0021657557727360853,0.9962317475270843,0.0006655317773026497,CEFR accuracy within actual course level; not level prediction
2,classifier__combined_plus_error_composition,cefr,classifier,combined_plus_error_composition,test,200,balanced,3,A1,5753,0.979662784634104,0.0020004109035824187,0.025204241265426735,0.0026441145855286767,0.9954806188075787,0.0009231967413800863,CEFR accuracy within actual course level; not level prediction
2,classifier__combined_plus_error_composition,cefr,classifier,combined_plus_error_composition,test,200,balanced,4,A2,10679,0.9676936042700628,0.0018257982741955588,0.03277460436370447,0.0018625016714015046,0.9995317913662328,0.00020590530685220436,CEFR accuracy within actual course level; not level prediction
2,classifier__combined_plus_error_composition,cefr,classifier,combined_plus_error_composition,test,200,balanced,5,A2,5586,0.9729681346222699,0.002314467680200287,0.029180093089867527,0.002602229734470267,0.9978517722878625,0.0006142223029141477,CEFR accuracy within actual course level; not level prediction
2,classifier__combined_plus_error_composition,cefr,classifier,combined_plus_error_composition,test,200,balanced,6,A2,3251,0.9006459550907413,0.00613359196430375,0.10704398646570286,0.006850125220855538,0.9926176561058137,0.0014930529339563677,CEFR accuracy within actual course level; not level prediction
2,classifier__combined_plus_error_composition,cefr,classifier,combined_plus_error_composition,test,200,balanced,7,B1,5602,0.9571581578007854,0.00286860251822594,0.04516244198500535,0.003094542541128416,0.9976794002142092,0.000656584727540047,CEFR accuracy within actual course level; not level prediction
2,classifier__combined_plus_error_composition,cefr,classifier,combined_plus_error_composition,test,200,balanced,8,B1,2148,0.9315642458100558,0.005470546707373085,0.07588454376163874,0.006398179846528846,0.9925512104283054,0.0018500472261911726,CEFR accuracy within actual course level; not level prediction
2,classifier__combined_plus_error_composition,cefr,classifier,combined_plus_error_composition,test,200,balanced,9,B1,1561,0.91736066623959,0.007224329484811774,0.10249839846252402,0.009361828643200575,0.9801409352978859,0.003472889231664393,CEFR accuracy within actual course level; not level prediction
2,classifier__combined_plus_error_composition,cefr,classifier,combined_plus_error_composition,test,200,balanced,10,B2,1680,0.9428571428571428,0.007825533855896077,0.06785714285714285,0.009508394524676429,0.9898809523809524,0.002557855636245088,CEFR accuracy within actual course level; not level prediction
2,classifier__combined_plus_error_composition,cefr,classifier,combined_plus_error_composition,test,200,balanced,11,B2,800,0.89375,0.011520577309695267,0.1175,0.013142819063280589,0.99,0.0035252463888788776,CEFR accuracy within actual course level; not level prediction
2,classifier__combined_plus_error_composition,cefr,classifier,combined_plus_error_composition,test,200,balanced,12,B2,338,0.8875739644970414,0.019199269476005445,0.13313609467455623,0.024853472927578005,0.9792899408284024,0.009049002792174597,CEFR accuracy within actual course level; not level prediction
2,classifier__combined_plus_error_composition,cefr,classifier,combined_plus_error_composition,test,200,balanced,13,C1,416,0.9399038461538461,0.012661194081581947,0.0889423076923077,0.01985524814196287,0.9711538461538461,0.008481755090481201,CEFR accuracy within actual course level; not level prediction
2,classifier__combined_plus_error_composition,cefr,classifier,combined_plus_error_composition,test,200,balanced,14,C1,107,0.8691588785046729,0.033217769534736666,0.16822429906542055,0.04773746537789905,0.9626168224299065,0.01878461634684707,CEFR accuracy within actual course level; not level prediction
2,classifier__combined_plus_error_composition,cefr,classifier,combined_plus_error_composition,test,200,balanced,15,C1,54,0.8518518518518519,0.049586096807233,0.18518518518518517,0.07931753430594314,0.9814814814814815,0.01907321685197558,CEFR accuracy within actual course level; not level prediction
3,classifier__combined,cefr,classifier,combined,validation,200,balanced,1,A1,14555,0.9901064926142219,0.0008429361882943428,0.012298179319821367,0.0011107297504592709,0.9978014428031604,0.00038612825704975405,CEFR accuracy within actual course level; not level prediction
3,classifier__combined,cefr,classifier,combined,validation,200,balanced,2,A1,8691,0.9728454723276954,0.0019116473943968574,0.033252790242779884,0.002501548476725849,0.9941318605453918,0.0008715285402411813,CEFR accuracy within actual course level; not level prediction
3,classifier__combined,cefr,classifier,combined,validation,200,balanced,3,A1,5579,0.9854812690446316,0.0016747183259152316,0.01792435920415845,0.002178630414676387,0.9969528589352931,0.0007428419798776784,CEFR accuracy within actual course level; not level prediction
3,classifier__combined,cefr,classifier,combined,validation,200,balanced,4,A2,10488,0.9707284515636918,0.0017651775666230453,0.029652936689549964,0.001793460065063802,0.9996186117467581,0.00019175930832213793,CEFR accuracy within actual course level; not level prediction
3,classifier__combined,cefr,classifier,combined,validation,200,balanced,5,A2,5417,0.9713863762230016,0.002499620422627337,0.031567288166882035,0.0028567845242329156,0.9970463356101164,0.0007322766170187208,CEFR accuracy within actual course level; not level prediction
3,classifier__combined,cefr,classifier,combined,validation,200,balanced,6,A2,3048,0.9166666666666666,0.005334954059083517,0.09186351706036745,0.0059480794296068226,0.9917979002624672,0.0016093612325682168,CEFR accuracy within actual course level; not level prediction
3,classifier__combined,cefr,classifier,combined,validation,200,balanced,7,B1,5709,0.9581362760553512,0.0027256645110571315,0.04466631634261692,0.0029762994014115606,0.9971974076020319,0.0006944356536662297,CEFR accuracy within actual course level; not level prediction
3,classifier__combined,cefr,classifier,combined,validation,200,balanced,8,B1,2154,0.9182915506035283,0.006397473499597784,0.08960074280408542,0.007300152475355881,0.9921077065923862,0.0018781054861322544,CEFR accuracy within actual course level; not level prediction
3,classifier__combined,cefr,classifier,combined,validation,200,balanced,9,B1,1280,0.9171875,0.007591869151200052,0.1015625,0.009890096757919804,0.98125,0.0038260269768668567,CEFR accuracy within actual course level; not level prediction
3,classifier__combined,cefr,classifier,combined,validation,200,balanced,10,B2,1468,0.9475476839237057,0.006495853312260497,0.05722070844686648,0.007437574856382804,0.9952316076294278,0.002056492911687082,CEFR accuracy within actual course level; not level prediction
3,classifier__combined,cefr,classifier,combined,validation,200,balanced,11,B2,699,0.882689556509299,0.013547755092950817,0.13161659513590845,0.01632215791273322,0.9856938483547926,0.004899137544378704,CEFR accuracy within actual course level; not level prediction
3,classifier__combined,cefr,classifier,combined,validation,200,balanced,12,B2,379,0.8812664907651715,0.018702951260511757,0.1424802110817942,0.024098173722182356,0.978891820580475,0.007903001343495504,CEFR accuracy within actual course level; not level prediction
3,classifier__combined,cefr,classifier,combined,validation,200,balanced,13,C1,495,0.9191919191919192,0.012129219180338768,0.1111111111111111,0.01843850381061527,0.9717171717171718,0.00818431688274458,CEFR accuracy within actual course level; not level prediction
3,classifier__combined,cefr,classifier,combined,validation,200,balanced,14,C1,186,0.8763440860215054,0.01972172235473,0.12903225806451613,0.02182509319238725,0.9946236559139785,0.005257660683421247,CEFR accuracy within actual course level; not level prediction
3,classifier__combined,cefr,classifier,combined,validation,200,balanced,15,C1,82,0.8414634146341463,0.03111279296930417,0.17073170731707318,0.03870745726241383,0.9878048780487805,0.013254867039790385,CEFR accuracy within actual course level; not level prediction
3,classifier__combined,cefr,classifier,combined,test,200,balanced,1,A1,14613,0.9899404639704373,0.0008273585985651012,0.011770341476767261,0.0010174517025690706,0.9982891945527954,0.00034674836847887146,CEFR accuracy within actual course level; not level prediction
3,classifier__combined,cefr,classifier,combined,test,200,balanced,2,A1,8492,0.9745642958078191,0.0017681441372490523,0.029321714554875176,0.0021425480793032295,0.9964672633066416,0.0006419568619095627,CEFR accuracy within actual course level; not level prediction
3,classifier__combined,cefr,classifier,combined,test,200,balanced,3,A1,5753,0.9794889622805493,0.002049127007932895,0.026420997740309402,0.0029056352761866536,0.9949591517469146,0.001003258183124771,CEFR accuracy within actual course level; not level prediction
3,classifier__combined,cefr,classifier,combined,test,200,balanced,4,A2,10679,0.9677872459968162,0.001840283530464885,0.03268096263695103,0.0018771902033767214,0.9995317913662328,0.00020590530685220436,CEFR accuracy within actual course level; not level prediction
3,classifier__combined,cefr,classifier,combined,test,200,balanced,5,A2,5586,0.9736842105263158,0.002288658201430985,0.028464017185821696,0.0025886612879119633,0.9978517722878625,0.0006140197168791228,CEFR accuracy within actual course level; not level prediction
3,classifier__combined,cefr,classifier,combined,test,200,balanced,6,A2,3251,0.9006459550907413,0.006043900622762298,0.10735158412796063,0.006730749471090318,0.9923100584435558,0.0014979768829260465,CEFR accuracy within actual course level; not level prediction
3,classifier__combined,cefr,classifier,combined,test,200,balanced,7,B1,5602,0.9560871117458051,0.0029082444649244582,0.04641199571581578,0.0031692088234886316,0.9975008925383791,0.0006762357148876688,CEFR accuracy within actual course level; not level prediction
3,classifier__combined,cefr,classifier,combined,test,200,balanced,8,B1,2148,0.9283054003724395,0.00552229534531628,0.07867783985102421,0.006396039670612711,0.9930167597765364,0.0018013282096066632,CEFR accuracy within actual course level; not level prediction
3,classifier__combined,cefr,classifier,combined,test,200,balanced,9,B1,1561,0.9128763613068546,0.007337457173251867,0.10634208840486867,0.009364177130395541,0.9807815502882767,0.0034407444951899584,CEFR accuracy within actual course level; not level prediction
3,classifier__combined,cefr,classifier,combined,test,200,balanced,10,B2,1680,0.9410714285714286,0.007848834756444554,0.06964285714285715,0.009510199045694284,0.9898809523809524,0.002557855636245088,CEFR accuracy within actual course level; not level prediction
3,classifier__combined,cefr,classifier,combined,test,200,balanced,11,B2,800,0.8975,0.011465346779563363,0.11375,0.013304755372657141,0.99,0.003556830092681649,CEFR accuracy within actual course level; not level prediction
3,classifier__combined,cefr,classifier,combined,test,200,balanced,12,B2,338,0.8846153846153846,0.02042719709135808,0.13609467455621302,0.02647696896580833,0.9792899408284024,0.008967449387558134,CEFR accuracy within actual course level; not level prediction
3,classifier__combined,cefr,classifier,combined,test,200,balanced,13,C1,416,0.9399038461538461,0.012187563639230976,0.0889423076923077,0.019239014506167343,0.9711538461538461,0.008481755090481201,CEFR accuracy within actual course level; not level prediction
3,classifier__combined,cefr,classifier,combined,test,200,balanced,14,C1,107,0.8691588785046729,0.03102719809208216,0.17757009345794392,0.04676385238615961,0.9532710280373832,0.019668778759640678,CEFR accuracy within actual course level; not level prediction
3,classifier__combined,cefr,classifier,combined,test,200,balanced,15,C1,54,0.8518518518518519,0.049586096807233,0.14814814814814814,0.049586096807233,1.0,0.0,CEFR accuracy within actual course level; not level prediction
4,classifier__combined_without_length_features,cefr,classifier,combined_without_length_features,validation,200,balanced,1,A1,14555,0.9905874270010305,0.0008182778688560059,0.011611130195809,0.0010585364808108062,0.9978701477155617,0.0003795389306691034,CEFR accuracy within actual course level; not level prediction
4,classifier__combined_without_length_features,cefr,classifier,combined_without_length_features,validation,200,balanced,2,A1,8691,0.9721551029800943,0.0019172924567047976,0.03382809803244736,0.0024820186363560502,0.9942469221033253,0.0008442949725214173,CEFR accuracy within actual course level; not level prediction
4,classifier__combined_without_length_features,cefr,classifier,combined_without_length_features,validation,200,balanced,3,A1,5579,0.98530202545259,0.0017403254460348705,0.018641333572324788,0.002382118289001112,0.9965943717512099,0.0008277921029749951,CEFR accuracy within actual course level; not level prediction
4,classifier__combined_without_length_features,cefr,classifier,combined_without_length_features,validation,200,balanced,4,A2,10488,0.9704424103737604,0.0017432041359633098,0.029938977879481313,0.001771129395488479,0.9996186117467581,0.00019175930832213793,CEFR accuracy within actual course level; not level prediction
4,classifier__combined_without_length_features,cefr,classifier,combined_without_length_features,validation,200,balanced,5,A2,5417,0.9723093963448404,0.002414731232062481,0.030828872069411112,0.0027895855103864334,0.9968617315857485,0.0007568326170218974,CEFR accuracy within actual course level; not level prediction
4,classifier__combined_without_length_features,cefr,classifier,combined_without_length_features,validation,200,balanced,6,A2,3048,0.9166666666666666,0.00538167276114354,0.09022309711286089,0.005903904846642147,0.9931102362204725,0.0014613935816058738,CEFR accuracy within actual course level; not level prediction
4,classifier__combined_without_length_features,cefr,classifier,combined_without_length_features,validation,200,balanced,7,B1,5709,0.9567349798563671,0.002785464919059922,0.046417936591347,0.0030577504664071413,0.9968470835522859,0.0007415027747430793,CEFR accuracy within actual course level; not level prediction
4,classifier__combined_without_length_features,cefr,classifier,combined_without_length_features,validation,200,balanced,8,B1,2154,0.9187558031569174,0.00629103880273187,0.09006499535747446,0.0073808839047683795,0.9911792014856081,0.002103219104824664,CEFR accuracy within actual course level; not level prediction
4,classifier__combined_without_length_features,cefr,classifier,combined_without_length_features,validation,200,balanced,9,B1,1280,0.92265625,0.007416987211892757,0.0953125,0.00969615102744026,0.98203125,0.0037864216958927804,CEFR accuracy within actual course level; not level prediction
4,classifier__combined_without_length_features,cefr,classifier,combined_without_length_features,validation,200,balanced,10,B2,1468,0.9461852861035422,0.006297650687476105,0.05926430517711172,0.007404003506395592,0.9952316076294278,0.002056492911687082,CEFR accuracy within actual course level; not level prediction
4,classifier__combined_without_length_features,cefr,classifier,combined_without_length_features,validation,200,balanced,11,B2,699,0.8755364806866953,0.01379220971460413,0.1402002861230329,0.016751944417902034,0.9842632331902719,0.005102491959839315,CEFR accuracy within actual course level; not level prediction
4,classifier__combined_without_length_features,cefr,classifier,combined_without_length_features,validation,200,balanced,12,B2,379,0.8865435356200527,0.019250761645243242,0.13984168865435356,0.025639821142440608,0.9762532981530343,0.008333432766573574,CEFR accuracy within actual course level; not level prediction
4,classifier__combined_without_length_features,cefr,classifier,combined_without_length_features,validation,200,balanced,13,C1,495,0.9232323232323232,0.012133496732130438,0.10505050505050505,0.01816872766889463,0.9737373737373738,0.007961538666781398,CEFR accuracy within actual course level; not level prediction
4,classifier__combined_without_length_features,cefr,classifier,combined_without_length_features,validation,200,balanced,14,C1,186,0.8602150537634409,0.022047545301453152,0.15053763440860216,0.026285885349716674,0.989247311827957,0.007099192283597513,CEFR accuracy within actual course level; not level prediction
4,classifier__combined_without_length_features,cefr,classifier,combined_without_length_features,validation,200,balanced,15,C1,82,0.8414634146341463,0.03111279296930417,0.18292682926829268,0.03936243970217495,0.975609756097561,0.016752310863413385,CEFR accuracy within actual course level; not level prediction
4,classifier__combined_without_length_features,cefr,classifier,combined_without_length_features,test,200,balanced,1,A1,14613,0.9901457606241019,0.0008257989047359591,0.011565044823102716,0.0010206670203958504,0.9982891945527954,0.00034344535241388974,CEFR accuracy within actual course level; not level prediction
4,classifier__combined_without_length_features,cefr,classifier,combined_without_length_features,test,200,balanced,2,A1,8492,0.9751530852567122,0.0017877096105895903,0.028615167216203486,0.002181520743379242,0.9965850211964201,0.0006528399766042608,CEFR accuracy within actual course level; not level prediction
4,classifier__combined_without_length_features,cefr,classifier,combined_without_length_features,test,200,balanced,3,A1,5753,0.979662784634104,0.002034270403534999,0.025899530679645403,0.002863000877806471,0.9951329741004693,0.0009896716027360118,CEFR accuracy within actual course level; not level prediction
4,classifier__combined_without_length_features,cefr,classifier,combined_without_length_features,test,200,balanced,4,A2,10679,0.9676936042700628,0.0018152440279581138,0.03268096263695103,0.0018463268374387348,0.9996254330929862,0.00018821882492963042,CEFR accuracy within actual course level; not level prediction
4,classifier__combined_without_length_features,cefr,classifier,combined_without_length_features,test,200,balanced,5,A2,5586,0.9736842105263158,0.0023214370221899413,0.028643036161833155,0.002675625259389994,0.997672753311851,0.0006890892110952144,CEFR accuracy within actual course level; not level prediction
4,classifier__combined_without_length_features,cefr,classifier,combined_without_length_features,test,200,balanced,6,A2,3251,0.9000307597662258,0.006104847875562247,0.10858197477699169,0.006842889805277419,0.9916948631190403,0.0015641882716084922,CEFR accuracy within actual course level; not level prediction
4,classifier__combined_without_length_features,cefr,classifier,combined_without_length_features,test,200,balanced,7,B1,5602,0.9573366654766154,0.002890494725415076,0.04498393430917529,0.003126599007823874,0.9976794002142092,0.0006535836323931432,CEFR accuracy within actual course level; not level prediction
4,classifier__combined_without_length_features,cefr,classifier,combined_without_length_features,test,200,balanced,8,B1,2148,0.9283054003724395,0.005637189480965161,0.07960893854748603,0.006750141620887988,0.9920856610800745,0.002039642292734392,CEFR accuracy within actual course level; not level prediction
4,classifier__combined_without_length_features,cefr,classifier,combined_without_length_features,test,200,balanced,9,B1,1561,0.91736066623959,0.007443802172885076,0.10185778347213324,0.009568885712543182,0.9807815502882767,0.0034407444951899584,CEFR accuracy within actual course level; not level prediction
4,classifier__combined_without_length_features,cefr,classifier,combined_without_length_features,test,200,balanced,10,B2,1680,0.9452380952380952,0.0078089133808782706,0.06607142857142857,0.009886459649701291,0.9892857142857143,0.002880970987862083,CEFR accuracy within actual course level; not level prediction
4,classifier__combined_without_length_features,cefr,classifier,combined_without_length_features,test,200,balanced,11,B2,800,0.8975,0.011354053181191287,0.11375,0.013151913006197885,0.99,0.003540744892702398,CEFR accuracy within actual course level; not level prediction
4,classifier__combined_without_length_features,cefr,classifier,combined_without_length_features,test,200,balanced,12,B2,338,0.8875739644970414,0.019247517477036506,0.1301775147928994,0.024543782574718516,0.9822485207100592,0.00859646175650823,CEFR accuracy within actual course level; not level prediction
4,classifier__combined_without_length_features,cefr,classifier,combined_without_length_features,test,200,balanced,13,C1,416,0.9471153846153846,0.011791817072289703,0.07692307692307693,0.01832831811653666,0.9759615384615384,0.007869974385564095,CEFR accuracy within actual course level; not level prediction
4,classifier__combined_without_length_features,cefr,classifier,combined_without_length_features,test,200,balanced,14,C1,107,0.8785046728971962,0.034457181305204976,0.16822429906542055,0.04948762357300305,0.9532710280373832,0.019668778759640678,CEFR accuracy within actual course level; not level prediction
4,classifier__combined_without_length_features,cefr,classifier,combined_without_length_features,test,200,balanced,15,C1,54,0.8518518518518519,0.049586096807233,0.14814814814814814,0.049586096807233,1.0,0.0,CEFR accuracy within actual course level; not level prediction
5,classifier__complexity_without_length_features,cefr,classifier,complexity_without_length_features,validation,200,balanced,1,A1,14555,0.9903813122638269,0.0008274900298145464,0.01202335967021642,0.0010996688852493801,0.9977327378907592,0.0003944878569508916,CEFR accuracy within actual course level; not level prediction
5,classifier__complexity_without_length_features,cefr,classifier,complexity_without_length_features,validation,200,balanced,2,A1,8691,0.9725002876538948,0.001898450011688995,0.033252790242779884,0.0024300652047804625,0.9944770452191922,0.0008022020147074962,CEFR accuracy within actual course level; not level prediction
5,classifier__complexity_without_length_features,cefr,classifier,complexity_without_length_features,validation,200,balanced,3,A1,5579,0.9845850510844237,0.0018136783971128827,0.019537551532532713,0.002460650551348433,0.9964151281591683,0.0008493857525099836,CEFR accuracy within actual course level; not level prediction
5,classifier__complexity_without_length_features,cefr,classifier,complexity_without_length_features,validation,200,balanced,4,A2,10488,0.9707284515636918,0.001726967433586817,0.029652936689549964,0.0017572610198349319,0.9996186117467581,0.00019175930832213793,CEFR accuracy within actual course level; not level prediction
5,classifier__complexity_without_length_features,cefr,classifier,complexity_without_length_features,validation,200,balanced,5,A2,5417,0.9710171681742662,0.002560156387834873,0.03212110023998523,0.002941696679786272,0.9968617315857485,0.0007598158258916641,CEFR accuracy within actual course level; not level prediction
5,classifier__complexity_without_length_features,cefr,classifier,complexity_without_length_features,validation,200,balanced,6,A2,3048,0.9146981627296588,0.005429074443762708,0.09284776902887139,0.005988330991830276,0.9927821522309711,0.001504571791567785,CEFR accuracy within actual course level; not level prediction
5,classifier__complexity_without_length_features,cefr,classifier,complexity_without_length_features,validation,200,balanced,7,B1,5709,0.9565598178314941,0.002810083714365218,0.046417936591347,0.003065982989114576,0.9970222455771589,0.0007162630018559649,CEFR accuracy within actual course level; not level prediction
5,classifier__complexity_without_length_features,cefr,classifier,complexity_without_length_features,validation,200,balanced,8,B1,2154,0.9187558031569174,0.006206599308365609,0.08867223769730734,0.007120257351177572,0.9925719591457753,0.0018184992233744887,CEFR accuracy within actual course level; not level prediction
5,classifier__complexity_without_length_features,cefr,classifier,complexity_without_length_features,validation,200,balanced,9,B1,1280,0.91796875,0.007569430215198845,0.10234375,0.009978073283909164,0.9796875,0.003964526977344151,CEFR accuracy within actual course level; not level prediction
5,classifier__complexity_without_length_features,cefr,classifier,complexity_without_length_features,validation,200,balanced,10,B2,1468,0.9475476839237057,0.006346551972827894,0.05722070844686648,0.007310894087401657,0.9952316076294278,0.002056492911687082,CEFR accuracy within actual course level; not level prediction
5,classifier__complexity_without_length_features,cefr,classifier,complexity_without_length_features,validation,200,balanced,11,B2,699,0.882689556509299,0.013372705194759176,0.13304721030042918,0.016187564856127774,0.9842632331902719,0.005102491959839315,CEFR accuracy within actual course level; not level prediction
5,classifier__complexity_without_length_features,cefr,classifier,complexity_without_length_features,validation,200,balanced,12,B2,379,0.8865435356200527,0.019325931649881212,0.13720316622691292,0.025110157474454924,0.978891820580475,0.007903001343495504,CEFR accuracy within actual course level; not level prediction
5,classifier__complexity_without_length_features,cefr,classifier,complexity_without_length_features,validation,200,balanced,13,C1,495,0.9252525252525252,0.011764544750330659,0.10101010101010101,0.017464980070911153,0.9757575757575757,0.007713095136353099,CEFR accuracy within actual course level; not level prediction
5,classifier__complexity_without_length_features,cefr,classifier,complexity_without_length_features,validation,200,balanced,14,C1,186,0.8655913978494624,0.024288782893447703,0.13978494623655913,0.027066585845682497,0.9946236559139785,0.005257660683421247,CEFR accuracy within actual course level; not level prediction
5,classifier__complexity_without_length_features,cefr,classifier,complexity_without_length_features,validation,200,balanced,15,C1,82,0.8536585365853658,0.03311611674632626,0.15853658536585366,0.04040036113756386,0.9878048780487805,0.013254867039790385,CEFR accuracy within actual course level; not level prediction
5,classifier__complexity_without_length_features,cefr,classifier,complexity_without_length_features,test,200,balanced,1,A1,14613,0.9898035995346609,0.0008317624687062109,0.011975638130431808,0.0010313357846525365,0.9982207623349073,0.000352045697473872,CEFR accuracy within actual course level; not level prediction
5,classifier__complexity_without_length_features,cefr,classifier,complexity_without_length_features,test,200,balanced,2,A1,8492,0.9740932642487047,0.0017922929901438395,0.029792746113989636,0.002168215483515504,0.9964672633066416,0.0006593787435515661,CEFR accuracy within actual course level; not level prediction
5,classifier__complexity_without_length_features,cefr,classifier,complexity_without_length_features,test,200,balanced,3,A1,5753,0.9786198505127759,0.002125249940012922,0.02729010950808274,0.0029515607285286677,0.99478532939336,0.0010163169095174075,CEFR accuracy within actual course level; not level prediction
5,classifier__complexity_without_length_features,cefr,classifier,complexity_without_length_features,test,200,balanced,4,A2,10679,0.9682554546305834,0.0018236671860075787,0.03211911227643038,0.001854468750214657,0.9996254330929862,0.00018821882492963042,CEFR accuracy within actual course level; not level prediction
5,classifier__complexity_without_length_features,cefr,classifier,complexity_without_length_features,test,200,balanced,5,A2,5586,0.9738632295023273,0.002208019766939934,0.02828499820981024,0.0025373165774640297,0.9978517722878625,0.0006720856643221765,CEFR accuracy within actual course level; not level prediction
5,classifier__complexity_without_length_features,cefr,classifier,complexity_without_length_features,test,200,balanced,6,A2,3251,0.8984927714549369,0.006072733036789372,0.11073515841279606,0.006922828618860642,0.9910796677945247,0.0016278454790742832,CEFR accuracy within actual course level; not level prediction
5,classifier__complexity_without_length_features,cefr,classifier,complexity_without_length_features,test,200,balanced,7,B1,5602,0.9575151731524456,0.002906681358687006,0.04480542663334523,0.0031411471610589443,0.9976794002142092,0.000656584727540047,CEFR accuracy within actual course level; not level prediction
5,classifier__complexity_without_length_features,cefr,classifier,complexity_without_length_features,test,200,balanced,8,B1,2148,0.9278398510242085,0.005631025666733447,0.08100558659217877,0.006918402375947521,0.9911545623836127,0.002310441036580651,CEFR accuracy within actual course level; not level prediction
5,classifier__complexity_without_length_features,cefr,classifier,complexity_without_length_features,test,200,balanced,9,B1,1561,0.9186418962203715,0.0074279861834723755,0.10121716848174248,0.009524599762389873,0.9801409352978859,0.003494454810949048,CEFR accuracy within actual course level; not level prediction
5,classifier__complexity_without_length_features,cefr,classifier,complexity_without_length_features,test,200,balanced,10,B2,1680,0.9446428571428571,0.0080736180565362,0.06488095238095239,0.009656957091648051,0.9910714285714286,0.0024172793352117044,CEFR accuracy within actual course level; not level prediction
5,classifier__complexity_without_length_features,cefr,classifier,complexity_without_length_features,test,200,balanced,11,B2,800,0.89625,0.011632965377062357,0.11625,0.013475458375862072,0.98875,0.0037223874152410834,CEFR accuracy within actual course level; not level prediction
5,classifier__complexity_without_length_features,cefr,classifier,complexity_without_length_features,test,200,balanced,12,B2,338,0.8757396449704142,0.020755198925472427,0.14201183431952663,0.026460054325770723,0.9822485207100592,0.008588028886532853,CEFR accuracy within actual course level; not level prediction
5,classifier__complexity_without_length_features,cefr,classifier,complexity_without_length_features,test,200,balanced,13,C1,416,0.9399038461538461,0.012907321826502748,0.08413461538461539,0.019462071614773795,0.9759615384615384,0.007843199077237935,CEFR accuracy within actual course level; not level prediction
5,classifier__complexity_without_length_features,cefr,classifier,complexity_without_length_features,test,200,balanced,14,C1,107,0.8504672897196262,0.034602738503626176,0.18691588785046728,0.04470289074762325,0.9626168224299065,0.016872445195048894,CEFR accuracy within actual course level; not level prediction
5,classifier__complexity_without_length_features,cefr,classifier,complexity_without_length_features,test,200,balanced,15,C1,54,0.8703703703703703,0.04042151251406415,0.12962962962962962,0.04042151251406416,1.0,0.0,CEFR accuracy within actual course level; not level prediction
6,classifier__combined_without_length_correlated_features,cefr,classifier,combined_without_length_correlated_features,validation,200,balanced,1,A1,14555,0.9893507385778083,0.0008756493958112724,0.013740982480247337,0.0012050069937301789,0.9970456887667468,0.000453411936972476,CEFR accuracy within actual course level; not level prediction
6,classifier__combined_without_length_correlated_features,cefr,classifier,combined_without_length_correlated_features,validation,200,balanced,2,A1,8691,0.9705442411690254,0.0019892453867457215,0.036589575422851225,0.0026723251725719534,0.9935565527557243,0.0008944193896311881,CEFR accuracy within actual course level; not level prediction
6,classifier__combined_without_length_correlated_features,cefr,classifier,combined_without_length_correlated_features,validation,200,balanced,3,A1,5579,0.984047320308299,0.001796645368459921,0.020075282308657464,0.002422882840431185,0.9964151281591683,0.0008379311052180521,CEFR accuracy within actual course level; not level prediction
6,classifier__combined_without_length_correlated_features,cefr,classifier,combined_without_length_correlated_features,validation,200,balanced,4,A2,10488,0.9697749809305873,0.001765561814468162,0.03051106025934401,0.0017940749805261383,0.9997139588100686,0.00016324133764301468,CEFR accuracy within actual course level; not level prediction
6,classifier__combined_without_length_correlated_features,cefr,classifier,combined_without_length_correlated_features,validation,200,balanced,5,A2,5417,0.970463356101163,0.002495777769309609,0.03304412036182389,0.0028616197454978173,0.9964925235370131,0.0008012433229754491,CEFR accuracy within actual course level; not level prediction
6,classifier__combined_without_length_correlated_features,cefr,classifier,combined_without_length_correlated_features,validation,200,balanced,6,A2,3048,0.911745406824147,0.005490749171865025,0.0984251968503937,0.00627286107789266,0.9901574803149606,0.0017615064471361434,CEFR accuracy within actual course level; not level prediction
6,classifier__combined_without_length_correlated_features,cefr,classifier,combined_without_length_correlated_features,validation,200,balanced,7,B1,5709,0.9577859520056052,0.0026758487105578294,0.04466631634261692,0.0029004771532223487,0.9975477316517779,0.0006514205393491687,CEFR accuracy within actual course level; not level prediction
6,classifier__combined_without_length_correlated_features,cefr,classifier,combined_without_length_correlated_features,validation,200,balanced,8,B1,2154,0.9201485608170845,0.006125895951367208,0.08867223769730734,0.007118628718477578,0.9911792014856081,0.002012239914190046,CEFR accuracy within actual course level; not level prediction
6,classifier__combined_without_length_correlated_features,cefr,classifier,combined_without_length_correlated_features,validation,200,balanced,9,B1,1280,0.9203125,0.007654605740684021,0.09765625,0.01003080807240055,0.98203125,0.003814761376870442,CEFR accuracy within actual course level; not level prediction
6,classifier__combined_without_length_correlated_features,cefr,classifier,combined_without_length_correlated_features,validation,200,balanced,10,B2,1468,0.944141689373297,0.00629997444597568,0.06198910081743869,0.007466940535799627,0.9945504087193461,0.0021524586362818496,CEFR accuracy within actual course level; not level prediction
6,classifier__combined_without_length_correlated_features,cefr,classifier,combined_without_length_correlated_features,validation,200,balanced,11,B2,699,0.8698140200286123,0.014099999940368152,0.1459227467811159,0.016621716010295138,0.9842632331902719,0.004711162877188165,CEFR accuracy within actual course level; not level prediction
6,classifier__combined_without_length_correlated_features,cefr,classifier,combined_without_length_correlated_features,validation,200,balanced,12,B2,379,0.8733509234828496,0.019354082815836993,0.15303430079155672,0.025415067445319545,0.9762532981530343,0.008333432766573574,CEFR accuracy within actual course level; not level prediction
6,classifier__combined_without_length_correlated_features,cefr,classifier,combined_without_length_correlated_features,validation,200,balanced,13,C1,495,0.9232323232323232,0.012464205720501885,0.10303030303030303,0.018318325625068653,0.9757575757575757,0.0075566925095568805,CEFR accuracy within actual course level; not level prediction
6,classifier__combined_without_length_correlated_features,cefr,classifier,combined_without_length_correlated_features,validation,200,balanced,14,C1,186,0.8548387096774194,0.018468749440879027,0.15591397849462366,0.02213431204954877,0.989247311827957,0.00733675489429474,CEFR accuracy within actual course level; not level prediction
6,classifier__combined_without_length_correlated_features,cefr,classifier,combined_without_length_correlated_features,validation,200,balanced,15,C1,82,0.8414634146341463,0.03111279296930417,0.2073170731707317,0.04522316193443134,0.9634146341463414,0.01966216498317009,CEFR accuracy within actual course level; not level prediction
6,classifier__combined_without_length_correlated_features,cefr,classifier,combined_without_length_correlated_features,test,200,balanced,1,A1,14613,0.9895298706631082,0.000863431053958278,0.012249367001984535,0.0010575075784214308,0.9982207623349073,0.0003486250789592852,CEFR accuracy within actual course level; not level prediction
6,classifier__combined_without_length_correlated_features,cefr,classifier,combined_without_length_correlated_features,test,200,balanced,2,A1,8492,0.9730334432406971,0.001837544615376202,0.03179463024022609,0.002249191093840586,0.9955252001884126,0.0007203439960781077,CEFR accuracy within actual course level; not level prediction
6,classifier__combined_without_length_correlated_features,cefr,classifier,combined_without_length_correlated_features,test,200,balanced,3,A1,5753,0.9779245610985573,0.0021103891094346053,0.027985398922301407,0.0028767171390861952,0.99478532939336,0.0009711890220542775,CEFR accuracy within actual course level; not level prediction
6,classifier__combined_without_length_correlated_features,cefr,classifier,combined_without_length_correlated_features,test,200,balanced,4,A2,10679,0.9677872459968162,0.0018377947825074146,0.03268096263695103,0.001873494213790212,0.9995317913662328,0.00020590530685220436,CEFR accuracy within actual course level; not level prediction
6,classifier__combined_without_length_correlated_features,cefr,classifier,combined_without_length_correlated_features,test,200,balanced,5,A2,5586,0.9709989258861439,0.0023957778421079467,0.03150733977801647,0.002693536057032153,0.9974937343358395,0.0006626338462179121,CEFR accuracy within actual course level; not level prediction
6,classifier__combined_without_length_correlated_features,cefr,classifier,combined_without_length_correlated_features,test,200,balanced,6,A2,3251,0.8948015995078438,0.006443413258320023,0.1141187326976315,0.007251599641062527,0.9913872654567826,0.0016092256267626812,CEFR accuracy within actual course level; not level prediction
6,classifier__combined_without_length_correlated_features,cefr,classifier,combined_without_length_correlated_features,test,200,balanced,7,B1,5602,0.9573366654766154,0.002895442973361465,0.04569796501249554,0.003221271447752626,0.996965369510889,0.0007906379010345305,CEFR accuracy within actual course level; not level prediction
6,classifier__combined_without_length_correlated_features,cefr,classifier,combined_without_length_correlated_features,test,200,balanced,8,B1,2148,0.9264432029795159,0.005804319566216924,0.08379888268156424,0.007075049448929837,0.9897579143389199,0.002262406980394456,CEFR accuracy within actual course level; not level prediction
6,classifier__combined_without_length_correlated_features,cefr,classifier,combined_without_length_correlated_features,test,200,balanced,9,B1,1561,0.9160794362588085,0.007583315284015131,0.10442024343369635,0.009929293937824029,0.9795003203074952,0.003590138675089043,CEFR accuracy within actual course level; not level prediction
6,classifier__combined_without_length_correlated_features,cefr,classifier,combined_without_length_correlated_features,test,200,balanced,10,B2,1680,0.9422619047619047,0.007942589439112203,0.06904761904761905,0.009758298096357034,0.9898809523809524,0.0025757650782825057,CEFR accuracy within actual course level; not level prediction
6,classifier__combined_without_length_correlated_features,cefr,classifier,combined_without_length_correlated_features,test,200,balanced,11,B2,800,0.88875,0.012232263748389463,0.12875,0.014820361659788454,0.98375,0.004541032896415276,CEFR accuracy within actual course level; not level prediction
6,classifier__combined_without_length_correlated_features,cefr,classifier,combined_without_length_correlated_features,test,200,balanced,12,B2,338,0.8846153846153846,0.019188294323434007,0.13609467455621302,0.025805754022441497,0.9792899408284024,0.00918629287513906,CEFR accuracy within actual course level; not level prediction
6,classifier__combined_without_length_correlated_features,cefr,classifier,combined_without_length_correlated_features,test,200,balanced,13,C1,416,0.9326923076923077,0.015817698362916643,0.10096153846153846,0.029466335757798133,0.9711538461538461,0.011075906117913434,CEFR accuracy within actual course level; not level prediction
6,classifier__combined_without_length_correlated_features,cefr,classifier,combined_without_length_correlated_features,test,200,balanced,14,C1,107,0.8691588785046729,0.037142318588318304,0.18691588785046728,0.05266821018164404,0.9439252336448598,0.021145000716528924,CEFR accuracy within actual course level; not level prediction
6,classifier__combined_without_length_correlated_features,cefr,classifier,combined_without_length_correlated_features,test,200,balanced,15,C1,54,0.8333333333333334,0.05189933443865679,0.16666666666666666,0.0518993344386568,1.0,0.0,CEFR accuracy within actual course level; not level prediction
7,classifier__combined_without_length_and_duplicate_features,cefr,classifier,combined_without_length_and_duplicate_features,validation,200,balanced,1,A1,14555,0.9900377877018207,0.0008442286090199908,0.012641703881827551,0.0011351905290958983,0.9974579182411543,0.00041849982484427206,CEFR accuracy within actual course level; not level prediction
7,classifier__combined_without_length_and_duplicate_features,cefr,classifier,combined_without_length_and_duplicate_features,validation,200,balanced,2,A1,8691,0.969738810263491,0.0020484642414542323,0.03727994477045219,0.0026935830703669985,0.9933264296398573,0.0009196004099207391,CEFR accuracy within actual course level; not level prediction
7,classifier__combined_without_length_and_duplicate_features,cefr,classifier,combined_without_length_and_duplicate_features,validation,200,balanced,3,A1,5579,0.984047320308299,0.0018511608856857152,0.019537551532532713,0.0024035507662288017,0.9967736153432515,0.0008059566874190565,CEFR accuracy within actual course level; not level prediction
7,classifier__combined_without_length_and_duplicate_features,cefr,classifier,combined_without_length_and_duplicate_features,validation,200,balanced,4,A2,10488,0.9690122044241037,0.0017662489743539337,0.031273836765827616,0.0017867185416823004,0.9997139588100686,0.00016441408469840748,CEFR accuracy within actual course level; not level prediction
7,classifier__combined_without_length_and_duplicate_features,cefr,classifier,combined_without_length_and_duplicate_features,validation,200,balanced,5,A2,5417,0.9678788997600147,0.0027421958729598357,0.035813180727339855,0.003144245611845499,0.9963079195126454,0.0008201158817050983,CEFR accuracy within actual course level; not level prediction
7,classifier__combined_without_length_and_duplicate_features,cefr,classifier,combined_without_length_and_duplicate_features,validation,200,balanced,6,A2,3048,0.9081364829396326,0.005723467354794018,0.10006561679790026,0.006322982826707713,0.9921259842519685,0.001570530579577587,CEFR accuracy within actual course level; not level prediction
7,classifier__combined_without_length_and_duplicate_features,cefr,classifier,combined_without_length_and_duplicate_features,validation,200,balanced,7,B1,5709,0.9567349798563671,0.0026908652617796914,0.045542126466981955,0.002897022876066681,0.9977228936766509,0.0006239682167316088,CEFR accuracy within actual course level; not level prediction
7,classifier__combined_without_length_and_duplicate_features,cefr,classifier,combined_without_length_and_duplicate_features,validation,200,balanced,8,B1,2154,0.9168987929433612,0.006447417820275593,0.09192200557103064,0.00755662071870747,0.9911792014856081,0.0021051296564224037,CEFR accuracy within actual course level; not level prediction
7,classifier__combined_without_length_and_duplicate_features,cefr,classifier,combined_without_length_and_duplicate_features,validation,200,balanced,9,B1,1280,0.92578125,0.007316509405709356,0.090625,0.009584490247739094,0.98359375,0.0037338640452259345,CEFR accuracy within actual course level; not level prediction
7,classifier__combined_without_length_and_duplicate_features,cefr,classifier,combined_without_length_and_duplicate_features,validation,200,balanced,10,B2,1468,0.944141689373297,0.006650077493937071,0.06267029972752043,0.007909284309491432,0.9945504087193461,0.0021388698486503425,CEFR accuracy within actual course level; not level prediction
7,classifier__combined_without_length_and_duplicate_features,cefr,classifier,combined_without_length_and_duplicate_features,validation,200,balanced,11,B2,699,0.8812589413447782,0.013902407867831973,0.1301859799713877,0.015629920972202678,0.9885550786838341,0.00406580441919142,CEFR accuracy within actual course level; not level prediction
7,classifier__combined_without_length_and_duplicate_features,cefr,classifier,combined_without_length_and_duplicate_features,validation,200,balanced,12,B2,379,0.8786279683377308,0.018906652120346264,0.14511873350923482,0.024611839176376188,0.978891820580475,0.007903001343495504,CEFR accuracy within actual course level; not level prediction
7,classifier__combined_without_length_and_duplicate_features,cefr,classifier,combined_without_length_and_duplicate_features,validation,200,balanced,13,C1,495,0.9292929292929293,0.01164890014562723,0.09898989898989899,0.01794677828642368,0.9737373737373738,0.008074332888307622,CEFR accuracy within actual course level; not level prediction
7,classifier__combined_without_length_and_duplicate_features,cefr,classifier,combined_without_length_and_duplicate_features,validation,200,balanced,14,C1,186,0.8709677419354839,0.024929913197649964,0.13440860215053763,0.02657210574014207,0.9946236559139785,0.005257660683421247,CEFR accuracy within actual course level; not level prediction
7,classifier__combined_without_length_and_duplicate_features,cefr,classifier,combined_without_length_and_duplicate_features,validation,200,balanced,15,C1,82,0.8658536585365854,0.030274075903012627,0.13414634146341464,0.030274075903012627,1.0,0.0,CEFR accuracy within actual course level; not level prediction
7,classifier__combined_without_length_and_duplicate_features,cefr,classifier,combined_without_length_and_duplicate_features,test,200,balanced,1,A1,14613,0.9896667350988846,0.0008346879387009027,0.012112502566208171,0.0010302106079244674,0.9982207623349073,0.00035425638570935785,CEFR accuracy within actual course level; not level prediction
7,classifier__combined_without_length_and_duplicate_features,cefr,classifier,combined_without_length_and_duplicate_features,test,200,balanced,2,A1,8492,0.9730334432406971,0.00186251598663977,0.03203014601978332,0.002345162511287934,0.9955252001884126,0.0007446563400856699,CEFR accuracy within actual course level; not level prediction
7,classifier__combined_without_length_and_duplicate_features,cefr,classifier,combined_without_length_and_duplicate_features,test,200,balanced,3,A1,5753,0.9784460281592213,0.00220182751545253,0.02729010950808274,0.0029372091511189642,0.9949591517469146,0.0009624896338078921,CEFR accuracy within actual course level; not level prediction
7,classifier__combined_without_length_and_duplicate_features,cefr,classifier,combined_without_length_and_duplicate_features,test,200,balanced,4,A2,10679,0.9672253956362955,0.0018495790020452356,0.03314917127071823,0.0018757861785016902,0.9996254330929862,0.00018200563828137107,CEFR accuracy within actual course level; not level prediction
7,classifier__combined_without_length_and_duplicate_features,cefr,classifier,combined_without_length_and_duplicate_features,test,200,balanced,5,A2,5586,0.9706408879341211,0.002385490554892464,0.03186537773003938,0.0026611630938353456,0.9974937343358395,0.000664557130700177,CEFR accuracy within actual course level; not level prediction
7,classifier__combined_without_length_and_duplicate_features,cefr,classifier,combined_without_length_and_duplicate_features,test,200,balanced,6,A2,3251,0.8898800369117195,0.006473880524833032,0.1205782836050446,0.007280106552656123,0.9901568748077515,0.0016717831033623996,CEFR accuracy within actual course level; not level prediction
7,classifier__combined_without_length_and_duplicate_features,cefr,classifier,combined_without_length_and_duplicate_features,test,200,balanced,7,B1,5602,0.9544805426633345,0.002999214002816454,0.048018564798286326,0.0032573587154980134,0.9975008925383791,0.0006844014451431085,CEFR accuracy within actual course level; not level prediction
7,classifier__combined_without_length_and_duplicate_features,cefr,classifier,combined_without_length_and_duplicate_features,test,200,balanced,8,B1,2148,0.9278398510242085,0.005856081838299661,0.08100558659217877,0.007033362433004871,0.9911545623836127,0.002098657932089103,CEFR accuracy within actual course level; not level prediction
7,classifier__combined_without_length_and_duplicate_features,cefr,classifier,combined_without_length_and_duplicate_features,test,200,balanced,9,B1,1561,0.9192825112107623,0.007250475349456496,0.09929532351057015,0.00938422313609621,0.9814221652786675,0.003458381937289492,CEFR accuracy within actual course level; not level prediction
7,classifier__combined_without_length_and_duplicate_features,cefr,classifier,combined_without_length_and_duplicate_features,test,200,balanced,10,B2,1680,0.9404761904761905,0.007896445519465148,0.07261904761904762,0.01021050065570681,0.9886904761904762,0.0029575506914658245,CEFR accuracy within actual course level; not level prediction
7,classifier__combined_without_length_and_duplicate_features,cefr,classifier,combined_without_length_and_duplicate_features,test,200,balanced,11,B2,800,0.8875,0.012562723725790642,0.1225,0.014194630574621706,0.99125,0.0032554408496144912,CEFR accuracy within actual course level; not level prediction
7,classifier__combined_without_length_and_duplicate_features,cefr,classifier,combined_without_length_and_duplicate_features,test,200,balanced,12,B2,338,0.8905325443786982,0.019926515718899127,0.1301775147928994,0.025583099203768042,0.9792899408284024,0.009072734999798377,CEFR accuracy within actual course level; not level prediction
7,classifier__combined_without_length_and_duplicate_features,cefr,classifier,combined_without_length_and_duplicate_features,test,200,balanced,13,C1,416,0.9495192307692307,0.010893272413576918,0.06971153846153846,0.01593781597915295,0.9807692307692307,0.006636155699665294,CEFR accuracy within actual course level; not level prediction
7,classifier__combined_without_length_and_duplicate_features,cefr,classifier,combined_without_length_and_duplicate_features,test,200,balanced,14,C1,107,0.8785046728971962,0.03201664736105168,0.1588785046728972,0.04535280683646095,0.9626168224299065,0.017356795177916644,CEFR accuracy within actual course level; not level prediction
7,classifier__combined_without_length_and_duplicate_features,cefr,classifier,combined_without_length_and_duplicate_features,test,200,balanced,15,C1,54,0.8148148148148148,0.06487865480062016,0.18518518518518517,0.06487865480062016,1.0,0.0,CEFR accuracy within actual course level; not level prediction
8,classifier__complexity_without_length_correlated_features,cefr,classifier,complexity_without_length_correlated_features,validation,200,balanced,1,A1,14555,0.9894194434902096,0.0008820797207660582,0.013191343181037445,0.0011727305781578637,0.9974579182411543,0.0004233774766261716,CEFR accuracy within actual course level; not level prediction
8,classifier__complexity_without_length_correlated_features,cefr,classifier,complexity_without_length_correlated_features,validation,200,balanced,2,A1,8691,0.9707743642848924,0.0019809453031196275,0.03647451386491773,0.002644833752995109,0.9934414911977908,0.0008755558028377246,CEFR accuracy within actual course level; not level prediction
8,classifier__complexity_without_length_correlated_features,cefr,classifier,complexity_without_length_correlated_features,validation,200,balanced,3,A1,5579,0.9836888331242158,0.001869471808469148,0.020792256676823804,0.0025253518518807585,0.9960566409750852,0.0008826114263175158,CEFR accuracy within actual course level; not level prediction
8,classifier__complexity_without_length_correlated_features,cefr,classifier,complexity_without_length_correlated_features,validation,200,balanced,4,A2,10488,0.9695842868039665,0.001761688657739138,0.03070175438596491,0.0017840132903567643,0.9997139588100686,0.00016531997193342112,CEFR accuracy within actual course level; not level prediction
8,classifier__complexity_without_length_correlated_features,cefr,classifier,complexity_without_length_correlated_features,validation,200,balanced,5,A2,5417,0.9691711279305889,0.0025956103076706315,0.03452095255676574,0.0029807479903709573,0.9963079195126454,0.0008188686865647039,CEFR accuracy within actual course level; not level prediction
8,classifier__complexity_without_length_correlated_features,cefr,classifier,complexity_without_length_correlated_features,validation,200,balanced,6,A2,3048,0.9130577427821522,0.005404382477502342,0.09678477690288714,0.0061962569733792355,0.990485564304462,0.0017112954253072816,CEFR accuracy within actual course level; not level prediction
8,classifier__complexity_without_length_correlated_features,cefr,classifier,complexity_without_length_correlated_features,validation,200,balanced,7,B1,5709,0.9562094937817481,0.002754034955501899,0.04694342266596602,0.0030229966399714977,0.9968470835522859,0.0007447479171664757,CEFR accuracy within actual course level; not level prediction
8,classifier__complexity_without_length_correlated_features,cefr,classifier,complexity_without_length_correlated_features,validation,200,balanced,8,B1,2154,0.9201485608170845,0.006157298090462088,0.08913649025069638,0.007279553413365606,0.9907149489322191,0.0021704193399252067,CEFR accuracy within actual course level; not level prediction
8,classifier__complexity_without_length_correlated_features,cefr,classifier,complexity_without_length_correlated_features,validation,200,balanced,9,B1,1280,0.91875,0.007590847415020668,0.09765625,0.009813998800374198,0.98359375,0.00362017184437674,CEFR accuracy within actual course level; not level prediction
8,classifier__complexity_without_length_correlated_features,cefr,classifier,complexity_without_length_correlated_features,validation,200,balanced,10,B2,1468,0.9427792915531336,0.00622764315571881,0.0653950953678474,0.007839745599786587,0.9931880108991825,0.0023546270987428613,CEFR accuracy within actual course level; not level prediction
8,classifier__complexity_without_length_correlated_features,cefr,classifier,complexity_without_length_correlated_features,validation,200,balanced,11,B2,699,0.882689556509299,0.013266855267520266,0.13161659513590845,0.015520403438750172,0.9856938483547926,0.0045323078168694525,CEFR accuracy within actual course level; not level prediction
8,classifier__complexity_without_length_correlated_features,cefr,classifier,complexity_without_length_correlated_features,validation,200,balanced,12,B2,379,0.8786279683377308,0.019738631010872025,0.14775725593667546,0.026187649476464948,0.9762532981530343,0.008333432766573574,CEFR accuracy within actual course level; not level prediction
8,classifier__complexity_without_length_correlated_features,cefr,classifier,complexity_without_length_correlated_features,validation,200,balanced,13,C1,495,0.9212121212121213,0.01238025025151014,0.10303030303030303,0.017982885778961878,0.9777777777777777,0.007365097206386008,CEFR accuracy within actual course level; not level prediction
8,classifier__complexity_without_length_correlated_features,cefr,classifier,complexity_without_length_correlated_features,validation,200,balanced,14,C1,186,0.8440860215053764,0.019912410126363893,0.16666666666666666,0.02320113810123499,0.989247311827957,0.00733675489429474,CEFR accuracy within actual course level; not level prediction
8,classifier__complexity_without_length_correlated_features,cefr,classifier,complexity_without_length_correlated_features,validation,200,balanced,15,C1,82,0.8414634146341463,0.03111279296930417,0.2073170731707317,0.04522316193443134,0.9634146341463414,0.01966216498317009,CEFR accuracy within actual course level; not level prediction
8,classifier__complexity_without_length_correlated_features,cefr,classifier,complexity_without_length_correlated_features,test,200,balanced,1,A1,14613,0.9900088961883254,0.0008322638812714676,0.011770341476767261,0.0010306423831918986,0.9982207623349073,0.00034983768943730567,CEFR accuracy within actual course level; not level prediction
8,classifier__complexity_without_length_correlated_features,cefr,classifier,complexity_without_length_correlated_features,test,200,balanced,2,A1,8492,0.9738577484691474,0.0018185351239366058,0.03097032501177579,0.00224744032571228,0.9956429580781913,0.0007014065269163377,CEFR accuracy within actual course level; not level prediction
8,classifier__complexity_without_length_correlated_features,cefr,classifier,complexity_without_length_correlated_features,test,200,balanced,3,A1,5753,0.977576916391448,0.0021791425380274683,0.027985398922301407,0.002882310049738619,0.9949591517469146,0.000961771312152831,CEFR accuracy within actual course level; not level prediction
8,classifier__complexity_without_length_correlated_features,cefr,classifier,complexity_without_length_correlated_features,test,200,balanced,4,A2,10679,0.9680681711770766,0.0018034945217472718,0.03230639572993726,0.001834790712687719,0.9996254330929862,0.0001857084482598217,CEFR accuracy within actual course level; not level prediction
8,classifier__complexity_without_length_correlated_features,cefr,classifier,complexity_without_length_correlated_features,test,200,balanced,5,A2,5586,0.9720730397422127,0.0023193688591262225,0.030612244897959183,0.0026638036203910876,0.9973147153598282,0.0006910322018012769,CEFR accuracy within actual course level; not level prediction
8,classifier__complexity_without_length_correlated_features,cefr,classifier,complexity_without_length_correlated_features,test,200,balanced,6,A2,3251,0.8951091971701015,0.006413807833728931,0.1131959397108582,0.007263119720738329,0.9920024607812981,0.0015754683097677666,CEFR accuracy within actual course level; not level prediction
8,classifier__complexity_without_length_correlated_features,cefr,classifier,complexity_without_length_correlated_features,test,200,balanced,7,B1,5602,0.955730096394145,0.0029712976394939993,0.047661549446626206,0.00331379992329698,0.9966083541592289,0.0008271245454897321,CEFR accuracy within actual course level; not level prediction
8,classifier__complexity_without_length_correlated_features,cefr,classifier,complexity_without_length_correlated_features,test,200,balanced,8,B1,2148,0.925512104283054,0.005871101109047317,0.08426443202979515,0.007149660806675142,0.9902234636871509,0.002380777037620465,CEFR accuracy within actual course level; not level prediction
8,classifier__complexity_without_length_correlated_features,cefr,classifier,complexity_without_length_correlated_features,test,200,balanced,9,B1,1561,0.9115951313260731,0.007736166042666446,0.10890454836643178,0.010067278012447443,0.9795003203074952,0.003668575799061315,CEFR accuracy within actual course level; not level prediction
8,classifier__complexity_without_length_correlated_features,cefr,classifier,complexity_without_length_correlated_features,test,200,balanced,10,B2,1680,0.9404761904761905,0.007893619045379,0.07023809523809524,0.00961742685977121,0.9904761904761905,0.0025152138581892598,CEFR accuracy within actual course level; not level prediction
8,classifier__complexity_without_length_correlated_features,cefr,classifier,complexity_without_length_correlated_features,test,200,balanced,11,B2,800,0.8875,0.012203260133136457,0.1275,0.01424411154041892,0.985,0.004354136983817605,CEFR accuracy within actual course level; not level prediction
8,classifier__complexity_without_length_correlated_features,cefr,classifier,complexity_without_length_correlated_features,test,200,balanced,12,B2,338,0.8994082840236687,0.0189536052688681,0.11834319526627218,0.0250728270325821,0.9822485207100592,0.00862585987638699,CEFR accuracy within actual course level; not level prediction
8,classifier__complexity_without_length_correlated_features,cefr,classifier,complexity_without_length_correlated_features,test,200,balanced,13,C1,416,0.9350961538461539,0.015744038685280366,0.10096153846153846,0.029724700116258974,0.96875,0.011336100689390954,CEFR accuracy within actual course level; not level prediction
8,classifier__complexity_without_length_correlated_features,cefr,classifier,complexity_without_length_correlated_features,test,200,balanced,14,C1,107,0.8878504672897196,0.03423515401164466,0.14953271028037382,0.04726538434188241,0.9626168224299065,0.017356795177916644,CEFR accuracy within actual course level; not level prediction
8,classifier__complexity_without_length_correlated_features,cefr,classifier,complexity_without_length_correlated_features,test,200,balanced,15,C1,54,0.8333333333333334,0.05189933443865679,0.16666666666666666,0.0518993344386568,1.0,0.0,CEFR accuracy within actual course level; not level prediction
9,classifier__combined_without_duplicate_features,cefr,classifier,combined_without_duplicate_features,validation,200,balanced,1,A1,14555,0.990450017176228,0.0008363782427107009,0.011954654757815184,0.0011131971451662779,0.9978014428031604,0.0003915701800766313,CEFR accuracy within actual course level; not level prediction
9,classifier__combined_without_duplicate_features,cefr,classifier,combined_without_duplicate_features,validation,200,balanced,2,A1,8691,0.9705442411690254,0.0020166064195167523,0.03624439074905074,0.002647415951808269,0.9935565527557243,0.0008943067062833718,CEFR accuracy within actual course level; not level prediction
9,classifier__combined_without_duplicate_features,cefr,classifier,combined_without_duplicate_features,validation,200,balanced,3,A1,5579,0.9844058074923822,0.0018330175902752013,0.019179064348449543,0.002376383249057394,0.9967736153432515,0.0008035654083015044,CEFR accuracy within actual course level; not level prediction
9,classifier__combined_without_duplicate_features,cefr,classifier,combined_without_duplicate_features,validation,200,balanced,4,A2,10488,0.969488939740656,0.00175079104017378,0.030892448512585814,0.0017801229952217623,0.9996186117467581,0.00019066923610639404,CEFR accuracy within actual course level; not level prediction
9,classifier__combined_without_duplicate_features,cefr,classifier,combined_without_duplicate_features,validation,200,balanced,5,A2,5417,0.9680635037843826,0.0027388850028561345,0.03544397267860439,0.0031296868865653103,0.9964925235370131,0.000802467062576344,CEFR accuracy within actual course level; not level prediction
9,classifier__combined_without_duplicate_features,cefr,classifier,combined_without_duplicate_features,validation,200,balanced,6,A2,3048,0.9087926509186351,0.005791606815514229,0.09940944881889764,0.006381543534813126,0.9921259842519685,0.0015826503758418272,CEFR accuracy within actual course level; not level prediction
9,classifier__combined_without_duplicate_features,cefr,classifier,combined_without_duplicate_features,validation,200,balanced,7,B1,5709,0.9565598178314941,0.0027184860744969047,0.04536696444210895,0.0029011723434413487,0.9980732177263969,0.0005780667223839229,CEFR accuracy within actual course level; not level prediction
9,classifier__combined_without_duplicate_features,cefr,classifier,combined_without_duplicate_features,validation,200,balanced,8,B1,2154,0.9173630454967502,0.006486446664669034,0.0905292479108635,0.007493484921956101,0.9921077065923862,0.00200094736466897,CEFR accuracy within actual course level; not level prediction
9,classifier__combined_without_duplicate_features,cefr,classifier,combined_without_duplicate_features,validation,200,balanced,9,B1,1280,0.92421875,0.007433131129666438,0.09375,0.009819339698733666,0.98203125,0.0038526561098947113,CEFR accuracy within actual course level; not level prediction
9,classifier__combined_without_duplicate_features,cefr,classifier,combined_without_duplicate_features,validation,200,balanced,10,B2,1468,0.9434604904632152,0.006661977540447396,0.06198910081743869,0.007677265016935718,0.9952316076294278,0.0020331148429651273,CEFR accuracy within actual course level; not level prediction
9,classifier__combined_without_duplicate_features,cefr,classifier,combined_without_duplicate_features,validation,200,balanced,11,B2,699,0.8726752503576538,0.013650145982219287,0.1402002861230329,0.015533386481923145,0.9871244635193133,0.004370533854105872,CEFR accuracy within actual course level; not level prediction
9,classifier__combined_without_duplicate_features,cefr,classifier,combined_without_duplicate_features,validation,200,balanced,12,B2,379,0.8786279683377308,0.01894199070644701,0.14511873350923482,0.024673849975793197,0.978891820580475,0.007903001343495504,CEFR accuracy within actual course level; not level prediction
9,classifier__combined_without_duplicate_features,cefr,classifier,combined_without_duplicate_features,validation,200,balanced,13,C1,495,0.9232323232323232,0.012082938362684962,0.10505050505050505,0.01812705909047272,0.9737373737373738,0.008074332888307622,CEFR accuracy within actual course level; not level prediction
9,classifier__combined_without_duplicate_features,cefr,classifier,combined_without_duplicate_features,validation,200,balanced,14,C1,186,0.8655913978494624,0.02642668004239463,0.13978494623655913,0.02791476852763824,0.9946236559139785,0.005257660683421247,CEFR accuracy within actual course level; not level prediction
9,classifier__combined_without_duplicate_features,cefr,classifier,combined_without_duplicate_features,validation,200,balanced,15,C1,82,0.8658536585365854,0.030274075903012627,0.13414634146341464,0.030274075903012627,1.0,0.0,CEFR accuracy within actual course level; not level prediction
9,classifier__combined_without_duplicate_features,cefr,classifier,combined_without_duplicate_features,test,200,balanced,1,A1,14613,0.9893245740094436,0.0008488273292496436,0.012249367001984535,0.0010217546482581231,0.9984260589885718,0.0003335735979429563,CEFR accuracy within actual course level; not level prediction
9,classifier__combined_without_duplicate_features,cefr,classifier,combined_without_duplicate_features,test,200,balanced,2,A1,8492,0.9737399905793688,0.0018587172249552313,0.03120584079133302,0.0023281240872276955,0.9955252001884126,0.000750149265069247,CEFR accuracy within actual course level; not level prediction
9,classifier__combined_without_duplicate_features,cefr,classifier,combined_without_duplicate_features,test,200,balanced,3,A1,5753,0.9793151399269946,0.002140905912932342,0.02676864244741874,0.0030051786017191782,0.99478532939336,0.0010094769140520708,CEFR accuracy within actual course level; not level prediction
9,classifier__combined_without_duplicate_features,cefr,classifier,combined_without_duplicate_features,test,200,balanced,4,A2,10679,0.967319037363049,0.0018442118939503188,0.03314917127071823,0.0018756012337240845,0.9995317913662328,0.00020288018594750762,CEFR accuracy within actual course level; not level prediction
9,classifier__combined_without_duplicate_features,cefr,classifier,combined_without_duplicate_features,test,200,balanced,5,A2,5586,0.9709989258861439,0.002323090704784988,0.03168635875402793,0.002630500657141422,0.9973147153598282,0.0006921845952257014,CEFR accuracy within actual course level; not level prediction
9,classifier__combined_without_duplicate_features,cefr,classifier,combined_without_duplicate_features,test,200,balanced,6,A2,3251,0.8904952322362351,0.0064218676947389855,0.11996308828052907,0.007288879985013192,0.9901568748077515,0.001769409762282326,CEFR accuracy within actual course level; not level prediction
9,classifier__combined_without_duplicate_features,cefr,classifier,combined_without_duplicate_features,test,200,balanced,7,B1,5602,0.9546590503391645,0.0029900219222606145,0.048375580149946446,0.003304174653771288,0.996965369510889,0.000747948352274471,CEFR accuracy within actual course level; not level prediction
9,classifier__combined_without_duplicate_features,cefr,classifier,combined_without_duplicate_features,test,200,balanced,8,B1,2148,0.925512104283054,0.006035214080511115,0.08472998137802606,0.00737152457968512,0.9897579143389199,0.0022360249341864067,CEFR accuracy within actual course level; not level prediction
9,classifier__combined_without_duplicate_features,cefr,classifier,combined_without_duplicate_features,test,200,balanced,9,B1,1561,0.9147982062780269,0.00730629847844717,0.10442024343369635,0.009259819087530662,0.9807815502882767,0.003411246278323214,CEFR accuracy within actual course level; not level prediction
9,classifier__combined_without_duplicate_features,cefr,classifier,combined_without_duplicate_features,test,200,balanced,10,B2,1680,0.9422619047619047,0.007808639388217293,0.07023809523809524,0.009779873953018419,0.9892857142857143,0.0026482558730865262,CEFR accuracy within actual course level; not level prediction
9,classifier__combined_without_duplicate_features,cefr,classifier,combined_without_duplicate_features,test,200,balanced,11,B2,800,0.895,0.011432301424658465,0.11625,0.013336400903791013,0.99,0.00350780596465407,CEFR accuracy within actual course level; not level prediction
9,classifier__combined_without_duplicate_features,cefr,classifier,combined_without_duplicate_features,test,200,balanced,12,B2,338,0.8905325443786982,0.020092704518013225,0.1301775147928994,0.025712276784335606,0.9792899408284024,0.009072734999798377,CEFR accuracy within actual course level; not level prediction
9,classifier__combined_without_duplicate_features,cefr,classifier,combined_without_duplicate_features,test,200,balanced,13,C1,416,0.9519230769230769,0.010778312432849877,0.06490384615384616,0.015479249761269796,0.9831730769230769,0.006271086424191888,CEFR accuracy within actual course level; not level prediction
9,classifier__combined_without_duplicate_features,cefr,classifier,combined_without_duplicate_features,test,200,balanced,14,C1,107,0.8878504672897196,0.03160573385136459,0.14018691588785046,0.04324665267244411,0.9719626168224299,0.015300312889599143,CEFR accuracy within actual course level; not level prediction
9,classifier__combined_without_duplicate_features,cefr,classifier,combined_without_duplicate_features,test,200,balanced,15,C1,54,0.8148148148148148,0.06479814751930599,0.18518518518518517,0.06479814751930599,1.0,0.0,CEFR accuracy within actual course level; not level prediction
10,classifier__combined_without_length_correlated_and_duplicate_features,cefr,classifier,combined_without_length_correlated_and_duplicate_features,validation,200,balanced,1,A1,14555,0.9889385091034009,0.0008812138546258588,0.014221916867055994,0.0012121749830811186,0.9969769838543456,0.00046101751018290496,CEFR accuracy within actual course level; not level prediction
10,classifier__combined_without_length_correlated_and_duplicate_features,cefr,classifier,combined_without_length_correlated_and_duplicate_features,validation,200,balanced,2,A1,8691,0.970199056495225,0.002051859360235858,0.03739500632838569,0.002741905528703173,0.9929812449660569,0.0009203775434246653,CEFR accuracy within actual course level; not level prediction
10,classifier__combined_without_length_correlated_and_duplicate_features,cefr,classifier,combined_without_length_correlated_and_duplicate_features,validation,200,balanced,3,A1,5579,0.9829718587560494,0.0018803321772953789,0.02061301308478222,0.002389825072729429,0.9967736153432515,0.0008002552715576228,CEFR accuracy within actual course level; not level prediction
10,classifier__combined_without_length_correlated_and_duplicate_features,cefr,classifier,combined_without_length_correlated_and_duplicate_features,validation,200,balanced,4,A2,10488,0.9692982456140351,0.0017680805027808538,0.031083142639206713,0.0018031192620811122,0.9996186117467581,0.00019136761713814694,CEFR accuracy within actual course level; not level prediction
10,classifier__combined_without_length_correlated_and_duplicate_features,cefr,classifier,combined_without_length_correlated_and_duplicate_features,validation,200,balanced,5,A2,5417,0.9678788997600147,0.002651839376440842,0.03673620084917851,0.003093778639690673,0.9953848993908068,0.000913765982712724,CEFR accuracy within actual course level; not level prediction
10,classifier__combined_without_length_correlated_and_duplicate_features,cefr,classifier,combined_without_length_correlated_and_duplicate_features,validation,200,balanced,6,A2,3048,0.9032152230971129,0.005741410875037593,0.10662729658792651,0.00648333805030881,0.9908136482939632,0.0017048782002895518,CEFR accuracy within actual course level; not level prediction
10,classifier__combined_without_length_correlated_and_duplicate_features,cefr,classifier,combined_without_length_correlated_and_duplicate_features,validation,200,balanced,7,B1,5709,0.95515852163251,0.002743427150966877,0.04694342266596602,0.002935873810385213,0.9978980557015239,0.0006020250296133811,CEFR accuracy within actual course level; not level prediction
10,classifier__combined_without_length_correlated_and_duplicate_features,cefr,classifier,combined_without_length_correlated_and_duplicate_features,validation,200,balanced,8,B1,2154,0.9178272980501393,0.006338534483492239,0.0905292479108635,0.0072390174829073724,0.9916434540389972,0.0019501789238774744,CEFR accuracy within actual course level; not level prediction
10,classifier__combined_without_length_correlated_and_duplicate_features,cefr,classifier,combined_without_length_correlated_and_duplicate_features,validation,200,balanced,9,B1,1280,0.91640625,0.007561119527421877,0.10390625,0.010061289640161038,0.9796875,0.003975808080628312,CEFR accuracy within actual course level; not level prediction
10,classifier__combined_without_length_correlated_and_duplicate_features,cefr,classifier,combined_without_length_correlated_and_duplicate_features,validation,200,balanced,10,B2,1468,0.9427792915531336,0.006614655418869932,0.06403269754768393,0.008179481617058395,0.9945504087193461,0.0021376931789780676,CEFR accuracy within actual course level; not level prediction
10,classifier__combined_without_length_correlated_and_duplicate_features,cefr,classifier,combined_without_length_correlated_and_duplicate_features,validation,200,balanced,11,B2,699,0.8812589413447782,0.014342046020156709,0.13304721030042918,0.016742218098422357,0.9856938483547926,0.004435435811475901,CEFR accuracy within actual course level; not level prediction
10,classifier__combined_without_length_correlated_and_duplicate_features,cefr,classifier,combined_without_length_correlated_and_duplicate_features,validation,200,balanced,12,B2,379,0.8733509234828496,0.019181103561083573,0.15303430079155672,0.02527784393668148,0.9762532981530343,0.008333432766573574,CEFR accuracy within actual course level; not level prediction
10,classifier__combined_without_length_correlated_and_duplicate_features,cefr,classifier,combined_without_length_correlated_and_duplicate_features,validation,200,balanced,13,C1,495,0.9151515151515152,0.012693616443412385,0.11313131313131314,0.01864186796639558,0.9737373737373738,0.007886538518213995,CEFR accuracy within actual course level; not level prediction
10,classifier__combined_without_length_correlated_and_duplicate_features,cefr,classifier,combined_without_length_correlated_and_duplicate_features,validation,200,balanced,14,C1,186,0.8602150537634409,0.023271466616733846,0.15053763440860216,0.025323497879359325,0.989247311827957,0.00733675489429474,CEFR accuracy within actual course level; not level prediction
10,classifier__combined_without_length_correlated_and_duplicate_features,cefr,classifier,combined_without_length_correlated_and_duplicate_features,validation,200,balanced,15,C1,82,0.8536585365853658,0.03311611674632626,0.15853658536585366,0.034490605019459164,0.9878048780487805,0.01107527303659871,CEFR accuracy within actual course level; not level prediction
10,classifier__combined_without_length_correlated_and_duplicate_features,cefr,classifier,combined_without_length_correlated_and_duplicate_features,test,200,balanced,1,A1,14613,0.9891877095736673,0.0008592983651498998,0.012796824745089988,0.0010689420519522112,0.9980154656812428,0.0003680422437302463,CEFR accuracy within actual course level; not level prediction
10,classifier__combined_without_length_correlated_and_duplicate_features,cefr,classifier,combined_without_length_correlated_and_duplicate_features,test,200,balanced,2,A1,8492,0.9717381064531324,0.00190458761196505,0.0341497880357984,0.0024399305590438237,0.9949364107395196,0.000778847491437221,CEFR accuracy within actual course level; not level prediction
10,classifier__combined_without_length_correlated_and_duplicate_features,cefr,classifier,combined_without_length_correlated_and_duplicate_features,test,200,balanced,3,A1,5753,0.9791413175734399,0.002166249898511362,0.02729010950808274,0.0029766114482952604,0.9944376846862506,0.0009960731361005847,CEFR accuracy within actual course level; not level prediction
10,classifier__combined_without_length_correlated_and_duplicate_features,cefr,classifier,combined_without_length_correlated_and_duplicate_features,test,200,balanced,4,A2,10679,0.9661953366420076,0.0018622506924113457,0.034272871991759525,0.0018935603893128724,0.9995317913662328,0.00020288018594750762,CEFR accuracy within actual course level; not level prediction
10,classifier__combined_without_length_correlated_and_duplicate_features,cefr,classifier,combined_without_length_correlated_and_duplicate_features,test,200,balanced,5,A2,5586,0.968671679197995,0.00247744020479733,0.03580379520229144,0.0029280976689524734,0.9958825635517364,0.0008596234462633416,CEFR accuracy within actual course level; not level prediction
10,classifier__combined_without_length_correlated_and_duplicate_features,cefr,classifier,combined_without_length_correlated_and_duplicate_features,test,200,balanced,6,A2,3251,0.8895724392494617,0.006422921680189615,0.1233466625653645,0.007435287401016399,0.9876960935096893,0.001897369121743401,CEFR accuracy within actual course level; not level prediction
10,classifier__combined_without_length_correlated_and_duplicate_features,cefr,classifier,combined_without_length_correlated_and_duplicate_features,test,200,balanced,7,B1,5602,0.9546590503391645,0.0029675237592626364,0.048018564798286326,0.0032511850770424217,0.9973223848625491,0.0007504367642279058,CEFR accuracy within actual course level; not level prediction
10,classifier__combined_without_length_correlated_and_duplicate_features,cefr,classifier,combined_without_length_correlated_and_duplicate_features,test,200,balanced,8,B1,2148,0.9264432029795159,0.0057923230561678545,0.08659217877094973,0.007237962247434191,0.9869646182495344,0.002455503924081958,CEFR accuracy within actual course level; not level prediction
10,classifier__combined_without_length_correlated_and_duplicate_features,cefr,classifier,combined_without_length_correlated_and_duplicate_features,test,200,balanced,9,B1,1561,0.9115951313260731,0.007745139227168377,0.11018577834721333,0.01041042254718746,0.9782190903267136,0.003911761551808288,CEFR accuracy within actual course level; not level prediction
10,classifier__combined_without_length_correlated_and_duplicate_features,cefr,classifier,combined_without_length_correlated_and_duplicate_features,test,200,balanced,10,B2,1680,0.9434523809523809,0.007800669344786469,0.06904761904761905,0.009847022261169569,0.9898809523809524,0.002602649373949162,CEFR accuracy within actual course level; not level prediction
10,classifier__combined_without_length_correlated_and_duplicate_features,cefr,classifier,combined_without_length_correlated_and_duplicate_features,test,200,balanced,11,B2,800,0.88375,0.012189262968439234,0.12625,0.01379490654250661,0.99125,0.0032505269079793515,CEFR accuracy within actual course level; not level prediction
10,classifier__combined_without_length_correlated_and_duplicate_features,cefr,classifier,combined_without_length_correlated_and_duplicate_features,test,200,balanced,12,B2,338,0.8905325443786982,0.019505350363072754,0.1301775147928994,0.0252758217517401,0.9792899408284024,0.009072734999798377,CEFR accuracy within actual course level; not level prediction
10,classifier__combined_without_length_correlated_and_duplicate_features,cefr,classifier,combined_without_length_correlated_and_duplicate_features,test,200,balanced,13,C1,416,0.9375,0.013205060062826502,0.09134615384615384,0.021443557657497593,0.9735576923076923,0.008228469103048993,CEFR accuracy within actual course level; not level prediction
10,classifier__combined_without_length_correlated_and_duplicate_features,cefr,classifier,combined_without_length_correlated_and_duplicate_features,test,200,balanced,14,C1,107,0.8785046728971962,0.03201664736105168,0.16822429906542055,0.048397079756460085,0.9532710280373832,0.02008270269964704,CEFR accuracy within actual course level; not level prediction
10,classifier__combined_without_length_correlated_and_duplicate_features,cefr,classifier,combined_without_length_correlated_and_duplicate_features,test,200,balanced,15,C1,54,0.8518518518518519,0.04863350379238821,0.14814814814814814,0.04863350379238821,1.0,0.0,CEFR accuracy within actual course level; not level prediction
11,classifier__training_mutual_information_features,cefr,classifier,training_mutual_information_features,validation,200,balanced,1,A1,14555,0.979388526279629,0.0011964727525126386,0.024733768464445208,0.0015179245963483857,0.9960151150807283,0.0005227810109938325,CEFR accuracy within actual course level; not level prediction
11,classifier__training_mutual_information_features,cefr,classifier,training_mutual_information_features,validation,200,balanced,2,A1,8691,0.918306293867219,0.003349187152543015,0.09204924634679554,0.0039425587638987165,0.9911402600391209,0.0010277357929515919,CEFR accuracy within actual course level; not level prediction
11,classifier__training_mutual_information_features,cefr,classifier,training_mutual_information_features,validation,200,balanced,3,A1,5579,0.951245742964689,0.003189056708538787,0.05413156479655852,0.00371846571664179,0.9955189101989604,0.0009687608302092213,CEFR accuracy within actual course level; not level prediction
11,classifier__training_mutual_information_features,cefr,classifier,training_mutual_information_features,validation,200,balanced,4,A2,10488,0.9095156369183829,0.0029758733555524473,0.09115179252479023,0.0030090719096033383,0.9994279176201373,0.00022722697748616368,CEFR accuracy within actual course level; not level prediction
11,classifier__training_mutual_information_features,cefr,classifier,training_mutual_information_features,validation,200,balanced,5,A2,5417,0.9174820011076241,0.004143422066131752,0.09599409267122024,0.0048992161057938785,0.9870777182942588,0.0014815075697881385,CEFR accuracy within actual course level; not level prediction
11,classifier__training_mutual_information_features,cefr,classifier,training_mutual_information_features,validation,200,balanced,6,A2,3048,0.7723097112860893,0.008749884572699877,0.26148293963254593,0.010586488341143912,0.9681758530183727,0.003289748020564383,CEFR accuracy within actual course level; not level prediction
11,classifier__training_mutual_information_features,cefr,classifier,training_mutual_information_features,validation,200,balanced,7,B1,5709,0.8864950078822911,0.004540010169146038,0.12033631108775618,0.00498242900816839,0.9931686810299527,0.00109677659314327,CEFR accuracy within actual course level; not level prediction
11,classifier__training_mutual_information_features,cefr,classifier,training_mutual_information_features,validation,200,balanced,8,B1,2154,0.8119777158774373,0.01007346089616543,0.20380687093779015,0.011479358901399672,0.9842154131847726,0.0030115304881864094,CEFR accuracy within actual course level; not level prediction
11,classifier__training_mutual_information_features,cefr,classifier,training_mutual_information_features,validation,200,balanced,9,B1,1280,0.79921875,0.011619998639254593,0.26171875,0.015460344713359053,0.9390625,0.006283834515024256,CEFR accuracy within actual course level; not level prediction
11,classifier__training_mutual_information_features,cefr,classifier,training_mutual_information_features,validation,200,balanced,10,B2,1468,0.9005449591280654,0.008439877221543978,0.10626702997275204,0.009372177672271843,0.9931880108991825,0.0023846530284888728,CEFR accuracy within actual course level; not level prediction
11,classifier__training_mutual_information_features,cefr,classifier,training_mutual_information_features,validation,200,balanced,11,B2,699,0.8054363376251789,0.01655849563305406,0.20028612303290416,0.01769162555572065,0.994277539341917,0.002838319369731708,CEFR accuracy within actual course level; not level prediction
11,classifier__training_mutual_information_features,cefr,classifier,training_mutual_information_features,validation,200,balanced,12,B2,379,0.7361477572559367,0.028321424482305176,0.28232189973614774,0.0302342015123608,0.9841688654353562,0.006355436529214896,CEFR accuracy within actual course level; not level prediction
11,classifier__training_mutual_information_features,cefr,classifier,training_mutual_information_features,validation,200,balanced,13,C1,495,0.9353535353535354,0.012284270885155714,0.08888888888888889,0.018219313273679042,0.9777777777777777,0.0073912869810483115,CEFR accuracy within actual course level; not level prediction
11,classifier__training_mutual_information_features,cefr,classifier,training_mutual_information_features,validation,200,balanced,14,C1,186,0.8387096774193549,0.024141230420234836,0.1774193548387097,0.030097139207821665,0.9838709677419355,0.011353665724833943,CEFR accuracy within actual course level; not level prediction
11,classifier__training_mutual_information_features,cefr,classifier,training_mutual_information_features,validation,200,balanced,15,C1,82,0.8658536585365854,0.04992280737068302,0.14634146341463414,0.05806338305719079,0.9878048780487805,0.01185687504873946,CEFR accuracy within actual course level; not level prediction
11,classifier__training_mutual_information_features,cefr,classifier,training_mutual_information_features,test,200,balanced,1,A1,14613,0.97666461370013,0.0012435198106258677,0.02730445493738452,0.001552268576682628,0.9960993635803737,0.0005297076312015068,CEFR accuracy within actual course level; not level prediction
11,classifier__training_mutual_information_features,cefr,classifier,training_mutual_information_features,test,200,balanced,2,A1,8492,0.9213377296278851,0.0032824429153255545,0.09032030146019783,0.004061814118775257,0.9904616109279322,0.001124003178632965,CEFR accuracy within actual course level; not level prediction
11,classifier__training_mutual_information_features,cefr,classifier,training_mutual_information_features,test,200,balanced,3,A1,5753,0.9457674256909439,0.0034586849601838687,0.0624022249261255,0.00425533021059458,0.9930471058578133,0.0011669244772557158,CEFR accuracy within actual course level; not level prediction
11,classifier__training_mutual_information_features,cefr,classifier,training_mutual_information_features,test,200,balanced,4,A2,10679,0.9043917969847364,0.00318740132650001,0.09635733682929114,0.003224729010370739,0.9994381496394793,0.00023853791164861907,CEFR accuracy within actual course level; not level prediction
11,classifier__training_mutual_information_features,cefr,classifier,training_mutual_information_features,test,200,balanced,5,A2,5586,0.9151450053705693,0.004371671302245937,0.0979233798782671,0.005289486098637551,0.9876476906552094,0.0014752029604875548,CEFR accuracy within actual course level; not level prediction
11,classifier__training_mutual_information_features,cefr,classifier,training_mutual_information_features,test,200,balanced,6,A2,3251,0.7868348200553675,0.008841932685875027,0.2439249461704091,0.010855054466802112,0.9720086127345432,0.002939786872742688,CEFR accuracy within actual course level; not level prediction
11,classifier__training_mutual_information_features,cefr,classifier,training_mutual_information_features,test,200,balanced,7,B1,5602,0.8887897179578722,0.004350411474933974,0.11888611210282042,0.004786640897447597,0.9923241699393074,0.0011757856062253416,CEFR accuracy within actual course level; not level prediction
11,classifier__training_mutual_information_features,cefr,classifier,training_mutual_information_features,test,200,balanced,8,B1,2148,0.8319366852886406,0.008838207962504353,0.1824953445065177,0.009974166682747174,0.9855679702048417,0.002771880664417288,CEFR accuracy within actual course level; not level prediction
11,classifier__training_mutual_information_features,cefr,classifier,training_mutual_information_features,test,200,balanced,9,B1,1561,0.7988468930172966,0.010698150853597887,0.26393337604099937,0.014237209447864472,0.9372197309417041,0.005954905235001698,CEFR accuracy within actual course level; not level prediction
11,classifier__training_mutual_information_features,cefr,classifier,training_mutual_information_features,test,200,balanced,10,B2,1680,0.8845238095238095,0.0095785783149445,0.12916666666666668,0.011492828811031336,0.986904761904762,0.003192942966512831,CEFR accuracy within actual course level; not level prediction
11,classifier__training_mutual_information_features,cefr,classifier,training_mutual_information_features,test,200,balanced,11,B2,800,0.78875,0.014136782755760491,0.22,0.015087136344471825,0.99125,0.003332351812902986,CEFR accuracy within actual course level; not level prediction
11,classifier__training_mutual_information_features,cefr,classifier,training_mutual_information_features,test,200,balanced,12,B2,338,0.7248520710059172,0.02559442331432089,0.3076923076923077,0.0309085844868683,0.9704142011834319,0.009390545738959782,CEFR accuracy within actual course level; not level prediction
11,classifier__training_mutual_information_features,cefr,classifier,training_mutual_information_features,test,200,balanced,13,C1,416,0.9230769230769231,0.014591892466141806,0.10096153846153846,0.020605595369682084,0.9759615384615384,0.008246693075486505,CEFR accuracy within actual course level; not level prediction
11,classifier__training_mutual_information_features,cefr,classifier,training_mutual_information_features,test,200,balanced,14,C1,107,0.8411214953271028,0.02667727714429653,0.1588785046728972,0.02667727714429653,1.0,0.0,CEFR accuracy within actual course level; not level prediction
11,classifier__training_mutual_information_features,cefr,classifier,training_mutual_information_features,test,200,balanced,15,C1,54,0.7407407407407407,0.06603007179128396,0.25925925925925924,0.06603007179128398,1.0,0.0,CEFR accuracy within actual course level; not level prediction
12,classifier__training_information_gain_features,cefr,classifier,training_information_gain_features,validation,200,balanced,1,A1,14555,0.9803503950532463,0.00116083909239801,0.023153555479216763,0.001445498981978293,0.9966334592923394,0.0004792177051682362,CEFR accuracy within actual course level; not level prediction
12,classifier__training_information_gain_features,cefr,classifier,training_information_gain_features,validation,200,balanced,2,A1,8691,0.9007018755033943,0.003771080191226232,0.11045909561615465,0.004394598759371035,0.990219767575653,0.0010911234236051107,CEFR accuracy within actual course level; not level prediction
12,classifier__training_information_gain_features,cefr,classifier,training_information_gain_features,validation,200,balanced,3,A1,5579,0.9480193583079405,0.0034182825102036783,0.05771643663739021,0.003929285820790396,0.9949811794228356,0.0010229646321763745,CEFR accuracy within actual course level; not level prediction
12,classifier__training_information_gain_features,cefr,classifier,training_information_gain_features,validation,200,balanced,4,A2,10488,0.9098016781083142,0.00304002287379432,0.09086575133485889,0.0030707800228652435,0.9993325705568269,0.00024847154072739027,CEFR accuracy within actual course level; not level prediction
12,classifier__training_information_gain_features,cefr,classifier,training_information_gain_features,validation,200,balanced,5,A2,5417,0.8977293705002769,0.004622103112904002,0.11814657559534798,0.005512305562953955,0.9854162820749492,0.001613608168179427,CEFR accuracy within actual course level; not level prediction
12,classifier__training_information_gain_features,cefr,classifier,training_information_gain_features,validation,200,balanced,6,A2,3048,0.7696850393700787,0.009090511548439963,0.2631233595800525,0.011004547157065739,0.9688320209973753,0.0033396412592774827,CEFR accuracy within actual course level; not level prediction
12,classifier__training_information_gain_features,cefr,classifier,training_information_gain_features,validation,200,balanced,7,B1,5709,0.8891224382553863,0.004547232995777298,0.12051147311262918,0.005104143117993889,0.9903660886319846,0.0013417393570981538,CEFR accuracy within actual course level; not level prediction
12,classifier__training_information_gain_features,cefr,classifier,training_information_gain_features,validation,200,balanced,8,B1,2154,0.8119777158774373,0.009961494145765576,0.20334261838440112,0.01130700293954717,0.9846796657381616,0.0027934379803580306,CEFR accuracy within actual course level; not level prediction
12,classifier__training_information_gain_features,cefr,classifier,training_information_gain_features,validation,200,balanced,9,B1,1280,0.78359375,0.011686494331254257,0.27265625,0.015302590287028166,0.94375,0.0061988417857095565,CEFR accuracy within actual course level; not level prediction
12,classifier__training_information_gain_features,cefr,classifier,training_information_gain_features,validation,200,balanced,10,B2,1468,0.8903269754768393,0.008811867649656486,0.11989100817438691,0.010167511814575392,0.9904632152588556,0.0026834554143717964,CEFR accuracy within actual course level; not level prediction
12,classifier__training_information_gain_features,cefr,classifier,training_information_gain_features,validation,200,balanced,11,B2,699,0.8025751072961373,0.01755540681720673,0.2017167381974249,0.018069501295402326,0.9957081545064378,0.0025259286424539986,CEFR accuracy within actual course level; not level prediction
12,classifier__training_information_gain_features,cefr,classifier,training_information_gain_features,validation,200,balanced,12,B2,379,0.6912928759894459,0.0290441059463474,0.32717678100263853,0.031009732658810886,0.9841688654353562,0.006390559147501842,CEFR accuracy within actual course level; not level prediction
12,classifier__training_information_gain_features,cefr,classifier,training_information_gain_features,validation,200,balanced,13,C1,495,0.9212121212121213,0.013116718969852408,0.10101010101010101,0.018332983182249143,0.9777777777777777,0.0073675497474672,CEFR accuracy within actual course level; not level prediction
12,classifier__training_information_gain_features,cefr,classifier,training_information_gain_features,validation,200,balanced,14,C1,186,0.8548387096774194,0.022827556047923015,0.14516129032258066,0.022827556047923015,1.0,0.0,CEFR accuracy within actual course level; not level prediction
12,classifier__training_information_gain_features,cefr,classifier,training_information_gain_features,validation,200,balanced,15,C1,82,0.8292682926829268,0.0452992590632449,0.17073170731707318,0.045299259063244904,1.0,0.0,CEFR accuracy within actual course level; not level prediction
12,classifier__training_information_gain_features,cefr,classifier,training_information_gain_features,test,200,balanced,1,A1,14613,0.97892287689044,0.0012032057673945194,0.024840895093409976,0.001498207382337859,0.99623622801615,0.000514233042245037,CEFR accuracy within actual course level; not level prediction
12,classifier__training_information_gain_features,cefr,classifier,training_information_gain_features,test,200,balanced,2,A1,8492,0.9035562882713142,0.0035916643304141484,0.10739519547809703,0.004279115588585973,0.9905793688177108,0.001106986047939376,CEFR accuracy within actual course level; not level prediction
12,classifier__training_information_gain_features,cefr,classifier,training_information_gain_features,test,200,balanced,3,A1,5753,0.9424648009734051,0.003596276043328283,0.06466191552233617,0.0043051186616219796,0.9940900399791414,0.0011232664520529302,CEFR accuracy within actual course level; not level prediction
12,classifier__training_information_gain_features,cefr,classifier,training_information_gain_features,test,200,balanced,4,A2,10679,0.9055154977057777,0.0031272836531121427,0.09523363610824984,0.0031638167658335843,0.9992508661859725,0.0002601983005520621,CEFR accuracy within actual course level; not level prediction
12,classifier__training_information_gain_features,cefr,classifier,training_information_gain_features,test,200,balanced,5,A2,5586,0.8979591836734694,0.004483288104177709,0.11600429645542427,0.005325346244356376,0.9872896527031866,0.0014571549811666143,CEFR accuracy within actual course level; not level prediction
12,classifier__training_information_gain_features,cefr,classifier,training_information_gain_features,test,200,balanced,6,A2,3251,0.7763764995386035,0.008781526480071581,0.2543832666871732,0.01069070677966003,0.9710858197477699,0.002934184219296808,CEFR accuracy within actual course level; not level prediction
12,classifier__training_information_gain_features,cefr,classifier,training_information_gain_features,test,200,balanced,7,B1,5602,0.8843270260621207,0.004392713853139097,0.12299178864691182,0.004806076198638001,0.9926811852909675,0.0011549631779863027,CEFR accuracy within actual course level; not level prediction
12,classifier__training_information_gain_features,cefr,classifier,training_information_gain_features,test,200,balanced,8,B1,2148,0.8305400372439479,0.00897700617415829,0.18482309124767227,0.010150824912001432,0.9846368715083799,0.002690750325702474,CEFR accuracy within actual course level; not level prediction
12,classifier__training_information_gain_features,cefr,classifier,training_information_gain_features,test,200,balanced,9,B1,1561,0.7841127482383088,0.01124483651698573,0.2696989109545163,0.014453051876780556,0.9461883408071748,0.005579386254792569,CEFR accuracy within actual course level; not level prediction
12,classifier__training_information_gain_features,cefr,classifier,training_information_gain_features,test,200,balanced,10,B2,1680,0.8672619047619048,0.009760442261482264,0.14523809523809525,0.011219991619003155,0.9880952380952381,0.0027828688434586926,CEFR accuracy within actual course level; not level prediction
12,classifier__training_information_gain_features,cefr,classifier,training_information_gain_features,test,200,balanced,11,B2,800,0.7875,0.014295483017451848,0.21875,0.015116051732798947,0.99375,0.0027946338005586974,CEFR accuracy within actual course level; not level prediction
12,classifier__training_information_gain_features,cefr,classifier,training_information_gain_features,test,200,balanced,12,B2,338,0.7071005917159763,0.027348134150738605,0.3165680473372781,0.03200126998864236,0.9792899408284024,0.007923643275905359,CEFR accuracy within actual course level; not level prediction
12,classifier__training_information_gain_features,cefr,classifier,training_information_gain_features,test,200,balanced,13,C1,416,0.9302884615384616,0.014047329732816709,0.0889423076923077,0.018611421664973645,0.9807692307692307,0.006851637909889918,CEFR accuracy within actual course level; not level prediction
12,classifier__training_information_gain_features,cefr,classifier,training_information_gain_features,test,200,balanced,14,C1,107,0.8785046728971962,0.026229814906119163,0.1308411214953271,0.0308781774485435,0.9906542056074766,0.010046588871128333,CEFR accuracy within actual course level; not level prediction
12,classifier__training_information_gain_features,cefr,classifier,training_information_gain_features,test,200,balanced,15,C1,54,0.7592592592592593,0.06591338266333482,0.24074074074074073,0.06591338266333482,1.0,0.0,CEFR accuracy within actual course level; not level prediction
13,classifier__polke,cefr,classifier,polke,validation,200,balanced,1,A1,14555,0.9813809687392648,0.0011573193045467626,0.02136722775678461,0.0013956714418314423,0.9975953280659567,0.00039561474324612466,CEFR accuracy within actual course level; not level prediction
13,classifier__polke,cefr,classifier,polke,validation,200,balanced,2,A1,8691,0.9181912323092855,0.00337958308504493,0.09331492348406398,0.004038566722730869,0.9891842135542516,0.0011219294384904066,CEFR accuracy within actual course level; not level prediction
13,classifier__polke,cefr,classifier,polke,validation,200,balanced,3,A1,5579,0.9548306148055207,0.003011356316881897,0.05126366732389317,0.0036239883420571216,0.9942642050546693,0.001069467326086977,CEFR accuracy within actual course level; not level prediction
13,classifier__polke,cefr,classifier,polke,validation,200,balanced,4,A2,10488,0.919908466819222,0.00278626731680713,0.08257055682684973,0.002932334364568418,0.9981884057971014,0.00043157850970031603,CEFR accuracy within actual course level; not level prediction
13,classifier__polke,cefr,classifier,polke,validation,200,balanced,5,A2,5417,0.9187742292781983,0.004175871547525183,0.09525567657374931,0.005083253218952232,0.9870777182942588,0.0015298175988169903,CEFR accuracy within actual course level; not level prediction
13,classifier__polke,cefr,classifier,polke,validation,200,balanced,6,A2,3048,0.7559055118110236,0.008961150888230067,0.26410761154855644,0.010394628160648555,0.9809711286089239,0.002607914754458983,CEFR accuracy within actual course level; not level prediction
13,classifier__polke,cefr,classifier,polke,validation,200,balanced,7,B1,5709,0.8935014888772114,0.004265965966885842,0.11718339464004204,0.004923798027333941,0.9893151164827465,0.0013999079183653576,CEFR accuracy within actual course level; not level prediction
13,classifier__polke,cefr,classifier,polke,validation,200,balanced,8,B1,2154,0.8226555246053854,0.008407748071523165,0.20009285051067782,0.010477665411840498,0.9772516248839369,0.003732778106108165,CEFR accuracy within actual course level; not level prediction
13,classifier__polke,cefr,classifier,polke,validation,200,balanced,9,B1,1280,0.7671875,0.012310397099059237,0.296875,0.01648849633584141,0.9359375,0.0067915623529141355,CEFR accuracy within actual course level; not level prediction
13,classifier__polke,cefr,classifier,polke,validation,200,balanced,10,B2,1468,0.8896457765667575,0.008699460532120088,0.11716621253405994,0.009556785512126985,0.9945504087193461,0.0021607404825666286,CEFR accuracy within actual course level; not level prediction
13,classifier__polke,cefr,classifier,polke,validation,200,balanced,11,B2,699,0.7796852646638054,0.017786669779355703,0.23032904148783978,0.019007777792845595,0.9899856938483548,0.0037693313558299015,CEFR accuracy within actual course level; not level prediction
13,classifier__polke,cefr,classifier,polke,validation,200,balanced,12,B2,379,0.7467018469656992,0.024472602914328276,0.2928759894459103,0.02972898573761257,0.9656992084432717,0.008924851586851877,CEFR accuracy within actual course level; not level prediction
13,classifier__polke,cefr,classifier,polke,validation,200,balanced,13,C1,495,0.8606060606060606,0.016841274558218905,0.16565656565656567,0.021136983005801833,0.9737373737373738,0.00765990546803098,CEFR accuracy within actual course level; not level prediction
13,classifier__polke,cefr,classifier,polke,validation,200,balanced,14,C1,186,0.8172043010752689,0.02899407479240818,0.1989247311827957,0.03212072441973768,0.9838709677419355,0.00862611389297223,CEFR accuracy within actual course level; not level prediction
13,classifier__polke,cefr,classifier,polke,validation,200,balanced,15,C1,82,0.8048780487804879,0.03797843119103485,0.1951219512195122,0.03797843119103485,1.0,0.0,CEFR accuracy within actual course level; not level prediction
13,classifier__polke,cefr,classifier,polke,test,200,balanced,1,A1,14613,0.9794019024156573,0.0011865078038341078,0.023882844042975433,0.0014228453915464184,0.9967152535413673,0.0004663183728895756,CEFR accuracy within actual course level; not level prediction
13,classifier__polke,cefr,classifier,polke,test,200,balanced,2,A1,8492,0.9228685821950071,0.003176628787660641,0.08690532265661799,0.00373319174401,0.9911681582666039,0.0010770528643360992,CEFR accuracy within actual course level; not level prediction
13,classifier__polke,cefr,classifier,polke,test,200,balanced,3,A1,5753,0.9476794715800452,0.003281890535934897,0.06031635668346949,0.003975730770624531,0.9923518164435946,0.0012488917167769423,CEFR accuracy within actual course level; not level prediction
13,classifier__polke,cefr,classifier,polke,test,200,balanced,4,A2,10679,0.9126322689390393,0.0030331375954578427,0.09036426631707088,0.0032109272712829463,0.9971907481973967,0.0005378040909359242,CEFR accuracy within actual course level; not level prediction
13,classifier__polke,cefr,classifier,polke,test,200,balanced,5,A2,5586,0.9190834228428213,0.004035475876101642,0.09076262083780881,0.004664896294091099,0.9905119942713928,0.0013178218025717014,CEFR accuracy within actual course level; not level prediction
13,classifier__polke,cefr,classifier,polke,test,200,balanced,6,A2,3251,0.7702245462934482,0.008282544647691925,0.25192248538911105,0.009618788235458186,0.9806213472777607,0.002435046002116742,CEFR accuracy within actual course level; not level prediction
13,classifier__polke,cefr,classifier,polke,test,200,balanced,7,B1,5602,0.8902177793645126,0.004417129341658527,0.11924312745448054,0.004938012486483395,0.9905390931810067,0.0012669818361277518,CEFR accuracy within actual course level; not level prediction
13,classifier__polke,cefr,classifier,polke,test,200,balanced,8,B1,2148,0.8500931098696461,0.008149889857983797,0.1634078212290503,0.009284287034698462,0.9864990689013036,0.0025776960206402412,CEFR accuracy within actual course level; not level prediction
13,classifier__polke,cefr,classifier,polke,test,200,balanced,9,B1,1561,0.7713004484304933,0.010459102896827254,0.2946828955797566,0.013921036418486096,0.9340166559897501,0.005822041375421469,CEFR accuracy within actual course level; not level prediction
13,classifier__polke,cefr,classifier,polke,test,200,balanced,10,B2,1680,0.8708333333333333,0.00896983169118092,0.1392857142857143,0.010164999609510252,0.9910714285714286,0.0023841449188078245,CEFR accuracy within actual course level; not level prediction
13,classifier__polke,cefr,classifier,polke,test,200,balanced,11,B2,800,0.77875,0.01553855211312409,0.235,0.016983051734317738,0.9875,0.00392528122879165,CEFR accuracy within actual course level; not level prediction
13,classifier__polke,cefr,classifier,polke,test,200,balanced,12,B2,338,0.7810650887573964,0.02349069043689701,0.2485207100591716,0.029185241778682525,0.9704142011834319,0.010156148251113838,CEFR accuracy within actual course level; not level prediction
13,classifier__polke,cefr,classifier,polke,test,200,balanced,13,C1,416,0.8846153846153846,0.01891375763656386,0.14423076923076922,0.02516859374293668,0.9711538461538461,0.00873516616234892,CEFR accuracy within actual course level; not level prediction
13,classifier__polke,cefr,classifier,polke,test,200,balanced,14,C1,107,0.7663551401869159,0.05313249192732439,0.24299065420560748,0.05931111585081007,0.9906542056074766,0.00963977447959875,CEFR accuracy within actual course level; not level prediction
13,classifier__polke,cefr,classifier,polke,test,200,balanced,15,C1,54,0.7592592592592593,0.07590341542446166,0.2777777777777778,0.09845960175069784,0.9629629629629629,0.027289731457159967,CEFR accuracy within actual course level; not level prediction
14,classifier__length_only,cefr,classifier,length_only,validation,200,balanced,1,A1,14555,0.9183098591549296,0.0021645596273198882,0.0859498454139471,0.0023549660529398643,0.9958090003435246,0.0005429884534794582,CEFR accuracy within actual course level; not level prediction
14,classifier__length_only,cefr,classifier,length_only,validation,200,balanced,2,A1,8691,0.7458290185249108,0.006170961343461346,0.2943274651938787,0.007430710029554791,0.9635254861350823,0.002010101222257905,CEFR accuracy within actual course level; not level prediction
14,classifier__length_only,cefr,classifier,length_only,validation,200,balanced,3,A1,5579,0.7524645993905718,0.006976411088981314,0.2848180677540778,0.008514192129610252,0.9655852303280158,0.002614508052220715,CEFR accuracy within actual course level; not level prediction
14,classifier__length_only,cefr,classifier,length_only,validation,200,balanced,4,A2,10488,0.7354118993135011,0.005162147620157173,0.2831807780320366,0.005746999171910117,0.9814073226544623,0.0013603052181986872,CEFR accuracy within actual course level; not level prediction
14,classifier__length_only,cefr,classifier,length_only,validation,200,balanced,5,A2,5417,0.6612516152852133,0.008501534753155987,0.38065349824626177,0.01012469722829639,0.958094886468525,0.0029769634428305856,CEFR accuracy within actual course level; not level prediction
14,classifier__length_only,cefr,classifier,length_only,validation,200,balanced,6,A2,3048,0.6620734908136483,0.01236473218338741,0.3746719160104987,0.014329003964393721,0.963254593175853,0.003654749275641834,CEFR accuracy within actual course level; not level prediction
14,classifier__length_only,cefr,classifier,length_only,validation,200,balanced,7,B1,5709,0.6065860921352251,0.007614626923900829,0.4119810825013137,0.008104666656406462,0.9814328253634612,0.0018171615058878647,CEFR accuracy within actual course level; not level prediction
14,classifier__length_only,cefr,classifier,length_only,validation,200,balanced,8,B1,2154,0.5988857938718662,0.013305264941446526,0.41318477251624885,0.014139784002316148,0.9879294336118849,0.0026374530976705684,CEFR accuracy within actual course level; not level prediction
14,classifier__length_only,cefr,classifier,length_only,validation,200,balanced,9,B1,1280,0.52578125,0.0169462972311437,0.6015625,0.019723827768230656,0.87265625,0.007108981532208287,CEFR accuracy within actual course level; not level prediction
14,classifier__length_only,cefr,classifier,length_only,validation,200,balanced,10,B2,1468,0.7554495912806539,0.012724763928688794,0.28678474114441416,0.01563587462205653,0.9604904632152589,0.0053416954803784545,CEFR accuracy within actual course level; not level prediction
14,classifier__length_only,cefr,classifier,length_only,validation,200,balanced,11,B2,699,0.7510729613733905,0.019508951293734183,0.2532188841201717,0.020206731082906673,0.9957081545064378,0.002525244086530907,CEFR accuracy within actual course level; not level prediction
14,classifier__length_only,cefr,classifier,length_only,validation,200,balanced,12,B2,379,0.6200527704485488,0.03019094658375469,0.41424802110817943,0.0344782250591473,0.9736147757255936,0.008085794376187228,CEFR accuracy within actual course level; not level prediction
14,classifier__length_only,cefr,classifier,length_only,validation,200,balanced,13,C1,495,0.8363636363636363,0.02118082965726952,0.18181818181818182,0.024463048232636276,0.9818181818181818,0.006728336189335872,CEFR accuracy within actual course level; not level prediction
14,classifier__length_only,cefr,classifier,length_only,validation,200,balanced,14,C1,186,0.8978494623655914,0.0273103752268519,0.10215053763440861,0.0273103752268519,1.0,0.0,CEFR accuracy within actual course level; not level prediction
14,classifier__length_only,cefr,classifier,length_only,validation,200,balanced,15,C1,82,0.9390243902439024,0.026248630963424203,0.06097560975609756,0.026248630963424203,1.0,0.0,CEFR accuracy within actual course level; not level prediction
14,classifier__length_only,cefr,classifier,length_only,test,200,balanced,1,A1,14613,0.9087114213371655,0.002311155752963255,0.09594196947923082,0.002481428553393692,0.9953466091836036,0.0005609565546094685,CEFR accuracy within actual course level; not level prediction
14,classifier__length_only,cefr,classifier,length_only,test,200,balanced,2,A1,8492,0.7498822421102214,0.0061629459615110274,0.28991992463495053,0.0074094979337016795,0.9633772962788507,0.001997068084490137,CEFR accuracy within actual course level; not level prediction
14,classifier__length_only,cefr,classifier,length_only,test,200,balanced,3,A1,5753,0.753519902659482,0.006650138739400026,0.2803754562836781,0.008203337974076986,0.9701025551885972,0.0024210093706541966,CEFR accuracy within actual course level; not level prediction
14,classifier__length_only,cefr,classifier,length_only,test,200,balanced,4,A2,10679,0.7256297406124169,0.005354842196397083,0.29553328963386083,0.005974928200808645,0.9788369697537223,0.0014380799534751186,CEFR accuracy within actual course level; not level prediction
14,classifier__length_only,cefr,classifier,length_only,test,200,balanced,5,A2,5586,0.6561045470819907,0.008533679202848006,0.38381668456856427,0.010075298765652474,0.960078768349445,0.002963122881228199,CEFR accuracy within actual course level; not level prediction
14,classifier__length_only,cefr,classifier,length_only,test,200,balanced,6,A2,3251,0.6659489387880652,0.011911249835749512,0.3675792063980314,0.013686692324690547,0.9664718548139034,0.0034567860118918906,CEFR accuracy within actual course level; not level prediction
14,classifier__length_only,cefr,classifier,length_only,test,200,balanced,7,B1,5602,0.6022848982506248,0.0074843700172634395,0.4150303463048911,0.00808445091395312,0.9826847554444841,0.001755876519375384,CEFR accuracy within actual course level; not level prediction
14,classifier__length_only,cefr,classifier,length_only,test,200,balanced,8,B1,2148,0.6163873370577281,0.013544943212831175,0.39711359404096835,0.014402143653582613,0.9864990689013036,0.002509151513552292,CEFR accuracy within actual course level; not level prediction
14,classifier__length_only,cefr,classifier,length_only,test,200,balanced,9,B1,1561,0.535554131966688,0.015315695881010035,0.5855221012171685,0.01724867587780123,0.8789237668161435,0.006723541093862745,CEFR accuracy within actual course level; not level prediction
14,classifier__length_only,cefr,classifier,length_only,test,200,balanced,10,B2,1680,0.7065476190476191,0.012233179897846218,0.3380952380952381,0.01514965265990468,0.9583333333333334,0.00515392227661153,CEFR accuracy within actual course level; not level prediction
14,classifier__length_only,cefr,classifier,length_only,test,200,balanced,11,B2,800,0.72125,0.018563363874356677,0.29625,0.02004219178689361,0.9825,0.004560453375535954,CEFR accuracy within actual course level; not level prediction
14,classifier__length_only,cefr,classifier,length_only,test,200,balanced,12,B2,338,0.6568047337278107,0.03053059104596541,0.363905325443787,0.0337733127878785,0.9792899408284024,0.008001474106479105,CEFR accuracy within actual course level; not level prediction
14,classifier__length_only,cefr,classifier,length_only,test,200,balanced,13,C1,416,0.8197115384615384,0.022498232941571297,0.19230769230769232,0.024492069539065756,0.9879807692307693,0.005444496279493149,CEFR accuracy within actual course level; not level prediction
14,classifier__length_only,cefr,classifier,length_only,test,200,balanced,14,C1,107,0.8785046728971962,0.038165526241195576,0.12149532710280374,0.038165526241195576,1.0,0.0,CEFR accuracy within actual course level; not level prediction
14,classifier__length_only,cefr,classifier,length_only,test,200,balanced,15,C1,54,0.9074074074074074,0.06371605757763789,0.1111111111111111,0.07231882407522579,0.9814814814814815,0.019756942633791526,CEFR accuracy within actual course level; not level prediction
15,classifier__accuracy,cefr,classifier,accuracy,validation,200,balanced,1,A1,14555,0.9273789075918928,0.002039192495790219,0.08375128821710752,0.0024748539813613485,0.989556853315012,0.0008364454837912239,CEFR accuracy within actual course level; not level prediction
15,classifier__accuracy,cefr,classifier,accuracy,validation,200,balanced,2,A1,8691,0.8072718904613968,0.0053957427791176925,0.22575077666551605,0.00668576458108514,0.9711195489586929,0.001881215082216344,CEFR accuracy within actual course level; not level prediction
15,classifier__accuracy,cefr,classifier,accuracy,validation,200,balanced,3,A1,5579,0.8022943179781323,0.006107195409560085,0.24502599032084604,0.007988527406573317,0.9542928840293959,0.0028710315067685,CEFR accuracy within actual course level; not level prediction
15,classifier__accuracy,cefr,classifier,accuracy,validation,200,balanced,4,A2,10488,0.5708428680396643,0.00511674987560676,0.4488939740655988,0.005600272526533768,0.9806445461479787,0.0014149416121564905,CEFR accuracy within actual course level; not level prediction
15,classifier__accuracy,cefr,classifier,accuracy,validation,200,balanced,5,A2,5417,0.5383053350563042,0.008201459601825464,0.496584825549197,0.009375491572199184,0.9652944434188665,0.002674366696582477,CEFR accuracy within actual course level; not level prediction
15,classifier__accuracy,cefr,classifier,accuracy,validation,200,balanced,6,A2,3048,0.5426509186351706,0.01142707828203526,0.4940944881889764,0.013073737628649414,0.963254593175853,0.0037162450736211885,CEFR accuracy within actual course level; not level prediction
15,classifier__accuracy,cefr,classifier,accuracy,validation,200,balanced,7,B1,5709,0.5190050796987213,0.007293789576563754,0.5966018567174637,0.009729732503239589,0.884393063583815,0.004358300504631582,CEFR accuracy within actual course level; not level prediction
15,classifier__accuracy,cefr,classifier,accuracy,validation,200,balanced,8,B1,2154,0.457288765088208,0.012440424549447143,0.6843082636954503,0.017457433080724744,0.8584029712163417,0.00828036235413356,CEFR accuracy within actual course level; not level prediction
15,classifier__accuracy,cefr,classifier,accuracy,validation,200,balanced,9,B1,1280,0.41640625,0.015764655690340003,0.78828125,0.02137731353899068,0.7953125,0.010614442834946815,CEFR accuracy within actual course level; not level prediction
15,classifier__accuracy,cefr,classifier,accuracy,validation,200,balanced,10,B2,1468,0.6164850136239782,0.013010675211985586,0.6137602179836512,0.023925261816494178,0.864441416893733,0.00887698872237892,CEFR accuracy within actual course level; not level prediction
15,classifier__accuracy,cefr,classifier,accuracy,validation,200,balanced,11,B2,699,0.6194563662374821,0.019577100949870033,0.5178826895565093,0.032678439530875736,0.927038626609442,0.010193150535688145,CEFR accuracy within actual course level; not level prediction
15,classifier__accuracy,cefr,classifier,accuracy,validation,200,balanced,12,B2,379,0.49076517150395776,0.030129162711572927,0.712401055408971,0.051647714028202854,0.8865435356200527,0.017191208936673183,CEFR accuracy within actual course level; not level prediction
15,classifier__accuracy,cefr,classifier,accuracy,validation,200,balanced,13,C1,495,0.7919191919191919,0.02245335960865658,0.4101010101010101,0.051208411680835106,0.9191919191919192,0.013478891452674521,CEFR accuracy within actual course level; not level prediction
15,classifier__accuracy,cefr,classifier,accuracy,validation,200,balanced,14,C1,186,0.8279569892473119,0.030110559599688388,0.44623655913978494,0.08191128063342645,0.9086021505376344,0.020311827358747852,CEFR accuracy within actual course level; not level prediction
15,classifier__accuracy,cefr,classifier,accuracy,validation,200,balanced,15,C1,82,0.8536585365853658,0.037227349138518974,0.3780487804878049,0.10535095900773195,0.9146341463414634,0.02690856685674803,CEFR accuracy within actual course level; not level prediction
15,classifier__accuracy,cefr,classifier,accuracy,test,200,balanced,1,A1,14613,0.9219872716074728,0.0021072735429144727,0.08820912885786629,0.0025014309484620535,0.9900088961883254,0.0008196236831289122,CEFR accuracy within actual course level; not level prediction
15,classifier__accuracy,cefr,classifier,accuracy,test,200,balanced,2,A1,8492,0.8081723975506359,0.0054019692416598765,0.22315120113047573,0.0066931499466360445,0.9717381064531324,0.0018966105277770716,CEFR accuracy within actual course level; not level prediction
15,classifier__accuracy,cefr,classifier,accuracy,test,200,balanced,3,A1,5753,0.8068833652007649,0.005793062382130438,0.23952720319833132,0.00786347312563136,0.9563705892577785,0.0028906372114904776,CEFR accuracy within actual course level; not level prediction
15,classifier__accuracy,cefr,classifier,accuracy,test,200,balanced,4,A2,10679,0.5483659518681524,0.005274958619550731,0.4721415862908512,0.005776045035230983,0.9798670287480101,0.001487638317846525,CEFR accuracy within actual course level; not level prediction
15,classifier__accuracy,cefr,classifier,accuracy,test,200,balanced,5,A2,5586,0.5522735409953455,0.007562755321778564,0.48621553884711777,0.008892774100008261,0.9615109201575367,0.002839552005620978,CEFR accuracy within actual course level; not level prediction
15,classifier__accuracy,cefr,classifier,accuracy,test,200,balanced,6,A2,3251,0.5601353429713934,0.010345982810945472,0.4746231928637342,0.011890862270225625,0.9655490618271301,0.003437273356406198,CEFR accuracy within actual course level; not level prediction
15,classifier__accuracy,cefr,classifier,accuracy,test,200,balanced,7,B1,5602,0.5219564441270975,0.007393678651913281,0.5838986076401286,0.009870545451128606,0.894144948232774,0.004250906837894027,CEFR accuracy within actual course level; not level prediction
15,classifier__accuracy,cefr,classifier,accuracy,test,200,balanced,8,B1,2148,0.46368715083798884,0.012266618615315762,0.680633147113594,0.016367482204386018,0.8556797020484171,0.007597778857338724,CEFR accuracy within actual course level; not level prediction
15,classifier__accuracy,cefr,classifier,accuracy,test,200,balanced,9,B1,1561,0.4349775784753363,0.013774971066832639,0.769378603459321,0.01852606126596913,0.7956438180653427,0.009067298942089772,CEFR accuracy within actual course level; not level prediction
15,classifier__accuracy,cefr,classifier,accuracy,test,200,balanced,10,B2,1680,0.5869047619047619,0.012290802876770738,0.6702380952380952,0.024226170050910767,0.85,0.009088623954716095,CEFR accuracy within actual course level; not level prediction
15,classifier__accuracy,cefr,classifier,accuracy,test,200,balanced,11,B2,800,0.58375,0.0177023443514905,0.54,0.028120022588409805,0.92875,0.00921016490668936,CEFR accuracy within actual course level; not level prediction
15,classifier__accuracy,cefr,classifier,accuracy,test,200,balanced,12,B2,338,0.5325443786982249,0.03146566770400614,0.6775147928994083,0.05330756173577371,0.8816568047337278,0.019030878476340322,CEFR accuracy within actual course level; not level prediction
15,classifier__accuracy,cefr,classifier,accuracy,test,200,balanced,13,C1,416,0.7932692307692307,0.021280548537965224,0.3701923076923077,0.048733547904160956,0.9375,0.012853248478691993,CEFR accuracy within actual course level; not level prediction
15,classifier__accuracy,cefr,classifier,accuracy,test,200,balanced,14,C1,107,0.794392523364486,0.047735468910899546,0.42990654205607476,0.12399038064393154,0.9252336448598131,0.029084509333350453,CEFR accuracy within actual course level; not level prediction
15,classifier__accuracy,cefr,classifier,accuracy,test,200,balanced,15,C1,54,0.8518518518518519,0.06287518482259931,0.3333333333333333,0.10821454505013865,0.9259259259259259,0.02973393179252924,CEFR accuracy within actual course level; not level prediction
16,classifier__majority,cefr,classifier,majority,validation,200,none,1,A1,14555,1.0,0.0,0.0,0.0,1.0,0.0,CEFR accuracy within actual course level; not level prediction
16,classifier__majority,cefr,classifier,majority,validation,200,none,2,A1,8691,1.0,0.0,0.0,0.0,1.0,0.0,CEFR accuracy within actual course level; not level prediction
16,classifier__majority,cefr,classifier,majority,validation,200,none,3,A1,5579,1.0,0.0,0.0,0.0,1.0,0.0,CEFR accuracy within actual course level; not level prediction
16,classifier__majority,cefr,classifier,majority,validation,200,none,4,A2,10488,0.0,0.0,1.0,0.0,1.0,0.0,CEFR accuracy within actual course level; not level prediction
16,classifier__majority,cefr,classifier,majority,validation,200,none,5,A2,5417,0.0,0.0,1.0,0.0,1.0,0.0,CEFR accuracy within actual course level; not level prediction
16,classifier__majority,cefr,classifier,majority,validation,200,none,6,A2,3048,0.0,0.0,1.0,0.0,1.0,0.0,CEFR accuracy within actual course level; not level prediction
16,classifier__majority,cefr,classifier,majority,validation,200,none,7,B1,5709,0.0,0.0,2.0,0.0,0.0,0.0,CEFR accuracy within actual course level; not level prediction
16,classifier__majority,cefr,classifier,majority,validation,200,none,8,B1,2154,0.0,0.0,2.0,0.0,0.0,0.0,CEFR accuracy within actual course level; not level prediction
16,classifier__majority,cefr,classifier,majority,validation,200,none,9,B1,1280,0.0,0.0,2.0,0.0,0.0,0.0,CEFR accuracy within actual course level; not level prediction
16,classifier__majority,cefr,classifier,majority,validation,200,none,10,B2,1468,0.0,0.0,3.0,0.0,0.0,0.0,CEFR accuracy within actual course level; not level prediction
16,classifier__majority,cefr,classifier,majority,validation,200,none,11,B2,699,0.0,0.0,3.0,0.0,0.0,0.0,CEFR accuracy within actual course level; not level prediction
16,classifier__majority,cefr,classifier,majority,validation,200,none,12,B2,379,0.0,0.0,3.0,0.0,0.0,0.0,CEFR accuracy within actual course level; not level prediction
16,classifier__majority,cefr,classifier,majority,validation,200,none,13,C1,495,0.0,0.0,4.0,0.0,0.0,0.0,CEFR accuracy within actual course level; not level prediction
16,classifier__majority,cefr,classifier,majority,validation,200,none,14,C1,186,0.0,0.0,4.0,0.0,0.0,0.0,CEFR accuracy within actual course level; not level prediction
16,classifier__majority,cefr,classifier,majority,validation,200,none,15,C1,82,0.0,0.0,4.0,0.0,0.0,0.0,CEFR accuracy within actual course level; not level prediction
16,classifier__majority,cefr,classifier,majority,test,200,none,1,A1,14613,1.0,0.0,0.0,0.0,1.0,0.0,CEFR accuracy within actual course level; not level prediction
16,classifier__majority,cefr,classifier,majority,test,200,none,2,A1,8492,1.0,0.0,0.0,0.0,1.0,0.0,CEFR accuracy within actual course level; not level prediction
16,classifier__majority,cefr,classifier,majority,test,200,none,3,A1,5753,1.0,0.0,0.0,0.0,1.0,0.0,CEFR accuracy within actual course level; not level prediction
16,classifier__majority,cefr,classifier,majority,test,200,none,4,A2,10679,0.0,0.0,1.0,0.0,1.0,0.0,CEFR accuracy within actual course level; not level prediction
16,classifier__majority,cefr,classifier,majority,test,200,none,5,A2,5586,0.0,0.0,1.0,0.0,1.0,0.0,CEFR accuracy within actual course level; not level prediction
16,classifier__majority,cefr,classifier,majority,test,200,none,6,A2,3251,0.0,0.0,1.0,0.0,1.0,0.0,CEFR accuracy within actual course level; not level prediction
16,classifier__majority,cefr,classifier,majority,test,200,none,7,B1,5602,0.0,0.0,2.0,0.0,0.0,0.0,CEFR accuracy within actual course level; not level prediction
16,classifier__majority,cefr,classifier,majority,test,200,none,8,B1,2148,0.0,0.0,2.0,0.0,0.0,0.0,CEFR accuracy within actual course level; not level prediction
16,classifier__majority,cefr,classifier,majority,test,200,none,9,B1,1561,0.0,0.0,2.0,0.0,0.0,0.0,CEFR accuracy within actual course level; not level prediction
16,classifier__majority,cefr,classifier,majority,test,200,none,10,B2,1680,0.0,0.0,3.0,0.0,0.0,0.0,CEFR accuracy within actual course level; not level prediction
16,classifier__majority,cefr,classifier,majority,test,200,none,11,B2,800,0.0,0.0,3.0,0.0,0.0,0.0,CEFR accuracy within actual course level; not level prediction
16,classifier__majority,cefr,classifier,majority,test,200,none,12,B2,338,0.0,0.0,3.0,0.0,0.0,0.0,CEFR accuracy within actual course level; not level prediction
16,classifier__majority,cefr,classifier,majority,test,200,none,13,C1,416,0.0,0.0,4.0,0.0,0.0,0.0,CEFR accuracy within actual course level; not level prediction
16,classifier__majority,cefr,classifier,majority,test,200,none,14,C1,107,0.0,0.0,4.0,0.0,0.0,0.0,CEFR accuracy within actual course level; not level prediction
16,classifier__majority,cefr,classifier,majority,test,200,none,15,C1,54,0.0,0.0,4.0,0.0,0.0,0.0,CEFR accuracy within actual course level; not level prediction
