feature,construct_id,description,reference_cefr,common_threshold_percent,first_observed_level,first_common_level,sustained_usage_from_level,later_below_threshold_levels,insufficient_data_levels,status
polke_1_per_100_words,1,Can use 'and' to join a limited range of common adjectives.,A1,2.0,1,1,11,9; 10,,sustained_usage
polke_1_per_100_words,1,Can use 'and' to join a limited range of common adjectives.,A1,5.0,1,4,,6; 7; 8; 9; 10; 11; 13; 14; 15,,usage_not_sustained
polke_1_per_100_words,1,Can use 'and' to join a limited range of common adjectives.,A1,10.0,1,,,,,not_common
polke_2_per_100_words,2,Can use 'very' with a limited range of common gradable adjectives.,A1,2.0,1,1,1,,,sustained_usage
polke_2_per_100_words,2,Can use 'very' with a limited range of common gradable adjectives.,A1,5.0,1,2,2,,,sustained_usage
polke_2_per_100_words,2,Can use 'very' with a limited range of common gradable adjectives.,A1,10.0,1,4,11,10,,sustained_usage
polke_3_per_100_words,3,"Can use a limited range of adjectives attributively, before a noun. ► noun phrases",A1,2.0,1,1,1,,,sustained_usage
polke_3_per_100_words,3,"Can use a limited range of adjectives attributively, before a noun. ► noun phrases",A1,5.0,1,1,1,,,sustained_usage
polke_3_per_100_words,3,"Can use a limited range of adjectives attributively, before a noun. ► noun phrases",A1,10.0,1,1,1,,,sustained_usage
polke_4_per_100_words,4,"Can use a limited range of adjectives predicatively, after 'be'.",A1,2.0,1,1,1,,,sustained_usage
polke_4_per_100_words,4,"Can use a limited range of adjectives predicatively, after 'be'.",A1,5.0,1,1,1,,,sustained_usage
polke_4_per_100_words,4,"Can use a limited range of adjectives predicatively, after 'be'.",A1,10.0,1,2,2,,,sustained_usage
polke_5_per_100_words,5,Can use the irregular superlative adjective 'best' in the phrase 'my best friend'.,A1,2.0,1,,,,,not_common
polke_5_per_100_words,5,Can use the irregular superlative adjective 'best' in the phrase 'my best friend'.,A1,5.0,1,,,,,not_common
polke_5_per_100_words,5,Can use the irregular superlative adjective 'best' in the phrase 'my best friend'.,A1,10.0,1,,,,,not_common
polke_11_per_100_words,11,Can use 'very' to modify common gradable adjectives.,A1,2.0,1,1,1,,,sustained_usage
polke_11_per_100_words,11,Can use 'very' to modify common gradable adjectives.,A1,5.0,1,2,2,,,sustained_usage
polke_11_per_100_words,11,Can use 'very' to modify common gradable adjectives.,A1,10.0,1,4,11,10,,sustained_usage
polke_12_per_100_words,12,Can use 'very' to modify time adverbs. ► adverb phrases,A1,2.0,1,,,,,not_common
polke_12_per_100_words,12,Can use 'very' to modify time adverbs. ► adverb phrases,A1,5.0,1,,,,,not_common
polke_12_per_100_words,12,Can use 'very' to modify time adverbs. ► adverb phrases,A1,10.0,1,,,,,not_common
polke_13_per_100_words,13,Can use degree and time adverbs to modify verbs.,A1,2.0,1,1,1,,,sustained_usage
polke_13_per_100_words,13,Can use degree and time adverbs to modify verbs.,A1,5.0,1,4,4,,,sustained_usage
polke_13_per_100_words,13,Can use degree and time adverbs to modify verbs.,A1,10.0,1,4,7,5; 6,,sustained_usage
polke_14_per_100_words,14,"Can use place adverbs ('here', 'there') as complements of verbs.",A1,2.0,1,5,,6; 7; 8; 9; 10; 11; 12; 13; 15,,usage_not_sustained
polke_14_per_100_words,14,"Can use place adverbs ('here', 'there') as complements of verbs.",A1,5.0,1,,,,,not_common
polke_14_per_100_words,14,"Can use place adverbs ('here', 'there') as complements of verbs.",A1,10.0,1,,,,,not_common
polke_15_per_100_words,15,Can use a limited range of degree adverbs before an adjective.,A1,2.0,1,1,1,,,sustained_usage
polke_15_per_100_words,15,Can use a limited range of degree adverbs before an adjective.,A1,5.0,1,1,1,,,sustained_usage
polke_15_per_100_words,15,Can use a limited range of degree adverbs before an adjective.,A1,10.0,1,2,2,,,sustained_usage
polke_16_per_100_words,16,"Can use frequency adverbs in the usual mid position, between the subject and the main verb.",A1,2.0,1,2,7,3; 6,,sustained_usage
polke_16_per_100_words,16,"Can use frequency adverbs in the usual mid position, between the subject and the main verb.",A1,5.0,1,4,,5; 6; 7; 8; 9; 10; 11; 12; 13; 14,,usage_not_sustained
polke_16_per_100_words,16,"Can use frequency adverbs in the usual mid position, between the subject and the main verb.",A1,10.0,1,4,,5; 6; 7; 8; 9; 10; 11; 12; 13; 14; 15,,usage_not_sustained
polke_17_per_100_words,17,Can use a limited range of adverbs in front position.,A1,2.0,1,1,1,,,sustained_usage
polke_17_per_100_words,17,Can use a limited range of adverbs in front position.,A1,5.0,1,1,1,,,sustained_usage
polke_17_per_100_words,17,Can use a limited range of adverbs in front position.,A1,10.0,1,2,2,,,sustained_usage
polke_18_per_100_words,18,"Can use 'really' in the usual mid-position, between the subject and the main verb.",A1,2.0,1,8,,13; 15,,usage_not_sustained
polke_18_per_100_words,18,"Can use 'really' in the usual mid-position, between the subject and the main verb.",A1,5.0,1,14,,15,,usage_not_sustained
polke_18_per_100_words,18,"Can use 'really' in the usual mid-position, between the subject and the main verb.",A1,10.0,1,,,,,not_common
polke_19_per_100_words,19,Can use time adverbs in the usual end position.,A1,2.0,1,1,4,3,,sustained_usage
polke_19_per_100_words,19,Can use time adverbs in the usual end position.,A1,5.0,1,5,5,,,sustained_usage
polke_19_per_100_words,19,Can use time adverbs in the usual end position.,A1,10.0,1,8,12,11,,sustained_usage
polke_20_per_100_words,20,Can use place adverbs in the usual end position.,A1,2.0,1,5,5,,,sustained_usage
polke_20_per_100_words,20,Can use place adverbs in the usual end position.,A1,5.0,1,5,12,6; 7; 11,,sustained_usage
polke_20_per_100_words,20,Can use place adverbs in the usual end position.,A1,10.0,1,13,,14; 15,,usage_not_sustained
polke_21_per_100_words,21,Can modify adverbs of time and degree with 'very'.,A1,2.0,1,1,7,2; 3; 6,,sustained_usage
polke_21_per_100_words,21,Can modify adverbs of time and degree with 'very'.,A1,5.0,1,8,,10; 11; 15,,usage_not_sustained
polke_21_per_100_words,21,Can modify adverbs of time and degree with 'very'.,A1,10.0,1,,,,,not_common
polke_22_per_100_words,22,"Can combine two main declarative clauses using co-ordinating conjunctions ('and', 'but', 'or').",A1,2.0,1,1,1,,,sustained_usage
polke_22_per_100_words,22,"Can combine two main declarative clauses using co-ordinating conjunctions ('and', 'but', 'or').",A1,5.0,1,1,1,,,sustained_usage
polke_22_per_100_words,22,"Can combine two main declarative clauses using co-ordinating conjunctions ('and', 'but', 'or').",A1,10.0,1,1,1,,,sustained_usage
polke_23_per_100_words,23,Can omit the subject in a second main declarative clause when the subject is obvious or the same as the first clause.,A1,2.0,1,1,1,,,sustained_usage
polke_23_per_100_words,23,Can omit the subject in a second main declarative clause when the subject is obvious or the same as the first clause.,A1,5.0,1,2,2,,,sustained_usage
polke_23_per_100_words,23,Can omit the subject in a second main declarative clause when the subject is obvious or the same as the first clause.,A1,10.0,1,2,2,,,sustained_usage
polke_24_per_100_words,24,Can form simple affirmative declarative clauses.,A1,2.0,1,1,1,,,sustained_usage
polke_24_per_100_words,24,Can form simple affirmative declarative clauses.,A1,5.0,1,2,2,,,sustained_usage
polke_24_per_100_words,24,Can form simple affirmative declarative clauses.,A1,10.0,1,4,4,,,sustained_usage
polke_25_per_100_words,25,Can form a simple negative declarative clause with lexical 'be' + 'not' or 'n't'.,A1,2.0,1,4,4,,,sustained_usage
polke_25_per_100_words,25,Can form a simple negative declarative clause with lexical 'be' + 'not' or 'n't'.,A1,5.0,1,5,5,,,sustained_usage
polke_25_per_100_words,25,Can form a simple negative declarative clause with lexical 'be' + 'not' or 'n't'.,A1,10.0,1,9,,10; 11; 12; 13,,usage_not_sustained
polke_26_per_100_words,26,Can form simple negative declarative clauses.,A1,2.0,1,2,2,,,sustained_usage
polke_26_per_100_words,26,Can form simple negative declarative clauses.,A1,5.0,1,2,,3; 5; 6; 7; 8; 9; 10; 12; 13,,usage_not_sustained
polke_26_per_100_words,26,Can form simple negative declarative clauses.,A1,10.0,1,,,,,not_common
polke_27_per_100_words,27,Can form an affirmative declarative clause with modal verbs.,A1,2.0,1,1,1,,,sustained_usage
polke_27_per_100_words,27,Can form an affirmative declarative clause with modal verbs.,A1,5.0,1,1,1,,,sustained_usage
polke_27_per_100_words,27,Can form an affirmative declarative clause with modal verbs.,A1,10.0,1,2,2,,,sustained_usage
polke_28_per_100_words,28,Can form interrogative clauses with 'be'.,A1,2.0,1,1,,2; 3; 4; 5; 6; 7; 8; 9; 11; 13; 14; 15,,usage_not_sustained
polke_28_per_100_words,28,Can form interrogative clauses with 'be'.,A1,5.0,1,,,,,not_common
polke_28_per_100_words,28,Can form interrogative clauses with 'be'.,A1,10.0,1,,,,,not_common
polke_30_per_100_words,30,"Can use single word conjunctions ('and, but, or') to connect single nouns and adjectives.",A1,2.0,1,1,1,,,sustained_usage
polke_30_per_100_words,30,"Can use single word conjunctions ('and, but, or') to connect single nouns and adjectives.",A1,5.0,1,1,1,,,sustained_usage
polke_30_per_100_words,30,"Can use single word conjunctions ('and, but, or') to connect single nouns and adjectives.",A1,10.0,1,1,1,,,sustained_usage
polke_31_per_100_words,31,"Can use single word conjunctions ('and, but, or') to combine phrases.",A1,2.0,1,1,1,,,sustained_usage
polke_31_per_100_words,31,"Can use single word conjunctions ('and, but, or') to combine phrases.",A1,5.0,1,1,1,,,sustained_usage
polke_31_per_100_words,31,"Can use single word conjunctions ('and, but, or') to combine phrases.",A1,10.0,1,1,1,,,sustained_usage
polke_32_per_100_words,32,"Can use single word conjunctions ('and, but, or') to combine clauses.",A1,2.0,1,1,1,,,sustained_usage
polke_32_per_100_words,32,"Can use single word conjunctions ('and, but, or') to combine clauses.",A1,5.0,1,1,1,,,sustained_usage
polke_32_per_100_words,32,"Can use single word conjunctions ('and, but, or') to combine clauses.",A1,10.0,1,1,1,,,sustained_usage
polke_33_per_100_words,33,"Can use single word conjunctions ('and, but, or') to combine sentences.",A1,2.0,1,1,1,,,sustained_usage
polke_33_per_100_words,33,"Can use single word conjunctions ('and, but, or') to combine sentences.",A1,5.0,1,4,4,,,sustained_usage
polke_33_per_100_words,33,"Can use single word conjunctions ('and, but, or') to combine sentences.",A1,10.0,1,6,6,,,sustained_usage
polke_36_per_100_words,36,Can use 'because' as a subordinating conjunction to introduce a subordinate clause.,A1,2.0,1,1,1,,,sustained_usage
polke_36_per_100_words,36,Can use 'because' as a subordinating conjunction to introduce a subordinate clause.,A1,5.0,1,4,4,,,sustained_usage
polke_36_per_100_words,36,Can use 'because' as a subordinating conjunction to introduce a subordinate clause.,A1,10.0,1,4,4,,,sustained_usage
polke_37_per_100_words,37,"Can use articles 'the', 'a' and 'an' before nouns. ► noun phrases",A1,2.0,1,1,1,,,sustained_usage
polke_37_per_100_words,37,"Can use articles 'the', 'a' and 'an' before nouns. ► noun phrases",A1,5.0,1,1,1,,,sustained_usage
polke_37_per_100_words,37,"Can use articles 'the', 'a' and 'an' before nouns. ► noun phrases",A1,10.0,1,1,1,,,sustained_usage
polke_38_per_100_words,38,Can use 'a' and 'an' before adjectives in a noun phrase. ► adjectives ►  noun phrases,A1,2.0,1,1,1,,,sustained_usage
polke_38_per_100_words,38,Can use 'a' and 'an' before adjectives in a noun phrase. ► adjectives ►  noun phrases,A1,5.0,1,1,1,,,sustained_usage
polke_38_per_100_words,38,Can use 'a' and 'an' before adjectives in a noun phrase. ► adjectives ►  noun phrases,A1,10.0,1,1,1,,,sustained_usage
polke_39_per_100_words,39,Can use 'a' + 'very' + adjectives in basic noun phrases. ► adverbs ►  noun phrases,A1,2.0,1,5,7,6,,sustained_usage
polke_39_per_100_words,39,Can use 'a' + 'very' + adjectives in basic noun phrases. ► adverbs ►  noun phrases,A1,5.0,1,7,13,8; 9; 10; 11; 12,,sustained_usage
polke_39_per_100_words,39,Can use 'a' + 'very' + adjectives in basic noun phrases. ► adverbs ►  noun phrases,A1,10.0,1,,,,,not_common
polke_40_per_100_words,40,Can use 'the' in prepositional phrases relating to time.,A1,2.0,1,2,,6; 8; 9; 11; 12; 14,,usage_not_sustained
polke_40_per_100_words,40,Can use 'the' in prepositional phrases relating to time.,A1,5.0,1,2,,6; 7; 8; 9; 10; 11; 12; 13; 14; 15,,usage_not_sustained
polke_40_per_100_words,40,Can use 'the' in prepositional phrases relating to time.,A1,10.0,1,2,,3; 6; 7; 8; 9; 10; 11; 12; 13; 14; 15,,usage_not_sustained
polke_41_per_100_words,41,Can use no article before a limited range of nouns in some fixed expressions with prepositions.,A1,2.0,1,1,1,,,sustained_usage
polke_41_per_100_words,41,Can use no article before a limited range of nouns in some fixed expressions with prepositions.,A1,5.0,1,1,1,,,sustained_usage
polke_41_per_100_words,41,Can use no article before a limited range of nouns in some fixed expressions with prepositions.,A1,10.0,1,1,1,,,sustained_usage
polke_43_per_100_words,43,Can use 'this' with singular nouns. ► noun phrases ►  pronouns: demonstrative,A1,2.0,1,1,4,3,,sustained_usage
polke_43_per_100_words,43,Can use 'this' with singular nouns. ► noun phrases ►  pronouns: demonstrative,A1,5.0,1,4,4,,,sustained_usage
polke_43_per_100_words,43,Can use 'this' with singular nouns. ► noun phrases ►  pronouns: demonstrative,A1,10.0,1,5,5,,,sustained_usage
polke_46_per_100_words,46,"Can use possessive determiners 'my', 'your', 'his', 'her' and 'our' before nouns. ► noun phrases ► possessive pronouns",A1,2.0,1,1,1,,,sustained_usage
polke_46_per_100_words,46,"Can use possessive determiners 'my', 'your', 'his', 'her' and 'our' before nouns. ► noun phrases ► possessive pronouns",A1,5.0,1,1,1,,,sustained_usage
polke_46_per_100_words,46,"Can use possessive determiners 'my', 'your', 'his', 'her' and 'our' before nouns. ► noun phrases ► possessive pronouns",A1,10.0,1,1,1,,,sustained_usage
polke_47_per_100_words,47,"Can use a limited range of quantifying determiners with plural nouns ('some', 'lots of', 'a lot of' and numbers).",A1,2.0,1,1,1,,,sustained_usage
polke_47_per_100_words,47,"Can use a limited range of quantifying determiners with plural nouns ('some', 'lots of', 'a lot of' and numbers).",A1,5.0,1,1,1,,,sustained_usage
polke_47_per_100_words,47,"Can use a limited range of quantifying determiners with plural nouns ('some', 'lots of', 'a lot of' and numbers).",A1,10.0,1,1,1,,,sustained_usage
polke_48_per_100_words,48,"Can use a limited range of quantifying determiners with singular nouns ('a', 'every').► determiners: articles",A1,2.0,1,1,1,,,sustained_usage
polke_48_per_100_words,48,"Can use a limited range of quantifying determiners with singular nouns ('a', 'every').► determiners: articles",A1,5.0,1,1,1,,,sustained_usage
polke_48_per_100_words,48,"Can use a limited range of quantifying determiners with singular nouns ('a', 'every').► determiners: articles",A1,10.0,1,1,1,,,sustained_usage
polke_49_per_100_words,49,Can use the affirmative forms 'will' and ''ll'.,A1,2.0,1,1,1,,,sustained_usage
polke_49_per_100_words,49,Can use the affirmative forms 'will' and ''ll'.,A1,5.0,1,2,4,3,,sustained_usage
polke_49_per_100_words,49,Can use the affirmative forms 'will' and ''ll'.,A1,10.0,1,4,4,,,sustained_usage
polke_51_per_100_words,51,Can use the affirmative form.,A1,2.0,1,1,1,,,sustained_usage
polke_51_per_100_words,51,Can use the affirmative form.,A1,5.0,1,2,2,,,sustained_usage
polke_51_per_100_words,51,Can use the affirmative form.,A1,10.0,1,2,6,5,,sustained_usage
polke_52_per_100_words,52,Can use the negative forms.,A1,2.0,1,11,11,,,sustained_usage
polke_52_per_100_words,52,Can use the negative forms.,A1,5.0,1,13,,15,,usage_not_sustained
polke_52_per_100_words,52,Can use the negative forms.,A1,10.0,1,,,,,not_common
polke_53_per_100_words,53,Can use the affirmative question form.,A1,2.0,1,3,,4; 5; 7; 8; 9; 11; 12; 13; 14; 15,,usage_not_sustained
polke_53_per_100_words,53,Can use the affirmative question form.,A1,5.0,1,10,,11; 12; 13; 14; 15,,usage_not_sustained
polke_53_per_100_words,53,Can use the affirmative question form.,A1,10.0,1,,,,,not_common
polke_58_per_100_words,58,Can use the affirmative forms.,A1,2.0,1,1,1,,,sustained_usage
polke_58_per_100_words,58,Can use the affirmative forms.,A1,5.0,1,2,4,3,,sustained_usage
polke_58_per_100_words,58,Can use the affirmative forms.,A1,10.0,1,4,4,,,sustained_usage
polke_60_per_100_words,60,Can use the affirmative form with 'like'.,A1,2.0,1,4,6,5,,sustained_usage
polke_60_per_100_words,60,Can use the affirmative form with 'like'.,A1,5.0,1,7,7,,,sustained_usage
polke_60_per_100_words,60,Can use the affirmative form with 'like'.,A1,10.0,1,8,,10; 11; 15,,usage_not_sustained
polke_63_per_100_words,63,Can form simple noun phrases with a limited range of determiners + singular and plural nouns. ► Nouns and noun phrases: functions,A1,2.0,1,1,1,,,sustained_usage
polke_63_per_100_words,63,Can form simple noun phrases with a limited range of determiners + singular and plural nouns. ► Nouns and noun phrases: functions,A1,5.0,1,1,1,,,sustained_usage
polke_63_per_100_words,63,Can form simple noun phrases with a limited range of determiners + singular and plural nouns. ► Nouns and noun phrases: functions,A1,10.0,1,1,1,,,sustained_usage
polke_64_per_100_words,64,Can form simple noun phrases by pre-modifying singular and plural nouns with an adjective after a determiner.,A1,2.0,1,1,1,,,sustained_usage
polke_64_per_100_words,64,Can form simple noun phrases by pre-modifying singular and plural nouns with an adjective after a determiner.,A1,5.0,1,1,1,,,sustained_usage
polke_64_per_100_words,64,Can form simple noun phrases by pre-modifying singular and plural nouns with an adjective after a determiner.,A1,10.0,1,1,1,,,sustained_usage
polke_65_per_100_words,65,Can form simple noun phrases by pre-modifying plural nouns with an adjective and no determiner.,A1,2.0,1,1,1,,,sustained_usage
polke_65_per_100_words,65,Can form simple noun phrases by pre-modifying plural nouns with an adjective and no determiner.,A1,5.0,1,1,1,,,sustained_usage
polke_65_per_100_words,65,Can form simple noun phrases by pre-modifying plural nouns with an adjective and no determiner.,A1,10.0,1,1,1,,,sustained_usage
polke_66_per_100_words,66,Can form noun phrases by pre-modifying a limited range of nouns with another noun.,A1,2.0,1,1,1,,,sustained_usage
polke_66_per_100_words,66,Can form noun phrases by pre-modifying a limited range of nouns with another noun.,A1,5.0,1,1,1,,,sustained_usage
polke_66_per_100_words,66,Can form noun phrases by pre-modifying a limited range of nouns with another noun.,A1,10.0,1,1,1,,,sustained_usage
polke_67_per_100_words,67,Can use a limited range of common nouns.,A1,2.0,1,1,1,,,sustained_usage
polke_67_per_100_words,67,Can use a limited range of common nouns.,A1,5.0,1,1,1,,,sustained_usage
polke_67_per_100_words,67,Can use a limited range of common nouns.,A1,10.0,1,1,1,,,sustained_usage
polke_68_per_100_words,68,"Can use proper nouns with a capital letter to refer to specific people, places, days and things.",A1,2.0,1,1,1,,,sustained_usage
polke_68_per_100_words,68,"Can use proper nouns with a capital letter to refer to specific people, places, days and things.",A1,5.0,1,1,1,,,sustained_usage
polke_68_per_100_words,68,"Can use proper nouns with a capital letter to refer to specific people, places, days and things.",A1,10.0,1,1,1,,,sustained_usage
polke_69_per_100_words,69,"Can use a range of compound nouns, as one-word, two-word and hyphenated compounds, formed from verb + noun, noun + noun and adjective + noun combinations.",A1,2.0,1,1,1,,,sustained_usage
polke_69_per_100_words,69,"Can use a range of compound nouns, as one-word, two-word and hyphenated compounds, formed from verb + noun, noun + noun and adjective + noun combinations.",A1,5.0,1,1,1,,,sustained_usage
polke_69_per_100_words,69,"Can use a range of compound nouns, as one-word, two-word and hyphenated compounds, formed from verb + noun, noun + noun and adjective + noun combinations.",A1,10.0,1,1,1,,,sustained_usage
polke_70_per_100_words,70,Can form plurals by adding '-s' to common countable nouns.,A1,2.0,1,1,1,,,sustained_usage
polke_70_per_100_words,70,Can form plurals by adding '-s' to common countable nouns.,A1,5.0,1,1,1,,,sustained_usage
polke_70_per_100_words,70,Can form plurals by adding '-s' to common countable nouns.,A1,10.0,1,1,1,,,sustained_usage
polke_71_per_100_words,71,Can use nouns and noun phrases as subjects of the clause.,A1,2.0,1,1,1,,,sustained_usage
polke_71_per_100_words,71,Can use nouns and noun phrases as subjects of the clause.,A1,5.0,1,1,1,,,sustained_usage
polke_71_per_100_words,71,Can use nouns and noun phrases as subjects of the clause.,A1,10.0,1,1,1,,,sustained_usage
polke_72_per_100_words,72,Can use nouns and noun phrases as objects of the clause.,A1,2.0,1,1,1,,,sustained_usage
polke_72_per_100_words,72,Can use nouns and noun phrases as objects of the clause.,A1,5.0,1,1,1,,,sustained_usage
polke_72_per_100_words,72,Can use nouns and noun phrases as objects of the clause.,A1,10.0,1,1,1,,,sustained_usage
polke_73_per_100_words,73,Can use nouns and noun phrases as complements of prepositions in prepositional phrases.,A1,2.0,1,1,1,,,sustained_usage
polke_73_per_100_words,73,Can use nouns and noun phrases as complements of prepositions in prepositional phrases.,A1,5.0,1,1,1,,,sustained_usage
polke_73_per_100_words,73,Can use nouns and noun phrases as complements of prepositions in prepositional phrases.,A1,10.0,1,1,1,,,sustained_usage
polke_74_per_100_words,74,Can use nouns and noun phrases as complements of the verb 'be'.,A1,2.0,1,1,1,,,sustained_usage
polke_74_per_100_words,74,Can use nouns and noun phrases as complements of the verb 'be'.,A1,5.0,1,1,1,,,sustained_usage
polke_74_per_100_words,74,Can use nouns and noun phrases as complements of the verb 'be'.,A1,10.0,1,1,1,,,sustained_usage
polke_75_per_100_words,75,Can use nouns and noun phrases as adjuncts in some time expressions.,A1,2.0,1,1,1,,,sustained_usage
polke_75_per_100_words,75,Can use nouns and noun phrases as adjuncts in some time expressions.,A1,5.0,1,1,1,,,sustained_usage
polke_75_per_100_words,75,Can use nouns and noun phrases as adjuncts in some time expressions.,A1,10.0,1,1,1,,,sustained_usage
polke_76_per_100_words,76,Can use the affirmative form with a limited range of regular and irregular verbs.,A1,2.0,1,4,4,,,sustained_usage
polke_76_per_100_words,76,Can use the affirmative form with a limited range of regular and irregular verbs.,A1,5.0,1,6,,13,,usage_not_sustained
polke_76_per_100_words,76,Can use the affirmative form with a limited range of regular and irregular verbs.,A1,10.0,1,12,,13,,usage_not_sustained
polke_78_per_100_words,78,Can use a limited range of simple (single-word) prepositions.,A1,2.0,1,1,1,,,sustained_usage
polke_78_per_100_words,78,Can use a limited range of simple (single-word) prepositions.,A1,5.0,1,1,1,,,sustained_usage
polke_78_per_100_words,78,Can use a limited range of simple (single-word) prepositions.,A1,10.0,1,1,1,,,sustained_usage
polke_79_per_100_words,79,Can form prepositional phrases with a preposition and a noun phrase.,A1,2.0,1,1,1,,,sustained_usage
polke_79_per_100_words,79,Can form prepositional phrases with a preposition and a noun phrase.,A1,5.0,1,1,1,,,sustained_usage
polke_79_per_100_words,79,Can form prepositional phrases with a preposition and a noun phrase.,A1,10.0,1,1,1,,,sustained_usage
polke_80_per_100_words,80,Can use the affirmative form.,A1,2.0,1,1,1,,,sustained_usage
polke_80_per_100_words,80,Can use the affirmative form.,A1,5.0,1,1,4,3,,sustained_usage
polke_80_per_100_words,80,Can use the affirmative form.,A1,10.0,1,4,4,,,sustained_usage
polke_82_per_100_words,82,Can use the affirmative form with a limited range of regular and irregular verbs.,A1,2.0,1,1,1,,,sustained_usage
polke_82_per_100_words,82,Can use the affirmative form with a limited range of regular and irregular verbs.,A1,5.0,1,1,1,,,sustained_usage
polke_82_per_100_words,82,Can use the affirmative form with a limited range of regular and irregular verbs.,A1,10.0,1,1,1,,,sustained_usage
polke_83_per_100_words,83,Can use the negative form with a limited range of regular and irregular verbs.,A1,2.0,1,1,1,,,sustained_usage
polke_83_per_100_words,83,Can use the negative form with a limited range of regular and irregular verbs.,A1,5.0,1,2,11,10,,sustained_usage
polke_83_per_100_words,83,Can use the negative form with a limited range of regular and irregular verbs.,A1,10.0,1,2,,3; 5; 6; 10; 12; 13,,usage_not_sustained
polke_84_per_100_words,84,Can use the present simple with the adverb 'really' as an intensifier. ► adverbs,A1,2.0,1,8,8,,,sustained_usage
polke_84_per_100_words,84,Can use the present simple with the adverb 'really' as an intensifier. ► adverbs,A1,5.0,1,14,,15,,usage_not_sustained
polke_84_per_100_words,84,Can use the present simple with the adverb 'really' as an intensifier. ► adverbs,A1,10.0,1,,,,,not_common
polke_86_per_100_words,86,Can use the pronoun 'it' as a direct object to refer to an object or situation already referred to.,A1,2.0,1,3,3,,,sustained_usage
polke_86_per_100_words,86,Can use the pronoun 'it' as a direct object to refer to an object or situation already referred to.,A1,5.0,1,4,6,5,,sustained_usage
polke_86_per_100_words,86,Can use the pronoun 'it' as a direct object to refer to an object or situation already referred to.,A1,10.0,1,6,8,7,,sustained_usage
polke_87_per_100_words,87,"Can use the pronouns 'me', 'you', 'him', 'her', 'us' and 'them' in the direct object position after a transitive verb.",A1,2.0,1,1,1,,,sustained_usage
polke_87_per_100_words,87,"Can use the pronouns 'me', 'you', 'him', 'her', 'us' and 'them' in the direct object position after a transitive verb.",A1,5.0,1,1,1,,,sustained_usage
polke_87_per_100_words,87,"Can use the pronouns 'me', 'you', 'him', 'her', 'us' and 'them' in the direct object position after a transitive verb.",A1,10.0,1,1,1,,,sustained_usage
polke_88_per_100_words,88,"Can use the object pronouns 'me', 'you', 'him', 'her', 'it', 'us' and 'them' in the object position after prepositions.",A1,2.0,1,1,1,,,sustained_usage
polke_88_per_100_words,88,"Can use the object pronouns 'me', 'you', 'him', 'her', 'it', 'us' and 'them' in the object position after prepositions.",A1,5.0,1,2,2,,,sustained_usage
polke_88_per_100_words,88,"Can use the object pronouns 'me', 'you', 'him', 'her', 'it', 'us' and 'them' in the object position after prepositions.",A1,10.0,1,3,3,,,sustained_usage
polke_89_per_100_words,89,Can use the pronoun 'it' before 'be' to refer to a first person speaker or writer.,A1,2.0,1,,,,,not_common
polke_89_per_100_words,89,Can use the pronoun 'it' before 'be' to refer to a first person speaker or writer.,A1,5.0,1,,,,,not_common
polke_89_per_100_words,89,Can use the pronoun 'it' before 'be' to refer to a first person speaker or writer.,A1,10.0,1,,,,,not_common
polke_90_per_100_words,90,"Can use the pronouns 'I', 'you', 'we' and 'they' after an auxiliary or modal verb in question forms.",A1,2.0,1,2,,5; 7; 15,,usage_not_sustained
polke_90_per_100_words,90,"Can use the pronouns 'I', 'you', 'we' and 'they' after an auxiliary or modal verb in question forms.",A1,5.0,1,3,,4; 5; 6; 7; 8; 9; 11; 14; 15,,usage_not_sustained
polke_90_per_100_words,90,"Can use the pronouns 'I', 'you', 'we' and 'they' after an auxiliary or modal verb in question forms.",A1,10.0,1,10,,11; 12; 13; 14; 15,,usage_not_sustained
polke_91_per_100_words,91,Can use the pronouns 'you' and 'it' after 'be' in question forms.,A1,2.0,1,1,,2; 3; 15,,usage_not_sustained
polke_91_per_100_words,91,Can use the pronouns 'you' and 'it' after 'be' in question forms.,A1,5.0,1,1,,2; 3; 4; 5; 6; 7; 8; 9; 13; 14; 15,,usage_not_sustained
polke_91_per_100_words,91,Can use the pronouns 'you' and 'it' after 'be' in question forms.,A1,10.0,1,,,,,not_common
polke_92_per_100_words,92,"Can use the pronouns 'I', 'you', 'he', 'she', 'it', 'we' and 'they' in the subject position before a verb in statements.",A1,2.0,1,1,1,,,sustained_usage
polke_92_per_100_words,92,"Can use the pronouns 'I', 'you', 'he', 'she', 'it', 'we' and 'they' in the subject position before a verb in statements.",A1,5.0,1,1,1,,,sustained_usage
polke_92_per_100_words,92,"Can use the pronouns 'I', 'you', 'he', 'she', 'it', 'we' and 'they' in the subject position before a verb in statements.",A1,10.0,1,1,1,,,sustained_usage
polke_93_per_100_words,93,Can use a limited range of indefinite pronouns as objects.,A1,2.0,1,5,5,,,sustained_usage
polke_93_per_100_words,93,Can use a limited range of indefinite pronouns as objects.,A1,5.0,1,5,8,7,,sustained_usage
polke_93_per_100_words,93,Can use a limited range of indefinite pronouns as objects.,A1,10.0,1,13,13,,,sustained_usage
polke_94_per_100_words,94,"Can use 'everything' as subject, with a singular verb.",A1,2.0,1,8,,9; 10; 11; 13,,usage_not_sustained
polke_94_per_100_words,94,"Can use 'everything' as subject, with a singular verb.",A1,5.0,1,8,,9; 10; 11; 12; 13; 14; 15,,usage_not_sustained
polke_94_per_100_words,94,"Can use 'everything' as subject, with a singular verb.",A1,10.0,1,,,,,not_common
polke_95_per_100_words,95,Can use a limited range of modal verbs + subject + main verb to form 'yes/no' questions.  ► can,A1,2.0,1,3,,4; 5; 7; 8; 9; 11; 12; 13; 14; 15,,usage_not_sustained
polke_95_per_100_words,95,Can use a limited range of modal verbs + subject + main verb to form 'yes/no' questions.  ► can,A1,5.0,1,10,,11; 12; 13; 14; 15,,usage_not_sustained
polke_95_per_100_words,95,Can use a limited range of modal verbs + subject + main verb to form 'yes/no' questions.  ► can,A1,10.0,1,,,,,not_common
polke_96_per_100_words,96,Can use a limited range of prepositional verbs followed by noun or pronoun objects.,A1,2.0,1,,,,,not_common
polke_96_per_100_words,96,Can use a limited range of prepositional verbs followed by noun or pronoun objects.,A1,5.0,1,,,,,not_common
polke_96_per_100_words,96,Can use a limited range of prepositional verbs followed by noun or pronoun objects.,A1,10.0,1,,,,,not_common
polke_97_per_100_words,97,Can use regular and irregular main verbs in simple verb phrases. ► present simple ► past simple,A1,2.0,,,,,,not_observed
polke_97_per_100_words,97,Can use regular and irregular main verbs in simple verb phrases. ► present simple ► past simple,A1,5.0,,,,,,not_observed
polke_97_per_100_words,97,Can use regular and irregular main verbs in simple verb phrases. ► present simple ► past simple,A1,10.0,,,,,,not_observed
polke_98_per_100_words,98,Can use linking verb 'be'.,A1,2.0,1,1,1,,,sustained_usage
polke_98_per_100_words,98,Can use linking verb 'be'.,A1,5.0,1,1,1,,,sustained_usage
polke_98_per_100_words,98,Can use linking verb 'be'.,A1,10.0,1,1,1,,,sustained_usage
polke_99_per_100_words,99,Can use auxiliary verb 'be'. ►  present continuous,A1,2.0,1,2,4,3,,sustained_usage
polke_99_per_100_words,99,Can use auxiliary verb 'be'. ►  present continuous,A1,5.0,1,4,4,,,sustained_usage
polke_99_per_100_words,99,Can use auxiliary verb 'be'. ►  present continuous,A1,10.0,1,4,4,,,sustained_usage
polke_100_per_100_words,100,"Can use a limited range of modal auxiliary verbs ('can', 'will', 'would').",A1,2.0,1,1,1,,,sustained_usage
polke_100_per_100_words,100,"Can use a limited range of modal auxiliary verbs ('can', 'will', 'would').",A1,5.0,1,1,1,,,sustained_usage
polke_100_per_100_words,100,"Can use a limited range of modal auxiliary verbs ('can', 'will', 'would').",A1,10.0,1,2,2,,,sustained_usage
polke_101_per_100_words,101,Can use a limited range of verbs followed by a 'to'- infinitive.,A1,2.0,1,1,1,,,sustained_usage
polke_101_per_100_words,101,Can use a limited range of verbs followed by a 'to'- infinitive.,A1,5.0,1,1,1,,,sustained_usage
polke_101_per_100_words,101,Can use a limited range of verbs followed by a 'to'- infinitive.,A1,10.0,1,1,4,3,,sustained_usage
polke_102_per_100_words,102,"Can use 'like' followed either by a 'to'-infinitive or an '-ing' form, with no change in meaning.",A1,2.0,1,1,1,,,sustained_usage
polke_102_per_100_words,102,"Can use 'like' followed either by a 'to'-infinitive or an '-ing' form, with no change in meaning.",A1,5.0,1,1,1,,,sustained_usage
polke_102_per_100_words,102,"Can use 'like' followed either by a 'to'-infinitive or an '-ing' form, with no change in meaning.",A1,10.0,1,2,7,3; 5; 6,,sustained_usage
polke_103_per_100_words,103,Can use 'would like to' + infinitive.,A1,2.0,1,6,6,,,sustained_usage
polke_103_per_100_words,103,Can use 'would like to' + infinitive.,A1,5.0,1,8,12,11,,sustained_usage
polke_103_per_100_words,103,Can use 'would like to' + infinitive.,A1,10.0,1,9,,10; 11; 15,,usage_not_sustained
polke_104_per_100_words,104,Can use 'there is' + singular noun phrase as complement.,A1,2.0,,,,,,not_observed
polke_104_per_100_words,104,Can use 'there is' + singular noun phrase as complement.,A1,5.0,,,,,,not_observed
polke_104_per_100_words,104,Can use 'there is' + singular noun phrase as complement.,A1,10.0,,,,,,not_observed
polke_105_per_100_words,105,Can use 'there are' + plural noun phrase as complement.,A1,2.0,,,,,,not_observed
polke_105_per_100_words,105,Can use 'there are' + plural noun phrase as complement.,A1,5.0,,,,,,not_observed
polke_105_per_100_words,105,Can use 'there are' + plural noun phrase as complement.,A1,10.0,,,,,,not_observed
polke_106_per_100_words,106,Can use linking verb 'be' with complements.,A1,2.0,1,1,1,,,sustained_usage
polke_106_per_100_words,106,Can use linking verb 'be' with complements.,A1,5.0,1,1,1,,,sustained_usage
polke_106_per_100_words,106,Can use linking verb 'be' with complements.,A1,10.0,1,1,1,,,sustained_usage
polke_107_per_100_words,107,"Can form negative statements of main verb 'be', with contracted and uncontracted forms.",A1,2.0,1,3,3,,,sustained_usage
polke_107_per_100_words,107,"Can form negative statements of main verb 'be', with contracted and uncontracted forms.",A1,5.0,1,4,4,,,sustained_usage
polke_107_per_100_words,107,"Can form negative statements of main verb 'be', with contracted and uncontracted forms.",A1,10.0,1,6,6,,,sustained_usage
polke_108_per_100_words,108,Can form negative statements of main verbs in the present simple with 'don't' + main verb. ► present simple ► can,A1,2.0,1,1,1,,,sustained_usage
polke_108_per_100_words,108,Can form negative statements of main verbs in the present simple with 'don't' + main verb. ► present simple ► can,A1,5.0,1,2,2,,,sustained_usage
polke_108_per_100_words,108,Can form negative statements of main verbs in the present simple with 'don't' + main verb. ► present simple ► can,A1,10.0,1,2,4,3,,sustained_usage
polke_109_per_100_words,109,Can use negative form 'can't'.,A1,2.0,1,2,11,10,,sustained_usage
polke_109_per_100_words,109,Can use negative form 'can't'.,A1,5.0,1,2,,5; 7; 8; 9; 10; 11; 13,,usage_not_sustained
polke_109_per_100_words,109,Can use negative form 'can't'.,A1,10.0,1,3,,4; 5; 6; 7; 8; 9; 10; 11; 13; 14; 15,,usage_not_sustained
polke_110_per_100_words,110,"Can use 'but' to join a limited range of common adjectives, after 'be'.",A2,2.0,1,4,4,,,sustained_usage
polke_110_per_100_words,110,"Can use 'but' to join a limited range of common adjectives, after 'be'.",A2,5.0,1,5,7,6,,sustained_usage
polke_110_per_100_words,110,"Can use 'but' to join a limited range of common adjectives, after 'be'.",A2,10.0,1,5,7,6,,sustained_usage
polke_111_per_100_words,111,Can form comparative adjectives from adjectives of one syllable by adding '-er'.,A2,2.0,,,,,,not_observed
polke_111_per_100_words,111,Can form comparative adjectives from adjectives of one syllable by adding '-er'.,A2,5.0,,,,,,not_observed
polke_111_per_100_words,111,Can form comparative adjectives from adjectives of one syllable by adding '-er'.,A2,10.0,,,,,,not_observed
polke_112_per_100_words,112,Can form comparative adjectives with adjectives of two syllables ending in '-y' by changing the 'y' to an 'I' and adding '-er'.,A2,2.0,1,7,13,8; 9; 10; 12,,sustained_usage
polke_112_per_100_words,112,Can form comparative adjectives with adjectives of two syllables ending in '-y' by changing the 'y' to an 'I' and adding '-er'.,A2,5.0,1,7,,8; 9; 10; 11; 12; 14; 15,,usage_not_sustained
polke_112_per_100_words,112,Can form comparative adjectives with adjectives of two syllables ending in '-y' by changing the 'y' to an 'I' and adding '-er'.,A2,10.0,1,,,,,not_common
polke_113_per_100_words,113,"Can use comparative adjectives attributively, before nouns.",A2,2.0,1,6,6,,,sustained_usage
polke_113_per_100_words,113,"Can use comparative adjectives attributively, before nouns.",A2,5.0,1,8,8,,,sustained_usage
polke_113_per_100_words,113,"Can use comparative adjectives attributively, before nouns.",A2,10.0,1,9,12,10; 11,,sustained_usage
polke_114_per_100_words,114,Can use comparative adjectives as a complement of 'be'.,A2,2.0,1,5,8,6; 7,,sustained_usage
polke_114_per_100_words,114,Can use comparative adjectives as a complement of 'be'.,A2,5.0,1,5,12,6; 7; 8; 9; 10; 11,,sustained_usage
polke_114_per_100_words,114,Can use comparative adjectives as a complement of 'be'.,A2,10.0,1,,,,,not_common
polke_115_per_100_words,115,"Can form comparative adjectives with adjectives of one syllable with a short vowel, by doubling the final consonant and adding '-er'",A2,2.0,1,5,,6; 7; 8; 11; 15,,usage_not_sustained
polke_115_per_100_words,115,"Can form comparative adjectives with adjectives of one syllable with a short vowel, by doubling the final consonant and adding '-er'",A2,5.0,1,12,,13; 14; 15,,usage_not_sustained
polke_115_per_100_words,115,"Can form comparative adjectives with adjectives of one syllable with a short vowel, by doubling the final consonant and adding '-er'",A2,10.0,1,,,,,not_common
polke_116_per_100_words,116,"Can form comparative adjectives with adjectives of one syllable ending in 'e', by adding '-r'.",A2,2.0,1,13,,14,,usage_not_sustained
polke_116_per_100_words,116,"Can form comparative adjectives with adjectives of one syllable ending in 'e', by adding '-r'.",A2,5.0,1,,,,,not_common
polke_116_per_100_words,116,"Can form comparative adjectives with adjectives of one syllable ending in 'e', by adding '-r'.",A2,10.0,1,,,,,not_common
polke_117_per_100_words,117,Can form irregular comparative adjectives.,A2,2.0,1,5,5,,,sustained_usage
polke_117_per_100_words,117,Can form irregular comparative adjectives.,A2,5.0,1,8,8,,,sustained_usage
polke_117_per_100_words,117,Can form irregular comparative adjectives.,A2,10.0,1,13,13,,,sustained_usage
polke_118_per_100_words,118,Can form a range of comparative adjective phrases using 'more' + longer adjectives (usually three or more syllables).,A2,2.0,1,5,5,,,sustained_usage
polke_118_per_100_words,118,Can form a range of comparative adjective phrases using 'more' + longer adjectives (usually three or more syllables).,A2,5.0,1,9,9,,,sustained_usage
polke_118_per_100_words,118,Can form a range of comparative adjective phrases using 'more' + longer adjectives (usually three or more syllables).,A2,10.0,1,11,13,12,,sustained_usage
polke_119_per_100_words,119,Can use a comparative adjective with 'than' to compare two nouns or noun phrases.► comparative clauses,A2,2.0,1,5,,6; 7; 8; 9; 10; 11; 13; 14; 15,,usage_not_sustained
polke_119_per_100_words,119,Can use a comparative adjective with 'than' to compare two nouns or noun phrases.► comparative clauses,A2,5.0,1,,,,,not_common
polke_119_per_100_words,119,Can use a comparative adjective with 'than' to compare two nouns or noun phrases.► comparative clauses,A2,10.0,1,,,,,not_common
polke_120_per_100_words,120,"Can use adverbs of degree ('really', 'so', 'quite') with an increasing range of common gradable adjectives.",A2,2.0,1,4,4,,,sustained_usage
polke_120_per_100_words,120,"Can use adverbs of degree ('really', 'so', 'quite') with an increasing range of common gradable adjectives.",A2,5.0,1,5,5,,,sustained_usage
polke_120_per_100_words,120,"Can use adverbs of degree ('really', 'so', 'quite') with an increasing range of common gradable adjectives.",A2,10.0,1,8,,10; 11; 13,,usage_not_sustained
polke_121_per_100_words,121,Can form adjective phrases with a very limited range of adjectives + a prepositional phrase.,A2,2.0,1,1,1,,,sustained_usage
polke_121_per_100_words,121,Can form adjective phrases with a very limited range of adjectives + a prepositional phrase.,A2,5.0,1,2,4,3,,sustained_usage
polke_121_per_100_words,121,Can form adjective phrases with a very limited range of adjectives + a prepositional phrase.,A2,10.0,1,2,5,3; 4,,sustained_usage
polke_122_per_100_words,122,Can use 'too' with common gradable adjectives.,A2,2.0,1,4,,7; 8; 10; 11; 13,,usage_not_sustained
polke_122_per_100_words,122,Can use 'too' with common gradable adjectives.,A2,5.0,1,4,,5; 7; 8; 9; 10; 11; 13; 14; 15,,usage_not_sustained
polke_122_per_100_words,122,Can use 'too' with common gradable adjectives.,A2,10.0,1,,,,,not_common
polke_123_per_100_words,123,Can use 'too' + adjective + prepositional phrase,A2,2.0,1,4,,5; 6; 7; 8; 9; 10; 11; 12; 13; 14; 15,,usage_not_sustained
polke_123_per_100_words,123,Can use 'too' + adjective + prepositional phrase,A2,5.0,1,,,,,not_common
polke_123_per_100_words,123,Can use 'too' + adjective + prepositional phrase,A2,10.0,1,,,,,not_common
polke_125_per_100_words,125,"Can use an increasing range of adjectives predicatively, after 'be'.",A2,2.0,1,1,1,,,sustained_usage
polke_125_per_100_words,125,"Can use an increasing range of adjectives predicatively, after 'be'.",A2,5.0,1,1,1,,,sustained_usage
polke_125_per_100_words,125,"Can use an increasing range of adjectives predicatively, after 'be'.",A2,10.0,1,2,2,,,sustained_usage
polke_126_per_100_words,126,"Can use a limited range of adjectives predicatively, after linking verbs 'look' and 'feel'.",A2,2.0,1,4,8,5; 6; 7,,sustained_usage
polke_126_per_100_words,126,"Can use a limited range of adjectives predicatively, after linking verbs 'look' and 'feel'.",A2,5.0,1,14,,15,,usage_not_sustained
polke_126_per_100_words,126,"Can use a limited range of adjectives predicatively, after linking verbs 'look' and 'feel'.",A2,10.0,1,,,,,not_common
polke_130_per_100_words,130,"Can use 'the' with a limited range of superlative adjectives without a following noun, when the noun is understood.",A2,2.0,,,,,,not_observed
polke_130_per_100_words,130,"Can use 'the' with a limited range of superlative adjectives without a following noun, when the noun is understood.",A2,5.0,,,,,,not_observed
polke_130_per_100_words,130,"Can use 'the' with a limited range of superlative adjectives without a following noun, when the noun is understood.",A2,10.0,,,,,,not_observed
polke_131_per_100_words,131,"Can form superlative adjectives with adjectives of one syllable with a short vowel, by doubling the final consonant and adding '–est'.",A2,2.0,1,,,,,not_common
polke_131_per_100_words,131,"Can form superlative adjectives with adjectives of one syllable with a short vowel, by doubling the final consonant and adding '–est'.",A2,5.0,1,,,,,not_common
polke_131_per_100_words,131,"Can form superlative adjectives with adjectives of one syllable with a short vowel, by doubling the final consonant and adding '–est'.",A2,10.0,1,,,,,not_common
polke_132_per_100_words,132,"Can form superlative adjectives by adding the suffix '-est', to adjectives of one syllable.",A2,2.0,1,4,4,,,sustained_usage
polke_132_per_100_words,132,"Can form superlative adjectives by adding the suffix '-est', to adjectives of one syllable.",A2,5.0,1,6,,7; 8; 15,,usage_not_sustained
polke_132_per_100_words,132,"Can form superlative adjectives by adding the suffix '-est', to adjectives of one syllable.",A2,10.0,1,12,,13; 15,,usage_not_sustained
polke_133_per_100_words,133,"Can form superlative adjectives using the '-est' suffix, with adjectives of one syllable, and with two-syllable adjectives ending in -y.",A2,2.0,1,,,,,not_common
polke_133_per_100_words,133,"Can form superlative adjectives using the '-est' suffix, with adjectives of one syllable, and with two-syllable adjectives ending in -y.",A2,5.0,1,,,,,not_common
polke_133_per_100_words,133,"Can form superlative adjectives using the '-est' suffix, with adjectives of one syllable, and with two-syllable adjectives ending in -y.",A2,10.0,1,,,,,not_common
polke_134_per_100_words,134,"Can form a noun phrase with 'my' or 'your' + superlative adjective + noun, with a limited range of nouns and contexts. ► noun phrases",A2,2.0,1,8,,9; 10; 11; 12; 13; 15,,usage_not_sustained
polke_134_per_100_words,134,"Can form a noun phrase with 'my' or 'your' + superlative adjective + noun, with a limited range of nouns and contexts. ► noun phrases",A2,5.0,1,,,,,not_common
polke_134_per_100_words,134,"Can form a noun phrase with 'my' or 'your' + superlative adjective + noun, with a limited range of nouns and contexts. ► noun phrases",A2,10.0,1,,,,,not_common
polke_135_per_100_words,135,Can form superlative adjectives using the suffix '-st' to adjectives ending in '–e'.,A2,2.0,1,,,,,not_common
polke_135_per_100_words,135,Can form superlative adjectives using the suffix '-st' to adjectives ending in '–e'.,A2,5.0,1,,,,,not_common
polke_135_per_100_words,135,Can form superlative adjectives using the suffix '-st' to adjectives ending in '–e'.,A2,10.0,1,,,,,not_common
polke_136_per_100_words,136,Can form a noun phrase with 'the' + superlative adjective + noun. ► noun phrases,A2,2.0,1,6,6,,,sustained_usage
polke_136_per_100_words,136,Can form a noun phrase with 'the' + superlative adjective + noun. ► noun phrases,A2,5.0,1,7,7,,,sustained_usage
polke_136_per_100_words,136,Can form a noun phrase with 'the' + superlative adjective + noun. ► noun phrases,A2,10.0,1,8,10,9,,sustained_usage
polke_137_per_100_words,137,"Can form superlative adjective phrases using 'the most', with longer adjectives of two or more syllables.",A2,2.0,1,7,7,,,sustained_usage
polke_137_per_100_words,137,"Can form superlative adjective phrases using 'the most', with longer adjectives of two or more syllables.",A2,5.0,1,10,13,12,,sustained_usage
polke_137_per_100_words,137,"Can form superlative adjective phrases using 'the most', with longer adjectives of two or more syllables.",A2,10.0,1,10,,12; 13; 15,,usage_not_sustained
polke_148_per_100_words,148,Can use a range of degree adverbs to modify common gradable adjectives.,A2,2.0,1,1,1,,,sustained_usage
polke_148_per_100_words,148,Can use a range of degree adverbs to modify common gradable adjectives.,A2,5.0,1,1,1,,,sustained_usage
polke_148_per_100_words,148,Can use a range of degree adverbs to modify common gradable adjectives.,A2,10.0,1,2,4,3,,sustained_usage
polke_149_per_100_words,149,Can use a limited range of manner adverbs to modify verbs.,A2,2.0,1,8,8,,,sustained_usage
polke_149_per_100_words,149,Can use a limited range of manner adverbs to modify verbs.,A2,5.0,1,14,,,,too_few_later_levels
polke_149_per_100_words,149,Can use a limited range of manner adverbs to modify verbs.,A2,10.0,1,,,,,not_common
polke_150_per_100_words,150,Can use time and sequencing adverbs to modify clauses and sentences.,A2,2.0,1,1,1,,,sustained_usage
polke_150_per_100_words,150,Can use time and sequencing adverbs to modify clauses and sentences.,A2,5.0,1,2,2,,,sustained_usage
polke_150_per_100_words,150,Can use time and sequencing adverbs to modify clauses and sentences.,A2,10.0,1,2,4,3,,sustained_usage
polke_151_per_100_words,151,Can use an increasing range of degree adverbs before an adjective.,A2,2.0,1,1,1,,,sustained_usage
polke_151_per_100_words,151,Can use an increasing range of degree adverbs before an adjective.,A2,5.0,1,1,1,,,sustained_usage
polke_151_per_100_words,151,Can use an increasing range of degree adverbs before an adjective.,A2,10.0,1,2,2,,,sustained_usage
polke_152_per_100_words,152,Can use an increasing range of adverbs in front position.,A2,2.0,1,1,1,,,sustained_usage
polke_152_per_100_words,152,Can use an increasing range of adverbs in front position.,A2,5.0,1,1,1,,,sustained_usage
polke_152_per_100_words,152,Can use an increasing range of adverbs in front position.,A2,10.0,1,1,1,,,sustained_usage
polke_153_per_100_words,153,"Can use adverbs in mid position between the subject and the main verb and after modal verbs, auxiliary verbs and 'be'.",A2,2.0,,,,,,not_observed
polke_153_per_100_words,153,"Can use adverbs in mid position between the subject and the main verb and after modal verbs, auxiliary verbs and 'be'.",A2,5.0,,,,,,not_observed
polke_153_per_100_words,153,"Can use adverbs in mid position between the subject and the main verb and after modal verbs, auxiliary verbs and 'be'.",A2,10.0,,,,,,not_observed
polke_154_per_100_words,154,Can use manner adverbs in the usual end position.,A2,2.0,1,5,5,,,sustained_usage
polke_154_per_100_words,154,Can use manner adverbs in the usual end position.,A2,5.0,1,8,8,,,sustained_usage
polke_154_per_100_words,154,Can use manner adverbs in the usual end position.,A2,10.0,1,14,,,,too_few_later_levels
polke_155_per_100_words,155,Can use degree adverbs in end position.,A2,2.0,1,1,1,,,sustained_usage
polke_155_per_100_words,155,Can use degree adverbs in end position.,A2,5.0,1,4,4,,,sustained_usage
polke_155_per_100_words,155,Can use degree adverbs in end position.,A2,10.0,1,4,11,6; 7; 10,,sustained_usage
polke_156_per_100_words,156,"Can use evaluative, viewpoint and sequencing adverbs outside the clause, in front position, as a cohesive device to link to a previous statement in a preceding clause.",A2,2.0,1,1,1,,,sustained_usage
polke_156_per_100_words,156,"Can use evaluative, viewpoint and sequencing adverbs outside the clause, in front position, as a cohesive device to link to a previous statement in a preceding clause.",A2,5.0,1,2,2,,,sustained_usage
polke_156_per_100_words,156,"Can use evaluative, viewpoint and sequencing adverbs outside the clause, in front position, as a cohesive device to link to a previous statement in a preceding clause.",A2,10.0,1,5,5,,,sustained_usage
polke_157_per_100_words,157,"Can modify a limited range of adverbs of time, degree, and manner with other adverbs.",A2,2.0,1,1,1,,,sustained_usage
polke_157_per_100_words,157,"Can modify a limited range of adverbs of time, degree, and manner with other adverbs.",A2,5.0,1,2,4,3,,sustained_usage
polke_157_per_100_words,157,"Can modify a limited range of adverbs of time, degree, and manner with other adverbs.",A2,10.0,1,8,8,,,sustained_usage
polke_158_per_100_words,158,Can use 'be' + 'like' + noun or pronoun.,A2,2.0,1,,,,,not_common
polke_158_per_100_words,158,Can use 'be' + 'like' + noun or pronoun.,A2,5.0,1,,,,,not_common
polke_158_per_100_words,158,Can use 'be' + 'like' + noun or pronoun.,A2,10.0,1,,,,,not_common
polke_160_per_100_words,160,Can form a simple negative declarative clause with auxiliary 'have' + 'not' or 'n't' and 'have' + 'not' or 'n't (got)',A2,2.0,1,,,,,not_common
polke_160_per_100_words,160,Can form a simple negative declarative clause with auxiliary 'have' + 'not' or 'n't' and 'have' + 'not' or 'n't (got)',A2,5.0,1,,,,,not_common
polke_160_per_100_words,160,Can form a simple negative declarative clause with auxiliary 'have' + 'not' or 'n't' and 'have' + 'not' or 'n't (got)',A2,10.0,1,,,,,not_common
polke_161_per_100_words,161,Can form a simple negative declarative clause with modal verb + 'not' or 'n't'.,A2,2.0,1,2,2,,,sustained_usage
polke_161_per_100_words,161,Can form a simple negative declarative clause with modal verb + 'not' or 'n't'.,A2,5.0,1,2,2,,,sustained_usage
polke_161_per_100_words,161,Can form a simple negative declarative clause with modal verb + 'not' or 'n't'.,A2,10.0,1,3,11,4; 7; 8; 10,,sustained_usage
polke_162_per_100_words,162,Can form an affirmative imperative with the base form of a main verb.,A2,2.0,1,1,1,,,sustained_usage
polke_162_per_100_words,162,Can form an affirmative imperative with the base form of a main verb.,A2,5.0,1,1,1,,,sustained_usage
polke_162_per_100_words,162,Can form an affirmative imperative with the base form of a main verb.,A2,10.0,1,1,1,,,sustained_usage
polke_168_per_100_words,168,Can form interrogative clauses ('yes/no' forms) with auxiliary 'be' and 'have'.,A2,2.0,1,10,,12; 14; 15,,usage_not_sustained
polke_168_per_100_words,168,Can form interrogative clauses ('yes/no' forms) with auxiliary 'be' and 'have'.,A2,5.0,1,10,,11; 12; 13; 14; 15,,usage_not_sustained
polke_168_per_100_words,168,Can form interrogative clauses ('yes/no' forms) with auxiliary 'be' and 'have'.,A2,10.0,1,10,,11; 12; 13; 14; 15,,usage_not_sustained
polke_169_per_100_words,169,Can form interrogative clauses ('yes/no' forms) of main lexical verbs with auxiliary 'do'.,A2,2.0,1,2,,3; 4; 5; 6; 7; 9; 15,,usage_not_sustained
polke_169_per_100_words,169,Can form interrogative clauses ('yes/no' forms) of main lexical verbs with auxiliary 'do'.,A2,5.0,1,10,,11; 12; 13; 14; 15,,usage_not_sustained
polke_169_per_100_words,169,Can form interrogative clauses ('yes/no' forms) of main lexical verbs with auxiliary 'do'.,A2,10.0,1,10,,11; 12; 13; 14; 15,,usage_not_sustained
polke_170_per_100_words,170,Can form interrogative clauses ('yes/no' forms) with modal auxiliary verbs.,A2,2.0,1,6,,7; 8; 11; 14; 15,,usage_not_sustained
polke_170_per_100_words,170,Can form interrogative clauses ('yes/no' forms) with modal auxiliary verbs.,A2,5.0,1,10,,11; 12; 13; 14; 15,,usage_not_sustained
polke_170_per_100_words,170,Can form interrogative clauses ('yes/no' forms) with modal auxiliary verbs.,A2,10.0,1,,,,,not_common
polke_171_per_100_words,171,Can form 'wh-' interrogative clauses with a 'wh-' word as object.,A2,2.0,1,10,,11; 12; 13; 14; 15,,usage_not_sustained
polke_171_per_100_words,171,Can form 'wh-' interrogative clauses with a 'wh-' word as object.,A2,5.0,1,10,,11; 12; 13; 14; 15,,usage_not_sustained
polke_171_per_100_words,171,Can form 'wh-' interrogative clauses with a 'wh-' word as object.,A2,10.0,1,,,,,not_common
polke_172_per_100_words,172,Can form negative 'wh-' interrogative clauses.,A2,2.0,2,3,,4; 5; 6; 7; 8; 9; 10; 11; 12; 13; 14; 15,,usage_not_sustained
polke_172_per_100_words,172,Can form negative 'wh-' interrogative clauses.,A2,5.0,2,,,,,not_common
polke_172_per_100_words,172,Can form negative 'wh-' interrogative clauses.,A2,10.0,2,,,,,not_common
polke_173_per_100_words,173,Can form negative interrogative clauses.,A2,2.0,,,,,,not_observed
polke_173_per_100_words,173,Can form negative interrogative clauses.,A2,5.0,,,,,,not_observed
polke_173_per_100_words,173,Can form negative interrogative clauses.,A2,10.0,,,,,,not_observed
polke_174_per_100_words,174,Can use 'What a' + noun phrase and 'What a' + noun phrase + clause.,A2,2.0,1,,,,,not_common
polke_174_per_100_words,174,Can use 'What a' + noun phrase and 'What a' + noun phrase + clause.,A2,5.0,1,,,,,not_common
polke_174_per_100_words,174,Can use 'What a' + noun phrase and 'What a' + noun phrase + clause.,A2,10.0,1,,,,,not_common
polke_175_per_100_words,175,Can use 'What a pity' + ('that') clause.,A2,2.0,,,,,,not_observed
polke_175_per_100_words,175,Can use 'What a pity' + ('that') clause.,A2,5.0,,,,,,not_observed
polke_175_per_100_words,175,Can use 'What a pity' + ('that') clause.,A2,10.0,,,,,,not_observed
polke_176_per_100_words,176,Can use a non-defining relative clause with 'who' as the subject.,A2,2.0,,,,,,not_observed
polke_176_per_100_words,176,Can use a non-defining relative clause with 'who' as the subject.,A2,5.0,,,,,,not_observed
polke_176_per_100_words,176,Can use a non-defining relative clause with 'who' as the subject.,A2,10.0,,,,,,not_observed
polke_177_per_100_words,177,Can use a defining relative clause with 'who' as the subject.,A2,2.0,,,,,,not_observed
polke_177_per_100_words,177,Can use a defining relative clause with 'who' as the subject.,A2,5.0,,,,,,not_observed
polke_177_per_100_words,177,Can use a defining relative clause with 'who' as the subject.,A2,10.0,,,,,,not_observed
polke_178_per_100_words,178,"Can use a non-defining relative clause with 'which' as the subject,.",A2,2.0,,,,,,not_observed
polke_178_per_100_words,178,"Can use a non-defining relative clause with 'which' as the subject,.",A2,5.0,,,,,,not_observed
polke_178_per_100_words,178,"Can use a non-defining relative clause with 'which' as the subject,.",A2,10.0,,,,,,not_observed
polke_179_per_100_words,179,Can use a defining relative clause with 'which' as the subject.,A2,2.0,,,,,,not_observed
polke_179_per_100_words,179,Can use a defining relative clause with 'which' as the subject.,A2,5.0,,,,,,not_observed
polke_179_per_100_words,179,Can use a defining relative clause with 'which' as the subject.,A2,10.0,,,,,,not_observed
polke_180_per_100_words,180,Can use a defining relative clause with 'that' as the object.,A2,2.0,,,,,,not_observed
polke_180_per_100_words,180,Can use a defining relative clause with 'that' as the object.,A2,5.0,,,,,,not_observed
polke_180_per_100_words,180,Can use a defining relative clause with 'that' as the object.,A2,10.0,,,,,,not_observed
polke_181_per_100_words,181,Can use a non-defining relative clause with 'which' as the object.,A2,2.0,,,,,,not_observed
polke_181_per_100_words,181,Can use a non-defining relative clause with 'which' as the object.,A2,5.0,,,,,,not_observed
polke_181_per_100_words,181,Can use a non-defining relative clause with 'which' as the object.,A2,10.0,,,,,,not_observed
polke_182_per_100_words,182,Can use a defining relative clause with 'which' as the object.,A2,2.0,,,,,,not_observed
polke_182_per_100_words,182,Can use a defining relative clause with 'which' as the object.,A2,5.0,,,,,,not_observed
polke_182_per_100_words,182,Can use a defining relative clause with 'which' as the object.,A2,10.0,,,,,,not_observed
polke_183_per_100_words,183,"Can use a defining relative clause, without a relative pronoun.",A2,2.0,1,1,1,,,sustained_usage
polke_183_per_100_words,183,"Can use a defining relative clause, without a relative pronoun.",A2,5.0,1,1,1,,,sustained_usage
polke_183_per_100_words,183,"Can use a defining relative clause, without a relative pronoun.",A2,10.0,1,1,1,,,sustained_usage
polke_187_per_100_words,187,"Can use a limited range of simple subordinating conjunctions '(if, when, so, while)' to introduce a subordinate clause.",A2,2.0,1,2,2,,,sustained_usage
polke_187_per_100_words,187,"Can use a limited range of simple subordinating conjunctions '(if, when, so, while)' to introduce a subordinate clause.",A2,5.0,1,4,4,,,sustained_usage
polke_187_per_100_words,187,"Can use a limited range of simple subordinating conjunctions '(if, when, so, while)' to introduce a subordinate clause.",A2,10.0,1,4,4,,,sustained_usage
polke_189_per_100_words,189,Can form a noun phrase with 'the' + superlative adjectives + noun.,A2,2.0,1,6,6,,,sustained_usage
polke_189_per_100_words,189,Can form a noun phrase with 'the' + superlative adjectives + noun.,A2,5.0,1,7,7,,,sustained_usage
polke_189_per_100_words,189,Can form a noun phrase with 'the' + superlative adjectives + noun.,A2,10.0,1,8,10,9,,sustained_usage
polke_190_per_100_words,190,Can use 'this' with uncountable nouns. ► noun phrases ►  pronouns: demonstrative,A2,2.0,1,,,,,not_common
polke_190_per_100_words,190,Can use 'this' with uncountable nouns. ► noun phrases ►  pronouns: demonstrative,A2,5.0,1,,,,,not_common
polke_190_per_100_words,190,Can use 'this' with uncountable nouns. ► noun phrases ►  pronouns: demonstrative,A2,10.0,1,,,,,not_common
polke_194_per_100_words,194,Can use 'that' with singular nouns. ► noun phrases ►  pronouns: demonstrative,A2,2.0,1,6,6,,,sustained_usage
polke_194_per_100_words,194,Can use 'that' with singular nouns. ► noun phrases ►  pronouns: demonstrative,A2,5.0,1,7,9,8,,sustained_usage
polke_194_per_100_words,194,Can use 'that' with singular nouns. ► noun phrases ►  pronouns: demonstrative,A2,10.0,1,12,,13,,usage_not_sustained
polke_197_per_100_words,197,Can use 'these' with plural nouns. ► noun phrases ►  pronouns: demonstrative,A2,2.0,1,7,7,,,sustained_usage
polke_197_per_100_words,197,Can use 'these' with plural nouns. ► noun phrases ►  pronouns: demonstrative,A2,5.0,1,11,13,12,,sustained_usage
polke_197_per_100_words,197,Can use 'these' with plural nouns. ► noun phrases ►  pronouns: demonstrative,A2,10.0,1,14,,15,,usage_not_sustained
polke_200_per_100_words,200,Can use 'those' with plural nouns. ► noun phrases ►  pronouns: demonstrative,A2,2.0,1,13,,15,,usage_not_sustained
polke_200_per_100_words,200,Can use 'those' with plural nouns. ► noun phrases ►  pronouns: demonstrative,A2,5.0,1,,,,,not_common
polke_200_per_100_words,200,Can use 'those' with plural nouns. ► noun phrases ►  pronouns: demonstrative,A2,10.0,1,,,,,not_common
polke_203_per_100_words,203,Can use ''s' after singular or proper nouns to indicate possession.,A2,2.0,1,1,1,,,sustained_usage
polke_203_per_100_words,203,Can use ''s' after singular or proper nouns to indicate possession.,A2,5.0,1,1,1,,,sustained_usage
polke_203_per_100_words,203,Can use ''s' after singular or proper nouns to indicate possession.,A2,10.0,1,1,10,4; 5; 6; 7; 9,,sustained_usage
polke_204_per_100_words,204,Can use quantifying determiners + possessive determiners + 'of' + noun. ► noun phrases,A2,2.0,1,8,11,10,,sustained_usage
polke_204_per_100_words,204,Can use quantifying determiners + possessive determiners + 'of' + noun. ► noun phrases,A2,5.0,1,12,,13; 14; 15,,usage_not_sustained
polke_204_per_100_words,204,Can use quantifying determiners + possessive determiners + 'of' + noun. ► noun phrases,A2,10.0,1,,,,,not_common
polke_205_per_100_words,205,"Can use an increasing range of quantifying determiners with plural nouns ('all', 'both', 'a few').",A2,2.0,1,5,5,,,sustained_usage
polke_205_per_100_words,205,"Can use an increasing range of quantifying determiners with plural nouns ('all', 'both', 'a few').",A2,5.0,1,5,5,,,sustained_usage
polke_205_per_100_words,205,"Can use an increasing range of quantifying determiners with plural nouns ('all', 'both', 'a few').",A2,10.0,1,12,12,,,sustained_usage
polke_206_per_100_words,206,"Can use a range of quantifying determiners ('some', 'any', 'no', 'more', 'a lot of') with both plural nouns and uncountable nouns.",A2,2.0,1,2,2,,,sustained_usage
polke_206_per_100_words,206,"Can use a range of quantifying determiners ('some', 'any', 'no', 'more', 'a lot of') with both plural nouns and uncountable nouns.",A2,5.0,1,3,3,,,sustained_usage
polke_206_per_100_words,206,"Can use a range of quantifying determiners ('some', 'any', 'no', 'more', 'a lot of') with both plural nouns and uncountable nouns.",A2,10.0,1,3,7,6,,sustained_usage
polke_207_per_100_words,207,"Can use an increasing range of quantifying determiners with singular nouns ('each', 'an', 'one' and numbers).",A2,2.0,1,1,1,,,sustained_usage
polke_207_per_100_words,207,"Can use an increasing range of quantifying determiners with singular nouns ('each', 'an', 'one' and numbers).",A2,5.0,1,1,1,,,sustained_usage
polke_207_per_100_words,207,"Can use an increasing range of quantifying determiners with singular nouns ('each', 'an', 'one' and numbers).",A2,10.0,1,1,1,,,sustained_usage
polke_208_per_100_words,208,Can use 'much' with uncountable nouns in negative contexts.,A2,2.0,1,,,,,not_common
polke_208_per_100_words,208,Can use 'much' with uncountable nouns in negative contexts.,A2,5.0,1,,,,,not_common
polke_208_per_100_words,208,Can use 'much' with uncountable nouns in negative contexts.,A2,10.0,1,,,,,not_common
polke_209_per_100_words,209,Can use 'many' with plural nouns in negative contexts.,A2,2.0,1,,,,,not_common
polke_209_per_100_words,209,Can use 'many' with plural nouns in negative contexts.,A2,5.0,1,,,,,not_common
polke_209_per_100_words,209,Can use 'many' with plural nouns in negative contexts.,A2,10.0,1,,,,,not_common
polke_210_per_100_words,210,Can use 'so many' and 'too many' with plural nouns.,A2,2.0,1,,,,,not_common
polke_210_per_100_words,210,Can use 'so many' and 'too many' with plural nouns.,A2,5.0,1,,,,,not_common
polke_210_per_100_words,210,Can use 'so many' and 'too many' with plural nouns.,A2,10.0,1,,,,,not_common
polke_211_per_100_words,211,"Can use a range of quantifying determiners + 'of' + determiner ('all of', 'some of', 'both of', 'many of', 'any of', number + 'of', 'each of'). ► pronouns: quantity",A2,2.0,1,4,7,6,,sustained_usage
polke_211_per_100_words,211,"Can use a range of quantifying determiners + 'of' + determiner ('all of', 'some of', 'both of', 'many of', 'any of', number + 'of', 'each of'). ► pronouns: quantity",A2,5.0,1,5,10,6; 7; 8; 9,,sustained_usage
polke_211_per_100_words,211,"Can use a range of quantifying determiners + 'of' + determiner ('all of', 'some of', 'both of', 'many of', 'any of', number + 'of', 'each of'). ► pronouns: quantity",A2,10.0,1,13,,14,,usage_not_sustained
polke_212_per_100_words,212,Can use the affirmative form with 'will'.,A2,2.0,1,12,,13; 14,,usage_not_sustained
polke_212_per_100_words,212,Can use the affirmative form with 'will'.,A2,5.0,1,,,,,not_common
polke_212_per_100_words,212,Can use the affirmative form with 'will'.,A2,10.0,1,,,,,not_common
polke_214_per_100_words,214,Can use the affirmative form 'shall' with 'I' and 'we'.,A2,2.0,1,,,,,not_common
polke_214_per_100_words,214,Can use the affirmative form 'shall' with 'I' and 'we'.,A2,5.0,1,,,,,not_common
polke_214_per_100_words,214,Can use the affirmative form 'shall' with 'I' and 'we'.,A2,10.0,1,,,,,not_common
polke_215_per_100_words,215,Can use the negative forms 'will not' and 'won't'.,A2,2.0,1,12,,13,,usage_not_sustained
polke_215_per_100_words,215,Can use the negative forms 'will not' and 'won't'.,A2,5.0,1,12,,13; 14; 15,,usage_not_sustained
polke_215_per_100_words,215,Can use the negative forms 'will not' and 'won't'.,A2,10.0,1,,,,,not_common
polke_216_per_100_words,216,Can use the question forms of 'will' and 'shall'.,A2,2.0,1,15,,,,too_few_later_levels
polke_216_per_100_words,216,Can use the question forms of 'will' and 'shall'.,A2,5.0,1,,,,,not_common
polke_216_per_100_words,216,Can use the question forms of 'will' and 'shall'.,A2,10.0,1,,,,,not_common
polke_222_per_100_words,222,Can use the affirmative form.,A2,2.0,1,5,5,,,sustained_usage
polke_222_per_100_words,222,Can use the affirmative form.,A2,5.0,1,5,12,8; 9; 10; 11,,sustained_usage
polke_222_per_100_words,222,Can use the affirmative form.,A2,10.0,1,5,,6; 7; 8; 9; 10; 11; 12; 13; 14; 15,,usage_not_sustained
polke_223_per_100_words,223,Can use the question form.,A2,2.0,1,,,,,not_common
polke_223_per_100_words,223,Can use the question form.,A2,5.0,1,,,,,not_common
polke_223_per_100_words,223,Can use the question form.,A2,10.0,1,,,,,not_common
polke_228_per_100_words,228,Can use the present simple with 'when' to refer to the future.,A2,2.0,1,4,4,,,sustained_usage
polke_228_per_100_words,228,Can use the present simple with 'when' to refer to the future.,A2,5.0,1,5,13,7; 12,,sustained_usage
polke_228_per_100_words,228,Can use the present simple with 'when' to refer to the future.,A2,10.0,1,11,,12; 13; 14,,usage_not_sustained
polke_231_per_100_words,231,Can use 'I' + 'be' + 'sure' + clause.,A2,2.0,1,8,10,9,,sustained_usage
polke_231_per_100_words,231,Can use 'I' + 'be' + 'sure' + clause.,A2,5.0,1,13,,15,,usage_not_sustained
polke_231_per_100_words,231,Can use 'I' + 'be' + 'sure' + clause.,A2,10.0,1,,,,,not_common
polke_234_per_100_words,234,Can use the affirmative forms.,A2,2.0,1,4,4,,,sustained_usage
polke_234_per_100_words,234,Can use the affirmative forms.,A2,5.0,1,6,6,,,sustained_usage
polke_234_per_100_words,234,Can use the affirmative forms.,A2,10.0,1,6,11,7; 8; 10,,sustained_usage
polke_235_per_100_words,235,Can use the negative forms.,A2,2.0,1,,,,,not_common
polke_235_per_100_words,235,Can use the negative forms.,A2,5.0,1,,,,,not_common
polke_235_per_100_words,235,Can use the negative forms.,A2,10.0,1,,,,,not_common
polke_236_per_100_words,236,Can use the question forms.,A2,2.0,2,,,,,not_common
polke_236_per_100_words,236,Can use the question forms.,A2,5.0,2,,,,,not_common
polke_236_per_100_words,236,Can use the question forms.,A2,10.0,2,,,,,not_common
polke_238_per_100_words,238,Can use the affirmative form.,A2,2.0,1,7,9,8,,sustained_usage
polke_238_per_100_words,238,Can use the affirmative form.,A2,5.0,1,11,13,12,,sustained_usage
polke_238_per_100_words,238,Can use the affirmative form.,A2,10.0,1,,,,,not_common
polke_240_per_100_words,240,Can use the affirmative form.,A2,2.0,2,11,11,,,sustained_usage
polke_240_per_100_words,240,Can use the affirmative form.,A2,5.0,2,14,,,,too_few_later_levels
polke_240_per_100_words,240,Can use the affirmative form.,A2,10.0,2,,,,,not_common
polke_242_per_100_words,242,Can use the affirmative form.,A2,2.0,1,5,5,,,sustained_usage
polke_242_per_100_words,242,Can use the affirmative form.,A2,5.0,1,6,11,9; 10,,sustained_usage
polke_242_per_100_words,242,Can use the affirmative form.,A2,10.0,1,,,,,not_common
polke_243_per_100_words,243,Can use the negative forms.,A2,2.0,2,,,,,not_common
polke_243_per_100_words,243,Can use the negative forms.,A2,5.0,2,,,,,not_common
polke_243_per_100_words,243,Can use the negative forms.,A2,10.0,2,,,,,not_common
polke_245_per_100_words,245,Can use the affirmative form.,A2,2.0,1,,,,,not_common
polke_245_per_100_words,245,Can use the affirmative form.,A2,5.0,1,,,,,not_common
polke_245_per_100_words,245,Can use the affirmative form.,A2,10.0,1,,,,,not_common
polke_246_per_100_words,246,Can use the question form.,A2,2.0,2,,,,,not_common
polke_246_per_100_words,246,Can use the question form.,A2,5.0,2,,,,,not_common
polke_246_per_100_words,246,Can use the question form.,A2,10.0,2,,,,,not_common
polke_249_per_100_words,249,Can use the affirmative form.,A2,2.0,1,3,5,4,,sustained_usage
polke_249_per_100_words,249,Can use the affirmative form.,A2,5.0,1,3,5,4,,sustained_usage
polke_249_per_100_words,249,Can use the affirmative form.,A2,10.0,1,5,10,7; 8; 9,,sustained_usage
polke_250_per_100_words,250,Can use the negative form.,A2,2.0,2,5,,6; 8; 9; 10; 11; 12; 13; 14; 15,,usage_not_sustained
polke_250_per_100_words,250,Can use the negative form.,A2,5.0,2,5,,6; 7; 8; 9; 10; 11; 12; 13; 14; 15,,usage_not_sustained
polke_250_per_100_words,250,Can use the negative form.,A2,10.0,2,,,,,not_common
polke_251_per_100_words,251,Can use the question form.,A2,2.0,1,,,,,not_common
polke_251_per_100_words,251,Can use the question form.,A2,5.0,1,,,,,not_common
polke_251_per_100_words,251,Can use the question form.,A2,10.0,1,,,,,not_common
polke_255_per_100_words,255,Can use the negative forms.,A2,2.0,1,6,8,7,,sustained_usage
polke_255_per_100_words,255,Can use the negative forms.,A2,5.0,1,12,12,,,sustained_usage
polke_255_per_100_words,255,Can use the negative forms.,A2,10.0,1,,,,,not_common
polke_256_per_100_words,256,Can use the question form.,A2,2.0,1,,,,,not_common
polke_256_per_100_words,256,Can use the question form.,A2,5.0,1,,,,,not_common
polke_256_per_100_words,256,Can use the question form.,A2,10.0,1,,,,,not_common
polke_260_per_100_words,260,Can use the affirmative form.,A2,2.0,1,4,4,,,sustained_usage
polke_260_per_100_words,260,Can use the affirmative form.,A2,5.0,1,4,6,5,,sustained_usage
polke_260_per_100_words,260,Can use the affirmative form.,A2,10.0,1,7,7,,,sustained_usage
polke_261_per_100_words,261,Can use the negative forms.,A2,2.0,1,14,,15,,usage_not_sustained
polke_261_per_100_words,261,Can use the negative forms.,A2,5.0,1,,,,,not_common
polke_261_per_100_words,261,Can use the negative forms.,A2,10.0,1,,,,,not_common
polke_262_per_100_words,262,Can use the question form 'would you like'.,A2,2.0,1,13,,14; 15,,usage_not_sustained
polke_262_per_100_words,262,Can use the question form 'would you like'.,A2,5.0,1,,,,,not_common
polke_262_per_100_words,262,Can use the question form 'would you like'.,A2,10.0,1,,,,,not_common
polke_267_per_100_words,267,"Can use adverbs of certainty and possibility ('maybe', 'perhaps'), before a clause or ellipted clause. ► adverbs: position",A2,2.0,1,5,,6; 10; 15,,usage_not_sustained
polke_267_per_100_words,267,"Can use adverbs of certainty and possibility ('maybe', 'perhaps'), before a clause or ellipted clause. ► adverbs: position",A2,5.0,1,5,,6; 7; 8; 9; 10; 11; 12; 13; 14; 15,,usage_not_sustained
polke_267_per_100_words,267,"Can use adverbs of certainty and possibility ('maybe', 'perhaps'), before a clause or ellipted clause. ► adverbs: position",A2,10.0,1,,,,,not_common
polke_268_per_100_words,268,Can form simple noun phrases with a limited range of determiners + uncountable nouns.,A2,2.0,1,4,4,,,sustained_usage
polke_268_per_100_words,268,Can form simple noun phrases with a limited range of determiners + uncountable nouns.,A2,5.0,1,5,10,6; 8; 9,,sustained_usage
polke_268_per_100_words,268,Can form simple noun phrases with a limited range of determiners + uncountable nouns.,A2,10.0,1,,,,,not_common
polke_269_per_100_words,269,Can form simple noun phrases by pre-modifying nouns with an increasing range of determiners.,A2,2.0,1,4,4,,,sustained_usage
polke_269_per_100_words,269,Can form simple noun phrases by pre-modifying nouns with an increasing range of determiners.,A2,5.0,1,7,13,10; 12,,sustained_usage
polke_269_per_100_words,269,Can form simple noun phrases by pre-modifying nouns with an increasing range of determiners.,A2,10.0,1,8,,9; 10; 11; 12; 15,,usage_not_sustained
polke_270_per_100_words,270,Can pre-modify noun phrases with a limited range of more than one adjective.,A2,2.0,1,1,3,2,,sustained_usage
polke_270_per_100_words,270,Can pre-modify noun phrases with a limited range of more than one adjective.,A2,5.0,1,1,6,2; 3; 5,,sustained_usage
polke_270_per_100_words,270,Can pre-modify noun phrases with a limited range of more than one adjective.,A2,10.0,1,4,8,5; 6; 7,,sustained_usage
polke_271_per_100_words,271,Can post-modify noun phrases by using a non-defining relative clause. ► Clauses: relative,A2,2.0,1,2,4,3,,sustained_usage
polke_271_per_100_words,271,Can post-modify noun phrases by using a non-defining relative clause. ► Clauses: relative,A2,5.0,1,4,4,,,sustained_usage
polke_271_per_100_words,271,Can post-modify noun phrases by using a non-defining relative clause. ► Clauses: relative,A2,10.0,1,5,5,,,sustained_usage
polke_272_per_100_words,272,Can form complex noun phrases by using a defining relative clause as a complement to a noun phrase. ► Clauses: relative,A2,2.0,,,,,,not_observed
polke_272_per_100_words,272,Can form complex noun phrases by using a defining relative clause as a complement to a noun phrase. ► Clauses: relative,A2,5.0,,,,,,not_observed
polke_272_per_100_words,272,Can form complex noun phrases by using a defining relative clause as a complement to a noun phrase. ► Clauses: relative,A2,10.0,,,,,,not_observed
polke_273_per_100_words,273,Can use possessive determiner ''s' with a singular noun.,A2,2.0,1,1,1,,,sustained_usage
polke_273_per_100_words,273,Can use possessive determiner ''s' with a singular noun.,A2,5.0,1,1,7,5; 6,,sustained_usage
polke_273_per_100_words,273,Can use possessive determiner ''s' with a singular noun.,A2,10.0,1,1,,4; 5; 6; 7; 8; 9; 10; 13,,usage_not_sustained
polke_274_per_100_words,274,"Can use the '-ing' forms of verbs as nouns, in object position, to refer to activities.",A2,2.0,1,2,2,,,sustained_usage
polke_274_per_100_words,274,"Can use the '-ing' forms of verbs as nouns, in object position, to refer to activities.",A2,5.0,1,5,5,,,sustained_usage
polke_274_per_100_words,274,"Can use the '-ing' forms of verbs as nouns, in object position, to refer to activities.",A2,10.0,1,9,11,10,,sustained_usage
polke_275_per_100_words,275,"Can form plurals by adding '-es' to countable nouns ending in '-o', '-ch', '-s', '-sh', '-x' or '-z'.",A2,2.0,1,1,1,,,sustained_usage
polke_275_per_100_words,275,"Can form plurals by adding '-es' to countable nouns ending in '-o', '-ch', '-s', '-sh', '-x' or '-z'.",A2,5.0,1,2,2,,,sustained_usage
polke_275_per_100_words,275,"Can form plurals by adding '-es' to countable nouns ending in '-o', '-ch', '-s', '-sh', '-x' or '-z'.",A2,10.0,1,3,8,7,,sustained_usage
polke_276_per_100_words,276,"Can form plurals of countable nouns ending in a consonant plus '-y', by changing the 'y' to 'I' and adding '-es'.",A2,2.0,1,4,4,,,sustained_usage
polke_276_per_100_words,276,"Can form plurals of countable nouns ending in a consonant plus '-y', by changing the 'y' to 'I' and adding '-es'.",A2,5.0,1,6,6,,,sustained_usage
polke_276_per_100_words,276,"Can form plurals of countable nouns ending in a consonant plus '-y', by changing the 'y' to 'I' and adding '-es'.",A2,10.0,1,7,7,,,sustained_usage
polke_277_per_100_words,277,Can form some irregular plural nouns.,A2,2.0,1,1,1,,,sustained_usage
polke_277_per_100_words,277,Can form some irregular plural nouns.,A2,5.0,1,1,1,,,sustained_usage
polke_277_per_100_words,277,Can form some irregular plural nouns.,A2,10.0,1,1,1,,,sustained_usage
polke_278_per_100_words,278,"Can use nouns that only have a plural form, with plural agreement.",A2,2.0,1,1,1,,,sustained_usage
polke_278_per_100_words,278,"Can use nouns that only have a plural form, with plural agreement.",A2,5.0,1,3,3,,,sustained_usage
polke_278_per_100_words,278,"Can use nouns that only have a plural form, with plural agreement.",A2,10.0,1,3,7,5; 6,,sustained_usage
polke_279_per_100_words,279,Can use a limited range of uncountable nouns.,A2,2.0,1,1,1,,,sustained_usage
polke_279_per_100_words,279,Can use a limited range of uncountable nouns.,A2,5.0,1,1,1,,,sustained_usage
polke_279_per_100_words,279,Can use a limited range of uncountable nouns.,A2,10.0,1,1,1,,,sustained_usage
polke_280_per_100_words,280,Can use uncountable nouns with 'the' to talk about something specific.,A2,2.0,1,1,1,,,sustained_usage
polke_280_per_100_words,280,Can use uncountable nouns with 'the' to talk about something specific.,A2,5.0,1,1,1,,,sustained_usage
polke_280_per_100_words,280,Can use uncountable nouns with 'the' to talk about something specific.,A2,10.0,1,1,1,,,sustained_usage
polke_281_per_100_words,281,"Can use uncountable nouns with a limited range of quantity words and phrases including 'some', 'any', 'a lot of', 'more'. ► Determiners: quantity",A2,2.0,1,2,2,,,sustained_usage
polke_281_per_100_words,281,"Can use uncountable nouns with a limited range of quantity words and phrases including 'some', 'any', 'a lot of', 'more'. ► Determiners: quantity",A2,5.0,1,3,3,,,sustained_usage
polke_281_per_100_words,281,"Can use uncountable nouns with a limited range of quantity words and phrases including 'some', 'any', 'a lot of', 'more'. ► Determiners: quantity",A2,10.0,1,3,7,5; 6,,sustained_usage
polke_282_per_100_words,282,Can refer to an individual example or quantity of an uncountable noun using words for containers and countable items.,A2,2.0,1,3,3,,,sustained_usage
polke_282_per_100_words,282,Can refer to an individual example or quantity of an uncountable noun using words for containers and countable items.,A2,5.0,1,3,7,4; 5; 6,,sustained_usage
polke_282_per_100_words,282,Can refer to an individual example or quantity of an uncountable noun using words for containers and countable items.,A2,10.0,1,8,13,9; 10; 11; 12,,sustained_usage
polke_284_per_100_words,284,Can use the past simple passive affirmative after a singular subject.,A2,2.0,,,,,,not_observed
polke_284_per_100_words,284,Can use the past simple passive affirmative after a singular subject.,A2,5.0,,,,,,not_observed
polke_284_per_100_words,284,Can use the past simple passive affirmative after a singular subject.,A2,10.0,,,,,,not_observed
polke_285_per_100_words,285,Can use the present simple passive affirmative with a singular subject.,A2,2.0,,,,,,not_observed
polke_285_per_100_words,285,Can use the present simple passive affirmative with a singular subject.,A2,5.0,,,,,,not_observed
polke_285_per_100_words,285,Can use the present simple passive affirmative with a singular subject.,A2,10.0,,,,,,not_observed
polke_286_per_100_words,286,Can use the affirmative form.,A2,2.0,1,5,,13,,usage_not_sustained
polke_286_per_100_words,286,Can use the affirmative form.,A2,5.0,1,5,,6; 7; 8; 9; 11; 13,,usage_not_sustained
polke_286_per_100_words,286,Can use the affirmative form.,A2,10.0,1,10,,11; 13,,usage_not_sustained
polke_287_per_100_words,287,Can use the past continuous with a limited range of adverbs in the normal mid position.,A2,2.0,1,5,,13,,usage_not_sustained
polke_287_per_100_words,287,Can use the past continuous with a limited range of adverbs in the normal mid position.,A2,5.0,1,5,,6; 7; 8; 9; 11; 13,,usage_not_sustained
polke_287_per_100_words,287,Can use the past continuous with a limited range of adverbs in the normal mid position.,A2,10.0,1,10,,11; 13,,usage_not_sustained
polke_290_per_100_words,290,Can use the affirmative form with an increasing range of verbs.,A2,2.0,1,1,1,,,sustained_usage
polke_290_per_100_words,290,Can use the affirmative form with an increasing range of verbs.,A2,5.0,1,3,3,,,sustained_usage
polke_290_per_100_words,290,Can use the affirmative form with an increasing range of verbs.,A2,10.0,1,4,4,,,sustained_usage
polke_291_per_100_words,291,Can use the negative form with a limited range of regular and irregular verbs.,A2,2.0,1,6,,10; 13,,usage_not_sustained
polke_291_per_100_words,291,Can use the negative form with a limited range of regular and irregular verbs.,A2,5.0,1,9,,10; 11; 13,,usage_not_sustained
polke_291_per_100_words,291,Can use the negative form with a limited range of regular and irregular verbs.,A2,10.0,1,15,,,,too_few_later_levels
polke_292_per_100_words,292,Can use 'yes/no' and 'wh-' question forms with 'you' with a limited range of verbs.,A2,2.0,1,10,,11; 12; 13; 14; 15,,usage_not_sustained
polke_292_per_100_words,292,Can use 'yes/no' and 'wh-' question forms with 'you' with a limited range of verbs.,A2,5.0,1,10,,11; 12; 13; 14; 15,,usage_not_sustained
polke_292_per_100_words,292,Can use 'yes/no' and 'wh-' question forms with 'you' with a limited range of verbs.,A2,10.0,1,,,,,not_common
polke_293_per_100_words,293,Can use 'when' + past simple in subordinate clauses.,A2,2.0,1,5,,13,,usage_not_sustained
polke_293_per_100_words,293,Can use 'when' + past simple in subordinate clauses.,A2,5.0,1,5,,6; 7; 8; 9; 11; 13,,usage_not_sustained
polke_293_per_100_words,293,Can use 'when' + past simple in subordinate clauses.,A2,10.0,1,12,,13; 14,,usage_not_sustained
polke_296_per_100_words,296,"Can use the affirmative form 'have' + '-ed' with pronouns 'I' and 'we', and with a limited range of verbs.",A2,2.0,1,6,6,,,sustained_usage
polke_296_per_100_words,296,"Can use the affirmative form 'have' + '-ed' with pronouns 'I' and 'we', and with a limited range of verbs.",A2,5.0,1,7,,15,,usage_not_sustained
polke_296_per_100_words,296,"Can use the affirmative form 'have' + '-ed' with pronouns 'I' and 'we', and with a limited range of verbs.",A2,10.0,1,10,,11; 12; 15,,usage_not_sustained
polke_297_per_100_words,297,Can use the negative form 'haven't' + '-ed' with 'I' with a limited range of verbs.,A2,2.0,1,,,,,not_common
polke_297_per_100_words,297,Can use the negative form 'haven't' + '-ed' with 'I' with a limited range of verbs.,A2,5.0,1,,,,,not_common
polke_297_per_100_words,297,Can use the negative form 'haven't' + '-ed' with 'I' with a limited range of verbs.,A2,10.0,1,,,,,not_common
polke_298_per_100_words,298,Can use the question form 'have you' + '-ed' with with a limited range of verbs.,A2,2.0,1,10,,11; 12; 13; 14; 15,,usage_not_sustained
polke_298_per_100_words,298,Can use the question form 'have you' + '-ed' with with a limited range of verbs.,A2,5.0,1,,,,,not_common
polke_298_per_100_words,298,Can use the question form 'have you' + '-ed' with with a limited range of verbs.,A2,10.0,1,,,,,not_common
polke_299_per_100_words,299,Can use the present perfect simple with a limited range of adverbs in the normal mid position.,A2,2.0,1,8,8,,,sustained_usage
polke_299_per_100_words,299,Can use the present perfect simple with a limited range of adverbs in the normal mid position.,A2,5.0,1,,,,,not_common
polke_299_per_100_words,299,Can use the present perfect simple with a limited range of adverbs in the normal mid position.,A2,10.0,1,,,,,not_common
polke_301_per_100_words,301,Can use an increasing range of simple (single-word) prepositions.,A2,2.0,1,1,1,,,sustained_usage
polke_301_per_100_words,301,Can use an increasing range of simple (single-word) prepositions.,A2,5.0,1,1,1,,,sustained_usage
polke_301_per_100_words,301,Can use an increasing range of simple (single-word) prepositions.,A2,10.0,1,1,1,,,sustained_usage
polke_302_per_100_words,302,Can use a limited range of complex prepositions.,A2,2.0,1,2,4,3,,sustained_usage
polke_302_per_100_words,302,Can use a limited range of complex prepositions.,A2,5.0,1,5,7,6,,sustained_usage
polke_302_per_100_words,302,Can use a limited range of complex prepositions.,A2,10.0,1,8,13,9; 12,,sustained_usage
polke_303_per_100_words,303,Can use 'just' to modify prepositions.,A2,2.0,1,7,,8; 9; 10; 11; 12; 13; 14,,usage_not_sustained
polke_303_per_100_words,303,Can use 'just' to modify prepositions.,A2,5.0,1,,,,,not_common
polke_303_per_100_words,303,Can use 'just' to modify prepositions.,A2,10.0,1,,,,,not_common
polke_304_per_100_words,304,Can form prepositional phrases using the '-ing' form of verbs as complements.,A2,2.0,1,2,4,3,,sustained_usage
polke_304_per_100_words,304,Can form prepositional phrases using the '-ing' form of verbs as complements.,A2,5.0,1,5,5,,,sustained_usage
polke_304_per_100_words,304,Can form prepositional phrases using the '-ing' form of verbs as complements.,A2,10.0,1,7,7,,,sustained_usage
polke_305_per_100_words,305,"Can end a 'wh-' question with a preposition, where the preposition is stranded from its complement.",A2,2.0,1,,,,,not_common
polke_305_per_100_words,305,"Can end a 'wh-' question with a preposition, where the preposition is stranded from its complement.",A2,5.0,1,,,,,not_common
polke_305_per_100_words,305,"Can end a 'wh-' question with a preposition, where the preposition is stranded from its complement.",A2,10.0,1,,,,,not_common
polke_306_per_100_words,306,Can use the negative form.,A2,2.0,1,12,,13; 14; 15,,usage_not_sustained
polke_306_per_100_words,306,Can use the negative form.,A2,5.0,1,,,,,not_common
polke_306_per_100_words,306,Can use the negative form.,A2,10.0,1,,,,,not_common
polke_307_per_100_words,307,"Can use 'wh-' questions, especially in the context of letters and emails.",A2,2.0,1,11,,12; 13; 14; 15,,usage_not_sustained
polke_307_per_100_words,307,"Can use 'wh-' questions, especially in the context of letters and emails.",A2,5.0,1,,,,,not_common
polke_307_per_100_words,307,"Can use 'wh-' questions, especially in the context of letters and emails.",A2,10.0,1,,,,,not_common
polke_312_per_100_words,312,Can use the affirmative form with an increasing range of regular and irregular verbs.,A2,2.0,1,1,1,,,sustained_usage
polke_312_per_100_words,312,Can use the affirmative form with an increasing range of regular and irregular verbs.,A2,5.0,1,1,1,,,sustained_usage
polke_312_per_100_words,312,Can use the affirmative form with an increasing range of regular and irregular verbs.,A2,10.0,1,1,1,,,sustained_usage
polke_313_per_100_words,313,"Can form indirect questions with 'Do you know' + 'how', 'where', 'why', or 'what' ...?'",A2,2.0,1,,,,,not_common
polke_313_per_100_words,313,"Can form indirect questions with 'Do you know' + 'how', 'where', 'why', or 'what' ...?'",A2,5.0,1,,,,,not_common
polke_313_per_100_words,313,"Can form indirect questions with 'Do you know' + 'how', 'where', 'why', or 'what' ...?'",A2,10.0,1,,,,,not_common
polke_314_per_100_words,314,Can use the negative form with an increasing range of regular and irregular verbs.,A2,2.0,1,1,1,,,sustained_usage
polke_314_per_100_words,314,Can use the negative form with an increasing range of regular and irregular verbs.,A2,5.0,1,2,2,,,sustained_usage
polke_314_per_100_words,314,Can use the negative form with an increasing range of regular and irregular verbs.,A2,10.0,1,2,4,3,,sustained_usage
polke_315_per_100_words,315,Can use 'yes/no' and 'wh-' question forms with 'you'.,A2,2.0,1,2,,5; 6; 7; 9; 15,,usage_not_sustained
polke_315_per_100_words,315,Can use 'yes/no' and 'wh-' question forms with 'you'.,A2,5.0,1,2,,3; 4; 5; 6; 7; 8; 9; 11; 12; 13; 14; 15,,usage_not_sustained
polke_315_per_100_words,315,Can use 'yes/no' and 'wh-' question forms with 'you'.,A2,10.0,1,10,,11; 12; 13; 14; 15,,usage_not_sustained
polke_316_per_100_words,316,Can use the present simple with adverbs of indefinite frequency.    ► adverbs,A2,2.0,1,4,10,7; 9,,sustained_usage
polke_316_per_100_words,316,Can use the present simple with adverbs of indefinite frequency.    ► adverbs,A2,5.0,1,4,,5; 6; 7; 8; 9; 10; 11; 13; 15,,usage_not_sustained
polke_316_per_100_words,316,Can use the present simple with adverbs of indefinite frequency.    ► adverbs,A2,10.0,1,14,,15,,usage_not_sustained
polke_320_per_100_words,320,Can use the possessive pronoun 'mine' after 'of' in the phrases 'a friend of mine' and 'friends of mine'.,A2,2.0,1,,,,,not_common
polke_320_per_100_words,320,Can use the possessive pronoun 'mine' after 'of' in the phrases 'a friend of mine' and 'friends of mine'.,A2,5.0,1,,,,,not_common
polke_320_per_100_words,320,Can use the possessive pronoun 'mine' after 'of' in the phrases 'a friend of mine' and 'friends of mine'.,A2,10.0,1,,,,,not_common
polke_321_per_100_words,321,"Can use the possessive pronoun 'mine', with singular and plural reference, in subject and object positions, and complement positions after 'be' and after prepositions.",A2,2.0,1,,,,,not_common
polke_321_per_100_words,321,"Can use the possessive pronoun 'mine', with singular and plural reference, in subject and object positions, and complement positions after 'be' and after prepositions.",A2,5.0,1,,,,,not_common
polke_321_per_100_words,321,"Can use the possessive pronoun 'mine', with singular and plural reference, in subject and object positions, and complement positions after 'be' and after prepositions.",A2,10.0,1,,,,,not_common
polke_322_per_100_words,322,"Can use the possessive pronoun 'yours', with singular reference, in object positions, and complement positions after 'be' and after prepositions.",A2,2.0,1,,,,,not_common
polke_322_per_100_words,322,"Can use the possessive pronoun 'yours', with singular reference, in object positions, and complement positions after 'be' and after prepositions.",A2,5.0,1,,,,,not_common
polke_322_per_100_words,322,"Can use the possessive pronoun 'yours', with singular reference, in object positions, and complement positions after 'be' and after prepositions.",A2,10.0,1,,,,,not_common
polke_323_per_100_words,323,"Can use a limited range of singular reflexive pronouns ('myself', 'yourself') with a limited range of verbs ('enjoy', 'buy') to refer to actions where the subject and object of the verb are the same.",A2,2.0,1,,,,,not_common
polke_323_per_100_words,323,"Can use a limited range of singular reflexive pronouns ('myself', 'yourself') with a limited range of verbs ('enjoy', 'buy') to refer to actions where the subject and object of the verb are the same.",A2,5.0,1,,,,,not_common
polke_323_per_100_words,323,"Can use a limited range of singular reflexive pronouns ('myself', 'yourself') with a limited range of verbs ('enjoy', 'buy') to refer to actions where the subject and object of the verb are the same.",A2,10.0,1,,,,,not_common
polke_324_per_100_words,324,Can leave out the subject pronoun with 'hope'. ► ellipsis,A2,2.0,1,2,,3; 4; 6; 7; 8; 10; 11; 13; 15,,usage_not_sustained
polke_324_per_100_words,324,Can leave out the subject pronoun with 'hope'. ► ellipsis,A2,5.0,1,2,,3; 4; 5; 6; 7; 8; 9; 10; 11; 12; 13; 14; 15,,usage_not_sustained
polke_324_per_100_words,324,Can leave out the subject pronoun with 'hope'. ► ellipsis,A2,10.0,1,,,,,not_common
polke_325_per_100_words,325,"Can use 'it' as an empty subject when there is nothing else to put in subject position, particularly with weather or time.",A2,2.0,1,1,1,,,sustained_usage
polke_325_per_100_words,325,"Can use 'it' as an empty subject when there is nothing else to put in subject position, particularly with weather or time.",A2,5.0,1,2,2,,,sustained_usage
polke_325_per_100_words,325,"Can use 'it' as an empty subject when there is nothing else to put in subject position, particularly with weather or time.",A2,10.0,1,2,2,,,sustained_usage
polke_326_per_100_words,326,Can use 'this' as a pronoun with singular reference.,A2,2.0,1,1,7,2; 3; 5; 6,,sustained_usage
polke_326_per_100_words,326,Can use 'this' as a pronoun with singular reference.,A2,5.0,1,1,,2; 3; 5; 6; 7; 8; 9; 10; 11; 12; 14,,usage_not_sustained
polke_326_per_100_words,326,Can use 'this' as a pronoun with singular reference.,A2,10.0,1,,,,,not_common
polke_330_per_100_words,330,Can use 'that' as a pronoun with singular reference.,A2,2.0,1,6,6,,,sustained_usage
polke_330_per_100_words,330,Can use 'that' as a pronoun with singular reference.,A2,5.0,1,6,,7; 8; 9; 10; 11; 12; 13; 14; 15,,usage_not_sustained
polke_330_per_100_words,330,Can use 'that' as a pronoun with singular reference.,A2,10.0,1,,,,,not_common
polke_334_per_100_words,334,"Can use pronouns 'some' and 'any', to refer to quantity.",A2,2.0,1,9,,10; 11; 12; 13; 14,,usage_not_sustained
polke_334_per_100_words,334,"Can use pronouns 'some' and 'any', to refer to quantity.",A2,5.0,1,,,,,not_common
polke_334_per_100_words,334,"Can use pronouns 'some' and 'any', to refer to quantity.",A2,10.0,1,,,,,not_common
polke_335_per_100_words,335,Can use 'some' as a subject and object to refer back to a plural or uncountable noun.,A2,2.0,1,8,,9; 10; 11; 15,,usage_not_sustained
polke_335_per_100_words,335,Can use 'some' as a subject and object to refer back to a plural or uncountable noun.,A2,5.0,1,,,,,not_common
polke_335_per_100_words,335,Can use 'some' as a subject and object to refer back to a plural or uncountable noun.,A2,10.0,1,,,,,not_common
polke_336_per_100_words,336,Can use 'any' as an object in a negative clause to refer back to a plural or uncountable noun.,A2,2.0,1,,,,,not_common
polke_336_per_100_words,336,Can use 'any' as an object in a negative clause to refer back to a plural or uncountable noun.,A2,5.0,1,,,,,not_common
polke_336_per_100_words,336,Can use 'any' as an object in a negative clause to refer back to a plural or uncountable noun.,A2,10.0,1,,,,,not_common
polke_337_per_100_words,337,"Can use a limited range of pronouns ('all', 'both') with 'of' followed by an object pronoun, to refer to quantity.",A2,2.0,1,7,7,,,sustained_usage
polke_337_per_100_words,337,"Can use a limited range of pronouns ('all', 'both') with 'of' followed by an object pronoun, to refer to quantity.",A2,5.0,1,7,10,8; 9,,sustained_usage
polke_337_per_100_words,337,"Can use a limited range of pronouns ('all', 'both') with 'of' followed by an object pronoun, to refer to quantity.",A2,10.0,1,11,11,,,sustained_usage
polke_338_per_100_words,338,Can use 'one' as a pronoun to substitute for singular countable nouns which have already been mentioned or are obvious from the context.,A2,2.0,,,,,,not_observed
polke_338_per_100_words,338,Can use 'one' as a pronoun to substitute for singular countable nouns which have already been mentioned or are obvious from the context.,A2,5.0,,,,,,not_observed
polke_338_per_100_words,338,Can use 'one' as a pronoun to substitute for singular countable nouns which have already been mentioned or are obvious from the context.,A2,10.0,,,,,,not_observed
polke_339_per_100_words,339,Can use determiners + premodifers + 'one'.,A2,2.0,1,11,11,,,sustained_usage
polke_339_per_100_words,339,Can use determiners + premodifers + 'one'.,A2,5.0,1,12,,13; 14; 15,,usage_not_sustained
polke_339_per_100_words,339,Can use determiners + premodifers + 'one'.,A2,10.0,1,,,,,not_common
polke_341_per_100_words,341,Can use an increasing range of indefinite pronouns as objects or complements of prepositions.,A2,2.0,1,2,4,3,,sustained_usage
polke_341_per_100_words,341,Can use an increasing range of indefinite pronouns as objects or complements of prepositions.,A2,5.0,1,5,5,,,sustained_usage
polke_341_per_100_words,341,Can use an increasing range of indefinite pronouns as objects or complements of prepositions.,A2,10.0,1,8,8,,,sustained_usage
polke_342_per_100_words,342,"Can use a limited range of indefinite pronouns ('someone', 'everyone') as subjects, with a singular verb.",A2,2.0,1,7,10,8; 9,,sustained_usage
polke_342_per_100_words,342,"Can use a limited range of indefinite pronouns ('someone', 'everyone') as subjects, with a singular verb.",A2,5.0,1,13,13,,,sustained_usage
polke_342_per_100_words,342,"Can use a limited range of indefinite pronouns ('someone', 'everyone') as subjects, with a singular verb.",A2,10.0,1,,,,,not_common
polke_343_per_100_words,343,Can use 'anything' after a negative verb form.,A2,2.0,1,,,,,not_common
polke_343_per_100_words,343,Can use 'anything' after a negative verb form.,A2,5.0,1,,,,,not_common
polke_343_per_100_words,343,Can use 'anything' after a negative verb form.,A2,10.0,1,,,,,not_common
polke_346_per_100_words,346,Can use indefinite pronouns with 'else'.,A2,2.0,1,,,,,not_common
polke_346_per_100_words,346,Can use indefinite pronouns with 'else'.,A2,5.0,1,,,,,not_common
polke_346_per_100_words,346,Can use indefinite pronouns with 'else'.,A2,10.0,1,,,,,not_common
polke_349_per_100_words,349,Can form alternative questions with two words from the same class combined with 'or'.,A2,2.0,1,10,,11; 12; 13; 14; 15,,usage_not_sustained
polke_349_per_100_words,349,Can form alternative questions with two words from the same class combined with 'or'.,A2,5.0,1,10,,11; 12; 13; 14; 15,,usage_not_sustained
polke_349_per_100_words,349,Can form alternative questions with two words from the same class combined with 'or'.,A2,10.0,1,,,,,not_common
polke_350_per_100_words,350,Can use a limited range of question tags.,A2,2.0,1,,,,,not_common
polke_350_per_100_words,350,Can use a limited range of question tags.,A2,5.0,1,,,,,not_common
polke_350_per_100_words,350,Can use a limited range of question tags.,A2,10.0,1,,,,,not_common
polke_351_per_100_words,351,Can use 'wh-'words + main verb 'be' + subject to form 'wh-' questions.,A2,2.0,1,1,,2; 3; 6; 7; 8; 9; 11; 13; 14; 15,,usage_not_sustained
polke_351_per_100_words,351,Can use 'wh-'words + main verb 'be' + subject to form 'wh-' questions.,A2,5.0,1,1,,2; 3; 4; 5; 6; 7; 8; 9; 10; 11; 12; 13; 14; 15,,usage_not_sustained
polke_351_per_100_words,351,Can use 'wh-'words + main verb 'be' + subject to form 'wh-' questions.,A2,10.0,1,,,,,not_common
polke_352_per_100_words,352,Can use 'wh-'words + auxiliary 'do' + subject + main verb to form 'wh-'questions. ► present simple;  ► past simple,A2,2.0,1,10,,11; 12; 13; 14; 15,,usage_not_sustained
polke_352_per_100_words,352,Can use 'wh-'words + auxiliary 'do' + subject + main verb to form 'wh-'questions. ► present simple;  ► past simple,A2,5.0,1,10,,11; 12; 13; 14; 15,,usage_not_sustained
polke_352_per_100_words,352,Can use 'wh-'words + auxiliary 'do' + subject + main verb to form 'wh-'questions. ► present simple;  ► past simple,A2,10.0,1,,,,,not_common
polke_353_per_100_words,353,Can use 'wh-'words + auxiliary 'have' to form 'wh-'questions. ► present perfect  ►  past perfect,A2,2.0,1,,,,,not_common
polke_353_per_100_words,353,Can use 'wh-'words + auxiliary 'have' to form 'wh-'questions. ► present perfect  ►  past perfect,A2,5.0,1,,,,,not_common
polke_353_per_100_words,353,Can use 'wh-'words + auxiliary 'have' to form 'wh-'questions. ► present perfect  ►  past perfect,A2,10.0,1,,,,,not_common
polke_354_per_100_words,354,Can use 'wh-'words + auxiliary 'be' to form 'wh-'questions. ► present continuous ► past continuous,A2,2.0,1,11,,12; 13; 14; 15,,usage_not_sustained
polke_354_per_100_words,354,Can use 'wh-'words + auxiliary 'be' to form 'wh-'questions. ► present continuous ► past continuous,A2,5.0,1,,,,,not_common
polke_354_per_100_words,354,Can use 'wh-'words + auxiliary 'be' to form 'wh-'questions. ► present continuous ► past continuous,A2,10.0,1,,,,,not_common
polke_355_per_100_words,355,Can use 'wh-'words + modal verbs + subject + main verb to form 'wh-'questions.,A2,2.0,1,10,,11; 12; 13; 14; 15,,usage_not_sustained
polke_355_per_100_words,355,Can use 'wh-'words + modal verbs + subject + main verb to form 'wh-'questions.,A2,5.0,1,,,,,not_common
polke_355_per_100_words,355,Can use 'wh-'words + modal verbs + subject + main verb to form 'wh-'questions.,A2,10.0,1,,,,,not_common
polke_357_per_100_words,357,Can use main verb 'be' + subject to form 'yes/no' questions.,A2,2.0,1,1,,2; 3; 15,,usage_not_sustained
polke_357_per_100_words,357,Can use main verb 'be' + subject to form 'yes/no' questions.,A2,5.0,1,1,,2; 3; 4; 5; 6; 7; 8; 9; 11; 13; 14; 15,,usage_not_sustained
polke_357_per_100_words,357,Can use main verb 'be' + subject to form 'yes/no' questions.,A2,10.0,1,10,,11; 12; 13; 14; 15,,usage_not_sustained
polke_358_per_100_words,358,Can use an increasing range of modal verbs + subject + main verb to form 'yes/no' questions.,A2,2.0,1,10,,11; 12; 14; 15,,usage_not_sustained
polke_358_per_100_words,358,Can use an increasing range of modal verbs + subject + main verb to form 'yes/no' questions.,A2,5.0,1,,,,,not_common
polke_358_per_100_words,358,Can use an increasing range of modal verbs + subject + main verb to form 'yes/no' questions.,A2,10.0,1,,,,,not_common
polke_359_per_100_words,359,Can use auxiliary 'do' + subject + main verb to form 'yes/no' questions.,A2,2.0,1,10,,11; 12; 13; 14; 15,,usage_not_sustained
polke_359_per_100_words,359,Can use auxiliary 'do' + subject + main verb to form 'yes/no' questions.,A2,5.0,1,10,,11; 12; 13; 14; 15,,usage_not_sustained
polke_359_per_100_words,359,Can use auxiliary 'do' + subject + main verb to form 'yes/no' questions.,A2,10.0,1,10,,11; 12; 13; 14; 15,,usage_not_sustained
polke_360_per_100_words,360,Can use auxiliary 'be' + subject + the '-ing' form (continuous form) to form 'yes/no' questions.,A2,2.0,5,,,,,not_common
polke_360_per_100_words,360,Can use auxiliary 'be' + subject + the '-ing' form (continuous form) to form 'yes/no' questions.,A2,5.0,5,,,,,not_common
polke_360_per_100_words,360,Can use auxiliary 'be' + subject + the '-ing' form (continuous form) to form 'yes/no' questions.,A2,10.0,5,,,,,not_common
polke_361_per_100_words,361,Can use auxiliary 'have' + subject + the '-ed' form to form 'yes/no' questions.  ►  present perfect,A2,2.0,1,,,,,not_common
polke_361_per_100_words,361,Can use auxiliary 'have' + subject + the '-ed' form to form 'yes/no' questions.  ►  present perfect,A2,5.0,1,,,,,not_common
polke_361_per_100_words,361,Can use auxiliary 'have' + subject + the '-ed' form to form 'yes/no' questions.  ►  present perfect,A2,10.0,1,,,,,not_common
polke_363_per_100_words,363,"Can use a limited range of verbs, typically reporting, with a 'that'-clause as the direct object.",A2,2.0,1,4,4,,,sustained_usage
polke_363_per_100_words,363,"Can use a limited range of verbs, typically reporting, with a 'that'-clause as the direct object.",A2,5.0,1,5,5,,,sustained_usage
polke_363_per_100_words,363,"Can use a limited range of verbs, typically reporting, with a 'that'-clause as the direct object.",A2,10.0,1,7,7,,,sustained_usage
polke_364_per_100_words,364,"Can use reporting verbs, especially mental process verbs, with a clause as the direct object, without 'that', especially in informal contexts.",A2,2.0,1,1,1,,,sustained_usage
polke_364_per_100_words,364,"Can use reporting verbs, especially mental process verbs, with a clause as the direct object, without 'that', especially in informal contexts.",A2,5.0,1,1,1,,,sustained_usage
polke_364_per_100_words,364,"Can use reporting verbs, especially mental process verbs, with a clause as the direct object, without 'that', especially in informal contexts.",A2,10.0,1,1,1,,,sustained_usage
polke_365_per_100_words,365,"Can use verbs, typically reporting verbs, followed by a noun or pronoun as the indirect object and a clause with or without 'that', as the direct object.",A2,2.0,1,2,4,3,,sustained_usage
polke_365_per_100_words,365,"Can use verbs, typically reporting verbs, followed by a noun or pronoun as the indirect object and a clause with or without 'that', as the direct object.",A2,5.0,1,4,8,5; 6; 7,,sustained_usage
polke_365_per_100_words,365,"Can use verbs, typically reporting verbs, followed by a noun or pronoun as the indirect object and a clause with or without 'that', as the direct object.",A2,10.0,1,14,,15,,usage_not_sustained
polke_366_per_100_words,366,Can use a limited range of phrasal verbs without an object.,A2,2.0,1,2,2,,,sustained_usage
polke_366_per_100_words,366,Can use a limited range of phrasal verbs without an object.,A2,5.0,1,2,2,,,sustained_usage
polke_366_per_100_words,366,Can use a limited range of phrasal verbs without an object.,A2,10.0,1,2,2,,,sustained_usage
polke_367_per_100_words,367,Can use a limited range of phrasal verbs + object pronoun + particle.,A2,2.0,1,8,11,9; 10,,sustained_usage
polke_367_per_100_words,367,Can use a limited range of phrasal verbs + object pronoun + particle.,A2,5.0,1,12,,13; 14; 15,,usage_not_sustained
polke_367_per_100_words,367,Can use a limited range of phrasal verbs + object pronoun + particle.,A2,10.0,1,,,,,not_common
polke_368_per_100_words,368,Can use auxiliary verbs 'have' and 'do'.,A2,2.0,1,1,1,,,sustained_usage
polke_368_per_100_words,368,Can use auxiliary verbs 'have' and 'do'.,A2,5.0,1,1,1,,,sustained_usage
polke_368_per_100_words,368,Can use auxiliary verbs 'have' and 'do'.,A2,10.0,1,2,2,,,sustained_usage
polke_369_per_100_words,369,Can use linking verbs with adjective complements.,A2,2.0,1,1,1,,,sustained_usage
polke_369_per_100_words,369,Can use linking verbs with adjective complements.,A2,5.0,1,1,1,,,sustained_usage
polke_369_per_100_words,369,Can use linking verbs with adjective complements.,A2,10.0,1,1,1,,,sustained_usage
polke_370_per_100_words,370,Can use an increasing range of modal auxiliary verbs.,A2,2.0,1,3,5,4,,sustained_usage
polke_370_per_100_words,370,Can use an increasing range of modal auxiliary verbs.,A2,5.0,1,3,5,4,,sustained_usage
polke_370_per_100_words,370,Can use an increasing range of modal auxiliary verbs.,A2,10.0,1,5,9,7; 8,,sustained_usage
polke_371_per_100_words,371,Can use semi-modal auxiliary verb 'have (got) to'.,A2,2.0,1,4,4,,,sustained_usage
polke_371_per_100_words,371,Can use semi-modal auxiliary verb 'have (got) to'.,A2,5.0,1,6,6,,,sustained_usage
polke_371_per_100_words,371,Can use semi-modal auxiliary verb 'have (got) to'.,A2,10.0,1,6,11,8; 10,,sustained_usage
polke_372_per_100_words,372,Can use an increasing range of verbs followed by a 'to'-infinitive.,A2,2.0,1,1,1,,,sustained_usage
polke_372_per_100_words,372,Can use an increasing range of verbs followed by a 'to'-infinitive.,A2,5.0,1,1,1,,,sustained_usage
polke_372_per_100_words,372,Can use an increasing range of verbs followed by a 'to'-infinitive.,A2,10.0,1,1,4,3,,sustained_usage
polke_373_per_100_words,373,"Can use verbs expressing preference followed either by a 'to'-infinitive or an '-ing' form, with no change in meaning.",A2,2.0,1,1,1,,,sustained_usage
polke_373_per_100_words,373,"Can use verbs expressing preference followed either by a 'to'-infinitive or an '-ing' form, with no change in meaning.",A2,5.0,1,1,1,,,sustained_usage
polke_373_per_100_words,373,"Can use verbs expressing preference followed either by a 'to'-infinitive or an '-ing' form, with no change in meaning.",A2,10.0,1,2,7,3; 5; 6,,sustained_usage
polke_375_per_100_words,375,Can use 'enjoy' followed by the '-ing' form.,A2,2.0,1,,,,,not_common
polke_375_per_100_words,375,Can use 'enjoy' followed by the '-ing' form.,A2,5.0,1,,,,,not_common
polke_375_per_100_words,375,Can use 'enjoy' followed by the '-ing' form.,A2,10.0,1,,,,,not_common
polke_376_per_100_words,376,Can use 'there is' + uncountable nouns as complement.,A2,2.0,1,,,,,not_common
polke_376_per_100_words,376,Can use 'there is' + uncountable nouns as complement.,A2,5.0,1,,,,,not_common
polke_376_per_100_words,376,Can use 'there is' + uncountable nouns as complement.,A2,10.0,1,,,,,not_common
polke_377_per_100_words,377,Can use both 'there is' and 'there are' + 'a lot of' + plural noun.,A2,2.0,,,,,,not_observed
polke_377_per_100_words,377,Can use both 'there is' and 'there are' + 'a lot of' + plural noun.,A2,5.0,,,,,,not_observed
polke_377_per_100_words,377,Can use both 'there is' and 'there are' + 'a lot of' + plural noun.,A2,10.0,,,,,,not_observed
polke_378_per_100_words,378,Can use an increasing range of linking verbs with complements.,A2,2.0,1,1,1,,,sustained_usage
polke_378_per_100_words,378,Can use an increasing range of linking verbs with complements.,A2,5.0,1,1,1,,,sustained_usage
polke_378_per_100_words,378,Can use an increasing range of linking verbs with complements.,A2,10.0,1,1,1,,,sustained_usage
polke_379_per_100_words,379,Can form conditional subordinate clause with 'if' + present simple.,A2,2.0,1,2,5,3; 4,,sustained_usage
polke_379_per_100_words,379,Can form conditional subordinate clause with 'if' + present simple.,A2,5.0,1,6,6,,,sustained_usage
polke_379_per_100_words,379,Can form conditional subordinate clause with 'if' + present simple.,A2,10.0,1,6,6,,,sustained_usage
polke_380_per_100_words,380,"Can use 'if' + present simple, with an imperative in the main clause.",A2,2.0,1,,,,,not_common
polke_380_per_100_words,380,"Can use 'if' + present simple, with an imperative in the main clause.",A2,5.0,1,,,,,not_common
polke_380_per_100_words,380,"Can use 'if' + present simple, with an imperative in the main clause.",A2,10.0,1,,,,,not_common
polke_385_per_100_words,385,"Can report statements using a reporting clause with 'say' + 'that-'clause, with a pronoun shift where relevant.",A2,2.0,,,,,,not_observed
polke_385_per_100_words,385,"Can report statements using a reporting clause with 'say' + 'that-'clause, with a pronoun shift where relevant.",A2,5.0,,,,,,not_observed
polke_385_per_100_words,385,"Can report statements using a reporting clause with 'say' + 'that-'clause, with a pronoun shift where relevant.",A2,10.0,,,,,,not_observed
polke_386_per_100_words,386,"Can report statements using a reporting clause with 'tell' + direct object + 'that-'clause, with a pronoun shift where relevant.",A2,2.0,,,,,,not_observed
polke_386_per_100_words,386,"Can report statements using a reporting clause with 'tell' + direct object + 'that-'clause, with a pronoun shift where relevant.",A2,5.0,,,,,,not_observed
polke_386_per_100_words,386,"Can report statements using a reporting clause with 'tell' + direct object + 'that-'clause, with a pronoun shift where relevant.",A2,10.0,,,,,,not_observed
polke_388_per_100_words,388,Can form negative statements of main verbs in the present continuous and present perfect with 'be' and 'have' + 'not/n't'.  ► present continuous ► present perfect,A2,2.0,1,8,,9; 11; 12; 13; 15,,usage_not_sustained
polke_388_per_100_words,388,Can form negative statements of main verbs in the present continuous and present perfect with 'be' and 'have' + 'not/n't'.  ► present continuous ► present perfect,A2,5.0,1,,,,,not_common
polke_388_per_100_words,388,Can form negative statements of main verbs in the present continuous and present perfect with 'be' and 'have' + 'not/n't'.  ► present continuous ► present perfect,A2,10.0,1,,,,,not_common
polke_389_per_100_words,389,Can form negative statements of main verbs in the past simple with 'didn't' + main verb. ► past simple,A2,2.0,1,6,,10; 13,,usage_not_sustained
polke_389_per_100_words,389,Can form negative statements of main verbs in the past simple with 'didn't' + main verb. ► past simple,A2,5.0,1,9,,10; 11; 13,,usage_not_sustained
polke_389_per_100_words,389,Can form negative statements of main verbs in the past simple with 'didn't' + main verb. ► past simple,A2,10.0,1,15,,,,too_few_later_levels
polke_390_per_100_words,390,Can form negative imperatives of main verbs with 'don't' + main verb. ► Clauses: imperatives,A2,2.0,1,5,5,,,sustained_usage
polke_390_per_100_words,390,Can form negative imperatives of main verbs with 'don't' + main verb. ► Clauses: imperatives,A2,5.0,1,5,13,7; 8; 12,,sustained_usage
polke_390_per_100_words,390,Can form negative imperatives of main verbs with 'don't' + main verb. ► Clauses: imperatives,A2,10.0,1,,,,,not_common
polke_391_per_100_words,391,Can use negative forms of modal verbs. ► modal verbs,A2,2.0,1,2,2,,,sustained_usage
polke_391_per_100_words,391,Can use negative forms of modal verbs. ► modal verbs,A2,5.0,1,2,2,,,sustained_usage
polke_391_per_100_words,391,Can use negative forms of modal verbs. ► modal verbs,A2,10.0,1,3,11,4; 7; 10,,sustained_usage
polke_392_per_100_words,392,Can use a limited range of determiners as pronouns and indefinite pronouns in negative contexts.  ► Pronouns: quantity,A2,2.0,1,6,,7; 8; 10; 11; 13,,usage_not_sustained
polke_392_per_100_words,392,Can use a limited range of determiners as pronouns and indefinite pronouns in negative contexts.  ► Pronouns: quantity,A2,5.0,1,,,,,not_common
polke_392_per_100_words,392,Can use a limited range of determiners as pronouns and indefinite pronouns in negative contexts.  ► Pronouns: quantity,A2,10.0,1,,,,,not_common
polke_393_per_100_words,393,Can use determiner 'no' with nouns.  ► Determiners: quantity,A2,2.0,1,6,6,,,sustained_usage
polke_393_per_100_words,393,Can use determiner 'no' with nouns.  ► Determiners: quantity,A2,5.0,1,11,11,,,sustained_usage
polke_393_per_100_words,393,Can use determiner 'no' with nouns.  ► Determiners: quantity,A2,10.0,1,14,,,,too_few_later_levels
polke_394_per_100_words,394,"Can use determiners 'any', 'much' and 'many' with nouns in negative contexts. ► Determiners: quantity",A2,2.0,1,9,,10; 11; 12; 13,,usage_not_sustained
polke_394_per_100_words,394,"Can use determiners 'any', 'much' and 'many' with nouns in negative contexts. ► Determiners: quantity",A2,5.0,1,,,,,not_common
polke_394_per_100_words,394,"Can use determiners 'any', 'much' and 'many' with nouns in negative contexts. ► Determiners: quantity",A2,10.0,1,,,,,not_common
polke_395_per_100_words,395,Can use the affirmative form.,A2,2.0,1,5,5,,,sustained_usage
polke_395_per_100_words,395,Can use the affirmative form.,A2,5.0,1,8,8,,,sustained_usage
polke_395_per_100_words,395,Can use the affirmative form.,A2,10.0,1,9,9,,,sustained_usage
polke_396_per_100_words,396,Can use the negative form.,A2,2.0,1,6,,7; 8; 9; 10; 11; 13,,usage_not_sustained
polke_396_per_100_words,396,Can use the negative form.,A2,5.0,1,12,,13; 14,,usage_not_sustained
polke_396_per_100_words,396,Can use the negative form.,A2,10.0,1,,,,,not_common
polke_397_per_100_words,397,Can use the question form.,A2,2.0,1,10,,11; 12; 13; 14; 15,,usage_not_sustained
polke_397_per_100_words,397,Can use the question form.,A2,5.0,1,,,,,not_common
polke_397_per_100_words,397,Can use the question form.,A2,10.0,1,,,,,not_common
polke_401_per_100_words,401,"Can use a comma to combine two adjectives used before the noun, following the usual order of adjective types.",B1,2.0,1,4,11,5; 6; 9; 10,,sustained_usage
polke_401_per_100_words,401,"Can use a comma to combine two adjectives used before the noun, following the usual order of adjective types.",B1,5.0,1,4,,5; 6; 7; 8; 9; 10; 11; 13; 15,,usage_not_sustained
polke_401_per_100_words,401,"Can use a comma to combine two adjectives used before the noun, following the usual order of adjective types.",B1,10.0,1,,,,,not_common
polke_402_per_100_words,402,Can use 'and' to join a limited range of comparative adjectives.► adjectives: comparatives,B1,2.0,1,13,,14; 15,,usage_not_sustained
polke_402_per_100_words,402,Can use 'and' to join a limited range of comparative adjectives.► adjectives: comparatives,B1,5.0,1,,,,,not_common
polke_402_per_100_words,402,Can use 'and' to join a limited range of comparative adjectives.► adjectives: comparatives,B1,10.0,1,,,,,not_common
polke_403_per_100_words,403,"Can use commas and 'and' to join more than two adjectives, after 'be'.",B1,2.0,1,12,,13; 15,,usage_not_sustained
polke_403_per_100_words,403,"Can use commas and 'and' to join more than two adjectives, after 'be'.",B1,5.0,1,,,,,not_common
polke_403_per_100_words,403,"Can use commas and 'and' to join more than two adjectives, after 'be'.",B1,10.0,1,,,,,not_common
polke_404_per_100_words,404,"Can use 'and' to repeat a comparative adjective to indicate change over time, usually after 'become' or get. ► adjectives: comparatives",B1,2.0,1,,,,,not_common
polke_404_per_100_words,404,"Can use 'and' to repeat a comparative adjective to indicate change over time, usually after 'become' or get. ► adjectives: comparatives",B1,5.0,1,,,,,not_common
polke_404_per_100_words,404,"Can use 'and' to repeat a comparative adjective to indicate change over time, usually after 'become' or get. ► adjectives: comparatives",B1,10.0,1,,,,,not_common
polke_405_per_100_words,405,"Can use a limited range of compound adjectives ('good-looking', 'well-known')",B1,2.0,1,,,,,not_common
polke_405_per_100_words,405,"Can use a limited range of compound adjectives ('good-looking', 'well-known')",B1,5.0,1,,,,,not_common
polke_405_per_100_words,405,"Can use a limited range of compound adjectives ('good-looking', 'well-known')",B1,10.0,1,,,,,not_common
polke_410_per_100_words,410,"Can use adjective phrases attributively, before a noun.",B1,2.0,1,1,1,,,sustained_usage
polke_410_per_100_words,410,"Can use adjective phrases attributively, before a noun.",B1,5.0,1,2,4,3,,sustained_usage
polke_410_per_100_words,410,"Can use adjective phrases attributively, before a noun.",B1,10.0,1,5,5,,,sustained_usage
polke_411_per_100_words,411,Can use 'enough' to modify adjectives.,B1,2.0,1,4,,5; 6; 7; 8; 9; 11; 12; 13; 14; 15,,usage_not_sustained
polke_411_per_100_words,411,Can use 'enough' to modify adjectives.,B1,5.0,1,,,,,not_common
polke_411_per_100_words,411,Can use 'enough' to modify adjectives.,B1,10.0,1,,,,,not_common
polke_412_per_100_words,412,Can form adjective phrases with 'quite a' + adjective.,B1,2.0,2,,,,,not_common
polke_412_per_100_words,412,Can form adjective phrases with 'quite a' + adjective.,B1,5.0,2,,,,,not_common
polke_412_per_100_words,412,Can form adjective phrases with 'quite a' + adjective.,B1,10.0,2,,,,,not_common
polke_413_per_100_words,413,Can use 'too' before adjectives followed by 'to'-infinitive.,B1,2.0,1,,,,,not_common
polke_413_per_100_words,413,Can use 'too' before adjectives followed by 'to'-infinitive.,B1,5.0,1,,,,,not_common
polke_413_per_100_words,413,Can use 'too' before adjectives followed by 'to'-infinitive.,B1,10.0,1,,,,,not_common
polke_414_per_100_words,414,"Can use adjectives with the prefix a- ('asleep', 'awake', 'alive', 'alone') predicatively only, after linking verbs.",B1,2.0,1,,,,,not_common
polke_414_per_100_words,414,"Can use adjectives with the prefix a- ('asleep', 'awake', 'alive', 'alone') predicatively only, after linking verbs.",B1,5.0,1,,,,,not_common
polke_414_per_100_words,414,"Can use adjectives with the prefix a- ('asleep', 'awake', 'alive', 'alone') predicatively only, after linking verbs.",B1,10.0,1,,,,,not_common
polke_415_per_100_words,415,"Can use an increasing range of adjectives attributively, before a noun.
► noun phrases",B1,2.0,1,2,4,3,,sustained_usage
polke_415_per_100_words,415,"Can use an increasing range of adjectives attributively, before a noun.
► noun phrases",B1,5.0,1,4,4,,,sustained_usage
polke_415_per_100_words,415,"Can use an increasing range of adjectives attributively, before a noun.
► noun phrases",B1,10.0,1,7,7,,,sustained_usage
polke_416_per_100_words,416,Can use adjectives as object complement after 'make'.,B1,2.0,1,7,13,8; 9; 10; 12,,sustained_usage
polke_416_per_100_words,416,Can use adjectives as object complement after 'make'.,B1,5.0,1,7,,8; 9; 10; 11; 12; 13; 14; 15,,usage_not_sustained
polke_416_per_100_words,416,Can use adjectives as object complement after 'make'.,B1,10.0,1,,,,,not_common
polke_417_per_100_words,417,"Can use an adjective or adjective phrase after pronouns like 'something', 'nothing', 'somewhere', 'nowhere'.",B1,2.0,1,4,7,6,,sustained_usage
polke_417_per_100_words,417,"Can use an adjective or adjective phrase after pronouns like 'something', 'nothing', 'somewhere', 'nowhere'.",B1,5.0,1,14,,,,too_few_later_levels
polke_417_per_100_words,417,"Can use an adjective or adjective phrase after pronouns like 'something', 'nothing', 'somewhere', 'nowhere'.",B1,10.0,1,,,,,not_common
polke_420_per_100_words,420,"Can use 'one of the' before a superlative adjective, followed by a plural noun. ► noun phrases",B1,2.0,1,,,,,not_common
polke_420_per_100_words,420,"Can use 'one of the' before a superlative adjective, followed by a plural noun. ► noun phrases",B1,5.0,1,,,,,not_common
polke_420_per_100_words,420,"Can use 'one of the' before a superlative adjective, followed by a plural noun. ► noun phrases",B1,10.0,1,,,,,not_common
polke_421_per_100_words,421,Can use 'the best' before a noun + 'to'-infinitive.  ► clauses: comparative,B1,2.0,1,13,,14; 15,,usage_not_sustained
polke_421_per_100_words,421,Can use 'the best' before a noun + 'to'-infinitive.  ► clauses: comparative,B1,5.0,1,,,,,not_common
polke_421_per_100_words,421,Can use 'the best' before a noun + 'to'-infinitive.  ► clauses: comparative,B1,10.0,1,,,,,not_common
polke_422_per_100_words,422,Can form noun phrases with a range of determiners before a superlative adjective. ► noun phrases,B1,2.0,1,8,,9; 10; 15,,usage_not_sustained
polke_422_per_100_words,422,Can form noun phrases with a range of determiners before a superlative adjective. ► noun phrases,B1,5.0,1,14,,15,,usage_not_sustained
polke_422_per_100_words,422,Can form noun phrases with a range of determiners before a superlative adjective. ► noun phrases,B1,10.0,1,,,,,not_common
polke_433_per_100_words,433,Can use a limited range of degree adverbs to modify adverbs. ► adverb phrases: form,B1,2.0,1,1,1,,,sustained_usage
polke_433_per_100_words,433,Can use a limited range of degree adverbs to modify adverbs. ► adverb phrases: form,B1,5.0,1,4,4,,,sustained_usage
polke_433_per_100_words,433,Can use a limited range of degree adverbs to modify adverbs. ► adverb phrases: form,B1,10.0,1,5,8,6; 7,,sustained_usage
polke_434_per_100_words,434,Can use an increasing range of manner adverbs to modify verbs.,B1,2.0,1,3,3,,,sustained_usage
polke_434_per_100_words,434,Can use an increasing range of manner adverbs to modify verbs.,B1,5.0,1,5,5,,,sustained_usage
polke_434_per_100_words,434,Can use an increasing range of manner adverbs to modify verbs.,B1,10.0,1,6,8,7,,sustained_usage
polke_436_per_100_words,436,Can modify an increasing range of adverbs with other adverbs.► adverbs and adverb phrases: types and meanings,B1,2.0,1,1,1,,,sustained_usage
polke_436_per_100_words,436,Can modify an increasing range of adverbs with other adverbs.► adverbs and adverb phrases: types and meanings,B1,5.0,1,2,2,,,sustained_usage
polke_436_per_100_words,436,Can modify an increasing range of adverbs with other adverbs.► adverbs and adverb phrases: types and meanings,B1,10.0,1,5,5,,,sustained_usage
polke_437_per_100_words,437,Can use 'than' + a finite clause forming the second part of a comparison after a comparative adjective,B1,2.0,1,,,,,not_common
polke_437_per_100_words,437,Can use 'than' + a finite clause forming the second part of a comparison after a comparative adjective,B1,5.0,1,,,,,not_common
polke_437_per_100_words,437,Can use 'than' + a finite clause forming the second part of a comparison after a comparative adjective,B1,10.0,1,,,,,not_common
polke_442_per_100_words,442,Can use 'too' + adjective + 'to'-infinitive.,B1,2.0,1,,,,,not_common
polke_442_per_100_words,442,Can use 'too' + adjective + 'to'-infinitive.,B1,5.0,1,,,,,not_common
polke_442_per_100_words,442,Can use 'too' + adjective + 'to'-infinitive.,B1,10.0,1,,,,,not_common
polke_443_per_100_words,443,Can use 'the same' (+ noun) + 'as' + pronoun or noun.,B1,2.0,1,,,,,not_common
polke_443_per_100_words,443,Can use 'the same' (+ noun) + 'as' + pronoun or noun.,B1,5.0,1,,,,,not_common
polke_443_per_100_words,443,Can use 'the same' (+ noun) + 'as' + pronoun or noun.,B1,10.0,1,,,,,not_common
polke_444_per_100_words,444,Can use 'so' + adjective + 'that' clause.,B1,2.0,1,14,,15,,usage_not_sustained
polke_444_per_100_words,444,Can use 'so' + adjective + 'that' clause.,B1,5.0,1,,,,,not_common
polke_444_per_100_words,444,Can use 'so' + adjective + 'that' clause.,B1,10.0,1,,,,,not_common
polke_445_per_100_words,445,Can use verbs of the senses + 'as if' or 'as though' + finite clause.,B1,2.0,2,,,,,not_common
polke_445_per_100_words,445,Can use verbs of the senses + 'as if' or 'as though' + finite clause.,B1,5.0,2,,,,,not_common
polke_445_per_100_words,445,Can use verbs of the senses + 'as if' or 'as though' + finite clause.,B1,10.0,2,,,,,not_common
polke_446_per_100_words,446,Can use linking verbs + 'like' or 'similar to'.,B1,2.0,1,4,7,6,,sustained_usage
polke_446_per_100_words,446,Can use linking verbs + 'like' or 'similar to'.,B1,5.0,1,4,,5; 6; 7; 8; 10; 11; 13; 15,,usage_not_sustained
polke_446_per_100_words,446,Can use linking verbs + 'like' or 'similar to'.,B1,10.0,1,,,,,not_common
polke_448_per_100_words,448,"Can combine two main clauses of the same type using 'either' in front or mid position, followed by 'or' to introduce the second clause.",B1,2.0,2,,,,,not_common
polke_448_per_100_words,448,"Can combine two main clauses of the same type using 'either' in front or mid position, followed by 'or' to introduce the second clause.",B1,5.0,2,,,,,not_common
polke_448_per_100_words,448,"Can combine two main clauses of the same type using 'either' in front or mid position, followed by 'or' to introduce the second clause.",B1,10.0,2,,,,,not_common
polke_449_per_100_words,449,"Can combine clauses of the same type, main or subordinate, finite or non-finite, with conjunctions.",B1,2.0,1,9,13,10; 12,,sustained_usage
polke_449_per_100_words,449,"Can combine clauses of the same type, main or subordinate, finite or non-finite, with conjunctions.",B1,5.0,1,,,,,not_common
polke_449_per_100_words,449,"Can combine clauses of the same type, main or subordinate, finite or non-finite, with conjunctions.",B1,10.0,1,,,,,not_common
polke_454_per_100_words,454,"Can form questions with a 'wh-' word as subject, without an auxiliary verb.",B1,2.0,1,1,,2; 3; 4; 5; 6; 7; 8; 9; 12; 13; 14; 15,,usage_not_sustained
polke_454_per_100_words,454,"Can form questions with a 'wh-' word as subject, without an auxiliary verb.",B1,5.0,1,10,,11; 12; 13; 14; 15,,usage_not_sustained
polke_454_per_100_words,454,"Can form questions with a 'wh-' word as subject, without an auxiliary verb.",B1,10.0,1,10,,11; 12; 13; 14; 15,,usage_not_sustained
polke_455_per_100_words,455,"Can form interrogative clauses with an adverb in mid position, between the subject and the main verb.",B1,2.0,1,4,7,5; 6,,sustained_usage
polke_455_per_100_words,455,"Can form interrogative clauses with an adverb in mid position, between the subject and the main verb.",B1,5.0,1,10,13,12,,sustained_usage
polke_455_per_100_words,455,"Can form interrogative clauses with an adverb in mid position, between the subject and the main verb.",B1,10.0,1,10,,11; 12; 13; 14; 15,,usage_not_sustained
polke_456_per_100_words,456,"FORM: 'WHICH', 'WHOSE'",B1,2.0,2,,,,,not_common
polke_456_per_100_words,456,"FORM: 'WHICH', 'WHOSE'",B1,5.0,2,,,,,not_common
polke_456_per_100_words,456,"FORM: 'WHICH', 'WHOSE'",B1,10.0,2,,,,,not_common
polke_457_per_100_words,457,Can use 'How' + adjective.,B1,2.0,1,,,,,not_common
polke_457_per_100_words,457,Can use 'How' + adjective.,B1,5.0,1,,,,,not_common
polke_457_per_100_words,457,Can use 'How' + adjective.,B1,10.0,1,,,,,not_common
polke_458_per_100_words,458,Can use 'How' + adjective + clause.,B1,2.0,1,12,,13; 15,,usage_not_sustained
polke_458_per_100_words,458,Can use 'How' + adjective + clause.,B1,5.0,1,,,,,not_common
polke_458_per_100_words,458,Can use 'How' + adjective + clause.,B1,10.0,1,,,,,not_common
polke_459_per_100_words,459,Can use a non-defining relative clause with 'who' as the object.,B1,2.0,1,,,,,not_common
polke_459_per_100_words,459,Can use a non-defining relative clause with 'who' as the object.,B1,5.0,1,,,,,not_common
polke_459_per_100_words,459,Can use a non-defining relative clause with 'who' as the object.,B1,10.0,1,,,,,not_common
polke_460_per_100_words,460,Can use a defining relative clause with 'who' or 'that' as the object.,B1,2.0,1,1,3,2,,sustained_usage
polke_460_per_100_words,460,Can use a defining relative clause with 'who' or 'that' as the object.,B1,5.0,1,4,4,,,sustained_usage
polke_460_per_100_words,460,Can use a defining relative clause with 'who' or 'that' as the object.,B1,10.0,1,5,5,,,sustained_usage
polke_461_per_100_words,461,Can use defining and non-defining relative clauses with 'whose name'.,B1,2.0,4,,,,,not_common
polke_461_per_100_words,461,Can use defining and non-defining relative clauses with 'whose name'.,B1,5.0,4,,,,,not_common
polke_461_per_100_words,461,Can use defining and non-defining relative clauses with 'whose name'.,B1,10.0,4,,,,,not_common
polke_462_per_100_words,462,Can use defining relative clauses with 'where' to define nouns referring to place.,B1,2.0,1,6,6,,,sustained_usage
polke_462_per_100_words,462,Can use defining relative clauses with 'where' to define nouns referring to place.,B1,5.0,1,9,9,,,sustained_usage
polke_462_per_100_words,462,Can use defining relative clauses with 'where' to define nouns referring to place.,B1,10.0,1,13,,14; 15,,usage_not_sustained
polke_470_per_100_words,470,"Can use a range of conjunctions ('and, but, or, so, then') to combine more complex strings of clauses and sentences.",B1,2.0,1,1,1,,,sustained_usage
polke_470_per_100_words,470,"Can use a range of conjunctions ('and, but, or, so, then') to combine more complex strings of clauses and sentences.",B1,5.0,1,1,1,,,sustained_usage
polke_470_per_100_words,470,"Can use a range of conjunctions ('and, but, or, so, then') to combine more complex strings of clauses and sentences.",B1,10.0,1,1,1,,,sustained_usage
polke_471_per_100_words,471,"Can use 'plus' as coordinating conjunction, often in relation to numbers.",B1,2.0,1,13,,14; 15,,usage_not_sustained
polke_471_per_100_words,471,"Can use 'plus' as coordinating conjunction, often in relation to numbers.",B1,5.0,1,,,,,not_common
polke_471_per_100_words,471,"Can use 'plus' as coordinating conjunction, often in relation to numbers.",B1,10.0,1,,,,,not_common
polke_473_per_100_words,473,"Can use 'either … or' to connect two words, phrases or clauses.",B1,2.0,1,6,,7; 8; 9; 10; 11; 12; 13; 14; 15,,usage_not_sustained
polke_473_per_100_words,473,"Can use 'either … or' to connect two words, phrases or clauses.",B1,5.0,1,,,,,not_common
polke_473_per_100_words,473,"Can use 'either … or' to connect two words, phrases or clauses.",B1,10.0,1,,,,,not_common
polke_475_per_100_words,475,"Can use an increasing range of simple subordinating conjunctions ('as, after, before since, until, although, whether, so (that), though') to introduce a subordinate clause.",B1,2.0,1,2,2,,,sustained_usage
polke_475_per_100_words,475,"Can use an increasing range of simple subordinating conjunctions ('as, after, before since, until, although, whether, so (that), though') to introduce a subordinate clause.",B1,5.0,1,4,4,,,sustained_usage
polke_475_per_100_words,475,"Can use an increasing range of simple subordinating conjunctions ('as, after, before since, until, although, whether, so (that), though') to introduce a subordinate clause.",B1,10.0,1,5,5,,,sustained_usage
polke_476_per_100_words,476,Can use 'another' with singular nouns. ► pronouns ► determiners,B1,2.0,1,6,6,,,sustained_usage
polke_476_per_100_words,476,Can use 'another' with singular nouns. ► pronouns ► determiners,B1,5.0,1,6,,8; 10; 13,,usage_not_sustained
polke_476_per_100_words,476,Can use 'another' with singular nouns. ► pronouns ► determiners,B1,10.0,1,7,,8; 9; 10; 11; 12; 13; 14; 15,,usage_not_sustained
polke_477_per_100_words,477,Can use no article before an increasing range of nouns in some fixed expressions with prepositions.,B1,2.0,1,1,1,,,sustained_usage
polke_477_per_100_words,477,Can use no article before an increasing range of nouns in some fixed expressions with prepositions.,B1,5.0,1,1,1,,,sustained_usage
polke_477_per_100_words,477,Can use no article before an increasing range of nouns in some fixed expressions with prepositions.,B1,10.0,1,1,1,,,sustained_usage
polke_483_per_100_words,483,Can use possessive determiner 'their'. ► noun phrases ► possessive pronouns,B1,2.0,1,5,5,,,sustained_usage
polke_483_per_100_words,483,Can use possessive determiner 'their'. ► noun phrases ► possessive pronouns,B1,5.0,1,6,10,7; 8; 9,,sustained_usage
polke_483_per_100_words,483,Can use possessive determiner 'their'. ► noun phrases ► possessive pronouns,B1,10.0,1,10,10,,,sustained_usage
polke_484_per_100_words,484,Can use ''s' after irregular plural nouns to indicate possession.,B1,2.0,1,11,,12; 13; 14,,usage_not_sustained
polke_484_per_100_words,484,Can use ''s' after irregular plural nouns to indicate possession.,B1,5.0,1,11,,12; 13; 14; 15,,usage_not_sustained
polke_484_per_100_words,484,Can use ''s' after irregular plural nouns to indicate possession.,B1,10.0,1,,,,,not_common
polke_485_per_100_words,485,"Can use a wide range of quantifying determiners with plural nouns ('several', 'millions of', 'a few of').",B1,2.0,1,11,13,12,,sustained_usage
polke_485_per_100_words,485,"Can use a wide range of quantifying determiners with plural nouns ('several', 'millions of', 'a few of').",B1,5.0,1,,,,,not_common
polke_485_per_100_words,485,"Can use a wide range of quantifying determiners with plural nouns ('several', 'millions of', 'a few of').",B1,10.0,1,,,,,not_common
polke_487_per_100_words,487,"Can use an increasing range of quantifying determiners with both plural nouns and uncountable nouns ('most', 'enough', 'plenty of', 'loads of').",B1,2.0,1,7,,8; 9; 10; 11; 13; 14,,usage_not_sustained
polke_487_per_100_words,487,"Can use an increasing range of quantifying determiners with both plural nouns and uncountable nouns ('most', 'enough', 'plenty of', 'loads of').",B1,5.0,1,7,,8; 9; 10; 11; 13; 14; 15,,usage_not_sustained
polke_487_per_100_words,487,"Can use an increasing range of quantifying determiners with both plural nouns and uncountable nouns ('most', 'enough', 'plenty of', 'loads of').",B1,10.0,1,7,,8; 9; 10; 11; 12; 13; 14; 15,,usage_not_sustained
polke_488_per_100_words,488,Can use 'much' with uncountable nouns in interrogative contexts.,B1,2.0,,,,,,not_observed
polke_488_per_100_words,488,Can use 'much' with uncountable nouns in interrogative contexts.,B1,5.0,,,,,,not_observed
polke_488_per_100_words,488,Can use 'much' with uncountable nouns in interrogative contexts.,B1,10.0,,,,,,not_observed
polke_489_per_100_words,489,Can use 'so much' and 'too much' with uncountable nouns.,B1,2.0,1,,,,,not_common
polke_489_per_100_words,489,Can use 'so much' and 'too much' with uncountable nouns.,B1,5.0,1,,,,,not_common
polke_489_per_100_words,489,Can use 'so much' and 'too much' with uncountable nouns.,B1,10.0,1,,,,,not_common
polke_490_per_100_words,490,Can use 'many' with plural nouns in interrogative contexts.,B1,2.0,1,10,,11; 12; 13; 14; 15,,usage_not_sustained
polke_490_per_100_words,490,Can use 'many' with plural nouns in interrogative contexts.,B1,5.0,1,,,,,not_common
polke_490_per_100_words,490,Can use 'many' with plural nouns in interrogative contexts.,B1,10.0,1,,,,,not_common
polke_491_per_100_words,491,"Can use an increasing range of quantifying determiners + 'of' + determiner ('half of', 'enough of', 'none of',).► pronouns",B1,2.0,1,,,,,not_common
polke_491_per_100_words,491,"Can use an increasing range of quantifying determiners + 'of' + determiner ('half of', 'enough of', 'none of',).► pronouns",B1,5.0,1,,,,,not_common
polke_491_per_100_words,491,"Can use an increasing range of quantifying determiners + 'of' + determiner ('half of', 'enough of', 'none of',).► pronouns",B1,10.0,1,,,,,not_common
polke_492_per_100_words,492,Can modify determiners with adverbs. ► adverbs,B1,2.0,1,4,4,,,sustained_usage
polke_492_per_100_words,492,Can modify determiners with adverbs. ► adverbs,B1,5.0,1,7,7,,,sustained_usage
polke_492_per_100_words,492,Can modify determiners with adverbs. ► adverbs,B1,10.0,1,7,10,8; 9,,sustained_usage
polke_493_per_100_words,493,Can use the affirmative form with 'will' and 'shall'.,B1,2.0,1,12,,14,,usage_not_sustained
polke_493_per_100_words,493,Can use the affirmative form with 'will' and 'shall'.,B1,5.0,1,,,,,not_common
polke_493_per_100_words,493,Can use the affirmative form with 'will' and 'shall'.,B1,10.0,1,,,,,not_common
polke_494_per_100_words,494,Can use the negative form with 'will' ('won’t').,B1,2.0,1,,,,,not_common
polke_494_per_100_words,494,Can use the negative form with 'will' ('won’t').,B1,5.0,1,,,,,not_common
polke_494_per_100_words,494,Can use the negative form with 'will' ('won’t').,B1,10.0,1,,,,,not_common
polke_500_per_100_words,500,Can use the negative form.,B1,2.0,1,,,,,not_common
polke_500_per_100_words,500,Can use the negative form.,B1,5.0,1,,,,,not_common
polke_500_per_100_words,500,Can use the negative form.,B1,10.0,1,,,,,not_common
polke_501_per_100_words,501,Can use the past form of 'be' + 'going to'. ► future in the past,B1,2.0,2,10,,11; 12; 13; 14; 15,,usage_not_sustained
polke_501_per_100_words,501,Can use the past form of 'be' + 'going to'. ► future in the past,B1,5.0,2,,,,,not_common
polke_501_per_100_words,501,Can use the past form of 'be' + 'going to'. ► future in the past,B1,10.0,2,,,,,not_common
polke_502_per_100_words,502,"Can use 'be' + 'going to' with a limited range of adverbs, after the auxiliary be form, in the normal mid position.",B1,2.0,2,,,,,not_common
polke_502_per_100_words,502,"Can use 'be' + 'going to' with a limited range of adverbs, after the auxiliary be form, in the normal mid position.",B1,5.0,2,,,,,not_common
polke_502_per_100_words,502,"Can use 'be' + 'going to' with a limited range of adverbs, after the auxiliary be form, in the normal mid position.",B1,10.0,2,,,,,not_common
polke_510_per_100_words,510,Can use the present simple with 'as soon as' to refer to the future.,B1,2.0,1,,,,,not_common
polke_510_per_100_words,510,Can use the present simple with 'as soon as' to refer to the future.,B1,5.0,1,,,,,not_common
polke_510_per_100_words,510,Can use the present simple with 'as soon as' to refer to the future.,B1,10.0,1,,,,,not_common
polke_511_per_100_words,511,Can use 'it' + 'be' + 'important' + ('that') clause.,B1,2.0,4,,,,,not_common
polke_511_per_100_words,511,Can use 'it' + 'be' + 'important' + ('that') clause.,B1,5.0,4,,,,,not_common
polke_511_per_100_words,511,Can use 'it' + 'be' + 'important' + ('that') clause.,B1,10.0,4,,,,,not_common
polke_514_per_100_words,514,Can use 'it' + 'be' + adjective + 'for' + object + 'to' + infinitive.,B1,2.0,1,,,,,not_common
polke_514_per_100_words,514,Can use 'it' + 'be' + adjective + 'for' + object + 'to' + infinitive.,B1,5.0,1,,,,,not_common
polke_514_per_100_words,514,Can use 'it' + 'be' + adjective + 'for' + object + 'to' + infinitive.,B1,10.0,1,,,,,not_common
polke_515_per_100_words,515,Can use the negative question forms in main clauses and question tags.,B1,2.0,2,,,,,not_common
polke_515_per_100_words,515,Can use the negative question forms in main clauses and question tags.,B1,5.0,2,,,,,not_common
polke_515_per_100_words,515,Can use the negative question forms in main clauses and question tags.,B1,10.0,2,,,,,not_common
polke_516_per_100_words,516,"Can use 'can' with a limited range of adverbs (including 'also', 'always', 'even', 'just', 'only', 'really', 'still') in the normal mid position after the modal verb.   ► adverbs",B1,2.0,1,8,,9; 10; 12; 15,,usage_not_sustained
polke_516_per_100_words,516,"Can use 'can' with a limited range of adverbs (including 'also', 'always', 'even', 'just', 'only', 'really', 'still') in the normal mid position after the modal verb.   ► adverbs",B1,5.0,1,,,,,not_common
polke_516_per_100_words,516,"Can use 'can' with a limited range of adverbs (including 'also', 'always', 'even', 'just', 'only', 'really', 'still') in the normal mid position after the modal verb.   ► adverbs",B1,10.0,1,,,,,not_common
polke_519_per_100_words,519,Can use a range of modal verbs + 'be able to' + infinitive.,B1,2.0,1,10,,11; 15,,usage_not_sustained
polke_519_per_100_words,519,Can use a range of modal verbs + 'be able to' + infinitive.,B1,5.0,1,,,,,not_common
polke_519_per_100_words,519,Can use a range of modal verbs + 'be able to' + infinitive.,B1,10.0,1,,,,,not_common
polke_520_per_100_words,520,"Can use a limited range of expressions with 'be' + infinitive ('be allowed to', 'be supposed to', 'be able to') with present and past forms of 'be' and with modal 'will'.",B1,2.0,1,7,10,8; 9,,sustained_usage
polke_520_per_100_words,520,"Can use a limited range of expressions with 'be' + infinitive ('be allowed to', 'be supposed to', 'be able to') with present and past forms of 'be' and with modal 'will'.",B1,5.0,1,7,,8; 9; 10; 11; 12; 13; 14; 15,,usage_not_sustained
polke_520_per_100_words,520,"Can use a limited range of expressions with 'be' + infinitive ('be allowed to', 'be supposed to', 'be able to') with present and past forms of 'be' and with modal 'will'.",B1,10.0,1,,,,,not_common
polke_525_per_100_words,525,Can use 'have to' as an infinitive form.,B1,2.0,1,4,4,,,sustained_usage
polke_525_per_100_words,525,Can use 'have to' as an infinitive form.,B1,5.0,1,6,6,,,sustained_usage
polke_525_per_100_words,525,Can use 'have to' as an infinitive form.,B1,10.0,1,6,11,7; 8; 10,,sustained_usage
polke_526_per_100_words,526,Can use the negative form.,B1,2.0,1,,,,,not_common
polke_526_per_100_words,526,Can use the negative form.,B1,5.0,1,,,,,not_common
polke_526_per_100_words,526,Can use the negative form.,B1,10.0,1,,,,,not_common
polke_527_per_100_words,527,Can use 'may' with a limited range of adverbs (most commonly 'also') in the normal mid-position after the modal verb. ► adverbs,B1,2.0,1,,,,,not_common
polke_527_per_100_words,527,Can use 'may' with a limited range of adverbs (most commonly 'also') in the normal mid-position after the modal verb. ► adverbs,B1,5.0,1,,,,,not_common
polke_527_per_100_words,527,Can use 'may' with a limited range of adverbs (most commonly 'also') in the normal mid-position after the modal verb. ► adverbs,B1,10.0,1,,,,,not_common
polke_529_per_100_words,529,Can use the question form with 'I'.,B1,2.0,1,,,,,not_common
polke_529_per_100_words,529,Can use the question form with 'I'.,B1,5.0,1,,,,,not_common
polke_529_per_100_words,529,Can use the question form with 'I'.,B1,10.0,1,,,,,not_common
polke_530_per_100_words,530,Can use the negative form.,B1,2.0,4,,,,,not_common
polke_530_per_100_words,530,Can use the negative form.,B1,5.0,4,,,,,not_common
polke_530_per_100_words,530,Can use the negative form.,B1,10.0,4,,,,,not_common
polke_533_per_100_words,533,Can use 'might have' + '-ed'.,B1,2.0,2,,,,,not_common
polke_533_per_100_words,533,Can use 'might have' + '-ed'.,B1,5.0,2,,,,,not_common
polke_533_per_100_words,533,Can use 'might have' + '-ed'.,B1,10.0,2,,,,,not_common
polke_536_per_100_words,536,Can use 'must' with the following verb ellipted where the previous main verb is understood.    ► ellipsis,B1,2.0,1,,,,,not_common
polke_536_per_100_words,536,Can use 'must' with the following verb ellipted where the previous main verb is understood.    ► ellipsis,B1,5.0,1,,,,,not_common
polke_536_per_100_words,536,Can use 'must' with the following verb ellipted where the previous main verb is understood.    ► ellipsis,B1,10.0,1,,,,,not_common
polke_537_per_100_words,537,Can use ellipted 'must' without a subject. ► ellipsis,B1,2.0,1,5,5,,,sustained_usage
polke_537_per_100_words,537,Can use ellipted 'must' without a subject. ► ellipsis,B1,5.0,1,6,11,10,,sustained_usage
polke_537_per_100_words,537,Can use ellipted 'must' without a subject. ► ellipsis,B1,10.0,1,11,,12; 13; 14; 15,,usage_not_sustained
polke_538_per_100_words,538,Can use 'must' with a limited range of adverbs (most commonly 'also') in the normal mid position after the modal verb. ► adverbs,B1,2.0,1,,,,,not_common
polke_538_per_100_words,538,Can use 'must' with a limited range of adverbs (most commonly 'also') in the normal mid position after the modal verb. ► adverbs,B1,5.0,1,,,,,not_common
polke_538_per_100_words,538,Can use 'must' with a limited range of adverbs (most commonly 'also') in the normal mid position after the modal verb. ► adverbs,B1,10.0,1,,,,,not_common
polke_543_per_100_words,543,Can use the affirmative form.,B1,2.0,3,,,,,not_common
polke_543_per_100_words,543,Can use the affirmative form.,B1,5.0,3,,,,,not_common
polke_543_per_100_words,543,Can use the affirmative form.,B1,10.0,3,,,,,not_common
polke_548_per_100_words,548,Can use 'should' have + '-ed'.,B1,2.0,2,,,,,not_common
polke_548_per_100_words,548,Can use 'should' have + '-ed'.,B1,5.0,2,,,,,not_common
polke_548_per_100_words,548,Can use 'should' have + '-ed'.,B1,10.0,2,,,,,not_common
polke_549_per_100_words,549,Can use 'should have' + '-ed'.,B1,2.0,4,,,,,not_common
polke_549_per_100_words,549,Can use 'should have' + '-ed'.,B1,5.0,4,,,,,not_common
polke_549_per_100_words,549,Can use 'should have' + '-ed'.,B1,10.0,4,,,,,not_common
polke_555_per_100_words,555,Can use the affirmative form.,B1,2.0,1,9,13,10; 12,,sustained_usage
polke_555_per_100_words,555,Can use the affirmative form.,B1,5.0,1,14,,,,too_few_later_levels
polke_555_per_100_words,555,Can use the affirmative form.,B1,10.0,1,,,,,not_common
polke_556_per_100_words,556,Can use the negative forms 'didn't use to' and 'didn't used to'.,B1,2.0,7,,,,,not_common
polke_556_per_100_words,556,Can use the negative forms 'didn't use to' and 'didn't used to'.,B1,5.0,7,,,,,not_common
polke_556_per_100_words,556,Can use the negative forms 'didn't use to' and 'didn't used to'.,B1,10.0,7,,,,,not_common
polke_561_per_100_words,561,Can use 'would have' + '-ed'.,B1,2.0,1,,,,,not_common
polke_561_per_100_words,561,Can use 'would have' + '-ed'.,B1,5.0,1,,,,,not_common
polke_561_per_100_words,561,Can use 'would have' + '-ed'.,B1,10.0,1,,,,,not_common
polke_562_per_100_words,562,Can use 'would not have' + '-ed' or 'wouldn’t have' + '-ed',B1,2.0,1,,,,,not_common
polke_562_per_100_words,562,Can use 'would not have' + '-ed' or 'wouldn’t have' + '-ed',B1,5.0,1,,,,,not_common
polke_562_per_100_words,562,Can use 'would not have' + '-ed' or 'wouldn’t have' + '-ed',B1,10.0,1,,,,,not_common
polke_563_per_100_words,563,Can use question forms.,B1,2.0,1,10,,11; 12; 14; 15,,usage_not_sustained
polke_563_per_100_words,563,Can use question forms.,B1,5.0,1,10,,11; 12; 14; 15,,usage_not_sustained
polke_563_per_100_words,563,Can use question forms.,B1,10.0,1,,,,,not_common
polke_564_per_100_words,564,"Can use an limited range of adverbs with 'would', including 'really', 'probably', 'certainly', 'definitely'.► adverbs",B1,2.0,1,,,,,not_common
polke_564_per_100_words,564,"Can use an limited range of adverbs with 'would', including 'really', 'probably', 'certainly', 'definitely'.► adverbs",B1,5.0,1,,,,,not_common
polke_564_per_100_words,564,"Can use an limited range of adverbs with 'would', including 'really', 'probably', 'certainly', 'definitely'.► adverbs",B1,10.0,1,,,,,not_common
polke_574_per_100_words,574,Can form an increasing range of complex noun phrases with more than one adjective.,B1,2.0,1,1,3,2,,sustained_usage
polke_574_per_100_words,574,Can form an increasing range of complex noun phrases with more than one adjective.,B1,5.0,1,1,6,2; 3; 5,,sustained_usage
polke_574_per_100_words,574,Can form an increasing range of complex noun phrases with more than one adjective.,B1,10.0,1,4,8,5; 6; 7,,sustained_usage
polke_575_per_100_words,575,Can form complex noun phrases with adverb + adjective + noun.,B1,2.0,1,2,4,3,,sustained_usage
polke_575_per_100_words,575,Can form complex noun phrases with adverb + adjective + noun.,B1,5.0,1,4,4,,,sustained_usage
polke_575_per_100_words,575,Can form complex noun phrases with adverb + adjective + noun.,B1,10.0,1,7,7,,,sustained_usage
polke_577_per_100_words,577,Can form complex noun phrases by using a prepositional phrase after the main noun in a noun phrase.,B1,2.0,1,1,1,,,sustained_usage
polke_577_per_100_words,577,Can form complex noun phrases by using a prepositional phrase after the main noun in a noun phrase.,B1,5.0,1,2,4,3,,sustained_usage
polke_577_per_100_words,577,Can form complex noun phrases by using a prepositional phrase after the main noun in a noun phrase.,B1,10.0,1,5,5,,,sustained_usage
polke_580_per_100_words,580,Can form noun phrases with noun + 'of' + possessive pronouns.,B1,2.0,1,8,,9; 10; 13; 15,,usage_not_sustained
polke_580_per_100_words,580,Can form noun phrases with noun + 'of' + possessive pronouns.,B1,5.0,1,12,,13; 14; 15,,usage_not_sustained
polke_580_per_100_words,580,Can form noun phrases with noun + 'of' + possessive pronouns.,B1,10.0,1,,,,,not_common
polke_581_per_100_words,581,Can form noun phrases with 'a friend of' or 'friends of' + possessive determiner + noun.,B1,2.0,2,,,,,not_common
polke_581_per_100_words,581,Can form noun phrases with 'a friend of' or 'friends of' + possessive determiner + noun.,B1,5.0,2,,,,,not_common
polke_581_per_100_words,581,Can form noun phrases with 'a friend of' or 'friends of' + possessive determiner + noun.,B1,10.0,2,,,,,not_common
polke_582_per_100_words,582,Can form complex noun phrases with noun phrase + 'of' + noun phrase + possessive determiner ''s' + noun phrase.,B1,2.0,6,,,,,not_common
polke_582_per_100_words,582,Can form complex noun phrases with noun phrase + 'of' + noun phrase + possessive determiner ''s' + noun phrase.,B1,5.0,6,,,,,not_common
polke_582_per_100_words,582,Can form complex noun phrases with noun phrase + 'of' + noun phrase + possessive determiner ''s' + noun phrase.,B1,10.0,6,,,,,not_common
polke_583_per_100_words,583,"Can put two noun phrases together (in apposition) to refer to the same person or thing, usually separated by commas.",B1,2.0,1,1,1,,,sustained_usage
polke_583_per_100_words,583,"Can put two noun phrases together (in apposition) to refer to the same person or thing, usually separated by commas.",B1,5.0,1,1,1,,,sustained_usage
polke_583_per_100_words,583,"Can put two noun phrases together (in apposition) to refer to the same person or thing, usually separated by commas.",B1,10.0,1,1,,7; 13,,usage_not_sustained
polke_584_per_100_words,584,Can form noun phrases with an indefinite pronoun + adjective or clause.,B1,2.0,1,4,4,,,sustained_usage
polke_584_per_100_words,584,Can form noun phrases with an indefinite pronoun + adjective or clause.,B1,5.0,1,8,8,,,sustained_usage
polke_584_per_100_words,584,Can form noun phrases with an indefinite pronoun + adjective or clause.,B1,10.0,1,14,,,,too_few_later_levels
polke_586_per_100_words,586,Can use an increasing range of common nouns.,B1,2.0,1,1,1,,,sustained_usage
polke_586_per_100_words,586,Can use an increasing range of common nouns.,B1,5.0,1,1,1,,,sustained_usage
polke_586_per_100_words,586,Can use an increasing range of common nouns.,B1,10.0,1,1,4,3,,sustained_usage
polke_587_per_100_words,587,"Can use collective nouns, usually with a singular verb, but also with a plural verb depending on whether the noun is perceived as a single group or collection of individuals.",B1,2.0,1,1,1,,,sustained_usage
polke_587_per_100_words,587,"Can use collective nouns, usually with a singular verb, but also with a plural verb depending on whether the noun is perceived as a single group or collection of individuals.",B1,5.0,1,1,1,,,sustained_usage
polke_587_per_100_words,587,"Can use collective nouns, usually with a singular verb, but also with a plural verb depending on whether the noun is perceived as a single group or collection of individuals.",B1,10.0,1,1,1,,,sustained_usage
polke_588_per_100_words,588,Can use an increasing range of uncountable nouns.,B1,2.0,1,1,1,,,sustained_usage
polke_588_per_100_words,588,Can use an increasing range of uncountable nouns.,B1,5.0,1,1,1,,,sustained_usage
polke_588_per_100_words,588,Can use an increasing range of uncountable nouns.,B1,10.0,1,4,4,,,sustained_usage
polke_589_per_100_words,589,"Can use uncountable nouns with an increasing range of quantity words and phrases including 'much', 'a bit of', 'a little bit of', 'enough', 'further', 'plenty of', 'loads of'.  ►  Determiners: quantity",B1,2.0,1,6,6,,,sustained_usage
polke_589_per_100_words,589,"Can use uncountable nouns with an increasing range of quantity words and phrases including 'much', 'a bit of', 'a little bit of', 'enough', 'further', 'plenty of', 'loads of'.  ►  Determiners: quantity",B1,5.0,1,9,12,10; 11,,sustained_usage
polke_589_per_100_words,589,"Can use uncountable nouns with an increasing range of quantity words and phrases including 'much', 'a bit of', 'a little bit of', 'enough', 'further', 'plenty of', 'loads of'.  ►  Determiners: quantity",B1,10.0,1,,,,,not_common
polke_591_per_100_words,591,"Can use the passive infinitive after a limited number of forms including 'going to', 'have to', 'need to', 'want to'.",B1,2.0,1,13,,14,,usage_not_sustained
polke_591_per_100_words,591,"Can use the passive infinitive after a limited number of forms including 'going to', 'have to', 'need to', 'want to'.",B1,5.0,1,,,,,not_common
polke_591_per_100_words,591,"Can use the passive infinitive after a limited number of forms including 'going to', 'have to', 'need to', 'want to'.",B1,10.0,1,,,,,not_common
polke_592_per_100_words,592,Can use the past simple passive affirmative with a range of pronoun and noun subjects both singular and plural.,B1,2.0,1,4,4,,,sustained_usage
polke_592_per_100_words,592,Can use the past simple passive affirmative with a range of pronoun and noun subjects both singular and plural.,B1,5.0,1,4,8,6; 7,,sustained_usage
polke_592_per_100_words,592,Can use the past simple passive affirmative with a range of pronoun and noun subjects both singular and plural.,B1,10.0,1,9,,10; 13; 14,,usage_not_sustained
polke_593_per_100_words,593,Can use the present continuous passive affirmative with a limited range of verbs.,B1,2.0,1,,,,,not_common
polke_593_per_100_words,593,Can use the present continuous passive affirmative with a limited range of verbs.,B1,5.0,1,,,,,not_common
polke_593_per_100_words,593,Can use the present continuous passive affirmative with a limited range of verbs.,B1,10.0,1,,,,,not_common
polke_594_per_100_words,594,Can use the present simple passive affirmative with a range of pronoun and noun subjects.,B1,2.0,1,3,3,,,sustained_usage
polke_594_per_100_words,594,Can use the present simple passive affirmative with a range of pronoun and noun subjects.,B1,5.0,1,3,6,4; 5,,sustained_usage
polke_594_per_100_words,594,Can use the present simple passive affirmative with a range of pronoun and noun subjects.,B1,10.0,1,7,10,8; 9,,sustained_usage
polke_595_per_100_words,595,Can use the present simple passive negative with a range of pronoun and noun subjects.,B1,2.0,1,15,,,,too_few_later_levels
polke_595_per_100_words,595,Can use the present simple passive negative with a range of pronoun and noun subjects.,B1,5.0,1,,,,,not_common
polke_595_per_100_words,595,Can use the present simple passive negative with a range of pronoun and noun subjects.,B1,10.0,1,,,,,not_common
polke_596_per_100_words,596,"Can use the past simple passive with a limited range of verbs needing two objects, putting the indirect object in subject position.",B1,2.0,,,,,,not_observed
polke_596_per_100_words,596,"Can use the past simple passive with a limited range of verbs needing two objects, putting the indirect object in subject position.",B1,5.0,,,,,,not_observed
polke_596_per_100_words,596,"Can use the past simple passive with a limited range of verbs needing two objects, putting the indirect object in subject position.",B1,10.0,,,,,,not_observed
polke_599_per_100_words,599,Can form the 'get'-passive with a range of forms of 'get' + past participles.,B1,2.0,1,11,,12; 13,,usage_not_sustained
polke_599_per_100_words,599,Can form the 'get'-passive with a range of forms of 'get' + past participles.,B1,5.0,1,,,,,not_common
polke_599_per_100_words,599,Can form the 'get'-passive with a range of forms of 'get' + past participles.,B1,10.0,1,,,,,not_common
polke_600_per_100_words,600,Can use the negative form.,B1,2.0,1,,,,,not_common
polke_600_per_100_words,600,Can use the negative form.,B1,5.0,1,,,,,not_common
polke_600_per_100_words,600,Can use the negative form.,B1,10.0,1,,,,,not_common
polke_601_per_100_words,601,Can use the question form.,B1,2.0,4,,,,,not_common
polke_601_per_100_words,601,Can use the question form.,B1,5.0,4,,,,,not_common
polke_601_per_100_words,601,Can use the question form.,B1,10.0,4,,,,,not_common
polke_602_per_100_words,602,Can use the past continuous with an increasing range of adverbs in the normal mid position.,B1,2.0,1,15,,,,too_few_later_levels
polke_602_per_100_words,602,Can use the past continuous with an increasing range of adverbs in the normal mid position.,B1,5.0,1,,,,,not_common
polke_602_per_100_words,602,Can use the past continuous with an increasing range of adverbs in the normal mid position.,B1,10.0,1,,,,,not_common
polke_605_per_100_words,605,Can use the affirmative form.,B1,2.0,1,15,,,,too_few_later_levels
polke_605_per_100_words,605,Can use the affirmative form.,B1,5.0,1,,,,,not_common
polke_605_per_100_words,605,Can use the affirmative form.,B1,10.0,1,,,,,not_common
polke_609_per_100_words,609,Can use the affirmative form.,B1,2.0,1,7,,13,,usage_not_sustained
polke_609_per_100_words,609,Can use the affirmative form.,B1,5.0,1,12,,13,,usage_not_sustained
polke_609_per_100_words,609,Can use the affirmative form.,B1,10.0,1,12,,13; 14,,usage_not_sustained
polke_610_per_100_words,610,Can use negative forms.,B1,2.0,4,15,,,,too_few_later_levels
polke_610_per_100_words,610,Can use negative forms.,B1,5.0,4,,,,,not_common
polke_610_per_100_words,610,Can use negative forms.,B1,10.0,4,,,,,not_common
polke_611_per_100_words,611,"Can use the past perfect simple with a limited range of adverbs (including 'never', 'ever', 'just', 'always', 'already') in the normal mid-position. ► adverbs",B1,2.0,1,,,,,not_common
polke_611_per_100_words,611,"Can use the past perfect simple with a limited range of adverbs (including 'never', 'ever', 'just', 'always', 'already') in the normal mid-position. ► adverbs",B1,5.0,1,,,,,not_common
polke_611_per_100_words,611,"Can use the past perfect simple with a limited range of adverbs (including 'never', 'ever', 'just', 'always', 'already') in the normal mid-position. ► adverbs",B1,10.0,1,,,,,not_common
polke_613_per_100_words,613,Can use the affirmative form with a wide range of verbs.,B1,2.0,1,1,1,,,sustained_usage
polke_613_per_100_words,613,Can use the affirmative form with a wide range of verbs.,B1,5.0,1,4,4,,,sustained_usage
polke_613_per_100_words,613,Can use the affirmative form with a wide range of verbs.,B1,10.0,1,4,4,,,sustained_usage
polke_614_per_100_words,614,Can use the negative form with an increasing range of verbs.,B1,2.0,1,6,,10; 13,,usage_not_sustained
polke_614_per_100_words,614,Can use the negative form with an increasing range of verbs.,B1,5.0,1,9,,10; 11; 13,,usage_not_sustained
polke_614_per_100_words,614,Can use the negative form with an increasing range of verbs.,B1,10.0,1,15,,,,too_few_later_levels
polke_615_per_100_words,615,"Can use 'yes/no', 'wh-', tag and negative question forms with a limited range of verbs.",B1,2.0,1,10,,11; 12; 13; 14; 15,,usage_not_sustained
polke_615_per_100_words,615,"Can use 'yes/no', 'wh-', tag and negative question forms with a limited range of verbs.",B1,5.0,1,10,,11; 12; 13; 14; 15,,usage_not_sustained
polke_615_per_100_words,615,"Can use 'yes/no', 'wh-', tag and negative question forms with a limited range of verbs.",B1,10.0,1,,,,,not_common
polke_620_per_100_words,620,Can use the affirmative form.,B1,2.0,1,8,13,9; 12,,sustained_usage
polke_620_per_100_words,620,Can use the affirmative form.,B1,5.0,1,,,,,not_common
polke_620_per_100_words,620,Can use the affirmative form.,B1,10.0,1,,,,,not_common
polke_621_per_100_words,621,Can use the question form with a limited range of verbs.,B1,2.0,1,,,,,not_common
polke_621_per_100_words,621,Can use the question form with a limited range of verbs.,B1,5.0,1,,,,,not_common
polke_621_per_100_words,621,Can use the question form with a limited range of verbs.,B1,10.0,1,,,,,not_common
polke_626_per_100_words,626,Can use the affirmative forms with a range of pronouns and nouns and an increasing range of verbs.,B1,2.0,1,4,4,,,sustained_usage
polke_626_per_100_words,626,Can use the affirmative forms with a range of pronouns and nouns and an increasing range of verbs.,B1,5.0,1,6,6,,,sustained_usage
polke_626_per_100_words,626,Can use the affirmative forms with a range of pronouns and nouns and an increasing range of verbs.,B1,10.0,1,7,7,,,sustained_usage
polke_627_per_100_words,627,Can use the negative forms with a range of pronouns and an increasing range of verbs.,B1,2.0,1,8,,9; 11; 12; 13; 15,,usage_not_sustained
polke_627_per_100_words,627,Can use the negative forms with a range of pronouns and an increasing range of verbs.,B1,5.0,1,,,,,not_common
polke_627_per_100_words,627,Can use the negative forms with a range of pronouns and an increasing range of verbs.,B1,10.0,1,,,,,not_common
polke_628_per_100_words,628,Can use the negative question form.,B1,2.0,5,,,,,not_common
polke_628_per_100_words,628,Can use the negative question form.,B1,5.0,5,,,,,not_common
polke_628_per_100_words,628,Can use the negative question form.,B1,10.0,5,,,,,not_common
polke_629_per_100_words,629,Can use the present perfect simple with an increasing range of adverbs in the normal mid position.,B1,2.0,1,7,7,,,sustained_usage
polke_629_per_100_words,629,Can use the present perfect simple with an increasing range of adverbs in the normal mid position.,B1,5.0,1,8,,9; 11; 12; 13; 15,,usage_not_sustained
polke_629_per_100_words,629,Can use the present perfect simple with an increasing range of adverbs in the normal mid position.,B1,10.0,1,,,,,not_common
polke_633_per_100_words,633,Can use a wide range of simple (single word) prepositions.,B1,2.0,1,5,9,6; 8,,sustained_usage
polke_633_per_100_words,633,Can use a wide range of simple (single word) prepositions.,B1,5.0,1,9,11,10,,sustained_usage
polke_633_per_100_words,633,Can use a wide range of simple (single word) prepositions.,B1,10.0,1,13,13,,,sustained_usage
polke_634_per_100_words,634,Can use an increasing range of complex prepositions.,B1,2.0,1,7,7,,,sustained_usage
polke_634_per_100_words,634,Can use an increasing range of complex prepositions.,B1,5.0,1,9,9,,,sustained_usage
polke_634_per_100_words,634,Can use an increasing range of complex prepositions.,B1,10.0,1,11,13,12,,sustained_usage
polke_635_per_100_words,635,Can use adverbs of degree to modify prepositions and prepositional phrases.,B1,2.0,1,4,4,,,sustained_usage
polke_635_per_100_words,635,Can use adverbs of degree to modify prepositions and prepositional phrases.,B1,5.0,1,5,7,6,,sustained_usage
polke_635_per_100_words,635,Can use adverbs of degree to modify prepositions and prepositional phrases.,B1,10.0,1,7,7,,,sustained_usage
polke_636_per_100_words,636,"Can end a reported question clause and a relative clause with a preposition, where the preposition is stranded from its complement. ► Clauses: relative",B1,2.0,1,1,1,,,sustained_usage
polke_636_per_100_words,636,"Can end a reported question clause and a relative clause with a preposition, where the preposition is stranded from its complement. ► Clauses: relative",B1,5.0,1,1,1,,,sustained_usage
polke_636_per_100_words,636,"Can end a reported question clause and a relative clause with a preposition, where the preposition is stranded from its complement. ► Clauses: relative",B1,10.0,1,1,1,,,sustained_usage
polke_641_per_100_words,641,Can use 'yes/no' and 'wh-' question forms with a wide range of subjects.,B1,2.0,1,2,,5; 6; 7; 15,,usage_not_sustained
polke_641_per_100_words,641,Can use 'yes/no' and 'wh-' question forms with a wide range of subjects.,B1,5.0,1,2,,3; 4; 5; 6; 7; 8; 9; 11; 13; 14; 15,,usage_not_sustained
polke_641_per_100_words,641,Can use 'yes/no' and 'wh-' question forms with a wide range of subjects.,B1,10.0,1,10,,11; 12; 13; 14; 15,,usage_not_sustained
polke_645_per_100_words,645,Can use the possessive pronoun 'yours' after noun + 'of'.,B1,2.0,1,,,,,not_common
polke_645_per_100_words,645,Can use the possessive pronoun 'yours' after noun + 'of'.,B1,5.0,1,,,,,not_common
polke_645_per_100_words,645,Can use the possessive pronoun 'yours' after noun + 'of'.,B1,10.0,1,,,,,not_common
polke_646_per_100_words,646,"Can use the possessive pronouns 'mine' and 'yours', with singular reference, in comparative clauses after '(not) as ... as'.",B1,2.0,7,,,,,not_common
polke_646_per_100_words,646,"Can use the possessive pronouns 'mine' and 'yours', with singular reference, in comparative clauses after '(not) as ... as'.",B1,5.0,7,,,,,not_common
polke_646_per_100_words,646,"Can use the possessive pronouns 'mine' and 'yours', with singular reference, in comparative clauses after '(not) as ... as'.",B1,10.0,7,,,,,not_common
polke_647_per_100_words,647,"Can use the possessive pronoun 'yours', with singular reference, in subject position.",B1,2.0,1,,,,,not_common
polke_647_per_100_words,647,"Can use the possessive pronoun 'yours', with singular reference, in subject position.",B1,5.0,1,,,,,not_common
polke_647_per_100_words,647,"Can use the possessive pronoun 'yours', with singular reference, in subject position.",B1,10.0,1,,,,,not_common
polke_650_per_100_words,650,Can use an increasing range of singular reflexive pronouns with an increasing range of verbs to refer to actions where the subject and object of the verb are the same.,B1,2.0,1,9,9,,,sustained_usage
polke_650_per_100_words,650,Can use an increasing range of singular reflexive pronouns with an increasing range of verbs to refer to actions where the subject and object of the verb are the same.,B1,5.0,1,11,13,12,,sustained_usage
polke_650_per_100_words,650,Can use an increasing range of singular reflexive pronouns with an increasing range of verbs to refer to actions where the subject and object of the verb are the same.,B1,10.0,1,,,,,not_common
polke_651_per_100_words,651,"Can use the singular reflexive pronouns 'myself', 'yourself', 'himself' and 'herself' after prepositions where the object of the preposition is the same as the subject of the verb.",B1,2.0,1,9,,10; 15,,usage_not_sustained
polke_651_per_100_words,651,"Can use the singular reflexive pronouns 'myself', 'yourself', 'himself' and 'herself' after prepositions where the object of the preposition is the same as the subject of the verb.",B1,5.0,1,13,,14; 15,,usage_not_sustained
polke_651_per_100_words,651,"Can use the singular reflexive pronouns 'myself', 'yourself', 'himself' and 'herself' after prepositions where the object of the preposition is the same as the subject of the verb.",B1,10.0,1,,,,,not_common
polke_653_per_100_words,653,Can use dummy 'it' as a subject to introduce something the speaker or writer is going to refer to.,B1,2.0,1,7,7,,,sustained_usage
polke_653_per_100_words,653,Can use dummy 'it' as a subject to introduce something the speaker or writer is going to refer to.,B1,5.0,1,12,12,,,sustained_usage
polke_653_per_100_words,653,Can use dummy 'it' as a subject to introduce something the speaker or writer is going to refer to.,B1,10.0,1,,,,,not_common
polke_655_per_100_words,655,Can use 'these' as a pronoun with plural reference.  ►  noun phrases,B1,2.0,1,,,,,not_common
polke_655_per_100_words,655,Can use 'these' as a pronoun with plural reference.  ►  noun phrases,B1,5.0,1,,,,,not_common
polke_655_per_100_words,655,Can use 'these' as a pronoun with plural reference.  ►  noun phrases,B1,10.0,1,,,,,not_common
polke_657_per_100_words,657,Can use 'those' as a pronoun with plural reference.  ►  noun phrases,B1,2.0,1,,,,,not_common
polke_657_per_100_words,657,Can use 'those' as a pronoun with plural reference.  ►  noun phrases,B1,5.0,1,,,,,not_common
polke_657_per_100_words,657,Can use 'those' as a pronoun with plural reference.  ►  noun phrases,B1,10.0,1,,,,,not_common
polke_659_per_100_words,659,Can use quantifying determiners + 'of' with demonstrative pronouns  ► determiners: demonstrative,B1,2.0,1,13,,14; 15,,usage_not_sustained
polke_659_per_100_words,659,Can use quantifying determiners + 'of' with demonstrative pronouns  ► determiners: demonstrative,B1,5.0,1,,,,,not_common
polke_659_per_100_words,659,Can use quantifying determiners + 'of' with demonstrative pronouns  ► determiners: demonstrative,B1,10.0,1,,,,,not_common
polke_661_per_100_words,661,"Can use 'both', 'a few', 'another' as subject and object pronouns.",B1,2.0,1,14,,,,too_few_later_levels
polke_661_per_100_words,661,"Can use 'both', 'a few', 'another' as subject and object pronouns.",B1,5.0,1,,,,,not_common
polke_661_per_100_words,661,"Can use 'both', 'a few', 'another' as subject and object pronouns.",B1,10.0,1,,,,,not_common
polke_662_per_100_words,662,"Can use an increasing range of pronouns ('some', 'a few', 'any', 'each') with 'of' followed by an object pronoun.",B1,2.0,1,,,,,not_common
polke_662_per_100_words,662,"Can use an increasing range of pronouns ('some', 'a few', 'any', 'each') with 'of' followed by an object pronoun.",B1,5.0,1,,,,,not_common
polke_662_per_100_words,662,"Can use an increasing range of pronouns ('some', 'a few', 'any', 'each') with 'of' followed by an object pronoun.",B1,10.0,1,,,,,not_common
polke_663_per_100_words,663,Can use 'one' after 'which' in indirect questions to refer to one of two or more options.,B1,2.0,1,,,,,not_common
polke_663_per_100_words,663,Can use 'one' after 'which' in indirect questions to refer to one of two or more options.,B1,5.0,1,,,,,not_common
polke_663_per_100_words,663,Can use 'one' after 'which' in indirect questions to refer to one of two or more options.,B1,10.0,1,,,,,not_common
polke_664_per_100_words,664,"Can use 'this one', 'that one' to refer to a singular countable noun.  ►  pronouns: demonstratives",B1,2.0,1,12,,13; 14; 15,,usage_not_sustained
polke_664_per_100_words,664,"Can use 'this one', 'that one' to refer to a singular countable noun.  ►  pronouns: demonstratives",B1,5.0,1,,,,,not_common
polke_664_per_100_words,664,"Can use 'this one', 'that one' to refer to a singular countable noun.  ►  pronouns: demonstratives",B1,10.0,1,,,,,not_common
polke_665_per_100_words,665,Can use 'ones' as a pronoun to substitute for plural nouns which have already been mentioned or are obvious from the context.,B1,2.0,1,13,,14; 15,,usage_not_sustained
polke_665_per_100_words,665,Can use 'ones' as a pronoun to substitute for plural nouns which have already been mentioned or are obvious from the context.,B1,5.0,1,,,,,not_common
polke_665_per_100_words,665,Can use 'ones' as a pronoun to substitute for plural nouns which have already been mentioned or are obvious from the context.,B1,10.0,1,,,,,not_common
polke_666_per_100_words,666,Can use determiners + premodifers + 'ones'.,B1,2.0,2,,,,,not_common
polke_666_per_100_words,666,Can use determiners + premodifers + 'ones'.,B1,5.0,2,,,,,not_common
polke_666_per_100_words,666,Can use determiners + premodifers + 'ones'.,B1,10.0,2,,,,,not_common
polke_669_per_100_words,669,"Can use an increasing range of indefinite pronouns ('something', 'nobody') as subjects, with a singular verb.",B1,2.0,1,14,,,,too_few_later_levels
polke_669_per_100_words,669,"Can use an increasing range of indefinite pronouns ('something', 'nobody') as subjects, with a singular verb.",B1,5.0,1,,,,,not_common
polke_669_per_100_words,669,"Can use an increasing range of indefinite pronouns ('something', 'nobody') as subjects, with a singular verb.",B1,10.0,1,,,,,not_common
polke_670_per_100_words,670,Can use a wide range of indefinite pronouns as objects or complements.,B1,2.0,1,5,5,,,sustained_usage
polke_670_per_100_words,670,Can use a wide range of indefinite pronouns as objects or complements.,B1,5.0,1,5,8,7,,sustained_usage
polke_670_per_100_words,670,Can use a wide range of indefinite pronouns as objects or complements.,B1,10.0,1,13,13,,,sustained_usage
polke_673_per_100_words,673,Can use 'each other' as the object of a verb or complement of a preposition to talk about the mutual behaviour of two or more people.,B1,2.0,1,6,,7; 8; 9; 10; 11; 12; 13,,usage_not_sustained
polke_673_per_100_words,673,Can use 'each other' as the object of a verb or complement of a preposition to talk about the mutual behaviour of two or more people.,B1,5.0,1,,,,,not_common
polke_673_per_100_words,673,Can use 'each other' as the object of a verb or complement of a preposition to talk about the mutual behaviour of two or more people.,B1,10.0,1,,,,,not_common
polke_674_per_100_words,674,Can form alternative questions with two phrases combined with 'or'.,B1,2.0,1,2,4,3,,sustained_usage
polke_674_per_100_words,674,Can form alternative questions with two phrases combined with 'or'.,B1,5.0,1,6,6,,,sustained_usage
polke_674_per_100_words,674,Can form alternative questions with two phrases combined with 'or'.,B1,10.0,1,7,13,12,,sustained_usage
polke_676_per_100_words,676,Can form alternative questions with two clauses combined with 'or'.,B1,2.0,1,2,4,3,,sustained_usage
polke_676_per_100_words,676,Can form alternative questions with two clauses combined with 'or'.,B1,5.0,1,8,8,,,sustained_usage
polke_676_per_100_words,676,Can form alternative questions with two clauses combined with 'or'.,B1,10.0,1,11,,12; 13,,usage_not_sustained
polke_678_per_100_words,678,"Can use an increasing range of affirmative 'be', 'do' and 'have' tags with negative main clauses.",B1,2.0,1,,,,,not_common
polke_678_per_100_words,678,"Can use an increasing range of affirmative 'be', 'do' and 'have' tags with negative main clauses.",B1,5.0,1,,,,,not_common
polke_678_per_100_words,678,"Can use an increasing range of affirmative 'be', 'do' and 'have' tags with negative main clauses.",B1,10.0,1,,,,,not_common
polke_679_per_100_words,679,"Can use an increasing range of 'be', 'do', 'have' and modal verb tags with negative main clauses.",B1,2.0,1,,,,,not_common
polke_679_per_100_words,679,"Can use an increasing range of 'be', 'do', 'have' and modal verb tags with negative main clauses.",B1,5.0,1,,,,,not_common
polke_679_per_100_words,679,"Can use an increasing range of 'be', 'do', 'have' and modal verb tags with negative main clauses.",B1,10.0,1,,,,,not_common
polke_680_per_100_words,680,Can use an increasing range of affirmative tags with affirmative clauses.,B1,2.0,1,,,,,not_common
polke_680_per_100_words,680,Can use an increasing range of affirmative tags with affirmative clauses.,B1,5.0,1,,,,,not_common
polke_680_per_100_words,680,Can use an increasing range of affirmative tags with affirmative clauses.,B1,10.0,1,,,,,not_common
polke_682_per_100_words,682,Can use 'wh-'words + the negative form of modal verbs + subject + main verb to form 'wh-'questions.,B1,2.0,4,,,,,not_common
polke_682_per_100_words,682,Can use 'wh-'words + the negative form of modal verbs + subject + main verb to form 'wh-'questions.,B1,5.0,4,,,,,not_common
polke_682_per_100_words,682,Can use 'wh-'words + the negative form of modal verbs + subject + main verb to form 'wh-'questions.,B1,10.0,4,,,,,not_common
polke_683_per_100_words,683,Can use main verb 'be' + 'n't' to form negative 'yes/no' questions.,B1,2.0,1,,,,,not_common
polke_683_per_100_words,683,Can use main verb 'be' + 'n't' to form negative 'yes/no' questions.,B1,5.0,1,,,,,not_common
polke_683_per_100_words,683,Can use main verb 'be' + 'n't' to form negative 'yes/no' questions.,B1,10.0,1,,,,,not_common
polke_684_per_100_words,684,Can use auxiliary 'do' and 'have' + 'n't' + subject + main verb to form negative 'yes/no' questions.,B1,2.0,1,3,,4; 5; 6; 7; 8; 9; 10; 11; 12; 13; 15,,usage_not_sustained
polke_684_per_100_words,684,Can use auxiliary 'do' and 'have' + 'n't' + subject + main verb to form negative 'yes/no' questions.,B1,5.0,1,,,,,not_common
polke_684_per_100_words,684,Can use auxiliary 'do' and 'have' + 'n't' + subject + main verb to form negative 'yes/no' questions.,B1,10.0,1,,,,,not_common
polke_685_per_100_words,685,Can use modal verbs + 'not' + subject + main verb to form 'yes/no' questions.,B1,2.0,1,,,,,not_common
polke_685_per_100_words,685,Can use modal verbs + 'not' + subject + main verb to form 'yes/no' questions.,B1,5.0,1,,,,,not_common
polke_685_per_100_words,685,Can use modal verbs + 'not' + subject + main verb to form 'yes/no' questions.,B1,10.0,1,,,,,not_common
polke_687_per_100_words,687,Can use a limited range of verbs + particle + preposition + noun or pronoun.,B1,2.0,1,14,,15,,usage_not_sustained
polke_687_per_100_words,687,Can use a limited range of verbs + particle + preposition + noun or pronoun.,B1,5.0,1,,,,,not_common
polke_687_per_100_words,687,Can use a limited range of verbs + particle + preposition + noun or pronoun.,B1,10.0,1,,,,,not_common
polke_688_per_100_words,688,Can use an increasing range of prepositional verbs followed by noun or pronoun objects.,B1,2.0,1,1,1,,,sustained_usage
polke_688_per_100_words,688,Can use an increasing range of prepositional verbs followed by noun or pronoun objects.,B1,5.0,1,1,1,,,sustained_usage
polke_688_per_100_words,688,Can use an increasing range of prepositional verbs followed by noun or pronoun objects.,B1,10.0,1,1,1,,,sustained_usage
polke_689_per_100_words,689,"Can use an increasing range of verbs, typically reporting or mental process verbs, with a 'that'-clause as the direct object.",B1,2.0,1,1,4,3,,sustained_usage
polke_689_per_100_words,689,"Can use an increasing range of verbs, typically reporting or mental process verbs, with a 'that'-clause as the direct object.",B1,5.0,1,4,4,,,sustained_usage
polke_689_per_100_words,689,"Can use an increasing range of verbs, typically reporting or mental process verbs, with a 'that'-clause as the direct object.",B1,10.0,1,8,8,,,sustained_usage
polke_690_per_100_words,690,Can use some reporting verbs with a prepositional phrase followed by a 'that'-clause as the direct object.,B1,2.0,1,,,,,not_common
polke_690_per_100_words,690,Can use some reporting verbs with a prepositional phrase followed by a 'that'-clause as the direct object.,B1,5.0,1,,,,,not_common
polke_690_per_100_words,690,Can use some reporting verbs with a prepositional phrase followed by a 'that'-clause as the direct object.,B1,10.0,1,,,,,not_common
polke_691_per_100_words,691,Can use an increasing range of phrasal verbs without an object.,B1,2.0,1,3,,4; 5; 6; 7; 8; 9; 10; 11; 12; 13; 14; 15,,usage_not_sustained
polke_691_per_100_words,691,Can use an increasing range of phrasal verbs without an object.,B1,5.0,1,,,,,not_common
polke_691_per_100_words,691,Can use an increasing range of phrasal verbs without an object.,B1,10.0,1,,,,,not_common
polke_692_per_100_words,692,Can use a limited range of phrasal verbs + particle + object.,B1,2.0,1,,,,,not_common
polke_692_per_100_words,692,Can use a limited range of phrasal verbs + particle + object.,B1,5.0,1,,,,,not_common
polke_692_per_100_words,692,Can use a limited range of phrasal verbs + particle + object.,B1,10.0,1,,,,,not_common
polke_693_per_100_words,693,Can use an increasing range of phrasal verbs + object pronoun + particle.,B1,2.0,1,8,11,9; 10,,sustained_usage
polke_693_per_100_words,693,Can use an increasing range of phrasal verbs + object pronoun + particle.,B1,5.0,1,12,,13; 14; 15,,usage_not_sustained
polke_693_per_100_words,693,Can use an increasing range of phrasal verbs + object pronoun + particle.,B1,10.0,1,,,,,not_common
polke_694_per_100_words,694,"Can use semi-modal auxiliary verbs, 'used to' and 'ought to'.",B1,2.0,1,9,11,10,,sustained_usage
polke_694_per_100_words,694,"Can use semi-modal auxiliary verbs, 'used to' and 'ought to'.",B1,5.0,1,14,,,,too_few_later_levels
polke_694_per_100_words,694,"Can use semi-modal auxiliary verbs, 'used to' and 'ought to'.",B1,10.0,1,,,,,not_common
polke_695_per_100_words,695,Can use a wide range of verbs followed by a 'to-' infinitive.,B1,2.0,1,1,1,,,sustained_usage
polke_695_per_100_words,695,Can use a wide range of verbs followed by a 'to-' infinitive.,B1,5.0,1,1,1,,,sustained_usage
polke_695_per_100_words,695,Can use a wide range of verbs followed by a 'to-' infinitive.,B1,10.0,1,1,4,3,,sustained_usage
polke_697_per_100_words,697,Can use a limited range of verbs followed by an '-ing' form.,B1,2.0,1,4,4,,,sustained_usage
polke_697_per_100_words,697,Can use a limited range of verbs followed by an '-ing' form.,B1,5.0,1,8,8,,,sustained_usage
polke_697_per_100_words,697,Can use a limited range of verbs followed by an '-ing' form.,B1,10.0,1,13,13,,,sustained_usage
polke_698_per_100_words,698,"Can use 'help' + object + infinitive with or without 'to', with no change in meaning.",B1,2.0,1,6,13,7; 9; 10; 12,,sustained_usage
polke_698_per_100_words,698,"Can use 'help' + object + infinitive with or without 'to', with no change in meaning.",B1,5.0,1,8,,9; 10; 12; 14; 15,,usage_not_sustained
polke_698_per_100_words,698,"Can use 'help' + object + infinitive with or without 'to', with no change in meaning.",B1,10.0,1,,,,,not_common
polke_699_per_100_words,699,Can use some verbs of requesting and commanding followed by a direct object and a 'to-'infinitive.,B1,2.0,1,,,,,not_common
polke_699_per_100_words,699,Can use some verbs of requesting and commanding followed by a direct object and a 'to-'infinitive.,B1,5.0,1,,,,,not_common
polke_699_per_100_words,699,Can use some verbs of requesting and commanding followed by a direct object and a 'to-'infinitive.,B1,10.0,1,,,,,not_common
polke_700_per_100_words,700,Can use 'make' and 'let' + infinitive without 'to'.,B1,2.0,1,8,8,,,sustained_usage
polke_700_per_100_words,700,Can use 'make' and 'let' + infinitive without 'to'.,B1,5.0,1,10,,11; 12; 15,,usage_not_sustained
polke_700_per_100_words,700,Can use 'make' and 'let' + infinitive without 'to'.,B1,10.0,1,,,,,not_common
polke_701_per_100_words,701,Can use 'There' + 'be' + 'n't' with countable and uncountable nouns.,B1,2.0,1,,,,,not_common
polke_701_per_100_words,701,Can use 'There' + 'be' + 'n't' with countable and uncountable nouns.,B1,5.0,1,,,,,not_common
polke_701_per_100_words,701,Can use 'There' + 'be' + 'n't' with countable and uncountable nouns.,B1,10.0,1,,,,,not_common
polke_702_per_100_words,702,Can use 'there' with a range of modal verbs + 'be' + complement.,B1,2.0,1,9,,10; 11; 12; 14,,usage_not_sustained
polke_702_per_100_words,702,Can use 'there' with a range of modal verbs + 'be' + complement.,B1,5.0,1,,,,,not_common
polke_702_per_100_words,702,Can use 'there' with a range of modal verbs + 'be' + complement.,B1,10.0,1,,,,,not_common
polke_703_per_100_words,703,POLKE structure 703,B1,2.0,1,9,,10; 11; 12; 15,,usage_not_sustained
polke_703_per_100_words,703,POLKE structure 703,B1,5.0,1,13,,14; 15,,usage_not_sustained
polke_703_per_100_words,703,POLKE structure 703,B1,10.0,1,,,,,not_common
polke_704_per_100_words,704,POLKE structure 704,B1,2.0,1,8,,10; 11; 12; 15,,usage_not_sustained
polke_704_per_100_words,704,POLKE structure 704,B1,5.0,1,,,,,not_common
polke_704_per_100_words,704,POLKE structure 704,B1,10.0,1,,,,,not_common
polke_705_per_100_words,705,POLKE structure 705,B1,2.0,1,,,,,not_common
polke_705_per_100_words,705,POLKE structure 705,B1,5.0,1,,,,,not_common
polke_705_per_100_words,705,POLKE structure 705,B1,10.0,1,,,,,not_common
polke_706_per_100_words,706,POLKE structure 706,B1,2.0,2,,,,,not_common
polke_706_per_100_words,706,POLKE structure 706,B1,5.0,2,,,,,not_common
polke_706_per_100_words,706,POLKE structure 706,B1,10.0,2,,,,,not_common
polke_707_per_100_words,707,POLKE structure 707,B1,2.0,2,,,,,not_common
polke_707_per_100_words,707,POLKE structure 707,B1,5.0,2,,,,,not_common
polke_707_per_100_words,707,POLKE structure 707,B1,10.0,2,,,,,not_common
polke_708_per_100_words,708,POLKE structure 708,B1,2.0,2,,,,,not_common
polke_708_per_100_words,708,POLKE structure 708,B1,5.0,2,,,,,not_common
polke_708_per_100_words,708,POLKE structure 708,B1,10.0,2,,,,,not_common
polke_709_per_100_words,709,POLKE structure 709,B1,2.0,2,,,,,not_common
polke_709_per_100_words,709,POLKE structure 709,B1,5.0,2,,,,,not_common
polke_709_per_100_words,709,POLKE structure 709,B1,10.0,2,,,,,not_common
polke_710_per_100_words,710,POLKE structure 710,B1,2.0,5,,,,,not_common
polke_710_per_100_words,710,POLKE structure 710,B1,5.0,5,,,,,not_common
polke_710_per_100_words,710,POLKE structure 710,B1,10.0,5,,,,,not_common
polke_718_per_100_words,718,"Can report statements using a reporting clause with 'say' or 'tell' + 'that-'clause, with a pronoun and tense shift where relevant.",B1,2.0,1,11,,13,,usage_not_sustained
polke_718_per_100_words,718,"Can report statements using a reporting clause with 'say' or 'tell' + 'that-'clause, with a pronoun and tense shift where relevant.",B1,5.0,1,15,,,,too_few_later_levels
polke_718_per_100_words,718,"Can report statements using a reporting clause with 'say' or 'tell' + 'that-'clause, with a pronoun and tense shift where relevant.",B1,10.0,1,,,,,not_common
polke_719_per_100_words,719,"Can report questions using 'ask' + 'if' or 'whether' + clause, with a pronoun and tense shift where relevant.",B1,2.0,,,,,,not_observed
polke_719_per_100_words,719,"Can report questions using 'ask' + 'if' or 'whether' + clause, with a pronoun and tense shift where relevant.",B1,5.0,,,,,,not_observed
polke_719_per_100_words,719,"Can report questions using 'ask' + 'if' or 'whether' + clause, with a pronoun and tense shift where relevant.",B1,10.0,,,,,,not_observed
polke_720_per_100_words,720,"Can report 'wh-'questions using a reporting verb + 'wh-'word + clause, with a change of pronoun and tense shift where relevant.",B1,2.0,4,11,,12; 13; 14; 15,,usage_not_sustained
polke_720_per_100_words,720,"Can report 'wh-'questions using a reporting verb + 'wh-'word + clause, with a change of pronoun and tense shift where relevant.",B1,5.0,4,,,,,not_common
polke_720_per_100_words,720,"Can report 'wh-'questions using a reporting verb + 'wh-'word + clause, with a change of pronoun and tense shift where relevant.",B1,10.0,4,,,,,not_common
polke_722_per_100_words,722,"Can report speech and thought directly, using the reporting verb before the reporting clause.",B1,2.0,4,,,,,not_common
polke_722_per_100_words,722,"Can report speech and thought directly, using the reporting verb before the reporting clause.",B1,5.0,4,,,,,not_common
polke_722_per_100_words,722,"Can report speech and thought directly, using the reporting verb before the reporting clause.",B1,10.0,4,,,,,not_common
polke_723_per_100_words,723,Can report speech and thought directly using the reporting verb after the reporting clause.,B1,2.0,6,,,,,not_common
polke_723_per_100_words,723,Can report speech and thought directly using the reporting verb after the reporting clause.,B1,5.0,6,,,,,not_common
polke_723_per_100_words,723,Can report speech and thought directly using the reporting verb after the reporting clause.,B1,10.0,6,,,,,not_common
polke_724_per_100_words,724,Can report requests and commands with 'ask' or 'tell' + direct object and 'to-'infinitive.,B1,2.0,,,,,,not_observed
polke_724_per_100_words,724,Can report requests and commands with 'ask' or 'tell' + direct object and 'to-'infinitive.,B1,5.0,,,,,,not_observed
polke_724_per_100_words,724,Can report requests and commands with 'ask' or 'tell' + direct object and 'to-'infinitive.,B1,10.0,,,,,,not_observed
polke_728_per_100_words,728,Can form negative statements of main verbs in the past continuous and past perfect with auxiliary verbs 'be' and 'have' + 'not/n't'. ► past continuous ► past perfect,B1,2.0,1,15,,,,too_few_later_levels
polke_728_per_100_words,728,Can form negative statements of main verbs in the past continuous and past perfect with auxiliary verbs 'be' and 'have' + 'not/n't'. ► past continuous ► past perfect,B1,5.0,1,,,,,not_common
polke_728_per_100_words,728,Can form negative statements of main verbs in the past continuous and past perfect with auxiliary verbs 'be' and 'have' + 'not/n't'. ► past continuous ► past perfect,B1,10.0,1,,,,,not_common
polke_729_per_100_words,729,"Can use the negative forms of mental process verbs ('I don't think', 'I don't believe') followed by a complement clause, where the negative form is in the mental process verb rather than the complement clause.",B1,2.0,1,,,,,not_common
polke_729_per_100_words,729,"Can use the negative forms of mental process verbs ('I don't think', 'I don't believe') followed by a complement clause, where the negative form is in the mental process verb rather than the complement clause.",B1,5.0,1,,,,,not_common
polke_729_per_100_words,729,"Can use the negative forms of mental process verbs ('I don't think', 'I don't believe') followed by a complement clause, where the negative form is in the mental process verb rather than the complement clause.",B1,10.0,1,,,,,not_common
polke_730_per_100_words,730,Can use negative question forms in main clauses and question tags. ► questions,B1,2.0,1,3,,4; 5; 6; 7; 8; 9; 11; 12; 13; 15,,usage_not_sustained
polke_730_per_100_words,730,Can use negative question forms in main clauses and question tags. ► questions,B1,5.0,1,,,,,not_common
polke_730_per_100_words,730,Can use negative question forms in main clauses and question tags. ► questions,B1,10.0,1,,,,,not_common
polke_732_per_100_words,732,Can use an increasing range of indefinite pronouns in negative contexts.,B1,2.0,1,6,,7; 10; 13,,usage_not_sustained
polke_732_per_100_words,732,Can use an increasing range of indefinite pronouns in negative contexts.,B1,5.0,1,,,,,not_common
polke_732_per_100_words,732,Can use an increasing range of indefinite pronouns in negative contexts.,B1,10.0,1,,,,,not_common
polke_733_per_100_words,733,"Can use adverbs 'ever', 'never', 'yet', 'still' in negative contexts.",B1,2.0,1,8,11,9; 10,,sustained_usage
polke_733_per_100_words,733,"Can use adverbs 'ever', 'never', 'yet', 'still' in negative contexts.",B1,5.0,1,14,,15,,usage_not_sustained
polke_733_per_100_words,733,"Can use adverbs 'ever', 'never', 'yet', 'still' in negative contexts.",B1,10.0,1,,,,,not_common
polke_734_per_100_words,734,Can use 'not' before a non-finite or ellipted clause.,B1,2.0,1,6,13,7; 8; 12,,sustained_usage
polke_734_per_100_words,734,Can use 'not' before a non-finite or ellipted clause.,B1,5.0,1,15,,,,too_few_later_levels
polke_734_per_100_words,734,Can use 'not' before a non-finite or ellipted clause.,B1,10.0,1,,,,,not_common
polke_739_per_100_words,739,"Can use an increasing range of compound adjectives ('up-to-date', 'state-of-the-art')",B2,2.0,2,11,,12; 13; 14; 15,,usage_not_sustained
polke_739_per_100_words,739,"Can use an increasing range of compound adjectives ('up-to-date', 'state-of-the-art')",B2,5.0,2,,,,,not_common
polke_739_per_100_words,739,"Can use an increasing range of compound adjectives ('up-to-date', 'state-of-the-art')",B2,10.0,2,,,,,not_common
polke_740_per_100_words,740,Can use adjective phrases to modify nouns.,B2,2.0,1,1,1,,,sustained_usage
polke_740_per_100_words,740,Can use adjective phrases to modify nouns.,B2,5.0,1,2,4,3,,sustained_usage
polke_740_per_100_words,740,Can use adjective phrases to modify nouns.,B2,10.0,1,5,5,,,sustained_usage
polke_744_per_100_words,744,Can use 'enough' after adjectives followed by 'to'-infinitive,B2,2.0,1,,,,,not_common
polke_744_per_100_words,744,Can use 'enough' after adjectives followed by 'to'-infinitive,B2,5.0,1,,,,,not_common
polke_744_per_100_words,744,Can use 'enough' after adjectives followed by 'to'-infinitive,B2,10.0,1,,,,,not_common
polke_745_per_100_words,745,"Can form adjective phrases with 'rather a' + adjective, often in formal contexts.",B2,2.0,7,,,,,not_common
polke_745_per_100_words,745,"Can form adjective phrases with 'rather a' + adjective, often in formal contexts.",B2,5.0,7,,,,,not_common
polke_745_per_100_words,745,"Can form adjective phrases with 'rather a' + adjective, often in formal contexts.",B2,10.0,7,,,,,not_common
polke_747_per_100_words,747,"Can use the adjectives 'present', 'future', 'former' before a noun.",B2,2.0,1,13,13,,,sustained_usage
polke_747_per_100_words,747,"Can use the adjectives 'present', 'future', 'former' before a noun.",B2,5.0,1,14,,,,too_few_later_levels
polke_747_per_100_words,747,"Can use the adjectives 'present', 'future', 'former' before a noun.",B2,10.0,1,,,,,not_common
polke_749_per_100_words,749,"Can use '(one of) the' with an increasing range of superlative adjectives without a following noun, when the noun is understood.",B2,2.0,1,8,8,,,sustained_usage
polke_749_per_100_words,749,"Can use '(one of) the' with an increasing range of superlative adjectives without a following noun, when the noun is understood.",B2,5.0,1,8,,9; 12; 15,,usage_not_sustained
polke_749_per_100_words,749,"Can use '(one of) the' with an increasing range of superlative adjectives without a following noun, when the noun is understood.",B2,10.0,1,11,,12; 15,,usage_not_sustained
polke_750_per_100_words,750,Can use superlative adjectives before a noun + 'to'-infinitive. ► clauses: comparative,B2,2.0,1,13,,15,,usage_not_sustained
polke_750_per_100_words,750,Can use superlative adjectives before a noun + 'to'-infinitive. ► clauses: comparative,B2,5.0,1,,,,,not_common
polke_750_per_100_words,750,Can use superlative adjectives before a noun + 'to'-infinitive. ► clauses: comparative,B2,10.0,1,,,,,not_common
polke_753_per_100_words,753,Can use degree adverbs to modify noun phrases. ► noun phrases,B2,2.0,1,1,1,,,sustained_usage
polke_753_per_100_words,753,Can use degree adverbs to modify noun phrases. ► noun phrases,B2,5.0,1,1,1,,,sustained_usage
polke_753_per_100_words,753,Can use degree adverbs to modify noun phrases. ► noun phrases,B2,10.0,1,4,4,,,sustained_usage
polke_754_per_100_words,754,Can use degree adverbs to modify pronouns. ► pronouns,B2,2.0,1,,,,,not_common
polke_754_per_100_words,754,Can use degree adverbs to modify pronouns. ► pronouns,B2,5.0,1,,,,,not_common
polke_754_per_100_words,754,Can use degree adverbs to modify pronouns. ► pronouns,B2,10.0,1,,,,,not_common
polke_755_per_100_words,755,"Can use degree adverbs ('almost', 'very') to modify determiners. ► determiners",B2,2.0,1,,,,,not_common
polke_755_per_100_words,755,"Can use degree adverbs ('almost', 'very') to modify determiners. ► determiners",B2,5.0,1,,,,,not_common
polke_755_per_100_words,755,"Can use degree adverbs ('almost', 'very') to modify determiners. ► determiners",B2,10.0,1,,,,,not_common
polke_757_per_100_words,757,Can modify an adverb with a comparative structure.,B2,2.0,1,,,,,not_common
polke_757_per_100_words,757,Can modify an adverb with a comparative structure.,B2,5.0,1,,,,,not_common
polke_757_per_100_words,757,Can modify an adverb with a comparative structure.,B2,10.0,1,,,,,not_common
polke_758_per_100_words,758,"Can use 'than' + an increasing range of non-finite clauses (to-infinitive, reduced clause)  forming the second part of a comparison after a comparative adjective.",B2,2.0,1,,,,,not_common
polke_758_per_100_words,758,"Can use 'than' + an increasing range of non-finite clauses (to-infinitive, reduced clause)  forming the second part of a comparison after a comparative adjective.",B2,5.0,1,,,,,not_common
polke_758_per_100_words,758,"Can use 'than' + an increasing range of non-finite clauses (to-infinitive, reduced clause)  forming the second part of a comparison after a comparative adjective.",B2,10.0,1,,,,,not_common
polke_760_per_100_words,760,Can use 'enough' after adjectives followed by 'to'-infinitive.,B2,2.0,1,,,,,not_common
polke_760_per_100_words,760,Can use 'enough' after adjectives followed by 'to'-infinitive.,B2,5.0,1,,,,,not_common
polke_760_per_100_words,760,Can use 'enough' after adjectives followed by 'to'-infinitive.,B2,10.0,1,,,,,not_common
polke_761_per_100_words,761,Can use 'the same' (+ noun) + 'as' + clause.,B2,2.0,1,,,,,not_common
polke_761_per_100_words,761,Can use 'the same' (+ noun) + 'as' + clause.,B2,5.0,1,,,,,not_common
polke_761_per_100_words,761,Can use 'the same' (+ noun) + 'as' + clause.,B2,10.0,1,,,,,not_common
polke_762_per_100_words,762,Can use 'rather than' + a non-finite clause to stress one element in a comparison.,B2,2.0,1,,,,,not_common
polke_762_per_100_words,762,Can use 'rather than' + a non-finite clause to stress one element in a comparison.,B2,5.0,1,,,,,not_common
polke_762_per_100_words,762,Can use 'rather than' + a non-finite clause to stress one element in a comparison.,B2,10.0,1,,,,,not_common
polke_763_per_100_words,763,Can use 'as if' or 'as though' + finite clause to introduce a second clause as a comparison.,B2,2.0,2,,,,,not_common
polke_763_per_100_words,763,Can use 'as if' or 'as though' + finite clause to introduce a second clause as a comparison.,B2,5.0,2,,,,,not_common
polke_763_per_100_words,763,Can use 'as if' or 'as though' + finite clause to introduce a second clause as a comparison.,B2,10.0,2,,,,,not_common
polke_768_per_100_words,768,"Can form negative interrogative clauses with an adverb in mid position, between the subject and the main verb.",B2,2.0,,,,,,not_observed
polke_768_per_100_words,768,"Can form negative interrogative clauses with an adverb in mid position, between the subject and the main verb.",B2,5.0,,,,,,not_observed
polke_768_per_100_words,768,"Can form negative interrogative clauses with an adverb in mid position, between the subject and the main verb.",B2,10.0,,,,,,not_observed
polke_770_per_100_words,770,"Can use defining relative clauses and non-defining relative clauses ending in a preposition, with 'who/which/that' as the complement of the preposition.",B2,2.0,1,11,,13; 15,,usage_not_sustained
polke_770_per_100_words,770,"Can use defining relative clauses and non-defining relative clauses ending in a preposition, with 'who/which/that' as the complement of the preposition.",B2,5.0,1,,,,,not_common
polke_770_per_100_words,770,"Can use defining relative clauses and non-defining relative clauses ending in a preposition, with 'who/which/that' as the complement of the preposition.",B2,10.0,1,,,,,not_common
polke_771_per_100_words,771,"Can use non-defining relative clauses with 'whose', to give additional information.",B2,2.0,1,,,,,not_common
polke_771_per_100_words,771,"Can use non-defining relative clauses with 'whose', to give additional information.",B2,5.0,1,,,,,not_common
polke_771_per_100_words,771,"Can use non-defining relative clauses with 'whose', to give additional information.",B2,10.0,1,,,,,not_common
polke_779_per_100_words,779,"Can use a wide range of simple subordinating conjunctions ('once, whereas, unless, except (that) provided (that)'), to introduce a subordinate clause.",B2,2.0,1,13,13,,,sustained_usage
polke_779_per_100_words,779,"Can use a wide range of simple subordinating conjunctions ('once, whereas, unless, except (that) provided (that)'), to introduce a subordinate clause.",B2,5.0,1,14,,,,too_few_later_levels
polke_779_per_100_words,779,"Can use a wide range of simple subordinating conjunctions ('once, whereas, unless, except (that) provided (that)'), to introduce a subordinate clause.",B2,10.0,1,,,,,not_common
polke_780_per_100_words,780,"Can use more complex subordinating conjunctions ('as long as, as soon as, in order that, despite the fact that, due to the fact that, as if, as though') to introduce a subordinate clause.",B2,2.0,1,9,12,11,,sustained_usage
polke_780_per_100_words,780,"Can use more complex subordinating conjunctions ('as long as, as soon as, in order that, despite the fact that, due to the fact that, as if, as though') to introduce a subordinate clause.",B2,5.0,1,10,,11; 12; 13; 15,,usage_not_sustained
polke_780_per_100_words,780,"Can use more complex subordinating conjunctions ('as long as, as soon as, in order that, despite the fact that, due to the fact that, as if, as though') to introduce a subordinate clause.",B2,10.0,1,,,,,not_common
polke_782_per_100_words,782,Can use possessive determiner 'its' before nouns to refer to a singular inanimate subject or object.,B2,2.0,1,11,13,12,,sustained_usage
polke_782_per_100_words,782,Can use possessive determiner 'its' before nouns to refer to a singular inanimate subject or object.,B2,5.0,1,,,,,not_common
polke_782_per_100_words,782,Can use possessive determiner 'its' before nouns to refer to a singular inanimate subject or object.,B2,10.0,1,,,,,not_common
polke_784_per_100_words,784,Can use 's'' after plural nouns to indicate possession.,B2,2.0,1,7,13,8; 9; 10; 12,,sustained_usage
polke_784_per_100_words,784,Can use 's'' after plural nouns to indicate possession.,B2,5.0,1,,,,,not_common
polke_784_per_100_words,784,Can use 's'' after plural nouns to indicate possession.,B2,10.0,1,,,,,not_common
polke_785_per_100_words,785,Can use ''s' after a noun phrase with of to indicate possession.,B2,2.0,1,11,,13,,usage_not_sustained
polke_785_per_100_words,785,Can use ''s' after a noun phrase with of to indicate possession.,B2,5.0,1,,,,,not_common
polke_785_per_100_words,785,Can use ''s' after a noun phrase with of to indicate possession.,B2,10.0,1,,,,,not_common
polke_786_per_100_words,786,"Can use modifier + 'little' + uncountable nouns and modifier + 'few' + countable nouns, to indicate a lack of something or not as much as expected of something.► adverbs",B2,2.0,1,,,,,not_common
polke_786_per_100_words,786,"Can use modifier + 'little' + uncountable nouns and modifier + 'few' + countable nouns, to indicate a lack of something or not as much as expected of something.► adverbs",B2,5.0,1,,,,,not_common
polke_786_per_100_words,786,"Can use modifier + 'little' + uncountable nouns and modifier + 'few' + countable nouns, to indicate a lack of something or not as much as expected of something.► adverbs",B2,10.0,1,,,,,not_common
polke_787_per_100_words,787,Can use 'yes/no' and 'wh-' question forms with 'will'.,B2,2.0,4,,,,,not_common
polke_787_per_100_words,787,Can use 'yes/no' and 'wh-' question forms with 'will'.,B2,5.0,4,,,,,not_common
polke_787_per_100_words,787,Can use 'yes/no' and 'wh-' question forms with 'will'.,B2,10.0,4,,,,,not_common
polke_789_per_100_words,789,Can use the present forms of 'be' + 'about to'.,B2,2.0,1,,,,,not_common
polke_789_per_100_words,789,Can use the present forms of 'be' + 'about to'.,B2,5.0,1,,,,,not_common
polke_789_per_100_words,789,Can use the present forms of 'be' + 'about to'.,B2,10.0,1,,,,,not_common
polke_790_per_100_words,790,Can use the present form of 'be' + 'due to'.,B2,2.0,6,,,,,not_common
polke_790_per_100_words,790,Can use the present form of 'be' + 'due to'.,B2,5.0,6,,,,,not_common
polke_790_per_100_words,790,Can use the present form of 'be' + 'due to'.,B2,10.0,6,,,,,not_common
polke_791_per_100_words,791,Can use the present form of 'be' + 'to'.,B2,2.0,1,7,7,,,sustained_usage
polke_791_per_100_words,791,Can use the present form of 'be' + 'to'.,B2,5.0,1,7,13,8; 9; 10; 12,,sustained_usage
polke_791_per_100_words,791,Can use the present form of 'be' + 'to'.,B2,10.0,1,,,,,not_common
polke_797_per_100_words,797,Can use the affirmative form with 'will'.,B2,2.0,4,,,,,not_common
polke_797_per_100_words,797,Can use the affirmative form with 'will'.,B2,5.0,4,,,,,not_common
polke_797_per_100_words,797,Can use the affirmative form with 'will'.,B2,10.0,4,,,,,not_common
polke_798_per_100_words,798,FORM: NEGATIVE,B2,2.0,,,,,,not_observed
polke_798_per_100_words,798,FORM: NEGATIVE,B2,5.0,,,,,,not_observed
polke_798_per_100_words,798,FORM: NEGATIVE,B2,10.0,,,,,,not_observed
polke_800_per_100_words,800,Can use the affirmative form with 'will'.,B2,2.0,1,,,,,not_common
polke_800_per_100_words,800,Can use the affirmative form with 'will'.,B2,5.0,1,,,,,not_common
polke_800_per_100_words,800,Can use the affirmative form with 'will'.,B2,10.0,1,,,,,not_common
polke_801_per_100_words,801,Can use the negative form with 'will'.,B2,2.0,,,,,,not_observed
polke_801_per_100_words,801,Can use the negative form with 'will'.,B2,5.0,,,,,,not_observed
polke_801_per_100_words,801,Can use the negative form with 'will'.,B2,10.0,,,,,,not_observed
polke_805_per_100_words,805,Can use 'it' + linking verb + adjective + ('that') clause.,B2,2.0,1,14,,,,too_few_later_levels
polke_805_per_100_words,805,Can use 'it' + linking verb + adjective + ('that') clause.,B2,5.0,1,,,,,not_common
polke_805_per_100_words,805,Can use 'it' + linking verb + adjective + ('that') clause.,B2,10.0,1,,,,,not_common
polke_807_per_100_words,807,Can use pronoun or noun + 'be' + adjective + 'to' + (past) infinitive.,B2,2.0,1,6,6,,,sustained_usage
polke_807_per_100_words,807,Can use pronoun or noun + 'be' + adjective + 'to' + (past) infinitive.,B2,5.0,1,10,10,,,sustained_usage
polke_807_per_100_words,807,Can use pronoun or noun + 'be' + adjective + 'to' + (past) infinitive.,B2,10.0,1,14,,,,too_few_later_levels
polke_809_per_100_words,809,"Can use 'can' with an increasing range of adverbs (including 'easily', 'hardly', 'now', 'probably', 'sometimes', 'still') in the normal mid position after the modal verb or after the subject in questions.  ► adverbs",B2,2.0,1,8,13,12,,sustained_usage
polke_809_per_100_words,809,"Can use 'can' with an increasing range of adverbs (including 'easily', 'hardly', 'now', 'probably', 'sometimes', 'still') in the normal mid position after the modal verb or after the subject in questions.  ► adverbs",B2,5.0,1,11,,12; 14,,usage_not_sustained
polke_809_per_100_words,809,"Can use 'can' with an increasing range of adverbs (including 'easily', 'hardly', 'now', 'probably', 'sometimes', 'still') in the normal mid position after the modal verb or after the subject in questions.  ► adverbs",B2,10.0,1,,,,,not_common
polke_813_per_100_words,813,Can use affirmative form dare + infinitive without to.,B2,2.0,7,,,,,not_common
polke_813_per_100_words,813,Can use affirmative form dare + infinitive without to.,B2,5.0,7,,,,,not_common
polke_813_per_100_words,813,Can use affirmative form dare + infinitive without to.,B2,10.0,7,,,,,not_common
polke_814_per_100_words,814,Can use negative form dare not and daren't +  infinitive without to.,B2,2.0,6,,,,,not_common
polke_814_per_100_words,814,Can use negative form dare not and daren't +  infinitive without to.,B2,5.0,6,,,,,not_common
polke_814_per_100_words,814,Can use negative form dare not and daren't +  infinitive without to.,B2,10.0,6,,,,,not_common
polke_816_per_100_words,816,"Can use the full range of expressions with 'be' + infinitive ('be likely to', 'be due to', 'be meant to', 'be bound to', 'be sure to', 'be certain to', 'be obliged to') with present and past forms of 'be' and with modal 'will' .",B2,2.0,2,15,,,,too_few_later_levels
polke_816_per_100_words,816,"Can use the full range of expressions with 'be' + infinitive ('be likely to', 'be due to', 'be meant to', 'be bound to', 'be sure to', 'be certain to', 'be obliged to') with present and past forms of 'be' and with modal 'will' .",B2,5.0,2,,,,,not_common
polke_816_per_100_words,816,"Can use the full range of expressions with 'be' + infinitive ('be likely to', 'be due to', 'be meant to', 'be bound to', 'be sure to', 'be certain to', 'be obliged to') with present and past forms of 'be' and with modal 'will' .",B2,10.0,2,,,,,not_common
polke_817_per_100_words,817,Can use 'be' + 'obvious/sure/likely/certain' followed by a 'that'-clause.,B2,2.0,1,14,,15,,usage_not_sustained
polke_817_per_100_words,817,Can use 'be' + 'obvious/sure/likely/certain' followed by a 'that'-clause.,B2,5.0,1,,,,,not_common
polke_817_per_100_words,817,Can use 'be' + 'obvious/sure/likely/certain' followed by a 'that'-clause.,B2,10.0,1,,,,,not_common
polke_831_per_100_words,831,"Can use 'may' with an increasing range of adverbs (most commonly 'even', 'only', 'already', 'never', 'just', 'sometimes') in the normal mid-position after the modal verb. ► adverbs",B2,2.0,1,,,,,not_common
polke_831_per_100_words,831,"Can use 'may' with an increasing range of adverbs (most commonly 'even', 'only', 'already', 'never', 'just', 'sometimes') in the normal mid-position after the modal verb. ► adverbs",B2,5.0,1,,,,,not_common
polke_831_per_100_words,831,"Can use 'may' with an increasing range of adverbs (most commonly 'even', 'only', 'already', 'never', 'just', 'sometimes') in the normal mid-position after the modal verb. ► adverbs",B2,10.0,1,,,,,not_common
polke_836_per_100_words,836,Can use 'must have' + '-ed'.,B2,2.0,5,,,,,not_common
polke_836_per_100_words,836,Can use 'must have' + '-ed'.,B2,5.0,5,,,,,not_common
polke_836_per_100_words,836,Can use 'must have' + '-ed'.,B2,10.0,5,,,,,not_common
polke_837_per_100_words,837,Can use the question form.,B2,2.0,1,,,,,not_common
polke_837_per_100_words,837,Can use the question form.,B2,5.0,1,,,,,not_common
polke_837_per_100_words,837,Can use the question form.,B2,10.0,1,,,,,not_common
polke_838_per_100_words,838,"Can use 'must' with an increasing range of adverbs (including 'all', 'never', 'strongly', 'first') in the normal mid position after the modal verb. ► adverbs",B2,2.0,1,,,,,not_common
polke_838_per_100_words,838,"Can use 'must' with an increasing range of adverbs (including 'all', 'never', 'strongly', 'first') in the normal mid position after the modal verb. ► adverbs",B2,5.0,1,,,,,not_common
polke_838_per_100_words,838,"Can use 'must' with an increasing range of adverbs (including 'all', 'never', 'strongly', 'first') in the normal mid position after the modal verb. ► adverbs",B2,10.0,1,,,,,not_common
polke_844_per_100_words,844,Can use the negative form.,B2,2.0,2,,,,,not_common
polke_844_per_100_words,844,Can use the negative form.,B2,5.0,2,,,,,not_common
polke_844_per_100_words,844,Can use the negative form.,B2,10.0,2,,,,,not_common
polke_846_per_100_words,846,Can use 'ought to' without a following verb where the previous main verb is understood. ► ellipsis,B2,2.0,4,,,,,not_common
polke_846_per_100_words,846,Can use 'ought to' without a following verb where the previous main verb is understood. ► ellipsis,B2,5.0,4,,,,,not_common
polke_846_per_100_words,846,Can use 'ought to' without a following verb where the previous main verb is understood. ► ellipsis,B2,10.0,4,,,,,not_common
polke_848_per_100_words,848,Can use 'should' and 'shouldn't' without a following verb where the previous main verb is understood.,B2,2.0,1,5,10,6; 7; 8; 9,,sustained_usage
polke_848_per_100_words,848,Can use 'should' and 'shouldn't' without a following verb where the previous main verb is understood.,B2,5.0,1,,,,,not_common
polke_848_per_100_words,848,Can use 'should' and 'shouldn't' without a following verb where the previous main verb is understood.,B2,10.0,1,,,,,not_common
polke_849_per_100_words,849,Can use 'should be' + '-ing'.,B2,2.0,2,,,,,not_common
polke_849_per_100_words,849,Can use 'should be' + '-ing'.,B2,5.0,2,,,,,not_common
polke_849_per_100_words,849,Can use 'should be' + '-ing'.,B2,10.0,2,,,,,not_common
polke_852_per_100_words,852,Can use 'used to' without a following verb where the previous main verb is understood. ► ellipsis,B2,2.0,1,,,,,not_common
polke_852_per_100_words,852,Can use 'used to' without a following verb where the previous main verb is understood. ► ellipsis,B2,5.0,1,,,,,not_common
polke_852_per_100_words,852,Can use 'used to' without a following verb where the previous main verb is understood. ► ellipsis,B2,10.0,1,,,,,not_common
polke_855_per_100_words,855,"Can form noun phrases with noun + 'of' + possessive determiner + noun + '‘s', particularly with 'friend' or 'friends'.",B2,2.0,1,,,,,not_common
polke_855_per_100_words,855,"Can form noun phrases with noun + 'of' + possessive determiner + noun + '‘s', particularly with 'friend' or 'friends'.",B2,5.0,1,,,,,not_common
polke_855_per_100_words,855,"Can form noun phrases with noun + 'of' + possessive determiner + noun + '‘s', particularly with 'friend' or 'friends'.",B2,10.0,1,,,,,not_common
polke_856_per_100_words,856,Can form noun phrases with plural nouns + ' + noun.,B2,2.0,1,11,,12; 13; 14,,usage_not_sustained
polke_856_per_100_words,856,Can form noun phrases with plural nouns + ' + noun.,B2,5.0,1,,,,,not_common
polke_856_per_100_words,856,Can form noun phrases with plural nouns + ' + noun.,B2,10.0,1,,,,,not_common
polke_857_per_100_words,857,Can form complex noun phrases by using adjective phrases as postmodifiers to give more information about the noun.,B2,2.0,1,1,1,,,sustained_usage
polke_857_per_100_words,857,Can form complex noun phrases by using adjective phrases as postmodifiers to give more information about the noun.,B2,5.0,1,2,4,3,,sustained_usage
polke_857_per_100_words,857,Can form complex noun phrases by using adjective phrases as postmodifiers to give more information about the noun.,B2,10.0,1,5,5,,,sustained_usage
polke_858_per_100_words,858,Can form an increasing range of complex noun phrases with more than one adjective combined with 'but'.,B2,2.0,1,,,,,not_common
polke_858_per_100_words,858,Can form an increasing range of complex noun phrases with more than one adjective combined with 'but'.,B2,5.0,1,,,,,not_common
polke_858_per_100_words,858,Can form an increasing range of complex noun phrases with more than one adjective combined with 'but'.,B2,10.0,1,,,,,not_common
polke_859_per_100_words,859,Can use the '-ing' form of verbs as nouns in subject position.,B2,2.0,1,2,4,3,,sustained_usage
polke_859_per_100_words,859,Can use the '-ing' form of verbs as nouns in subject position.,B2,5.0,1,7,7,,,sustained_usage
polke_859_per_100_words,859,Can use the '-ing' form of verbs as nouns in subject position.,B2,10.0,1,7,11,10,,sustained_usage
polke_860_per_100_words,860,Can use uncountable nouns without a definite article to refer to an abstract thing in general.,B2,2.0,1,1,1,,,sustained_usage
polke_860_per_100_words,860,Can use uncountable nouns without a definite article to refer to an abstract thing in general.,B2,5.0,1,1,1,,,sustained_usage
polke_860_per_100_words,860,Can use uncountable nouns without a definite article to refer to an abstract thing in general.,B2,10.0,1,1,1,,,sustained_usage
polke_861_per_100_words,861,"Can use the passive infinitive affirmative and negative forms after an increasing range of main verbs, modal verbs, adjectives and nouns, in impersonal constructions.",B2,2.0,1,7,7,,,sustained_usage
polke_861_per_100_words,861,"Can use the passive infinitive affirmative and negative forms after an increasing range of main verbs, modal verbs, adjectives and nouns, in impersonal constructions.",B2,5.0,1,9,13,10; 12,,sustained_usage
polke_861_per_100_words,861,"Can use the passive infinitive affirmative and negative forms after an increasing range of main verbs, modal verbs, adjectives and nouns, in impersonal constructions.",B2,10.0,1,14,,,,too_few_later_levels
polke_862_per_100_words,862,Can use the present perfect simple affirmative and negative forms with modal verbs to refer to the past.,B2,2.0,2,,,,,not_common
polke_862_per_100_words,862,Can use the present perfect simple affirmative and negative forms with modal verbs to refer to the past.,B2,5.0,2,,,,,not_common
polke_862_per_100_words,862,Can use the present perfect simple affirmative and negative forms with modal verbs to refer to the past.,B2,10.0,2,,,,,not_common
polke_863_per_100_words,863,Can use the past continuous passive affirmative.,B2,2.0,1,,,,,not_common
polke_863_per_100_words,863,Can use the past continuous passive affirmative.,B2,5.0,1,,,,,not_common
polke_863_per_100_words,863,Can use the past continuous passive affirmative.,B2,10.0,1,,,,,not_common
polke_864_per_100_words,864,Can use the past perfect passive affirmative form.,B2,2.0,1,,,,,not_common
polke_864_per_100_words,864,Can use the past perfect passive affirmative form.,B2,5.0,1,,,,,not_common
polke_864_per_100_words,864,Can use the past perfect passive affirmative form.,B2,10.0,1,,,,,not_common
polke_865_per_100_words,865,Can use the past perfect passive negative form.,B2,2.0,5,,,,,not_common
polke_865_per_100_words,865,Can use the past perfect passive negative form.,B2,5.0,5,,,,,not_common
polke_865_per_100_words,865,Can use the past perfect passive negative form.,B2,10.0,5,,,,,not_common
polke_866_per_100_words,866,Can use past simple passive negative.,B2,2.0,1,,,,,not_common
polke_866_per_100_words,866,Can use past simple passive negative.,B2,5.0,1,,,,,not_common
polke_866_per_100_words,866,Can use past simple passive negative.,B2,10.0,1,,,,,not_common
polke_867_per_100_words,867,Can use the present continuous passive affirmative with an increasing range of verbs.,B2,2.0,1,,,,,not_common
polke_867_per_100_words,867,Can use the present continuous passive affirmative with an increasing range of verbs.,B2,5.0,1,,,,,not_common
polke_867_per_100_words,867,Can use the present continuous passive affirmative with an increasing range of verbs.,B2,10.0,1,,,,,not_common
polke_868_per_100_words,868,Can use the present continuous passive negative.,B2,2.0,10,,,,,not_common
polke_868_per_100_words,868,Can use the present continuous passive negative.,B2,5.0,10,,,,,not_common
polke_868_per_100_words,868,Can use the present continuous passive negative.,B2,10.0,10,,,,,not_common
polke_869_per_100_words,869,Can use the present perfect passive affirmative form (often in the context of reporting).  ► reported speech,B2,2.0,1,10,,11; 14,,usage_not_sustained
polke_869_per_100_words,869,Can use the present perfect passive affirmative form (often in the context of reporting).  ► reported speech,B2,5.0,1,13,,14; 15,,usage_not_sustained
polke_869_per_100_words,869,Can use the present perfect passive affirmative form (often in the context of reporting).  ► reported speech,B2,10.0,1,,,,,not_common
polke_870_per_100_words,870,Can use the present perfect passive negative form (often in the context of reporting). ► reported speech,B2,2.0,2,,,,,not_common
polke_870_per_100_words,870,Can use the present perfect passive negative form (often in the context of reporting). ► reported speech,B2,5.0,2,,,,,not_common
polke_870_per_100_words,870,Can use the present perfect passive negative form (often in the context of reporting). ► reported speech,B2,10.0,2,,,,,not_common
polke_871_per_100_words,871,"Can use the passive with modal verbs in a range of contexts, with a variety of subjects.",B2,2.0,1,6,6,,,sustained_usage
polke_871_per_100_words,871,"Can use the passive with modal verbs in a range of contexts, with a variety of subjects.",B2,5.0,1,7,9,8,,sustained_usage
polke_871_per_100_words,871,"Can use the passive with modal verbs in a range of contexts, with a variety of subjects.",B2,10.0,1,11,13,12,,sustained_usage
polke_872_per_100_words,872,"Can use the passive with a range of tenses and verbs needing two objects (e.g. give, offer, sell) with the direct object in subject position and the indirect object in a prepositional phrase.",B2,2.0,1,7,9,8,,sustained_usage
polke_872_per_100_words,872,"Can use the passive with a range of tenses and verbs needing two objects (e.g. give, offer, sell) with the direct object in subject position and the indirect object in a prepositional phrase.",B2,5.0,1,11,,12; 13,,usage_not_sustained
polke_872_per_100_words,872,"Can use the passive with a range of tenses and verbs needing two objects (e.g. give, offer, sell) with the direct object in subject position and the indirect object in a prepositional phrase.",B2,10.0,1,,,,,not_common
polke_873_per_100_words,873,"Can use the passive with a wide range of verbs needing two objects, putting the indirect object in subject position.",B2,2.0,1,,,,,not_common
polke_873_per_100_words,873,"Can use the passive with a wide range of verbs needing two objects, putting the indirect object in subject position.",B2,5.0,1,,,,,not_common
polke_873_per_100_words,873,"Can use the passive with a wide range of verbs needing two objects, putting the indirect object in subject position.",B2,10.0,1,,,,,not_common
polke_876_per_100_words,876,Can use a reflexive pronoun with the 'get'-passive.,B2,2.0,7,,,,,not_common
polke_876_per_100_words,876,Can use a reflexive pronoun with the 'get'-passive.,B2,5.0,7,,,,,not_common
polke_876_per_100_words,876,Can use a reflexive pronoun with the 'get'-passive.,B2,10.0,7,,,,,not_common
polke_879_per_100_words,879,Can use the past continuous with a wide range of adverbs in the normal mid position.,B2,2.0,1,15,,,,too_few_later_levels
polke_879_per_100_words,879,Can use the past continuous with a wide range of adverbs in the normal mid position.,B2,5.0,1,,,,,not_common
polke_879_per_100_words,879,Can use the past continuous with a wide range of adverbs in the normal mid position.,B2,10.0,1,,,,,not_common
polke_883_per_100_words,883,Can use the negative form.,B2,2.0,7,,,,,not_common
polke_883_per_100_words,883,Can use the negative form.,B2,5.0,7,,,,,not_common
polke_883_per_100_words,883,Can use the negative form.,B2,10.0,7,,,,,not_common
polke_884_per_100_words,884,Can use the past perfect continuous with adverbs in the normal mid position.,B2,2.0,7,,,,,not_common
polke_884_per_100_words,884,Can use the past perfect continuous with adverbs in the normal mid position.,B2,5.0,7,,,,,not_common
polke_884_per_100_words,884,Can use the past perfect continuous with adverbs in the normal mid position.,B2,10.0,7,,,,,not_common
polke_890_per_100_words,890,Can leave out the subject before the past perfect simple where it is understood from the previous clause.,B2,2.0,1,,,,,not_common
polke_890_per_100_words,890,Can leave out the subject before the past perfect simple where it is understood from the previous clause.,B2,5.0,1,,,,,not_common
polke_890_per_100_words,890,Can leave out the subject before the past perfect simple where it is understood from the previous clause.,B2,10.0,1,,,,,not_common
polke_891_per_100_words,891,Can use question forms.,B2,2.0,1,,,,,not_common
polke_891_per_100_words,891,Can use question forms.,B2,5.0,1,,,,,not_common
polke_891_per_100_words,891,Can use question forms.,B2,10.0,1,,,,,not_common
polke_892_per_100_words,892,"Can use the past perfect simple with a wide range of adverbs (including 'finally', 'recently', 'simply') in the normal mid-position.  ► adverbs",B2,2.0,1,,,,,not_common
polke_892_per_100_words,892,"Can use the past perfect simple with a wide range of adverbs (including 'finally', 'recently', 'simply') in the normal mid-position.  ► adverbs",B2,5.0,1,,,,,not_common
polke_892_per_100_words,892,"Can use the past perfect simple with a wide range of adverbs (including 'finally', 'recently', 'simply') in the normal mid-position.  ► adverbs",B2,10.0,1,,,,,not_common
polke_897_per_100_words,897,Can use the negative form with a wide range of regular and irregular verbs.,B2,2.0,1,7,,10; 11; 13,,usage_not_sustained
polke_897_per_100_words,897,Can use the negative form with a wide range of regular and irregular verbs.,B2,5.0,1,15,,,,too_few_later_levels
polke_897_per_100_words,897,Can use the negative form with a wide range of regular and irregular verbs.,B2,10.0,1,,,,,not_common
polke_898_per_100_words,898,"Can use 'yes/no', 'wh-', tag and negative question forms with an increasing range of verbs.",B2,2.0,1,10,,11; 12; 13; 14; 15,,usage_not_sustained
polke_898_per_100_words,898,"Can use 'yes/no', 'wh-', tag and negative question forms with an increasing range of verbs.",B2,5.0,1,10,,11; 12; 13; 14; 15,,usage_not_sustained
polke_898_per_100_words,898,"Can use 'yes/no', 'wh-', tag and negative question forms with an increasing range of verbs.",B2,10.0,1,10,,11; 12; 13; 14; 15,,usage_not_sustained
polke_899_per_100_words,899,"Can use the past simple with a range of subordinating conjunctions, including 'as soon as', 'before', 'if', 'once', 'since', 'so', 'until', 'when', 'while'.",B2,2.0,1,4,4,,,sustained_usage
polke_899_per_100_words,899,"Can use the past simple with a range of subordinating conjunctions, including 'as soon as', 'before', 'if', 'once', 'since', 'so', 'until', 'when', 'while'.",B2,5.0,1,4,4,,,sustained_usage
polke_899_per_100_words,899,"Can use the past simple with a range of subordinating conjunctions, including 'as soon as', 'before', 'if', 'once', 'since', 'so', 'until', 'when', 'while'.",B2,10.0,1,7,,13,,usage_not_sustained
polke_900_per_100_words,900,Can use a range of time adjuncts with the past simple.,B2,2.0,,,,,,not_observed
polke_900_per_100_words,900,Can use a range of time adjuncts with the past simple.,B2,5.0,,,,,,not_observed
polke_900_per_100_words,900,Can use a range of time adjuncts with the past simple.,B2,10.0,,,,,,not_observed
polke_903_per_100_words,903,Can use the negative form.,B2,2.0,4,,,,,not_common
polke_903_per_100_words,903,Can use the negative form.,B2,5.0,4,,,,,not_common
polke_903_per_100_words,903,Can use the negative form.,B2,10.0,4,,,,,not_common
polke_904_per_100_words,904,Can use the present perfect continuous with adverbs in the normal mid position.,B2,2.0,1,,,,,not_common
polke_904_per_100_words,904,Can use the present perfect continuous with adverbs in the normal mid position.,B2,5.0,1,,,,,not_common
polke_904_per_100_words,904,Can use the present perfect continuous with adverbs in the normal mid position.,B2,10.0,1,,,,,not_common
polke_907_per_100_words,907,Can use the question form with an increasing range of verbs.,B2,2.0,1,,,,,not_common
polke_907_per_100_words,907,Can use the question form with an increasing range of verbs.,B2,5.0,1,,,,,not_common
polke_907_per_100_words,907,Can use the question form with an increasing range of verbs.,B2,10.0,1,,,,,not_common
polke_908_per_100_words,908,Can use a wide range of complex prepositions.,B2,2.0,1,13,13,,,sustained_usage
polke_908_per_100_words,908,Can use a wide range of complex prepositions.,B2,5.0,1,,,,,not_common
polke_908_per_100_words,908,Can use a wide range of complex prepositions.,B2,10.0,1,,,,,not_common
polke_912_per_100_words,912,"Can use the inverted form of the past simple with auxiliary 'do', in the phrase 'not only ... but also'.",B2,2.0,3,,,,,not_common
polke_912_per_100_words,912,"Can use the inverted form of the past simple with auxiliary 'do', in the phrase 'not only ... but also'.",B2,5.0,3,,,,,not_common
polke_912_per_100_words,912,"Can use the inverted form of the past simple with auxiliary 'do', in the phrase 'not only ... but also'.",B2,10.0,3,,,,,not_common
polke_915_per_100_words,915,Can use the possessive pronoun 'ours' after noun + 'of'.,B2,2.0,1,,,,,not_common
polke_915_per_100_words,915,Can use the possessive pronoun 'ours' after noun + 'of'.,B2,5.0,1,,,,,not_common
polke_915_per_100_words,915,Can use the possessive pronoun 'ours' after noun + 'of'.,B2,10.0,1,,,,,not_common
polke_916_per_100_words,916,Can use the possessive pronouns 'hers' and 'ours' in comparative clauses.,B2,2.0,4,,,,,not_common
polke_916_per_100_words,916,Can use the possessive pronouns 'hers' and 'ours' in comparative clauses.,B2,5.0,4,,,,,not_common
polke_916_per_100_words,916,Can use the possessive pronouns 'hers' and 'ours' in comparative clauses.,B2,10.0,4,,,,,not_common
polke_917_per_100_words,917,"Can use the possessive pronoun 'hers', with singular reference, in object positions, and complement positions after 'be' and after prepositions.",B2,2.0,1,,,,,not_common
polke_917_per_100_words,917,"Can use the possessive pronoun 'hers', with singular reference, in object positions, and complement positions after 'be' and after prepositions.",B2,5.0,1,,,,,not_common
polke_917_per_100_words,917,"Can use the possessive pronoun 'hers', with singular reference, in object positions, and complement positions after 'be' and after prepositions.",B2,10.0,1,,,,,not_common
polke_918_per_100_words,918,"Can use the possessive pronoun 'ours' with singular and plural reference, in object positions, and complement positions after 'be' and after prepositions.",B2,2.0,1,,,,,not_common
polke_918_per_100_words,918,"Can use the possessive pronoun 'ours' with singular and plural reference, in object positions, and complement positions after 'be' and after prepositions.",B2,5.0,1,,,,,not_common
polke_918_per_100_words,918,"Can use the possessive pronoun 'ours' with singular and plural reference, in object positions, and complement positions after 'be' and after prepositions.",B2,10.0,1,,,,,not_common
polke_919_per_100_words,919,"Can use the possessive pronoun 'ours', with singular and plural reference, in subject position.",B2,2.0,1,,,,,not_common
polke_919_per_100_words,919,"Can use the possessive pronoun 'ours', with singular and plural reference, in subject position.",B2,5.0,1,,,,,not_common
polke_919_per_100_words,919,"Can use the possessive pronoun 'ours', with singular and plural reference, in subject position.",B2,10.0,1,,,,,not_common
polke_920_per_100_words,920,"Can use the possessive pronoun 'theirs', with singular and plural reference, in object positions, and complement positions after 'be' and after prepositions.",B2,2.0,1,,,,,not_common
polke_920_per_100_words,920,"Can use the possessive pronoun 'theirs', with singular and plural reference, in object positions, and complement positions after 'be' and after prepositions.",B2,5.0,1,,,,,not_common
polke_920_per_100_words,920,"Can use the possessive pronoun 'theirs', with singular and plural reference, in object positions, and complement positions after 'be' and after prepositions.",B2,10.0,1,,,,,not_common
polke_922_per_100_words,922,Can use the reflexive pronoun 'itself' with 'by' to mean alone or without any help.,B2,2.0,4,,,,,not_common
polke_922_per_100_words,922,Can use the reflexive pronoun 'itself' with 'by' to mean alone or without any help.,B2,5.0,4,,,,,not_common
polke_922_per_100_words,922,Can use the reflexive pronoun 'itself' with 'by' to mean alone or without any help.,B2,10.0,4,,,,,not_common
polke_923_per_100_words,923,Can use plural reflexive pronouns after prepositions where the object of the preposition is the same as the subject of the verb.,B2,2.0,,,,,,not_observed
polke_923_per_100_words,923,Can use plural reflexive pronouns after prepositions where the object of the preposition is the same as the subject of the verb.,B2,5.0,,,,,,not_observed
polke_923_per_100_words,923,Can use plural reflexive pronouns after prepositions where the object of the preposition is the same as the subject of the verb.,B2,10.0,,,,,,not_observed
polke_924_per_100_words,924,Can use plural reflexive pronouns to refer to actions where the subject and object of the verb are the same.,B2,2.0,1,11,,12; 13,,usage_not_sustained
polke_924_per_100_words,924,Can use plural reflexive pronouns to refer to actions where the subject and object of the verb are the same.,B2,5.0,1,,,,,not_common
polke_924_per_100_words,924,Can use plural reflexive pronouns to refer to actions where the subject and object of the verb are the same.,B2,10.0,1,,,,,not_common
polke_929_per_100_words,929,Can use 'it' as an object with 'make' to introduce something the speaker or writer is going to refer to.,B2,2.0,1,,,,,not_common
polke_929_per_100_words,929,Can use 'it' as an object with 'make' to introduce something the speaker or writer is going to refer to.,B2,5.0,1,,,,,not_common
polke_929_per_100_words,929,Can use 'it' as an object with 'make' to introduce something the speaker or writer is going to refer to.,B2,10.0,1,,,,,not_common
polke_930_per_100_words,930,"Can leave out the subject pronoun with a limited range of verbs, in informal contexts. ► ellipsis",B2,2.0,1,1,1,,,sustained_usage
polke_930_per_100_words,930,"Can leave out the subject pronoun with a limited range of verbs, in informal contexts. ► ellipsis",B2,5.0,1,1,1,,,sustained_usage
polke_930_per_100_words,930,"Can leave out the subject pronoun with a limited range of verbs, in informal contexts. ► ellipsis",B2,10.0,1,1,1,,,sustained_usage
polke_931_per_100_words,931,"Can use dummy 'it' with 'appears', 'feels', 'looks' and 'seems'.",B2,2.0,1,10,,12; 13,,usage_not_sustained
polke_931_per_100_words,931,"Can use dummy 'it' with 'appears', 'feels', 'looks' and 'seems'.",B2,5.0,1,,,,,not_common
polke_931_per_100_words,931,"Can use dummy 'it' with 'appears', 'feels', 'looks' and 'seems'.",B2,10.0,1,,,,,not_common
polke_932_per_100_words,932,Can use 'one' as a generic personal pronoun in the subject position to mean people in general. ► generic pronouns,B2,2.0,,,,,,not_observed
polke_932_per_100_words,932,Can use 'one' as a generic personal pronoun in the subject position to mean people in general. ► generic pronouns,B2,5.0,,,,,,not_observed
polke_932_per_100_words,932,Can use 'one' as a generic personal pronoun in the subject position to mean people in general. ► generic pronouns,B2,10.0,,,,,,not_observed
polke_935_per_100_words,935,"Can use pronouns 'each', 'either', 'enough', 'neither', 'several' as subject and object pronouns.",B2,2.0,1,13,,14; 15,,usage_not_sustained
polke_935_per_100_words,935,"Can use pronouns 'each', 'either', 'enough', 'neither', 'several' as subject and object pronouns.",B2,5.0,1,,,,,not_common
polke_935_per_100_words,935,"Can use pronouns 'each', 'either', 'enough', 'neither', 'several' as subject and object pronouns.",B2,10.0,1,,,,,not_common
polke_936_per_100_words,936,"Can use a wide range of pronouns ('neither', 'either', 'none') with 'of' followed by an object pronoun.",B2,2.0,6,,,,,not_common
polke_936_per_100_words,936,"Can use a wide range of pronouns ('neither', 'either', 'none') with 'of' followed by an object pronoun.",B2,5.0,6,,,,,not_common
polke_936_per_100_words,936,"Can use a wide range of pronouns ('neither', 'either', 'none') with 'of' followed by an object pronoun.",B2,10.0,6,,,,,not_common
polke_937_per_100_words,937,"Can use 'these ones', 'those ones' as a substitute for plural countable nouns which have already been mentioned or are obvious from the context.",B2,2.0,2,,,,,not_common
polke_937_per_100_words,937,"Can use 'these ones', 'those ones' as a substitute for plural countable nouns which have already been mentioned or are obvious from the context.",B2,5.0,2,,,,,not_common
polke_937_per_100_words,937,"Can use 'these ones', 'those ones' as a substitute for plural countable nouns which have already been mentioned or are obvious from the context.",B2,10.0,2,,,,,not_common
polke_938_per_100_words,938,"Can use the full range of indefinite pronouns as subjects, with a singular verb.",B2,2.0,1,7,10,9,,sustained_usage
polke_938_per_100_words,938,"Can use the full range of indefinite pronouns as subjects, with a singular verb.",B2,5.0,1,8,11,9; 10,,sustained_usage
polke_938_per_100_words,938,"Can use the full range of indefinite pronouns as subjects, with a singular verb.",B2,10.0,1,,,,,not_common
polke_946_per_100_words,946,Can use 'wh-'words + the negative form of auxiliary 'do' + subject + main verb to form 'wh-'questions.,B2,2.0,1,3,,4; 5; 6; 7; 8; 9; 10; 11; 12; 13; 14; 15,,usage_not_sustained
polke_946_per_100_words,946,Can use 'wh-'words + the negative form of auxiliary 'do' + subject + main verb to form 'wh-'questions.,B2,5.0,1,3,,4; 5; 6; 7; 8; 9; 10; 11; 12; 13; 14; 15,,usage_not_sustained
polke_946_per_100_words,946,Can use 'wh-'words + the negative form of auxiliary 'do' + subject + main verb to form 'wh-'questions.,B2,10.0,1,,,,,not_common
polke_947_per_100_words,947,Can use an increasing range of verb + particle + preposition + noun or pronoun.,B2,2.0,1,14,,15,,usage_not_sustained
polke_947_per_100_words,947,Can use an increasing range of verb + particle + preposition + noun or pronoun.,B2,5.0,1,,,,,not_common
polke_947_per_100_words,947,Can use an increasing range of verb + particle + preposition + noun or pronoun.,B2,10.0,1,,,,,not_common
polke_948_per_100_words,948,"Can use verb + preposition, where the preposition is separated from its complement.",B2,2.0,1,10,10,,,sustained_usage
polke_948_per_100_words,948,"Can use verb + preposition, where the preposition is separated from its complement.",B2,5.0,1,11,,12; 13; 14,,usage_not_sustained
polke_948_per_100_words,948,"Can use verb + preposition, where the preposition is separated from its complement.",B2,10.0,1,,,,,not_common
polke_949_per_100_words,949,Can use an adverb between the verb and the preposition.,B2,2.0,1,2,2,,,sustained_usage
polke_949_per_100_words,949,Can use an adverb between the verb and the preposition.,B2,5.0,1,5,5,,,sustained_usage
polke_949_per_100_words,949,Can use an adverb between the verb and the preposition.,B2,10.0,1,7,7,,,sustained_usage
polke_950_per_100_words,950,Can use a wide range of phrasal verbs without an object.,B2,2.0,1,2,5,4,,sustained_usage
polke_950_per_100_words,950,Can use a wide range of phrasal verbs without an object.,B2,5.0,1,6,9,8,,sustained_usage
polke_950_per_100_words,950,Can use a wide range of phrasal verbs without an object.,B2,10.0,1,7,,8; 9; 10; 11; 12; 13,,usage_not_sustained
polke_951_per_100_words,951,Can use a wide range of phrasal verbs + particle + object.,B2,2.0,1,4,4,,,sustained_usage
polke_951_per_100_words,951,Can use a wide range of phrasal verbs + particle + object.,B2,5.0,1,5,10,6; 8; 9,,sustained_usage
polke_951_per_100_words,951,Can use a wide range of phrasal verbs + particle + object.,B2,10.0,1,7,,8; 9; 10; 11; 13; 14,,usage_not_sustained
polke_952_per_100_words,952,Can use phrasal verbs + nouns as object + particle.,B2,2.0,1,7,7,,,sustained_usage
polke_952_per_100_words,952,Can use phrasal verbs + nouns as object + particle.,B2,5.0,1,7,,8; 10; 15,,usage_not_sustained
polke_952_per_100_words,952,Can use phrasal verbs + nouns as object + particle.,B2,10.0,1,12,,13; 14; 15,,usage_not_sustained
polke_953_per_100_words,953,"Can use semi-modal auxiliary verbs, 'dare' and 'need'.",B2,2.0,1,6,,7; 8; 9; 10; 11; 12; 14; 15,,usage_not_sustained
polke_953_per_100_words,953,"Can use semi-modal auxiliary verbs, 'dare' and 'need'.",B2,5.0,1,,,,,not_common
polke_953_per_100_words,953,"Can use semi-modal auxiliary verbs, 'dare' and 'need'.",B2,10.0,1,,,,,not_common
polke_954_per_100_words,954,Can use an increasing range of verbs followed by an '-ing' form.,B2,2.0,,,,,,not_observed
polke_954_per_100_words,954,Can use an increasing range of verbs followed by an '-ing' form.,B2,5.0,,,,,,not_observed
polke_954_per_100_words,954,Can use an increasing range of verbs followed by an '-ing' form.,B2,10.0,,,,,,not_observed
polke_955_per_100_words,955,Can introduce a new subject before the '-ing' form (using noun or object pronoun).,B2,2.0,1,5,5,,,sustained_usage
polke_955_per_100_words,955,Can introduce a new subject before the '-ing' form (using noun or object pronoun).,B2,5.0,1,10,13,12,,sustained_usage
polke_955_per_100_words,955,Can introduce a new subject before the '-ing' form (using noun or object pronoun).,B2,10.0,1,,,,,not_common
polke_956_per_100_words,956,"Can follow some verbs with a 'to'-infinitive or an '-ing' form, with a change in meaning.",B2,2.0,1,1,1,,,sustained_usage
polke_956_per_100_words,956,"Can follow some verbs with a 'to'-infinitive or an '-ing' form, with a change in meaning.",B2,5.0,1,1,1,,,sustained_usage
polke_956_per_100_words,956,"Can follow some verbs with a 'to'-infinitive or an '-ing' form, with a change in meaning.",B2,10.0,1,2,2,,,sustained_usage
polke_958_per_100_words,958,Can use 'there' with other verbs with modal meaning + 'be' + complement.,B2,2.0,1,,,,,not_common
polke_958_per_100_words,958,Can use 'there' with other verbs with modal meaning + 'be' + complement.,B2,5.0,1,,,,,not_common
polke_958_per_100_words,958,Can use 'there' with other verbs with modal meaning + 'be' + complement.,B2,10.0,1,,,,,not_common
polke_959_per_100_words,959,Can use a wide range of linking verbs with complements.,B2,2.0,1,1,1,,,sustained_usage
polke_959_per_100_words,959,Can use a wide range of linking verbs with complements.,B2,5.0,1,1,1,,,sustained_usage
polke_959_per_100_words,959,Can use a wide range of linking verbs with complements.,B2,10.0,1,1,1,,,sustained_usage
polke_964_per_100_words,964,Can report speech and thought directly using the reporting verb in the mid position of the reported clause.,B2,2.0,6,,,,,not_common
polke_964_per_100_words,964,Can report speech and thought directly using the reporting verb in the mid position of the reported clause.,B2,5.0,6,,,,,not_common
polke_964_per_100_words,964,Can report speech and thought directly using the reporting verb in the mid position of the reported clause.,B2,10.0,6,,,,,not_common
polke_965_per_100_words,965,Can report speech directly inverting the subject and verb in the reporting clause where the subject is a proper noun or noun phrase.,B2,2.0,5,,,,,not_common
polke_965_per_100_words,965,Can report speech directly inverting the subject and verb in the reporting clause where the subject is a proper noun or noun phrase.,B2,5.0,5,,,,,not_common
polke_965_per_100_words,965,Can report speech directly inverting the subject and verb in the reporting clause where the subject is a proper noun or noun phrase.,B2,10.0,5,,,,,not_common
polke_966_per_100_words,966,Can modify the reporting verb with an adverb.,B2,2.0,,,,,,not_observed
polke_966_per_100_words,966,Can modify the reporting verb with an adverb.,B2,5.0,,,,,,not_observed
polke_966_per_100_words,966,Can modify the reporting verb with an adverb.,B2,10.0,,,,,,not_observed
polke_967_per_100_words,967,Can report requests and commands with 'ask' or 'tell' + direct object + 'not' + 'to-'infinitive.,B2,2.0,4,,,,,not_common
polke_967_per_100_words,967,Can report requests and commands with 'ask' or 'tell' + direct object + 'not' + 'to-'infinitive.,B2,5.0,4,,,,,not_common
polke_967_per_100_words,967,Can report requests and commands with 'ask' or 'tell' + direct object + 'not' + 'to-'infinitive.,B2,10.0,4,,,,,not_common
polke_976_per_100_words,976,Can use negative forms 'neither of' and 'none of' + pronoun or noun phrase with the affirmative form of the verb.,B2,2.0,1,,,,,not_common
polke_976_per_100_words,976,Can use negative forms 'neither of' and 'none of' + pronoun or noun phrase with the affirmative form of the verb.,B2,5.0,1,,,,,not_common
polke_976_per_100_words,976,Can use negative forms 'neither of' and 'none of' + pronoun or noun phrase with the affirmative form of the verb.,B2,10.0,1,,,,,not_common
polke_977_per_100_words,977,Can used 'could' have + '-ed'.,B2,2.0,2,,,,,not_common
polke_977_per_100_words,977,Can used 'could' have + '-ed'.,B2,5.0,2,,,,,not_common
polke_977_per_100_words,977,Can used 'could' have + '-ed'.,B2,10.0,2,,,,,not_common
polke_982_per_100_words,982,"Can use a wide range of compound adjectives ('open-minded', 'above-mentioned', 'well-to-do', 'jaw-dropping')",C1,2.0,1,6,6,,,sustained_usage
polke_982_per_100_words,982,"Can use a wide range of compound adjectives ('open-minded', 'above-mentioned', 'well-to-do', 'jaw-dropping')",C1,5.0,1,6,11,8; 9; 10,,sustained_usage
polke_982_per_100_words,982,"Can use a wide range of compound adjectives ('open-minded', 'above-mentioned', 'well-to-do', 'jaw-dropping')",C1,10.0,1,6,11,7; 8; 9; 10,,sustained_usage
polke_983_per_100_words,983,"Can modify gradable adjectives with extreme adverbs of degree ('absolutely', 'extremely', 'incredibly', 'totally') to intensify their meaning.",C1,2.0,1,9,9,,,sustained_usage
polke_983_per_100_words,983,"Can modify gradable adjectives with extreme adverbs of degree ('absolutely', 'extremely', 'incredibly', 'totally') to intensify their meaning.",C1,5.0,1,10,,11; 12; 13; 14; 15,,usage_not_sustained
polke_983_per_100_words,983,"Can modify gradable adjectives with extreme adverbs of degree ('absolutely', 'extremely', 'incredibly', 'totally') to intensify their meaning.",C1,10.0,1,10,,11; 12; 13; 14; 15,,usage_not_sustained
polke_984_per_100_words,984,"Can use the '–ed' form of a verb as an adjective, after a noun.",C1,2.0,1,5,5,,,sustained_usage
polke_984_per_100_words,984,"Can use the '–ed' form of a verb as an adjective, after a noun.",C1,5.0,1,7,7,,,sustained_usage
polke_984_per_100_words,984,"Can use the '–ed' form of a verb as an adjective, after a noun.",C1,10.0,1,11,11,,,sustained_usage
polke_990_per_100_words,990,Can use an increasing range of degree adverbs to modify a range of adverb types. ► adjectives ► adverb phrases: form,C1,2.0,,,,,,not_observed
polke_990_per_100_words,990,Can use an increasing range of degree adverbs to modify a range of adverb types. ► adjectives ► adverb phrases: form,C1,5.0,,,,,,not_observed
polke_990_per_100_words,990,Can use an increasing range of degree adverbs to modify a range of adverb types. ► adjectives ► adverb phrases: form,C1,10.0,,,,,,not_observed
polke_991_per_100_words,991,"Can use degree adverbs ('slightly', 'a bit', 'much') to modify comparatives.",C1,2.0,1,13,13,,,sustained_usage
polke_991_per_100_words,991,"Can use degree adverbs ('slightly', 'a bit', 'much') to modify comparatives.",C1,5.0,1,,,,,not_common
polke_991_per_100_words,991,"Can use degree adverbs ('slightly', 'a bit', 'much') to modify comparatives.",C1,10.0,1,,,,,not_common
polke_992_per_100_words,992,Can modify a wide range of adverbs with other adverbs.,C1,2.0,1,1,1,,,sustained_usage
polke_992_per_100_words,992,Can modify a wide range of adverbs with other adverbs.,C1,5.0,1,2,2,,,sustained_usage
polke_992_per_100_words,992,Can modify a wide range of adverbs with other adverbs.,C1,10.0,1,2,4,3,,sustained_usage
polke_995_per_100_words,995,Can use 'the best' as a superlative adverb + pronoun + ellipted 'can' or 'could'.,C1,2.0,6,,,,,not_common
polke_995_per_100_words,995,Can use 'the best' as a superlative adverb + pronoun + ellipted 'can' or 'could'.,C1,5.0,6,,,,,not_common
polke_995_per_100_words,995,Can use 'the best' as a superlative adverb + pronoun + ellipted 'can' or 'could'.,C1,10.0,6,,,,,not_common
polke_1001_per_100_words,1001,Can use non-finite clauses after 'if'. .► 'clauses: conditionals',C1,2.0,1,,,,,not_common
polke_1001_per_100_words,1001,Can use non-finite clauses after 'if'. .► 'clauses: conditionals',C1,5.0,1,,,,,not_common
polke_1001_per_100_words,1001,Can use non-finite clauses after 'if'. .► 'clauses: conditionals',C1,10.0,1,,,,,not_common
polke_1006_per_100_words,1006,Can use 'either … or' to combine more complex strings of clauses and sentences.,C1,2.0,2,,,,,not_common
polke_1006_per_100_words,1006,Can use 'either … or' to combine more complex strings of clauses and sentences.,C1,5.0,2,,,,,not_common
polke_1006_per_100_words,1006,Can use 'either … or' to combine more complex strings of clauses and sentences.,C1,10.0,2,,,,,not_common
polke_1010_per_100_words,1010,"Can use 'one's' to indicate possession, referring to people in general.",C1,2.0,1,,,,,not_common
polke_1010_per_100_words,1010,"Can use 'one's' to indicate possession, referring to people in general.",C1,5.0,1,,,,,not_common
polke_1010_per_100_words,1010,"Can use 'one's' to indicate possession, referring to people in general.",C1,10.0,1,,,,,not_common
polke_1011_per_100_words,1011,Can use 'either' and 'neither' with singular nouns.,C1,2.0,1,,,,,not_common
polke_1011_per_100_words,1011,Can use 'either' and 'neither' with singular nouns.,C1,5.0,1,,,,,not_common
polke_1011_per_100_words,1011,Can use 'either' and 'neither' with singular nouns.,C1,10.0,1,,,,,not_common
polke_1012_per_100_words,1012,Can use 'either' and 'neither' + 'of' with plural noun phrases or pronouns.► pronouns,C1,2.0,6,,,,,not_common
polke_1012_per_100_words,1012,Can use 'either' and 'neither' + 'of' with plural noun phrases or pronouns.► pronouns,C1,5.0,6,,,,,not_common
polke_1012_per_100_words,1012,Can use 'either' and 'neither' + 'of' with plural noun phrases or pronouns.► pronouns,C1,10.0,6,,,,,not_common
polke_1015_per_100_words,1015,Can use the future perfect with adverbs (in the normal mid-position).,C1,2.0,6,,,,,not_common
polke_1015_per_100_words,1015,Can use the future perfect with adverbs (in the normal mid-position).,C1,5.0,6,,,,,not_common
polke_1015_per_100_words,1015,Can use the future perfect with adverbs (in the normal mid-position).,C1,10.0,6,,,,,not_common
polke_1018_per_100_words,1018,Can use the negative form 'shall not'.,C1,2.0,4,,,,,not_common
polke_1018_per_100_words,1018,Can use the negative form 'shall not'.,C1,5.0,4,,,,,not_common
polke_1018_per_100_words,1018,Can use the negative form 'shall not'.,C1,10.0,4,,,,,not_common
polke_1019_per_100_words,1019,Can use 'be' + 'going to' with an increasing range of adverbs (particularly adverbs of certainty) in the normal mid position.,C1,2.0,2,,,,,not_common
polke_1019_per_100_words,1019,Can use 'be' + 'going to' with an increasing range of adverbs (particularly adverbs of certainty) in the normal mid position.,C1,5.0,2,,,,,not_common
polke_1019_per_100_words,1019,Can use 'be' + 'going to' with an increasing range of adverbs (particularly adverbs of certainty) in the normal mid position.,C1,10.0,2,,,,,not_common
polke_1020_per_100_words,1020,Can use the present simple with 'by the time' to refer to the future.,C1,2.0,,,,,,not_observed
polke_1020_per_100_words,1020,Can use the present simple with 'by the time' to refer to the future.,C1,5.0,,,,,,not_observed
polke_1020_per_100_words,1020,Can use the present simple with 'by the time' to refer to the future.,C1,10.0,,,,,,not_observed
polke_1025_per_100_words,1025,"Can use 'can' in passive reporting clauses in a more formal impersonal style (e.g. for reports and academic contexts), such as 'It can be said that', 'It can be argued (that)', 'It can be concluded that', 'It can be considered'.► passives",C1,2.0,1,,,,,not_common
polke_1025_per_100_words,1025,"Can use 'can' in passive reporting clauses in a more formal impersonal style (e.g. for reports and academic contexts), such as 'It can be said that', 'It can be argued (that)', 'It can be concluded that', 'It can be considered'.► passives",C1,5.0,1,,,,,not_common
polke_1025_per_100_words,1025,"Can use 'can' in passive reporting clauses in a more formal impersonal style (e.g. for reports and academic contexts), such as 'It can be said that', 'It can be argued (that)', 'It can be concluded that', 'It can be considered'.► passives",C1,10.0,1,,,,,not_common
polke_1026_per_100_words,1026,Can use a wide range of adverbs with 'can' in the normal mid position after the modal verb). ► adverbs,C1,2.0,1,8,13,12,,sustained_usage
polke_1026_per_100_words,1026,Can use a wide range of adverbs with 'can' in the normal mid position after the modal verb). ► adverbs,C1,5.0,1,11,,12; 14,,usage_not_sustained
polke_1026_per_100_words,1026,Can use a wide range of adverbs with 'can' in the normal mid position after the modal verb). ► adverbs,C1,10.0,1,,,,,not_common
polke_1029_per_100_words,1029,Can use the question form.,C1,2.0,14,,,,,not_common
polke_1029_per_100_words,1029,Can use the question form.,C1,5.0,14,,,,,not_common
polke_1029_per_100_words,1029,Can use the question form.,C1,10.0,14,,,,,not_common
polke_1035_per_100_words,1035,Can use the question form.,C1,2.0,1,,,,,not_common
polke_1035_per_100_words,1035,Can use the question form.,C1,5.0,1,,,,,not_common
polke_1035_per_100_words,1035,Can use the question form.,C1,10.0,1,,,,,not_common
polke_1036_per_100_words,1036,Can use 'might not have' + '-ed'.,C1,2.0,10,,,,,not_common
polke_1036_per_100_words,1036,Can use 'might not have' + '-ed'.,C1,5.0,10,,,,,not_common
polke_1036_per_100_words,1036,Can use 'might not have' + '-ed'.,C1,10.0,10,,,,,not_common
polke_1040_per_100_words,1040,Can use 'needn't have' + '-ed'.,C1,2.0,,,,,,not_observed
polke_1040_per_100_words,1040,Can use 'needn't have' + '-ed'.,C1,5.0,,,,,,not_observed
polke_1040_per_100_words,1040,Can use 'needn't have' + '-ed'.,C1,10.0,,,,,,not_observed
polke_1045_per_100_words,1045,Can use the negative form.,C1,2.0,,,,,,not_observed
polke_1045_per_100_words,1045,Can use the negative form.,C1,5.0,,,,,,not_observed
polke_1045_per_100_words,1045,Can use the negative form.,C1,10.0,,,,,,not_observed
polke_1049_per_100_words,1049,Can use the question form.,C1,2.0,10,,,,,not_common
polke_1049_per_100_words,1049,Can use the question form.,C1,5.0,10,,,,,not_common
polke_1049_per_100_words,1049,Can use the question form.,C1,10.0,10,,,,,not_common
polke_1051_per_100_words,1051,"Can use an increasing range of adverbs with 'would', including 'strongly', 'easily', 'especially', 'actually', 'absolutely', 'gladly'  ► adverbs",C1,2.0,1,12,,13; 15,,usage_not_sustained
polke_1051_per_100_words,1051,"Can use an increasing range of adverbs with 'would', including 'strongly', 'easily', 'especially', 'actually', 'absolutely', 'gladly'  ► adverbs",C1,5.0,1,,,,,not_common
polke_1051_per_100_words,1051,"Can use an increasing range of adverbs with 'would', including 'strongly', 'easily', 'especially', 'actually', 'absolutely', 'gladly'  ► adverbs",C1,10.0,1,,,,,not_common
polke_1054_per_100_words,1054,"Can form complex noun phrases with noun phrase + 'of' + noun phrase + possessive determiner ''s', omitting the noun where it is previously mentioned.",C1,2.0,1,9,9,,,sustained_usage
polke_1054_per_100_words,1054,"Can form complex noun phrases with noun phrase + 'of' + noun phrase + possessive determiner ''s', omitting the noun where it is previously mentioned.",C1,5.0,1,15,,,,too_few_later_levels
polke_1054_per_100_words,1054,"Can form complex noun phrases with noun phrase + 'of' + noun phrase + possessive determiner ''s', omitting the noun where it is previously mentioned.",C1,10.0,1,,,,,not_common
polke_1057_per_100_words,1057,Can use the '-ing' form of verbs as abstract nouns.,C1,2.0,1,1,1,,,sustained_usage
polke_1057_per_100_words,1057,Can use the '-ing' form of verbs as abstract nouns.,C1,5.0,1,2,2,,,sustained_usage
polke_1057_per_100_words,1057,Can use the '-ing' form of verbs as abstract nouns.,C1,10.0,1,8,8,,,sustained_usage
polke_1058_per_100_words,1058,"Can use a wide range of uncountable nouns, particularly referring to abstract concepts.",C1,2.0,1,1,1,,,sustained_usage
polke_1058_per_100_words,1058,"Can use a wide range of uncountable nouns, particularly referring to abstract concepts.",C1,5.0,1,1,1,,,sustained_usage
polke_1058_per_100_words,1058,"Can use a wide range of uncountable nouns, particularly referring to abstract concepts.",C1,10.0,1,1,1,,,sustained_usage
polke_1065_per_100_words,1065,"Can use the inverted form of the past simple with auxiliary 'do', in the phrase 'not only ... but also'.",C1,2.0,3,,,,,not_common
polke_1065_per_100_words,1065,"Can use the inverted form of the past simple with auxiliary 'do', in the phrase 'not only ... but also'.",C1,5.0,3,,,,,not_common
polke_1065_per_100_words,1065,"Can use the inverted form of the past simple with auxiliary 'do', in the phrase 'not only ... but also'.",C1,10.0,3,,,,,not_common
polke_1066_per_100_words,1066,"Can use 'yes/no', 'wh-', tag and negative question forms with a wide range of verbs.  ► Questions",C1,2.0,1,10,,12; 15,,usage_not_sustained
polke_1066_per_100_words,1066,"Can use 'yes/no', 'wh-', tag and negative question forms with a wide range of verbs.  ► Questions",C1,5.0,1,10,,11; 12; 13; 14; 15,,usage_not_sustained
polke_1066_per_100_words,1066,"Can use 'yes/no', 'wh-', tag and negative question forms with a wide range of verbs.  ► Questions",C1,10.0,1,10,,11; 12; 13; 14; 15,,usage_not_sustained
polke_1070_per_100_words,1070,"Can use the full negative forms with a wide range of verbs, often in formal contexts.",C1,2.0,1,,,,,not_common
polke_1070_per_100_words,1070,"Can use the full negative forms with a wide range of verbs, often in formal contexts.",C1,5.0,1,,,,,not_common
polke_1070_per_100_words,1070,"Can use the full negative forms with a wide range of verbs, often in formal contexts.",C1,10.0,1,,,,,not_common
polke_1076_per_100_words,1076,"Can use the possessive pronoun 'ours', in subject position.",C1,2.0,1,,,,,not_common
polke_1076_per_100_words,1076,"Can use the possessive pronoun 'ours', in subject position.",C1,5.0,1,,,,,not_common
polke_1076_per_100_words,1076,"Can use the possessive pronoun 'ours', in subject position.",C1,10.0,1,,,,,not_common
polke_1078_per_100_words,1078,"Can use 'that of' and 'those of' as a possessive form, in formal and professional contexts.",C1,2.0,1,,,,,not_common
polke_1078_per_100_words,1078,"Can use 'that of' and 'those of' as a possessive form, in formal and professional contexts.",C1,5.0,1,,,,,not_common
polke_1078_per_100_words,1078,"Can use 'that of' and 'those of' as a possessive form, in formal and professional contexts.",C1,10.0,1,,,,,not_common
polke_1079_per_100_words,1079,Can use pronouns 'none' to substitute for subject and object pronouns. ►  pronouns: substitution,C1,2.0,1,,,,,not_common
polke_1079_per_100_words,1079,Can use pronouns 'none' to substitute for subject and object pronouns. ►  pronouns: substitution,C1,5.0,1,,,,,not_common
polke_1079_per_100_words,1079,Can use pronouns 'none' to substitute for subject and object pronouns. ►  pronouns: substitution,C1,10.0,1,,,,,not_common
polke_1081_per_100_words,1081,"Can modify 'few' and 'many' with 'very', 'too', 'so' as intensifiers.",C1,2.0,1,12,,13,,usage_not_sustained
polke_1081_per_100_words,1081,"Can modify 'few' and 'many' with 'very', 'too', 'so' as intensifiers.",C1,5.0,1,,,,,not_common
polke_1081_per_100_words,1081,"Can modify 'few' and 'many' with 'very', 'too', 'so' as intensifiers.",C1,10.0,1,,,,,not_common
polke_1082_per_100_words,1082,"Can use 'some of', 'many of' to modify relative pronouns in a relative clause.",C1,2.0,3,,,,,not_common
polke_1082_per_100_words,1082,"Can use 'some of', 'many of' to modify relative pronouns in a relative clause.",C1,5.0,3,,,,,not_common
polke_1082_per_100_words,1082,"Can use 'some of', 'many of' to modify relative pronouns in a relative clause.",C1,10.0,3,,,,,not_common
polke_1083_per_100_words,1083,Can use 'none' as a pronoun. ►  determiners: quantity  ►  pronouns: quantity,C1,2.0,1,,,,,not_common
polke_1083_per_100_words,1083,Can use 'none' as a pronoun. ►  determiners: quantity  ►  pronouns: quantity,C1,5.0,1,,,,,not_common
polke_1083_per_100_words,1083,Can use 'none' as a pronoun. ►  determiners: quantity  ►  pronouns: quantity,C1,10.0,1,,,,,not_common
polke_1086_per_100_words,1086,"Can use 'each' (+ noun or pronoun) as subject followed by 'the other(s)' a complement of a preposition, to refer to two related things. ► pronouns: quantity",C1,2.0,4,,,,,not_common
polke_1086_per_100_words,1086,"Can use 'each' (+ noun or pronoun) as subject followed by 'the other(s)' a complement of a preposition, to refer to two related things. ► pronouns: quantity",C1,5.0,4,,,,,not_common
polke_1086_per_100_words,1086,"Can use 'each' (+ noun or pronoun) as subject followed by 'the other(s)' a complement of a preposition, to refer to two related things. ► pronouns: quantity",C1,10.0,4,,,,,not_common
polke_1089_per_100_words,1089,Can use affirmative and negative forms of question tags with 'there' + 'be'.,C1,2.0,1,,,,,not_common
polke_1089_per_100_words,1089,Can use affirmative and negative forms of question tags with 'there' + 'be'.,C1,5.0,1,,,,,not_common
polke_1089_per_100_words,1089,Can use affirmative and negative forms of question tags with 'there' + 'be'.,C1,10.0,1,,,,,not_common
polke_1091_per_100_words,1091,"Can use verb + particle + preposition, where the preposition is separated from its complement. ► Prepositions",C1,2.0,1,,,,,not_common
polke_1091_per_100_words,1091,"Can use verb + particle + preposition, where the preposition is separated from its complement. ► Prepositions",C1,5.0,1,,,,,not_common
polke_1091_per_100_words,1091,"Can use verb + particle + preposition, where the preposition is separated from its complement. ► Prepositions",C1,10.0,1,,,,,not_common
polke_1092_per_100_words,1092,Can use a wide range of phrasal verbs + object pronoun + particle.,C1,2.0,1,7,7,,,sustained_usage
polke_1092_per_100_words,1092,Can use a wide range of phrasal verbs + object pronoun + particle.,C1,5.0,1,7,,8; 10; 15,,usage_not_sustained
polke_1092_per_100_words,1092,Can use a wide range of phrasal verbs + object pronoun + particle.,C1,10.0,1,12,,13; 14; 15,,usage_not_sustained
polke_1095_per_100_words,1095,Can form ellipted 'if' clauses with 'if' + '-ed' form.,C1,2.0,4,,,,,not_common
polke_1095_per_100_words,1095,Can form ellipted 'if' clauses with 'if' + '-ed' form.,C1,5.0,4,,,,,not_common
polke_1095_per_100_words,1095,Can form ellipted 'if' clauses with 'if' + '-ed' form.,C1,10.0,4,,,,,not_common
polke_1097_per_100_words,1097,Can introduce a conditional subordinate clause with 'should' + inverted subject.,C1,2.0,1,,,,,not_common
polke_1097_per_100_words,1097,Can introduce a conditional subordinate clause with 'should' + inverted subject.,C1,5.0,1,,,,,not_common
polke_1097_per_100_words,1097,Can introduce a conditional subordinate clause with 'should' + inverted subject.,C1,10.0,1,,,,,not_common
polke_1104_per_100_words,1104,Can use negative pronoun 'none' to substitute for subject and object pronouns or noun phrases. ► pronouns: substitution,C1,2.0,1,,,,,not_common
polke_1104_per_100_words,1104,Can use negative pronoun 'none' to substitute for subject and object pronouns or noun phrases. ► pronouns: substitution,C1,5.0,1,,,,,not_common
polke_1104_per_100_words,1104,Can use negative pronoun 'none' to substitute for subject and object pronouns or noun phrases. ► pronouns: substitution,C1,10.0,1,,,,,not_common
polke_1105_per_100_words,1105,"Can use 'not with indefinite pronouns 'everyone' and 'everything' and determiners 'every', 'all'.",C1,2.0,1,,,,,not_common
polke_1105_per_100_words,1105,"Can use 'not with indefinite pronouns 'everyone' and 'everything' and determiners 'every', 'all'.",C1,5.0,1,,,,,not_common
polke_1105_per_100_words,1105,"Can use 'not with indefinite pronouns 'everyone' and 'everything' and determiners 'every', 'all'.",C1,10.0,1,,,,,not_common
polke_1111_per_100_words,1111,"Can combine more complex, lengthy strings of adjectives, joining the last two adjectives with 'and'.",C2,2.0,1,,,,,not_common
polke_1111_per_100_words,1111,"Can combine more complex, lengthy strings of adjectives, joining the last two adjectives with 'and'.",C2,5.0,1,,,,,not_common
polke_1111_per_100_words,1111,"Can combine more complex, lengthy strings of adjectives, joining the last two adjectives with 'and'.",C2,10.0,1,,,,,not_common
polke_1115_per_100_words,1115,Can use adjectives in 'as … as' and 'so … that' in comparative structures. ► comparative clauses,C2,2.0,7,,,,,not_common
polke_1115_per_100_words,1115,Can use adjectives in 'as … as' and 'so … that' in comparative structures. ► comparative clauses,C2,5.0,7,,,,,not_common
polke_1115_per_100_words,1115,Can use adjectives in 'as … as' and 'so … that' in comparative structures. ► comparative clauses,C2,10.0,7,,,,,not_common
polke_1121_per_100_words,1121,"Can form adverb phrases with modifiers before, and complements after, adverbs.",C2,2.0,1,3,8,4; 6; 7,,sustained_usage
polke_1121_per_100_words,1121,"Can form adverb phrases with modifiers before, and complements after, adverbs.",C2,5.0,1,12,,13; 15,,usage_not_sustained
polke_1121_per_100_words,1121,"Can form adverb phrases with modifiers before, and complements after, adverbs.",C2,10.0,1,12,,13; 14; 15,,usage_not_sustained
polke_1123_per_100_words,1123,Can use 'as if' + non-finite clause to introduce a second clause as a comparison.,C2,2.0,5,,,,,not_common
polke_1123_per_100_words,1123,Can use 'as if' + non-finite clause to introduce a second clause as a comparison.,C2,5.0,5,,,,,not_common
polke_1123_per_100_words,1123,Can use 'as if' + non-finite clause to introduce a second clause as a comparison.,C2,10.0,5,,,,,not_common
polke_1127_per_100_words,1127,Can use 'How' + clause.,C2,2.0,1,,,,,not_common
polke_1127_per_100_words,1127,Can use 'How' + clause.,C2,5.0,1,,,,,not_common
polke_1127_per_100_words,1127,Can use 'How' + clause.,C2,10.0,1,,,,,not_common
polke_1128_per_100_words,1128,Can use 'How' + adverb + clause.,C2,2.0,1,,,,,not_common
polke_1128_per_100_words,1128,Can use 'How' + adverb + clause.,C2,5.0,1,,,,,not_common
polke_1128_per_100_words,1128,Can use 'How' + adverb + clause.,C2,10.0,1,,,,,not_common
polke_1137_per_100_words,1137,"Can use an apostrophe after singular nouns ending in 's', to indicate possession.",C2,2.0,2,,,,,not_common
polke_1137_per_100_words,1137,"Can use an apostrophe after singular nouns ending in 's', to indicate possession.",C2,5.0,2,,,,,not_common
polke_1137_per_100_words,1137,"Can use an apostrophe after singular nouns ending in 's', to indicate possession.",C2,10.0,2,,,,,not_common
polke_1138_per_100_words,1138,Can use ''s' without a following noun when the noun has already been mentioned or is obvious in the context.,C2,2.0,1,3,,4; 5; 6; 7; 8; 9; 10; 12; 13,,usage_not_sustained
polke_1138_per_100_words,1138,Can use ''s' without a following noun when the noun has already been mentioned or is obvious in the context.,C2,5.0,1,3,,4; 5; 6; 7; 8; 9; 10; 11; 12; 13; 14; 15,,usage_not_sustained
polke_1138_per_100_words,1138,Can use ''s' without a following noun when the noun has already been mentioned or is obvious in the context.,C2,10.0,1,,,,,not_common
polke_1139_per_100_words,1139,Can use two possessive ''s' constructions in the same noun phrase.,C2,2.0,1,,,,,not_common
polke_1139_per_100_words,1139,Can use two possessive ''s' constructions in the same noun phrase.,C2,5.0,1,,,,,not_common
polke_1139_per_100_words,1139,Can use two possessive ''s' constructions in the same noun phrase.,C2,10.0,1,,,,,not_common
polke_1143_per_100_words,1143,Can use the question form of the future perfect simple.,C2,2.0,9,,,,,not_common
polke_1143_per_100_words,1143,Can use the question form of the future perfect simple.,C2,5.0,9,,,,,not_common
polke_1143_per_100_words,1143,Can use the question form of the future perfect simple.,C2,10.0,9,,,,,not_common
polke_1146_per_100_words,1146,Can use 'be' + 'going to' with a wide range of adverbs before the main verb.,C2,2.0,5,,,,,not_common
polke_1146_per_100_words,1146,Can use 'be' + 'going to' with a wide range of adverbs before the main verb.,C2,5.0,5,,,,,not_common
polke_1146_per_100_words,1146,Can use 'be' + 'going to' with a wide range of adverbs before the main verb.,C2,10.0,5,,,,,not_common
polke_1147_per_100_words,1147,Can use the present simple with 'only when' (followed by 'will' and inverted subject) to refer to the future.,C2,2.0,,,,,,not_observed
polke_1147_per_100_words,1147,Can use the present simple with 'only when' (followed by 'will' and inverted subject) to refer to the future.,C2,5.0,,,,,,not_observed
polke_1147_per_100_words,1147,Can use the present simple with 'only when' (followed by 'will' and inverted subject) to refer to the future.,C2,10.0,,,,,,not_observed
polke_1150_per_100_words,1150,Can use 'be' + 'not' + adjective + 'to' + infinitive.,C2,2.0,1,14,,,,too_few_later_levels
polke_1150_per_100_words,1150,Can use 'be' + 'not' + adjective + 'to' + infinitive.,C2,5.0,1,,,,,not_common
polke_1150_per_100_words,1150,Can use 'be' + 'not' + adjective + 'to' + infinitive.,C2,10.0,1,,,,,not_common
polke_1152_per_100_words,1152,Can use 'have to have' + '-ed'.,C2,2.0,,,,,,not_observed
polke_1152_per_100_words,1152,Can use 'have to have' + '-ed'.,C2,5.0,,,,,,not_observed
polke_1152_per_100_words,1152,Can use 'have to have' + '-ed'.,C2,10.0,,,,,,not_observed
polke_1159_per_100_words,1159,"Can use 'might as well', mostly to talk about or suggest what we think is the easiest or most logical course of action, often when we cannot see a better alternative. ► 'may'",C2,2.0,13,,,,,not_common
polke_1159_per_100_words,1159,"Can use 'might as well', mostly to talk about or suggest what we think is the easiest or most logical course of action, often when we cannot see a better alternative. ► 'may'",C2,5.0,13,,,,,not_common
polke_1159_per_100_words,1159,"Can use 'might as well', mostly to talk about or suggest what we think is the easiest or most logical course of action, often when we cannot see a better alternative. ► 'may'",C2,10.0,13,,,,,not_common
polke_1160_per_100_words,1160,Can use ellipted 'must have' + '-ed' without a subject. ► ellipsis,C2,2.0,5,,,,,not_common
polke_1160_per_100_words,1160,Can use ellipted 'must have' + '-ed' without a subject. ► ellipsis,C2,5.0,5,,,,,not_common
polke_1160_per_100_words,1160,Can use ellipted 'must have' + '-ed' without a subject. ► ellipsis,C2,10.0,5,,,,,not_common
polke_1161_per_100_words,1161,"Can invert 'must' and the subject after negative phrases, e.g. 'not only', 'never', 'nor', to change the focus and give prominence/emphasis.",C2,2.0,,,,,,not_observed
polke_1161_per_100_words,1161,"Can invert 'must' and the subject after negative phrases, e.g. 'not only', 'never', 'nor', to change the focus and give prominence/emphasis.",C2,5.0,,,,,,not_observed
polke_1161_per_100_words,1161,"Can invert 'must' and the subject after negative phrases, e.g. 'not only', 'never', 'nor', to change the focus and give prominence/emphasis.",C2,10.0,,,,,,not_observed
polke_1162_per_100_words,1162,Can use 'must not have been' (especially with 'easy').,C2,2.0,,,,,,not_observed
polke_1162_per_100_words,1162,Can use 'must not have been' (especially with 'easy').,C2,5.0,,,,,,not_observed
polke_1162_per_100_words,1162,Can use 'must not have been' (especially with 'easy').,C2,10.0,,,,,,not_observed
polke_1163_per_100_words,1163,Can use 'must' with a wide range of adverbs in the normal mid position after the modal verb. ► adverbs|,C2,2.0,1,,,,,not_common
polke_1163_per_100_words,1163,Can use 'must' with a wide range of adverbs in the normal mid position after the modal verb. ► adverbs|,C2,5.0,1,,,,,not_common
polke_1163_per_100_words,1163,Can use 'must' with a wide range of adverbs in the normal mid position after the modal verb. ► adverbs|,C2,10.0,1,,,,,not_common
polke_1164_per_100_words,1164,Can use the question form.,C2,2.0,2,,,,,not_common
polke_1164_per_100_words,1164,Can use the question form.,C2,5.0,2,,,,,not_common
polke_1164_per_100_words,1164,Can use the question form.,C2,10.0,2,,,,,not_common
polke_1166_per_100_words,1166,Can use 'oughtn't' (without 'to') + verb.,C2,2.0,,,,,,not_observed
polke_1166_per_100_words,1166,Can use 'oughtn't' (without 'to') + verb.,C2,5.0,,,,,,not_observed
polke_1166_per_100_words,1166,Can use 'oughtn't' (without 'to') + verb.,C2,10.0,,,,,,not_observed
polke_1167_per_100_words,1167,Can use the negative form 'ought not to'.,C2,2.0,,,,,,not_observed
polke_1167_per_100_words,1167,Can use the negative form 'ought not to'.,C2,5.0,,,,,,not_observed
polke_1167_per_100_words,1167,Can use the negative form 'ought not to'.,C2,10.0,,,,,,not_observed
polke_1168_per_100_words,1168,"Can use 'ought' + subject + 'not to' + verb to form (rhetorical) questions, often in formal contexts.",C2,2.0,,,,,,not_observed
polke_1168_per_100_words,1168,"Can use 'ought' + subject + 'not to' + verb to form (rhetorical) questions, often in formal contexts.",C2,5.0,,,,,,not_observed
polke_1168_per_100_words,1168,"Can use 'ought' + subject + 'not to' + verb to form (rhetorical) questions, often in formal contexts.",C2,10.0,,,,,,not_observed
polke_1172_per_100_words,1172,Can use negative form 'used not to',C2,2.0,,,,,,not_observed
polke_1172_per_100_words,1172,Can use negative form 'used not to',C2,5.0,,,,,,not_observed
polke_1172_per_100_words,1172,Can use negative form 'used not to',C2,10.0,,,,,,not_observed
polke_1174_per_100_words,1174,"Can use a wide range of adverbs with 'would', including 'undoubtedly', 'possibly', 'normally', 'personally', 'eventually', 'obviously', 'significantly', 'inevitably'. ► adverbs",C2,2.0,1,12,,13; 15,,usage_not_sustained
polke_1174_per_100_words,1174,"Can use a wide range of adverbs with 'would', including 'undoubtedly', 'possibly', 'normally', 'personally', 'eventually', 'obviously', 'significantly', 'inevitably'. ► adverbs",C2,5.0,1,,,,,not_common
polke_1174_per_100_words,1174,"Can use a wide range of adverbs with 'would', including 'undoubtedly', 'possibly', 'normally', 'personally', 'eventually', 'obviously', 'significantly', 'inevitably'. ► adverbs",C2,10.0,1,,,,,not_common
polke_1176_per_100_words,1176,Can form complex noun phrases with 'little or no' + noun.,C2,2.0,,,,,,not_observed
polke_1176_per_100_words,1176,Can form complex noun phrases with 'little or no' + noun.,C2,5.0,,,,,,not_observed
polke_1176_per_100_words,1176,Can form complex noun phrases with 'little or no' + noun.,C2,10.0,,,,,,not_observed
polke_1178_per_100_words,1178,Can use non-finite '-ing' perfect forms of the passive as the complement of prepositions.,C2,2.0,5,,,,,not_common
polke_1178_per_100_words,1178,Can use non-finite '-ing' perfect forms of the passive as the complement of prepositions.,C2,5.0,5,,,,,not_common
polke_1178_per_100_words,1178,Can use non-finite '-ing' perfect forms of the passive as the complement of prepositions.,C2,10.0,5,,,,,not_common
polke_1182_per_100_words,1182,Can use the question form.,C2,2.0,,,,,,not_observed
polke_1182_per_100_words,1182,Can use the question form.,C2,5.0,,,,,,not_observed
polke_1182_per_100_words,1182,Can use the question form.,C2,10.0,,,,,,not_observed
polke_1184_per_100_words,1184,Can use 'had it not been for' and 'if it hadn't been for' with a modal form for giving reasons.,C2,2.0,,,,,,not_observed
polke_1184_per_100_words,1184,Can use 'had it not been for' and 'if it hadn't been for' with a modal form for giving reasons.,C2,5.0,,,,,,not_observed
polke_1184_per_100_words,1184,Can use 'had it not been for' and 'if it hadn't been for' with a modal form for giving reasons.,C2,10.0,,,,,,not_observed
polke_1185_per_100_words,1185,"Can invert the subject and affirmative auxiliary verb with 'hardly ... when' to talk about something that happened immediately before something else, in formal contexts.",C2,2.0,,,,,,not_observed
polke_1185_per_100_words,1185,"Can invert the subject and affirmative auxiliary verb with 'hardly ... when' to talk about something that happened immediately before something else, in formal contexts.",C2,5.0,,,,,,not_observed
polke_1185_per_100_words,1185,"Can invert the subject and affirmative auxiliary verb with 'hardly ... when' to talk about something that happened immediately before something else, in formal contexts.",C2,10.0,,,,,,not_observed
polke_1191_per_100_words,1191,"Can use the possessive pronoun 'hers' with singular reference, in subject position.",C2,2.0,1,,,,,not_common
polke_1191_per_100_words,1191,"Can use the possessive pronoun 'hers' with singular reference, in subject position.",C2,5.0,1,,,,,not_common
polke_1191_per_100_words,1191,"Can use the possessive pronoun 'hers' with singular reference, in subject position.",C2,10.0,1,,,,,not_common
polke_1192_per_100_words,1192,"Can use the possessive pronoun 'his', with singular and plural reference, in subject and object position, and complement positions after 'be' and after prepositions.",C2,2.0,1,,,,,not_common
polke_1192_per_100_words,1192,"Can use the possessive pronoun 'his', with singular and plural reference, in subject and object position, and complement positions after 'be' and after prepositions.",C2,5.0,1,,,,,not_common
polke_1192_per_100_words,1192,"Can use the possessive pronoun 'his', with singular and plural reference, in subject and object position, and complement positions after 'be' and after prepositions.",C2,10.0,1,,,,,not_common
polke_1193_per_100_words,1193,"Can use the possessive pronouns 'hers', 'theirs' and 'his' after noun + 'of'.",C2,2.0,4,,,,,not_common
polke_1193_per_100_words,1193,"Can use the possessive pronouns 'hers', 'theirs' and 'his' after noun + 'of'.",C2,5.0,4,,,,,not_common
polke_1193_per_100_words,1193,"Can use the possessive pronouns 'hers', 'theirs' and 'his' after noun + 'of'.",C2,10.0,4,,,,,not_common
polke_1194_per_100_words,1194,"Can use the possessive pronoun 'theirs', with singular and plural reference, in subject position.",C2,2.0,4,,,,,not_common
polke_1194_per_100_words,1194,"Can use the possessive pronoun 'theirs', with singular and plural reference, in subject position.",C2,5.0,4,,,,,not_common
polke_1194_per_100_words,1194,"Can use the possessive pronoun 'theirs', with singular and plural reference, in subject position.",C2,10.0,4,,,,,not_common
polke_1196_per_100_words,1196,Can form a cleft construction beginning with 'it' to emphasise the subject of the main clause. ► clauses,C2,2.0,1,15,,,,too_few_later_levels
polke_1196_per_100_words,1196,Can form a cleft construction beginning with 'it' to emphasise the subject of the main clause. ► clauses,C2,5.0,1,,,,,not_common
polke_1196_per_100_words,1196,Can form a cleft construction beginning with 'it' to emphasise the subject of the main clause. ► clauses,C2,10.0,1,,,,,not_common
polke_1197_per_100_words,1197,Can use 'a lot' and 'much' as a subject pronouns. ► focus,C2,2.0,1,,,,,not_common
polke_1197_per_100_words,1197,Can use 'a lot' and 'much' as a subject pronouns. ► focus,C2,5.0,1,,,,,not_common
polke_1197_per_100_words,1197,Can use 'a lot' and 'much' as a subject pronouns. ► focus,C2,10.0,1,,,,,not_common
polke_1200_per_100_words,1200,"Can use 'each' (+ noun or pronoun) as subject followed by 'the other(s)' as object , to refer to two related things. ► pronouns: quantity",C2,2.0,5,,,,,not_common
polke_1200_per_100_words,1200,"Can use 'each' (+ noun or pronoun) as subject followed by 'the other(s)' as object , to refer to two related things. ► pronouns: quantity",C2,5.0,5,,,,,not_common
polke_1200_per_100_words,1200,"Can use 'each' (+ noun or pronoun) as subject followed by 'the other(s)' as object , to refer to two related things. ► pronouns: quantity",C2,10.0,5,,,,,not_common
polke_1201_per_100_words,1201,Can form alternative questions with two or more clauses and ellipsis in the second or third clause.,C2,2.0,1,10,,11; 12; 13; 14; 15,,usage_not_sustained
polke_1201_per_100_words,1201,Can form alternative questions with two or more clauses and ellipsis in the second or third clause.,C2,5.0,1,,,,,not_common
polke_1201_per_100_words,1201,Can form alternative questions with two or more clauses and ellipsis in the second or third clause.,C2,10.0,1,,,,,not_common
polke_1203_per_100_words,1203,Can use a direct object with some prepositional verbs as well as an object of the preposition.,C2,2.0,1,7,7,,,sustained_usage
polke_1203_per_100_words,1203,Can use a direct object with some prepositional verbs as well as an object of the preposition.,C2,5.0,1,7,,8; 10; 15,,usage_not_sustained
polke_1203_per_100_words,1203,Can use a direct object with some prepositional verbs as well as an object of the preposition.,C2,10.0,1,12,,13; 14; 15,,usage_not_sustained
