source,feature,is_text_length_feature,mutual_information,normalized_mutual_information,rank_within_source,rank_overall,grammar_construct_id,grammar_description,grammar_reference_cefr,corpus_first_observed_level,corpus_first_common_level,corpus_sustained_usage_from_level,corpus_grammar_threshold_percent,corpus_grammar_status
TAALES,Word Count,yes,0.6474247649381528,0.294963198811676,1,1,,,,,,,,
POLKE,word_count,yes,0.6460652664006172,0.2943438186780637,1,2,,,,,,,,
LCA,wordtokens,yes,0.6247723729455186,0.28464289232243983,1,3,,,,,,,,
TAASSC,nwords,yes,0.6223531060787804,0.28354068750662564,1,4,,,,,,,,
L2SCA,W,yes,0.617844292364857,0.28148649652115754,1,5,,,,,,,,
LCA,wordtypes,yes,0.6150906834686523,0.28023196729662525,2,6,,,,,,,,
LCA,ndw,yes,0.6131777528521494,0.279360446520304,3,7,,,,,,,,
TAASSC,mattr,yes,0.6055164309607979,0.27586998996908635,2,8,,,,,,,,
LCA,lextokens,yes,0.5628746085070819,0.25644260776922695,4,9,,,,,,,,
LCA,lextypes,yes,0.5523847689298687,0.25166349395665644,5,10,,,,,,,,
POLKE,total_annotations,yes,0.5503306868728584,0.25072766535236246,2,11,,,,,,,,
POLKE,unique_constructs,yes,0.5185384659271217,0.23624330254245687,3,12,,,,,,,,
LCA,uber,no,0.5170787872211076,0.23557828086939137,6,13,,,,,,,,
TAASSC,mean_nominal_deps,yes,0.5116170258121211,0.23308993210118395,3,14,,,,,,,,
TAALES,BNC_Spoken_Range_FW,no,0.4818935064114762,0.21954805845476474,2,15,,,,,,,,
LCA,svv1,yes,0.47376065032725245,0.21584277349195244,7,16,,,,,,,,
TAALES,eat_tokens_FW,no,0.4721084612401141,0.21509004513712862,3,17,,,,,,,,
LCA,cvv1,yes,0.4683322463753159,0.21336962219960404,8,18,,,,,,,,
LCA,rttr,yes,0.46434246580787786,0.21155189989044798,9,19,,,,,,,,
TAALES_COVERAGE,TL_Freq_AW_Log,no,0.4568171144865101,0.2081233907907932,1,20,,,,,,,,
TAALES_COVERAGE,TL_Freq_AW,no,0.4559926223107582,0.2077477566434368,2,21,,,,,,,,
LCA,cttr,yes,0.4473493611268289,0.20380993389546062,10,22,,,,,,,,
LCA,ndwerz,yes,0.4459309397578459,0.20316370884057255,11,23,,,,,,,,
LCA,ndwesz,yes,0.4433253628548086,0.2019766221863524,12,24,,,,,,,,
TAASSC,mean_verbal_deps,yes,0.44061994873372035,0.20074405023902706,4,25,,,,,,,,
TAALES_COVERAGE,Kuperman_AoA_AW,no,0.430826344284283,0.19628213736089015,3,26,,,,,,,,
TAASSC,nonfinite_prop,no,0.4306956889128313,0.19622261148484643,5,27,,,,,,,,
TAALES_COVERAGE,Sem_D,no,0.42806630175112836,0.1950246770063834,4,28,,,,,,,,
TAALES,hyper_verb_Sav_P1,no,0.42257314751655084,0.1925220258377157,4,29,,,,,,,,
TAALES,hyper_verb_Sav_Pav,no,0.42230761501182457,0.1924010506739219,5,30,,,,,,,,
TAALES,PLD_FW,no,0.4163933431417717,0.18970654060277972,6,31,,,,,,,,
TAASSC,activity_verb,no,0.4122677493705371,0.18782694253723906,6,32,,,,,,,,
TAALES_COVERAGE,fw_percentage,no,0.41000883732940485,0.18679779450711972,5,33,,,,,,,,
TAALES_COVERAGE,cw_percentage,no,0.40987883062036135,0.18673856415813836,6,34,,,,,,,,
TAALES_COVERAGE,PLDF,no,0.4073950881626307,0.18560698461402472,7,35,,,,,,,,
TAALES_COVERAGE,SUBTLEXus_Range_AW_Log,no,0.40711389507491536,0.18547887457386558,8,36,,,,,,,,
TAASSC,det_dep,no,0.4070297829195595,0.18544055353372885,7,37,,,,,,,,
TAALES_COVERAGE,SUBTLEXus_Freq_AW,no,0.40664724155206633,0.18526626976896685,9,38,,,,,,,,
TAALES_COVERAGE,OLD,no,0.4065042184483172,0.1852011092214091,10,39,,,,,,,,
TAALES_COVERAGE,SUBTLEXus_Freq_AW_Log,no,0.40631802257828475,0.18511627939653277,11,40,,,,,,,,
TAALES_COVERAGE,SUBTLEXus_Range_AW,no,0.40628494696620665,0.18510121032770877,12,41,,,,,,,,
TAASSC,det_nominal,no,0.4061899588149265,0.1850579342430297,8,42,,,,,,,,
TAALES_COVERAGE,PLD,no,0.4059694552516242,0.18495747401984494,13,43,,,,,,,,
TAALES_COVERAGE,OLDF,no,0.4056532901640164,0.1848134309268961,14,44,,,,,,,,
TAASSC,pp1,no,0.403130577400153,0.18366409672343345,9,45,,,,,,,,
TAASSC,poss_nominal,no,0.4024575626657301,0.18335747487381707,10,46,,,,,,,,
POLKE,polke_63_per_100_words,no,0.401901917562125,0.1831043259891292,4,47,63,Can form simple noun phrases with a limited range of determiners + singular and plural nouns. ► Nouns and noun phrases: functions,A1,1,1,1,5.0,sustained_usage
L2SCA,VP,yes,0.40077449413912536,0.1825906780144569,2,48,,,,,,,,
TAALES_COVERAGE,McD_CD,no,0.3985839593022691,0.18159268226641154,15,49,,,,,,,,
TAALES,eat_types_FW,no,0.39703068918736806,0.18088502085689848,7,50,,,,,,,,
TAALES,COCA_academic_bi_prop_10k,no,0.395763837783643,0.18030785025314885,8,51,,,,,,,,
POLKE,polke_67_per_100_words,no,0.39423488310595944,0.17961126682447712,5,52,67,Can use a limited range of common nouns.,A1,1,1,1,5.0,sustained_usage
TAALES_COVERAGE,Brown_Freq_AW_Log,no,0.39044328127778183,0.17788383367019192,16,53,,,,,,,,
TAALES_COVERAGE,Brown_Freq_AW,no,0.3902987785541603,0.17781799901587425,17,54,,,,,,,,
TAALES,COCA_academic_bi_prop_30k,no,0.3901917136326376,0.17776922082040952,9,55,,,,,,,,
TAALES,COCA_academic_tri_AC,no,0.3900700087568798,0.1777137727414842,10,56,,,,,,,,
POLKE,polke_78_per_100_words,no,0.39005414255109727,0.1777065441844934,6,57,78,Can use a limited range of simple (single-word) prepositions.,A1,1,1,1,5.0,sustained_usage
POLKE,polke_82_per_100_words,no,0.38914616439086647,0.17729287427704338,7,58,82,Can use the affirmative form with a limited range of regular and irregular verbs.,A1,1,1,1,5.0,sustained_usage
TAALES,COCA_academic_tri_DP,no,0.38758750774333794,0.17658275879258548,11,59,,,,,,,,
TAALES,COCA_academic_bi_prop_20k,no,0.3870341043648695,0.17633063122566758,12,60,,,,,,,,
TAASSC,vp_deps,no,0.3861593768439606,0.17593211012850113,11,61,,,,,,,,
TAALES_COVERAGE,BG_Mean_FW,no,0.38374990368398443,0.17483436727217813,18,62,,,,,,,,
TAALES,COCA_academic_tri_2_AC,no,0.383418856028789,0.17468354376244588,13,63,,,,,,,,
TAASSC,all_clauses,no,0.38293637641574074,0.17446372867699772,12,64,,,,,,,,
TAALES_COVERAGE,Sem_D_FW,no,0.3824591587090378,0.1742463108874386,19,65,,,,,,,,
TAALES_COVERAGE,BG_Mean,no,0.38225381988198626,0.17415275963554427,20,66,,,,,,,,
TAALES,COCA_academic_tri_prop_40k,no,0.3818333480320577,0.17396119494944978,14,67,,,,,,,,
TAALES,COCA_academic_tri_prop_60k,no,0.3801453796670038,0.17319216575036317,15,68,,,,,,,,
TAASSC,verb,no,0.3797428363444082,0.17300876920373212,13,69,,,,,,,,
L2SCA,MLT,no,0.3796760686451055,0.17297835020336302,3,70,,,,,,,,
TAALES,COCA_academic_bi_prop_40k,no,0.3796292281327265,0.17295700992088772,16,71,,,,,,,,
TAALES_COVERAGE,KF_Nsamp_AW,no,0.37930668893484176,0.17281006281799258,21,72,,,,,,,,
POLKE,polke_72_per_100_words,no,0.37887740777135237,0.17261448465659102,8,73,72,Can use nouns and noun phrases as objects of the clause.,A1,1,1,1,5.0,sustained_usage
TAALES,OG_N_FW,no,0.3788346961100655,0.17259502545619892,17,74,,,,,,,,
TAASSC,finite_ind_clause,no,0.3787310309505312,0.17254779617379037,14,75,,,,,,,,
L2SCA,MLS,no,0.3781786961575948,0.1722961554486243,4,76,,,,,,,,
TAALES_COVERAGE,KF_Freq_AW_Log,no,0.37775688213049907,0.17210397927391824,22,77,,,,,,,,
TAALES_COVERAGE,KF_Freq_AW,no,0.3768867329942611,0.17170754406388658,23,78,,,,,,,,
TAALES_COVERAGE,KF_Ncats_AW,no,0.37688606786403733,0.1717072410341771,24,79,,,,,,,,
TAASSC,be_mv,no,0.3760147713669513,0.17131028309278837,15,80,,,,,,,,
TAALES_COVERAGE,LD_Mean_RT_Zscore,no,0.3760041662968612,0.17130545148058138,25,81,,,,,,,,
TAASSC,finite_clause,no,0.3757135076086753,0.17117302896437145,16,82,,,,,,,,
TAALES,COCA_academic_tri_prop_50k,no,0.37570500867667533,0.1711691568972141,18,83,,,,,,,,
TAALES_COVERAGE,WN_Zscore,no,0.3754267283095003,0.17104237387667845,26,84,,,,,,,,
TAALES_COVERAGE,MRC_Familiarity_AW,no,0.37540523187991104,0.171032580220368,27,85,,,,,,,,
TAALES_COVERAGE,WN_SD,no,0.37535207234144474,0.17100836102400335,28,86,,,,,,,,
TAALES_COVERAGE,WN_Mean_RT,no,0.3751940828147293,0.17093638185560814,29,87,,,,,,,,
TAALES,poly_verb,no,0.37508429991645764,0.1708863653647312,19,88,,,,,,,,
TAALES_COVERAGE,LD_Mean_Accuracy,no,0.37484786691368344,0.17077864777563095,30,89,,,,,,,,
TAALES_COVERAGE,LD_Mean_RT,no,0.3746773032877422,0.17070093991607238,31,90,,,,,,,,
TAALES_COVERAGE,LD_Mean_RT_SD,no,0.37457419485475185,0.17065396427524684,32,91,,,,,,,,
TAALES_COVERAGE,WN_Mean_Accuracy,no,0.37440778212293946,0.17057814754045905,33,92,,,,,,,,
POLKE,polke_312_per_100_words,no,0.3741666885476427,0.17046830661988618,9,93,312,Can use the affirmative form with an increasing range of regular and irregular verbs.,A2,1,1,1,5.0,sustained_usage
POLKE,polke_37_per_100_words,no,0.3740787441498612,0.17042823963096018,10,94,37,"Can use articles 'the', 'a' and 'an' before nouns. ► noun phrases",A1,1,1,1,5.0,sustained_usage
TAALES,All_AWL_Normed,no,0.37388356857727123,0.17033931870247743,20,95,,,,,,,,
TAALES_COVERAGE,MRC_Imageability_AW,no,0.373828886508929,0.1703144058497888,34,96,,,,,,,,
TAALES,BNC_Written_Trigram_Freq_Normed_Log,no,0.37373715149054254,0.17027261187474846,21,97,,,,,,,,
TAALES_COVERAGE,lsa_average_all_cosine,no,0.3733247947349221,0.17008474438144824,35,98,,,,,,,,
TAALES,KF_Nsamp_FW,no,0.37244950837596624,0.16968596868070948,22,99,,,,,,,,
TAASSC,pp_all,no,0.3719196037841721,0.16944454703309067,17,100,,,,,,,,
TAALES_COVERAGE,Kuperman_AoA_CW,no,0.3716572446504207,0.16932501763983962,36,101,,,,,,,,
TAALES,BNC_Written_Trigram_Freq_Normed,no,0.3715514875187038,0.16927683526629178,23,102,,,,,,,,
TAALES,eat_tokens,no,0.37125043917545675,0.16913967927978948,24,103,,,,,,,,
POLKE,polke_301_per_100_words,no,0.3711051188611614,0.16907347213561116,11,104,301,Can use an increasing range of simple (single-word) prepositions.,A2,1,1,1,5.0,sustained_usage
TAALES,COCA_academic_tri_prop_70k,no,0.3710432538654369,0.16904528678030567,25,105,,,,,,,,
TAALES,COCA_academic_tri_prop_80k,no,0.37035654955973296,0.1687324280365294,26,106,,,,,,,,
TAALES_COVERAGE,OG_N,no,0.36995849455677465,0.16855107634389407,37,107,,,,,,,,
TAALES,COCA_Academic_Trigram_Range_Log,no,0.36978558828428687,0.1684723011873205,27,108,,,,,,,,
TAALES,COCA_Academic_Trigram_Frequency_Log,no,0.3693362744240005,0.16826759623830123,28,109,,,,,,,,
TAALES_COVERAGE,BNC_Spoken_Freq_AW,no,0.3688229566531227,0.1680337314560057,38,110,,,,,,,,
TAALES_COVERAGE,Ortho_N,no,0.36877072930589483,0.1680099369608951,39,111,,,,,,,,
POLKE,polke_79_per_100_words,no,0.3683705659700762,0.1678276247232848,12,112,79,Can form prepositional phrases with a preposition and a noun phrase.,A1,1,1,1,5.0,sustained_usage
TAASSC,prep_phrase,no,0.3681740312137718,0.1677380845581001,18,113,,,,,,,,
TAALES_COVERAGE,TL_Freq_CW_Log,no,0.3680515902547423,0.1676823011236429,40,114,,,,,,,,
TAALES_COVERAGE,Freq_HAL,no,0.3680217238709109,0.16766869416173946,41,115,,,,,,,,
TAALES_COVERAGE,Log_Freq_HAL,no,0.3678899494568042,0.16760865845595338,42,116,,,,,,,,
TAALES_COVERAGE,MRC_Concreteness_AW,no,0.3677433515577948,0.16754186925113357,43,117,,,,,,,,
TAALES_COVERAGE,Phono_N_H,no,0.367717110549179,0.16752991399044453,44,118,,,,,,,,
TAALES,MRC_Familiarity_FW,no,0.36743567948375455,0.1674016955289365,29,119,,,,,,,,
TAALES_COVERAGE,Phono_N,no,0.3673198836232161,0.16734893956518088,45,120,,,,,,,,
TAALES,COCA_academic_tri_prop_30k,no,0.3672563811607219,0.16732000818892823,30,121,,,,,,,,
TAALES_COVERAGE,COCA_news_bi_MI2,no,0.3668012103138629,0.1671126348287075,46,122,,,,,,,,
TAALES_COVERAGE,TL_Freq_CW,no,0.3667823297019277,0.16710403292468168,47,123,,,,,,,,
TAALES,COCA_academic_bi_prop_100k,no,0.3664648541481248,0.16695939279046754,31,124,,,,,,,,
TAALES_COVERAGE,BNC_Spoken_Range_AW,no,0.3664055531439532,0.16693237557575707,48,125,,,,,,,,
TAALES_COVERAGE,BNC_Spoken_Freq_AW_Log,no,0.3663853141806772,0.16692315481425427,49,126,,,,,,,,
TAALES,COCA_news_tri_prop_10k,no,0.36626099999301154,0.16686651794702684,32,127,,,,,,,,
TAALES_COVERAGE,COCA_news_bi_T,no,0.36620960973983463,0.16684310482740938,50,128,,,,,,,,
TAALES,SUBTLEXus_Range_FW_Log,no,0.366071418009954,0.16678014542748776,33,129,,,,,,,,
TAALES,Kuperman_AoA_FW,no,0.36596461977583994,0.16673148873335475,34,130,,,,,,,,
TAALES,COCA_academic_bi_prop_50k,no,0.36584542373208784,0.16667718366463502,35,131,,,,,,,,
TAALES_COVERAGE,COCA_News_Bigram_Frequency,no,0.36573666831338336,0.1666276352878561,51,132,,,,,,,,
TAALES_COVERAGE,COCA_News_Bigram_Range_Log,no,0.3655399729650397,0.16653802195781245,52,133,,,,,,,,
TAALES_COVERAGE,COCA_news_bi_MI,no,0.365536571019605,0.16653647204999006,53,134,,,,,,,,
TAALES_COVERAGE,COCA_News_Bigram_Range,no,0.36553207814975686,0.16653442512294303,54,135,,,,,,,,
TAALES,COCA_academic_tri_prop_90k,no,0.3653642327395836,0.16645795566769245,36,136,,,,,,,,
TAALES_COVERAGE,COCA_news_Range_AW,no,0.3653321160123384,0.16644332346157886,55,137,,,,,,,,
TAALES,COCA_academic_bi_prop_90k,no,0.36522314970566594,0.16639367900538962,37,138,,,,,,,,
TAALES_COVERAGE,COCA_Magazine_Bigram_Frequency_Log,no,0.365180829410066,0.1663743981090742,56,139,,,,,,,,
TAALES_COVERAGE,COCA_magazine_Frequency_Log_AW,no,0.3650432915783677,0.1663117366216051,57,140,,,,,,,,
TAALES_COVERAGE,COCA_news_bi_DP,no,0.3648272982198759,0.16621333122318185,58,141,,,,,,,,
TAALES_COVERAGE,COCA_magazine_Range_AW,no,0.3647415792934585,0.16617427814689556,59,142,,,,,,,,
TAALES,COCA_academic_tri_T,no,0.36471383402098256,0.16616163755177993,38,143,,,,,,,,
TAALES_COVERAGE,COCA_magazine_Frequency_AW,no,0.36466996702958854,0.16614165198927977,60,144,,,,,,,,
TAALES_COVERAGE,COCA_news_bi_AC,no,0.3645699466045005,0.16609608322804573,61,145,,,,,,,,
TAALES_COVERAGE,COCA_Academic_Frequency_AW,no,0.36456513008951763,0.166093888850037,62,146,,,,,,,,
TAALES_COVERAGE,COCA_magazine_bi_DP,no,0.3644742912871024,0.16605250318611486,63,147,,,,,,,,
TAALES_COVERAGE,COCA_News_Bigram_Frequency_Log,no,0.364452091499301,0.16604238908363153,64,148,,,,,,,,
TAALES_COVERAGE,COCA_magazine_bi_T,no,0.364297987928512,0.16597218033560412,65,149,,,,,,,,
POLKE,polke_71_per_100_words,no,0.3642907870919845,0.16596889967367814,13,150,71,Can use nouns and noun phrases as subjects of the clause.,A1,1,1,1,5.0,sustained_usage
TAALES_COVERAGE,lsa_max_similarity_cosine,no,0.3642655784450062,0.16595741475133177,66,151,,,,,,,,
TAALES_COVERAGE,COCA_magazine_bi_MI2,no,0.36418680883733456,0.16592152774683916,67,152,,,,,,,,
TAALES_COVERAGE,COCA_Academic_Range_AW,no,0.36418420600088774,0.16592034190872187,68,153,,,,,,,,
TAALES_COVERAGE,COCA_magazine_bi_MI,no,0.3639870434478958,0.1658305157227836,69,154,,,,,,,,
TAALES_COVERAGE,COCA_magazine_Range_Log_AW,no,0.36388082837213087,0.16578212471242018,70,155,,,,,,,,
TAALES,WN_Mean_Accuracy,no,0.36382133046651877,0.16575501779048524,39,156,,,,,,,,
TAALES_COVERAGE,lsa_average_top_three_cosine,no,0.3634860609679911,0.16560227083191134,71,157,,,,,,,,
TAALES_COVERAGE,COCA_news_Range_Log_AW,no,0.36335630163741506,0.16554315318721324,72,158,,,,,,,,
TAALES_COVERAGE,COCA_Magazine_Bigram_Range,no,0.36329024367057894,0.16551305753709267,73,159,,,,,,,,
TAALES_COVERAGE,COCA_news_Frequency_AW,no,0.3632443447201288,0.165492146225107,74,160,,,,,,,,
TAALES_COVERAGE,COCA_Magazine_Bigram_Range_Log,no,0.3631343734827652,0.16544204392796497,75,161,,,,,,,,
TAALES_COVERAGE,COCA_academic_bi_T,no,0.36309863601549086,0.1654257621324027,76,162,,,,,,,,
TAALES_COVERAGE,COCA_news_Frequency_Log_AW,no,0.3630662508591418,0.16541100763145053,77,163,,,,,,,,
TAALES,COCA_magazine_bi_prop_100k,no,0.3627709191140718,0.16527645609596084,40,164,,,,,,,,
TAALES_COVERAGE,COCA_Academic_Bigram_Frequency_Log,no,0.3627223612719326,0.16525433340739462,78,165,,,,,,,,
TAALES,WN_Mean_Accuracy_FW,no,0.36271170563926924,0.16524947875915447,41,166,,,,,,,,
TAALES_COVERAGE,COCA_academic_bi_MI2,no,0.36269825522718513,0.16524335082462288,79,167,,,,,,,,
TAALES_COVERAGE,COCA_Magazine_Bigram_Frequency,no,0.3625932134602792,0.16519549436738903,80,168,,,,,,,,
TAALES_COVERAGE,COCA_magazine_bi_AC,no,0.362176911098401,0.16500582927735472,81,169,,,,,,,,
TAALES_COVERAGE,COCA_Academic_Frequency_Log_AW,no,0.36212109745109977,0.16498040088345184,82,170,,,,,,,,
TAALES_COVERAGE,COCA_academic_bi_AC,no,0.36211810988055637,0.16497903976257436,83,171,,,,,,,,
TAALES,COCA_academic_bi_prop_60k,no,0.3618374456632245,0.16485117067288316,42,172,,,,,,,,
TAALES_COVERAGE,COCA_Academic_Bigram_Range_Log,no,0.36171203958347187,0.16479403634556436,84,173,,,,,,,,
TAALES,COCA_magazine_bi_prop_90k,no,0.36151362891200334,0.16470364152364197,43,174,,,,,,,,
TAALES_COVERAGE,COCA_Academic_Bigram_Frequency,no,0.3615022449407803,0.16469845504831854,85,175,,,,,,,,
TAALES_COVERAGE,COCA_Academic_Range_Log_AW,no,0.36126559268334724,0.1645906375679892,86,176,,,,,,,,
TAALES,COCA_academic_bi_prop_80k,no,0.36112749486100393,0.16452772095183038,44,177,,,,,,,,
TAALES_COVERAGE,COCA_Academic_Bigram_Range,no,0.3610594115385206,0.16449670256070145,87,178,,,,,,,,
TAALES,COCA_academic_tri_2_T,no,0.3609970514127121,0.1644682916268248,45,179,,,,,,,,
TAALES_COVERAGE,COCA_academic_bi_DP,no,0.36089565328967366,0.1644220951939037,88,180,,,,,,,,
POLKE,polke_277_per_100_words,no,0.36075282655700036,0.1643570241119392,14,181,277,Can form some irregular plural nouns.,A2,1,1,1,5.0,sustained_usage
TAALES_COVERAGE,COCA_academic_bi_MI,no,0.3606459407146154,0.16430832750395488,89,182,,,,,,,,
TAALES,BG_Mean_FW,no,0.36019559933001544,0.16410315442045137,46,183,,,,,,,,
TAALES,COCA_news_bi_prop_90k,no,0.3592559433979048,0.16367505229256288,47,184,,,,,,,,
TAALES,COCA_news_bi_prop_10k,no,0.35912639093282905,0.1636160288946607,48,185,,,,,,,,
TAALES,Sem_D_FW,no,0.3590082343379941,0.16356219739320965,49,186,,,,,,,,
TAALES_COVERAGE,Freq_N_OG_FW,no,0.358967239049913,0.16354352016310747,90,187,,,,,,,,
TAALES,COCA_academic_bi_prop_70k,no,0.3589252146048447,0.16352437405468387,50,188,,,,,,,,
TAALES_COVERAGE,COCA_academic_tri_2_T,no,0.3589126881284539,0.16351866706022494,91,189,,,,,,,,
TAALES_COVERAGE,Freq_N_OGH_FW,no,0.3587760602187844,0.1634564201282792,92,190,,,,,,,,
TAALES,COCA_magazine_bi_prop_80k,no,0.35823895682238716,0.16321171874446813,51,191,,,,,,,,
TAALES_COVERAGE,OG_N_H_FW,no,0.35817054997985176,0.16318055295936446,93,192,,,,,,,,
TAALES_COVERAGE,COCA_academic_tri_2_DP,no,0.35800922285554604,0.16310705319967447,94,193,,,,,,,,
TAASSC,amod_dep,no,0.35800911619522635,0.1631070046058134,19,194,,,,,,,,
TAALES,COCA_news_bi_prop_100k,no,0.35777053347487175,0.16299830761708498,52,195,,,,,,,,
TAALES_COVERAGE,COCA_academic_tri_2_AC,no,0.35775025393232607,0.16298906836788776,95,196,,,,,,,,
TAALES_COVERAGE,aoe_inverse_linear_regression_slope,no,0.3570964756200872,0.16269121052750982,96,197,,,,,,,,
TAALES,OLD_FW,no,0.35697022257152167,0.16263369032581013,53,198,,,,,,,,
TAALES_COVERAGE,COCA_academic_tri_2_MI2,no,0.35694009634150525,0.16261996497939923,97,199,,,,,,,,
TAALES,LD_Mean_Accuracy_FW,no,0.3567042796902329,0.16251252819668827,54,200,,,,,,,,
TAALES_COVERAGE,COCA_Academic_Trigram_Frequency_Log,no,0.35661976677120766,0.16247402457080523,98,201,,,,,,,,
TAALES,COCA_academic_tri_prop_20k,no,0.3564862884780178,0.1624132125869835,55,202,,,,,,,,
TAASSC,infinitive_prop,no,0.35631220491202376,0.1623339010618968,20,203,,,,,,,,
TAALES_COVERAGE,aoe_inverse_average,no,0.3562146900550518,0.162289473823858,99,204,,,,,,,,
TAALES_COVERAGE,COCA_academic_tri_2_MI,no,0.35617166711607373,0.16226987280704416,100,205,,,,,,,,
TAALES_COVERAGE,aoe_inflection_point_polynomial,no,0.3558647296547468,0.1621300337704006,101,206,,,,,,,,
TAALES,COCA_magazine_bi_prop_70k,no,0.3558163633236431,0.16210799833321973,56,207,,,,,,,,
TAALES,COCA_academic_tri_prop_100k,no,0.3557833219385409,0.16209294485801967,57,208,,,,,,,,
TAALES,SUBTLEXus_Range_FW,no,0.35571841222628464,0.16206337234643545,58,209,,,,,,,,
TAALES_COVERAGE,BNC_Written_Trigram_Freq_Normed_Log,no,0.3556298126014297,0.16202300683962134,102,210,,,,,,,,
TAALES_COVERAGE,COCA_Academic_Trigram_Frequency,no,0.35549266230353815,0.16196052191044516,103,211,,,,,,,,
TAALES_COVERAGE,aoe_index_above_threshold_40,no,0.35540724752108455,0.16192160740049322,104,212,,,,,,,,
TAASSC,mlc,yes,0.35534869134581015,0.16189492952577406,21,213,,,,,,,,
TAALES,COCA_news_bi_prop_60k,no,0.3550480263177964,0.16175794817560557,59,214,,,,,,,,
TAALES_COVERAGE,COCA_Academic_Trigram_Range,no,0.35494630149630124,0.1617116029006459,105,215,,,,,,,,
TAALES_COVERAGE,content_poly,no,0.35465723422637074,0.16157990542593068,106,216,,,,,,,,
TAALES_COVERAGE,COCA_Academic_Trigram_Range_Log,no,0.3546473277710058,0.1615753920987897,107,217,,,,,,,,
TAASSC,jj_attributive,no,0.35422402535272335,0.16138253782116063,22,218,,,,,,,,
TAALES_COVERAGE,COCA_academic_tri_T,no,0.354207773281193,0.16137513346583549,108,219,,,,,,,,
TAALES_COVERAGE,COCA_academic_tri_DP,no,0.3539927407412642,0.16127716581111956,109,220,,,,,,,,
TAALES_COVERAGE,COCA_academic_tri_AC,no,0.3538609387614384,0.16121711754654192,110,221,,,,,,,,
TAALES,COCA_magazine_bi_prop_50k,no,0.35375777784497586,0.16117011799453212,60,222,,,,,,,,
TAALES,BNC_Written_Bigram_Proportion,no,0.3536099968705497,0.16110278978699222,61,223,,,,,,,,
TAALES,COCA_magazine_bi_prop_60k,no,0.3535189351916821,0.16106130258177148,62,224,,,,,,,,
TAALES_COVERAGE,COCA_academic_tri_MI2,no,0.35346513838698934,0.16103679305038288,111,225,,,,,,,,
TAALES_COVERAGE,COCA_academic_tri_MI,no,0.353454496758451,0.16103194478234584,112,226,,,,,,,,
TAALES_COVERAGE,Sem_D_CW,no,0.3534096185037292,0.1610114984937781,113,227,,,,,,,,
TAALES_COVERAGE,BNC_Written_Bigram_Freq_Normed_Log,no,0.35340203462479636,0.16100804331981725,114,228,,,,,,,,
TAALES,BNC_Written_Trigram_Proportion,no,0.35303351469660305,0.16084014764647805,63,229,,,,,,,,
TAALES_COVERAGE,BNC_Written_Trigram_Freq_Normed,no,0.3529055578713245,0.160781851213382,115,230,,,,,,,,
TAASSC,amod_nominal,no,0.3527304512033509,0.16070207356860242,23,231,,,,,,,,
TAALES,COCA_news_bi_prop_80k,no,0.3525174433686846,0.16060502835858312,64,232,,,,,,,,
TAALES,COCA_news_bi_prop_70k,no,0.3522713455373623,0.1604929075262044,65,233,,,,,,,,
TAALES,COCA_news_tri_prop_20k,no,0.3520949174224288,0.16041252783738288,66,234,,,,,,,,
TAASSC,wrd_length,no,0.3520770202527679,0.1604043739843041,24,235,,,,,,,,
TAALES_COVERAGE,BNC_Written_Bigram_Freq_Normed,no,0.3519152228199496,0.1603306599546158,116,236,,,,,,,,
TAALES,COCA_academic_tri_2_DP,no,0.3518525005765212,0.1603020840419226,67,237,,,,,,,,
TAALES,MRC_Imageability_AW,no,0.35147326209051366,0.16012930505198703,68,238,,,,,,,,
POLKE,polke_279_per_100_words,no,0.3512324573044694,0.16001959570222565,15,239,279,Can use a limited range of uncountable nouns.,A2,1,1,1,5.0,sustained_usage
TAALES,Ortho_N_FW,no,0.35088351311781496,0.15986061863017595,69,240,,,,,,,,
TAALES,MRC_Meaningfulness_FW,no,0.35080213400036975,0.1598235427472347,70,241,,,,,,,,
TAASSC,dc_c,no,0.3507105378701194,0.1597818120488732,25,242,,,,,,,,
TAALES_COVERAGE,MRC_Meaningfulness_AW,no,0.35055821822059396,0.15971241604566316,117,243,,,,,,,,
TAALES,COCA_academic_tri_2_MI2,no,0.34938492971991497,0.15917787219125518,71,244,,,,,,,,
TAALES,COCA_magazine_bi_prop_40k,no,0.3487911285446925,0.15890733960803144,72,245,,,,,,,,
TAALES_COVERAGE,Freq_N_OG,no,0.34875408780382955,0.15889046404811624,118,246,,,,,,,,
TAALES,COCA_magazine_tri_prop_20k,no,0.348725377857678,0.15887738395292497,73,247,,,,,,,,
TAALES,COCA_fiction_bi_prop_60k,no,0.3484086579328207,0.15873308807914538,74,248,,,,,,,,
TAALES_COVERAGE,COCA_fiction_bi_AC,no,0.34834884303895697,0.15870583673908842,119,249,,,,,,,,
TAALES,COCA_news_bi_prop_50k,no,0.3481615959756792,0.15862052799629142,75,250,,,,,,,,
TAALES_COVERAGE,COCA_Fiction_Bigram_Range_Log,no,0.3481510541388997,0.1586157251928365,120,251,,,,,,,,
TAALES_COVERAGE,SUBTLEXus_Range_CW,no,0.34809445728903077,0.15858993997610699,121,252,,,,,,,,
TAALES,aoe_index_above_threshold_40,no,0.3480339719661254,0.15856238319222796,76,253,,,,,,,,
TAALES_COVERAGE,COCA_Fiction_Bigram_Range,no,0.3478636276246281,0.15848477523746843,122,254,,,,,,,,
TAALES_COVERAGE,COCA_fiction_bi_DP,no,0.3478531543118666,0.15848000365318315,123,255,,,,,,,,
TAALES_COVERAGE,COCA_fiction_bi_T,no,0.34749806733448674,0.1583182279591157,124,256,,,,,,,,
TAALES_COVERAGE,COCA_fiction_bi_MI,no,0.34741728821231055,0.1582814254307531,125,257,,,,,,,,
TAASSC,nn_all,no,0.34740286315245195,0.1582748534520007,26,258,,,,,,,,
TAALES,COCA_academic_tri_MI,no,0.34737199643517247,0.1582607907436234,77,259,,,,,,,,
TAALES_COVERAGE,COCA_Fiction_Bigram_Frequency_Log,no,0.3472936994476865,0.1582251190623148,126,260,,,,,,,,
TAALES,Kuperman_AoA_CW,no,0.34718505854735415,0.15817562285948283,78,261,,,,,,,,
TAALES_COVERAGE,COCA_fiction_bi_MI2,no,0.34716300308039383,0.1581655745087891,127,262,,,,,,,,
TAALES_COVERAGE,SUBTLEXus_Freq_CW,no,0.346879964989641,0.1580366238952889,128,263,,,,,,,,
TAALES_COVERAGE,COCA_Fiction_Bigram_Frequency,no,0.34684261175925135,0.1580196059668463,129,264,,,,,,,,
TAALES_COVERAGE,OG_N_H,no,0.3467728866245716,0.15798783957501747,130,265,,,,,,,,
TAALES_COVERAGE,COCA_spoken_Bigram_Frequency_Log,no,0.3466946200109349,0.15795218173186923,131,266,,,,,,,,
TAALES,COCA_spoken_bi_prop_90k,no,0.34667867206479297,0.15794491593441562,79,267,,,,,,,,
TAALES,COCA_fiction_bi_prop_50k,no,0.3466570535494511,0.1579350666565008,80,268,,,,,,,,
TAALES,COCA_fiction_bi_prop_80k,no,0.34659212705694475,0.157905486499926,81,269,,,,,,,,
TAALES,COCA_spoken_bi_prop_100k,no,0.3465581167612637,0.1578899915943402,82,270,,,,,,,,
TAALES,MRC_Imageability_FW,no,0.3464576576781777,0.15784422298291004,83,271,,,,,,,,
TAALES_COVERAGE,SUBTLEXus_Range_CW_Log,no,0.34607804591543845,0.15767127393012734,132,272,,,,,,,,
TAALES_COVERAGE,PLD_CW,no,0.34604183795497434,0.15765477778042883,133,273,,,,,,,,
TAALES_COVERAGE,COCA_spoken_Bigram_Frequency,no,0.3460113206941191,0.15764087428249624,134,274,,,,,,,,
TAALES_COVERAGE,COCA_spoken_Bigram_Range_Log,no,0.34585163484362447,0.1575681222782207,135,275,,,,,,,,
TAALES_COVERAGE,COCA_spoken_Bigram_Range,no,0.34569320215553345,0.157495941207915,136,276,,,,,,,,
TAALES_COVERAGE,SUBTLEXus_Freq_CW_Log,no,0.34566491307540836,0.15748305285699452,137,277,,,,,,,,
TAALES_COVERAGE,COCA_spoken_bi_T,no,0.34562816135927443,0.15746630897517264,138,278,,,,,,,,
TAALES,COCA_spoken_bi_prop_80k,no,0.34557256292248173,0.157440978630006,84,279,,,,,,,,
TAALES_COVERAGE,COCA_spoken_bi_MI,no,0.3452252619309637,0.15728275018871613,139,280,,,,,,,,
TAALES_COVERAGE,OLD_CW,no,0.3450912810920763,0.1572217092478101,140,281,,,,,,,,
TAALES_COVERAGE,Freq_N_OGH,no,0.3450862903369343,0.15721943548693332,141,282,,,,,,,,
TAALES,COCA_academic_tri_prop_10k,no,0.34508489852170676,0.15721880138349165,85,283,,,,,,,,
TAALES_COVERAGE,OLDF_CW,no,0.3449832390353884,0.1571724858748829,142,284,,,,,,,,
TAALES,COCA_fiction_bi_prop_70k,no,0.34487335660680696,0.1571224240385386,86,285,,,,,,,,
TAALES,COCA_fiction_bi_prop_100k,no,0.3446725562445976,0.15703094048652236,87,286,,,,,,,,
TAALES,COCA_fiction_bi_prop_90k,no,0.3443982932829672,0.15690598777408513,88,287,,,,,,,,
TAALES,COCA_magazine_bi_prop_30k,no,0.3443324524503968,0.1568759910491541,89,288,,,,,,,,
TAALES_COVERAGE,COCA_spoken_bi_AC,no,0.3442655997588133,0.15684553332676449,143,289,,,,,,,,
TAALES_COVERAGE,COCA_spoken_bi_DP,no,0.34425030981606275,0.1568385673120743,144,290,,,,,,,,
TAALES_COVERAGE,COCA_spoken_bi_MI2,no,0.344057790663419,0.1567508566340595,145,291,,,,,,,,
TAALES,COCA_fiction_bi_prop_40k,no,0.3439101451568658,0.15668359014494507,90,292,,,,,,,,
TAALES,COCA_magazine_bi_prop_20k,no,0.34297629492905823,0.1562581330643352,91,293,,,,,,,,
TAALES_COVERAGE,PLDF_CW,no,0.3428831143059692,0.15621568047966114,146,294,,,,,,,,
TAALES,COCA_news_bi_prop_30k,no,0.3428491801495861,0.15620022026272506,92,295,,,,,,,,
POLKE,polke_92_per_100_words,no,0.3428432871734848,0.15619753545489024,16,296,92,"Can use the pronouns 'I', 'you', 'he', 'she', 'it', 'we' and 'they' in the subject position before a verb in statements.",A1,1,1,1,5.0,sustained_usage
TAALES,COCA_spoken_bi_prop_70k,no,0.3423934588030124,0.15599259609783084,93,297,,,,,,,,
TAALES,COCA_magazine_bi_prop_10k,no,0.34226908925347344,0.15593593400803527,94,298,,,,,,,,
TAALES,COCA_spoken_bi_prop_60k,no,0.3422598140227171,0.1559317082633901,95,299,,,,,,,,
TAALES,COCA_spoken_bi_prop_20k,no,0.3418888820490449,0.1557627136752601,96,300,,,,,,,,
L2SCA,MLC,no,0.3417493562245122,0.1556991464690768,5,301,,,,,,,,
TAALES,COCA_magazine_tri_prop_10k,no,0.3417060340964144,0.15567940914332856,97,302,,,,,,,,
TAALES,COCA_news_bi_prop_40k,no,0.34165761565628916,0.1556573499655611,98,303,,,,,,,,
TAALES,COCA_fiction_bi_prop_30k,no,0.341604272385156,0.15563304706159356,99,304,,,,,,,,
POLKE,polke_73_per_100_words,no,0.3410348077790011,0.15537360208676695,17,305,73,Can use nouns and noun phrases as complements of prepositions in prepositional phrases.,A1,1,1,1,5.0,sustained_usage
TAALES,COCA_spoken_bi_prop_40k,no,0.33954799332202557,0.1546962175132701,100,306,,,,,,,,
TAALES_COVERAGE,Freq_N_P,no,0.33934666149598325,0.15460449182922445,147,307,,,,,,,,
TAALES,BNC_Spoken_Trigram_Normed_Freq_Log,no,0.33931788329708423,0.15459138063845296,101,308,,,,,,,,
TAALES,Kuperman_AoA_AW,no,0.33899511741209754,0.15444433025814808,102,309,,,,,,,,
TAALES,COCA_academic_tri_MI2,no,0.33883463762609534,0.1543712165411769,103,310,,,,,,,,
TAALES_COVERAGE,Freq_N_PH,no,0.33832372756938867,0.15413844870035195,148,311,,,,,,,,
TAALES,COCA_magazine_tri_prop_40k,no,0.3383223043561916,0.15413780029216625,104,312,,,,,,,,
TAALES,COCA_spoken_bi_prop_30k,no,0.33763016554149994,0.15382246561567658,105,313,,,,,,,,
TAALES,COCA_news_tri_prop_90k,no,0.3375667655907262,0.15379358094320578,106,314,,,,,,,,
TAALES,Brysbaert_Concreteness_Combined_FW,no,0.3374014807653376,0.1537182780764452,107,315,,,,,,,,
TAALES,COCA_spoken_bi_prop_10k,no,0.3373872229900927,0.15371178231165225,108,316,,,,,,,,
TAALES,COCA_spoken_bi_prop_50k,no,0.33692441394536576,0.15350092903005946,109,317,,,,,,,,
TAALES,COCA_news_tri_prop_30k,no,0.33669177789495564,0.15339494131178855,110,318,,,,,,,,
LCA,ndwz,yes,0.33655979565590943,0.15333481092209128,13,319,,,,,,,,
TAALES,COCA_magazine_tri_prop_100k,no,0.33655371861680106,0.15333204225615232,111,320,,,,,,,,
TAALES_COVERAGE,COCA_magazine_tri_2_MI,no,0.33613166053475974,0.15313975489134152,149,321,,,,,,,,
TAALES,COCA_news_bi_prop_20k,no,0.33603240716140803,0.1530945355947033,112,322,,,,,,,,
TAALES,COCA_magazine_tri_prop_30k,no,0.33602845828906824,0.15309273650995997,113,323,,,,,,,,
TAALES,COCA_fiction_bi_prop_20k,no,0.33601645437196703,0.15308726759066896,114,324,,,,,,,,
TAALES,COCA_news_tri_prop_80k,no,0.33600208391990005,0.1530807204909292,115,325,,,,,,,,
TAALES,COCA_news_tri_prop_70k,no,0.3358954765823299,0.1530321507682225,116,326,,,,,,,,
TAALES,COCA_news_tri_prop_50k,no,0.3358438264205277,0.1530086192356501,117,327,,,,,,,,
TAALES,MRC_Concreteness_FW,no,0.33567145848935054,0.15293008934444735,118,328,,,,,,,,
TAALES_COVERAGE,McD_CD_CW,no,0.3355873254220758,0.1528917587769542,150,329,,,,,,,,
TAALES,COCA_news_tri_prop_100k,no,0.3354734721634447,0.15283988785205352,119,330,,,,,,,,
TAALES,eat_types,no,0.3352372057973607,0.1527322461817223,120,331,,,,,,,,
TAALES_COVERAGE,BNC_Written_Freq_AW,no,0.3351872336744828,0.1527094791545498,151,332,,,,,,,,
TAALES,COCA_news_tri_prop_40k,no,0.33511802765294263,0.1526779492678417,121,333,,,,,,,,
TAALES_COVERAGE,COCA_magazine_tri_2_T,no,0.3346725753022346,0.15247500360156716,152,334,,,,,,,,
TAALES_COVERAGE,BNC_Written_Range_AW,no,0.3346706965251687,0.15247414764096257,153,335,,,,,,,,
TAALES_COVERAGE,COCA_magazine_tri_AC,no,0.3345642956074033,0.15242567196199536,154,336,,,,,,,,
TAASSC,poss_dep,no,0.3345568236707166,0.1524222677883125,27,337,,,,,,,,
TAALES_COVERAGE,COCA_magazine_tri_T,no,0.33416023873761524,0.15224158585150202,155,338,,,,,,,,
POLKE,polke_70_per_100_words,no,0.3340916313827327,0.15221032871406442,18,339,70,Can form plurals by adding '-s' to common countable nouns.,A1,1,1,1,5.0,sustained_usage
TAALES_COVERAGE,COCA_magazine_tri_2_DP,no,0.33402691640007376,0.1521808449202248,156,340,,,,,,,,
TAALES,COCA_magazine_tri_prop_50k,no,0.33399490094226447,0.15216625885191498,122,341,,,,,,,,
POLKE,polke_860_per_100_words,no,0.33399175261024583,0.15216482448898444,19,342,860,Can use uncountable nouns without a definite article to refer to an abstract thing in general.,B2,1,1,1,5.0,sustained_usage
TAALES_COVERAGE,BNC_Written_Freq_AW_Log,no,0.3337847635542377,0.15207052140176008,157,343,,,,,,,,
TAALES_COVERAGE,COCA_Magazine_Trigram_Frequency,no,0.3337202515655715,0.15204113009087858,158,344,,,,,,,,
TAASSC,non_past_tense,no,0.3336485925614108,0.15200848263864075,28,345,,,,,,,,
TAALES_COVERAGE,COCA_magazine_tri_2_AC,no,0.3335580553751254,0.15196723438938559,159,346,,,,,,,,
TAALES,COCA_fiction_tri_prop_10k,no,0.33335192809378444,0.15187332392200875,123,347,,,,,,,,
TAALES,COCA_news_tri_prop_60k,no,0.3333409596394117,0.15186832675390055,124,348,,,,,,,,
TAALES_COVERAGE,COCA_magazine_tri_MI2,no,0.3333294026355409,0.15186306144584466,160,349,,,,,,,,
TAALES_COVERAGE,COCA_Magazine_Trigram_Range_Log,no,0.3330084251336838,0.151716825843159,161,350,,,,,,,,
TAALES_COVERAGE,COCA_magazine_tri_MI,no,0.33290878663945245,0.15167143108754433,162,351,,,,,,,,
TAALES_COVERAGE,Freq_N,no,0.33288486973778797,0.15166053467733165,163,352,,,,,,,,
TAALES_COVERAGE,COCA_Magazine_Trigram_Range,no,0.33276436096165485,0.15160563153488466,164,353,,,,,,,,
TAALES,COCA_magazine_tri_prop_70k,no,0.33251827165166636,0.15149351458477928,125,354,,,,,,,,
TAALES,COCA_magazine_tri_prop_80k,no,0.3324674980252098,0.15147038239693913,126,355,,,,,,,,
TAALES_COVERAGE,COCA_magazine_tri_2_MI2,no,0.33232398878401703,0.15140500036780824,165,356,,,,,,,,
TAALES_COVERAGE,COCA_magazine_tri_DP,no,0.33215048935220404,0.15132595497107482,166,357,,,,,,,,
TAALES_COVERAGE,TL_Freq_FW_Log,no,0.3319033600120318,0.15121336418887887,167,358,,,,,,,,
TAALES_COVERAGE,TL_Freq_FW,no,0.331873565606954,0.1511997900201038,168,359,,,,,,,,
TAALES_COVERAGE,COCA_Magazine_Trigram_Frequency_Log,no,0.3318276753903997,0.15117888268723353,169,360,,,,,,,,
TAALES_COVERAGE,COCA_News_Trigram_Frequency,no,0.3316815557412687,0.15111231137045505,170,361,,,,,,,,
TAALES_COVERAGE,COCA_news_tri_MI,no,0.3315890281403431,0.1510701562991241,171,362,,,,,,,,
POLKE,polke_46_per_100_words,no,0.3314965745244485,0.15102803493497058,20,363,46,"Can use possessive determiners 'my', 'your', 'his', 'her' and 'our' before nouns. ► noun phrases ► possessive pronouns",A1,1,1,1,5.0,sustained_usage
TAASSC,nn_abstract,no,0.33142682419070413,0.15099625706258507,29,364,,,,,,,,
TAALES_COVERAGE,COCA_spoken_Frequency_AW,no,0.3309018797452876,0.15075709523065658,172,365,,,,,,,,
TAALES_COVERAGE,COCA_spoken_Range_AW,no,0.3308797135269481,0.15074699642223735,173,366,,,,,,,,
TAALES_COVERAGE,COCA_news_tri_2_AC,no,0.3308705515830104,0.15074282229045008,174,367,,,,,,,,
POLKE,polke_280_per_100_words,no,0.3308353952806433,0.15072680527045615,21,368,280,Can use uncountable nouns with 'the' to talk about something specific.,A2,1,1,1,5.0,sustained_usage
TAASSC,nn_concrete,no,0.33081975990577384,0.15071968187877283,30,369,,,,,,,,
TAALES,COCA_magazine_tri_prop_90k,no,0.3307725132174344,0.15069815654474086,127,370,,,,,,,,
TAALES,COCA_academic_tri_2_MI,no,0.330706829619992,0.15066823145527827,128,371,,,,,,,,
TAALES_COVERAGE,COCA_News_Trigram_Range_Log,no,0.3307059584997445,0.15066783457763525,175,372,,,,,,,,
TAALES_COVERAGE,BNC_Spoken_Trigram_Normed_Freq_Log,no,0.3306746571177994,0.15065357383840228,176,373,,,,,,,,
TAALES_COVERAGE,COCA_news_tri_AC,no,0.3305695808908644,0.15060570168136675,177,374,,,,,,,,
TAALES,BNC_Spoken_Trigram_Proportion,no,0.3305522420386082,0.15059780219465851,129,375,,,,,,,,
TAALES_COVERAGE,COCA_news_tri_DP,no,0.3302878261093105,0.1504773357365522,178,376,,,,,,,,
TAALES_COVERAGE,COCA_fiction_Frequency_Log_AW,no,0.33021921072843563,0.15044607494251622,179,377,,,,,,,,
TAALES_COVERAGE,COCA_news_tri_2_MI,no,0.330149874881589,0.15041448590810516,180,378,,,,,,,,
TAALES_COVERAGE,COCA_news_tri_2_DP,no,0.3299521179234719,0.15032438891442734,181,379,,,,,,,,
TAALES,COCA_fiction_tri_prop_50k,no,0.32994399462172375,0.15032068798236806,130,380,,,,,,,,
TAALES_COVERAGE,COCA_news_tri_T,no,0.3299146225850613,0.15030730624234395,182,381,,,,,,,,
TAALES_COVERAGE,COCA_spoken_Range_Log_AW,no,0.3298014551519328,0.1502557477758091,183,382,,,,,,,,
TAALES,COCA_spoken_tri_prop_40k,no,0.32976425569045764,0.15023879990364694,131,383,,,,,,,,
TAALES,COCA_magazine_tri_prop_60k,no,0.32954736468682677,0.15013998554298444,132,384,,,,,,,,
TAALES_COVERAGE,COCA_news_tri_2_T,no,0.32930387978689657,0.15002905514792517,184,385,,,,,,,,
TAALES_COVERAGE,COCA_news_tri_MI2,no,0.32923756042322383,0.14999884040682868,185,386,,,,,,,,
TAALES_COVERAGE,COCA_News_Trigram_Range,no,0.32917533207188976,0.14997048950868527,186,387,,,,,,,,
TAALES_COVERAGE,COCA_News_Trigram_Frequency_Log,no,0.32916087961638274,0.14996390504862459,187,388,,,,,,,,
TAALES_COVERAGE,COCA_fiction_Range_Log_AW,no,0.3288566793433665,0.14982531306007618,188,389,,,,,,,,
TAALES_COVERAGE,COCA_spoken_Frequency_Log_AW,no,0.32878465001341395,0.1497924968894234,189,390,,,,,,,,
TAALES_COVERAGE,BNC_Spoken_Trigram_Normed_Freq,no,0.3287029036455551,0.1497552536891927,190,391,,,,,,,,
TAALES,COCA_spoken_tri_prop_10k,no,0.3282525356862589,0.14955006849840227,133,392,,,,,,,,
TAALES,COCA_spoken_tri_prop_50k,no,0.32819731675289,0.14952491105292978,134,393,,,,,,,,
TAALES_COVERAGE,COCA_news_tri_2_MI2,no,0.32794952568531466,0.14941201879133093,191,394,,,,,,,,
TAALES,COCA_spoken_tri_prop_70k,no,0.32756790730381047,0.14923815553396147,135,395,,,,,,,,
TAALES,COCA_spoken_tri_prop_20k,no,0.32747439149829516,0.1491955502419985,136,396,,,,,,,,
TAALES,COCA_fiction_bi_prop_10k,no,0.32745510447589554,0.1491867631795773,137,397,,,,,,,,
TAALES,COCA_fiction_tri_prop_60k,no,0.32744928009356133,0.14918410962268938,138,398,,,,,,,,
TAALES_COVERAGE,COCA_fiction_Range_AW,no,0.3273667478895623,0.14914650839979077,192,399,,,,,,,,
TAALES_COVERAGE,COCA_fiction_Frequency_AW,no,0.3273083242606889,0.1491198909124904,193,400,,,,,,,,
TAALES,COCA_spoken_tri_prop_90k,no,0.3271696936064341,0.14905673154101307,139,401,,,,,,,,
TAALES,COCA_spoken_tri_prop_60k,no,0.3270891667909477,0.14902004396220495,140,402,,,,,,,,
TAALES,COCA_fiction_tri_prop_90k,no,0.3270427989223892,0.14899891901368156,141,403,,,,,,,,
TAALES,OLDF_FW,no,0.32700224654951304,0.14898044357333584,142,404,,,,,,,,
TAALES_COVERAGE,BNC_Spoken_Bigram_Normed_Freq_Log,no,0.3268554999967237,0.14891358664266302,194,405,,,,,,,,
TAALES_COVERAGE,COCA_spoken_tri_2_T,no,0.3265689381532759,0.14878303062661566,195,406,,,,,,,,
TAALES,COCA_fiction_tri_prop_80k,no,0.3265360757925033,0.14876805871392568,143,407,,,,,,,,
TAALES,Phono_N_FW,no,0.32622325265678764,0.1486255381960678,144,408,,,,,,,,
TAALES_COVERAGE,COCA_spoken_tri_2_AC,no,0.32610251810877244,0.14857053219318028,196,409,,,,,,,,
TAALES_COVERAGE,BNC_Spoken_Bigram_Normed_Freq,no,0.32600533693795697,0.14852625698073804,197,410,,,,,,,,
TAALES_COVERAGE,COCA_spoken_Trigram_Frequency_Log,no,0.32596691698512403,0.14850875305935674,198,411,,,,,,,,
TAALES,COCA_fiction_tri_prop_70k,no,0.3259477067778822,0.1485000009935033,145,412,,,,,,,,
TAALES_COVERAGE,COCA_spoken_tri_2_MI2,no,0.3258130360613669,0.14843864574810517,199,413,,,,,,,,
TAALES_COVERAGE,COCA_spoken_Trigram_Range,no,0.32557828744067896,0.1483316955543149,200,414,,,,,,,,
TAALES_COVERAGE,COCA_spoken_tri_2_MI,no,0.32556386633667156,0.1483251253778268,201,415,,,,,,,,
TAALES_COVERAGE,COCA_spoken_Trigram_Range_Log,no,0.32549426909426415,0.1482934172530211,202,416,,,,,,,,
TAALES_COVERAGE,COCA_spoken_tri_MI,no,0.3254837706795568,0.14828863423242591,203,417,,,,,,,,
TAALES_COVERAGE,COCA_spoken_Trigram_Frequency,no,0.32532768352320396,0.1482175217736128,204,418,,,,,,,,
TAALES,COCA_Academic_Trigram_Range,no,0.32529373522184146,0.14820205511230108,146,419,,,,,,,,
TAALES,COCA_spoken_tri_prop_100k,no,0.32524207559742635,0.14817851926861375,147,420,,,,,,,,
TAALES,COCA_spoken_tri_prop_30k,no,0.3252370039277297,0.14817620864350634,148,421,,,,,,,,
TAALES_COVERAGE,COCA_spoken_tri_AC,no,0.32521186542071545,0.1481647556765458,205,422,,,,,,,,
TAALES_COVERAGE,COCA_spoken_tri_T,no,0.32511312306836837,0.14811976919829567,206,423,,,,,,,,
POLKE,polke_48_per_100_words,no,0.32466494827476833,0.14791558320185844,22,424,48,"Can use a limited range of quantifying determiners with singular nouns ('a', 'every').► determiners: articles",A1,1,1,1,5.0,sustained_usage
TAALES_COVERAGE,COCA_spoken_tri_MI2,no,0.32462292394961256,0.14789643714806633,207,425,,,,,,,,
TAALES,COCA_fiction_tri_prop_100k,no,0.3245724615480392,0.14787344675258893,149,426,,,,,,,,
TAALES,BNC_Spoken_Bigram_Proportion,no,0.32445890131630906,0.1478217093291493,150,427,,,,,,,,
TAALES,COCA_fiction_tri_prop_30k,no,0.32442368625769813,0.14780566554013047,151,428,,,,,,,,
TAALES,COCA_spoken_tri_prop_80k,no,0.3243692456024285,0.14778086267392368,152,429,,,,,,,,
TAALES_COVERAGE,COCA_spoken_tri_2_DP,no,0.32419375569016484,0.14770091042513162,208,430,,,,,,,,
L2SCA,CN,yes,0.32413787511763337,0.14767545154045814,6,431,,,,,,,,
TAALES,OG_N_H_FW,no,0.32404477417938393,0.14763303525976326,153,432,,,,,,,,
TAALES_COVERAGE,COCA_fiction_tri_2_MI2,no,0.3240415275775965,0.14763155612566098,209,433,,,,,,,,
TAALES_COVERAGE,COCA_fiction_tri_2_T,no,0.32342589082404105,0.1473510753718052,210,434,,,,,,,,
TAALES_COVERAGE,COCA_Fiction_Trigram_Range,no,0.32315865415237477,0.14722932379882978,211,435,,,,,,,,
TAALES_COVERAGE,COCA_Fiction_Trigram_Range_Log,no,0.32305753595907705,0.14718325490037482,212,436,,,,,,,,
TAALES_COVERAGE,COCA_spoken_tri_DP,no,0.32304179975411573,0.14717608557105052,213,437,,,,,,,,
TAALES_COVERAGE,COCA_fiction_tri_T,no,0.32293892151933523,0.14712921480727637,214,438,,,,,,,,
TAALES,BNC_Written_Range_FW,no,0.3228162927978704,0.14707334582927564,154,439,,,,,,,,
TAALES,Freq_N_OGH_FW,no,0.32262057134308497,0.146984176199836,155,440,,,,,,,,
TAALES_COVERAGE,COCA_fiction_tri_AC,no,0.32228247586159275,0.146830141738806,215,441,,,,,,,,
TAALES,COCA_Academic_Trigram_Frequency,no,0.3221027120013793,0.1467482423025922,156,442,,,,,,,,
TAALES_COVERAGE,COCA_Fiction_Trigram_Frequency,no,0.32195321487962536,0.14668013222767115,216,443,,,,,,,,
TAALES_COVERAGE,COCA_fiction_tri_2_DP,no,0.3219454322607853,0.14667658650889034,217,444,,,,,,,,
TAALES,WN_Mean_Accuracy_CW,no,0.3218788407258675,0.1466462477680561,157,445,,,,,,,,
TAALES_COVERAGE,COCA_fiction_tri_MI2,no,0.32184230554241156,0.14662960253734367,218,446,,,,,,,,
TAALES_COVERAGE,COCA_Fiction_Trigram_Frequency_Log,no,0.32171834293337165,0.14657312584742443,219,447,,,,,,,,
TAALES_COVERAGE,COCA_fiction_tri_MI,no,0.3214591901235204,0.14645505723788946,220,448,,,,,,,,
TAALES_COVERAGE,COCA_fiction_tri_2_MI,no,0.3214210796811896,0.14643769432780815,221,449,,,,,,,,
TAASSC,np,no,0.3213769181094097,0.14641757455608767,31,450,,,,,,,,
TAALES,COCA_fiction_tri_prop_20k,no,0.3213312263544492,0.14639675764123927,158,451,,,,,,,,
TAALES_COVERAGE,Brown_Freq_CW,no,0.3211794107696102,0.1463275912871566,222,452,,,,,,,,
TAALES_COVERAGE,COCA_fiction_tri_2_AC,no,0.3211107331760208,0.14629630214934652,223,453,,,,,,,,
TAALES,BNC_Spoken_Trigram_Normed_Freq,no,0.321088554162301,0.14628619751142166,159,454,,,,,,,,
TAALES_COVERAGE,Brown_Freq_CW_Log,no,0.32096593218653036,0.1462303316067225,224,455,,,,,,,,
TAALES,COCA_fiction_tri_prop_40k,no,0.3208791266786206,0.1461907834898228,160,456,,,,,,,,
TAALES_COVERAGE,COCA_fiction_tri_DP,no,0.3205550684738916,0.14604314433567775,225,457,,,,,,,,
TAASSC,np_deps,no,0.3203487590123131,0.14594915086797633,32,458,,,,,,,,
TAASSC,nn_animate,no,0.32014926747976435,0.1458582636116292,33,459,,,,,,,,
TAALES,USF_FW,no,0.3199925930599119,0.14578688359876227,161,460,,,,,,,,
TAALES,MRC_Concreteness_AW,no,0.3192364651876898,0.1454423958559701,162,461,,,,,,,,
POLKE,polke_477_per_100_words,no,0.3185384463445122,0.14512438227050872,23,462,477,Can use no article before an increasing range of nouns in some fixed expressions with prepositions.,B1,1,1,1,5.0,sustained_usage
TAASSC,cc_phrase,no,0.31825183636179055,0.1449938043224702,34,463,,,,,,,,
TAALES,MRC_Meaningfulness_AW,no,0.31778361316337733,0.14478048438192856,163,464,,,,,,,,
TAASSC,nonfinite_clause,no,0.31759972417337945,0.14469670555903905,35,465,,,,,,,,
TAALES,hyper_verb_S1_P1,no,0.3166759187683028,0.1442758248449889,164,466,,,,,,,,
TAALES,Freq_N_OG_FW,no,0.31630043190702395,0.1441047550748587,165,467,,,,,,,,
TAALES,KF_Ncats_AW,no,0.3161670516271702,0.14404398774537938,166,468,,,,,,,,
TAALES,Phono_N_H_FW,no,0.3154185966851677,0.1437029957478296,167,469,,,,,,,,
TAALES,Freq_N_FW,no,0.3146052904765302,0.1433324578662025,168,470,,,,,,,,
TAALES_COVERAGE,LD_Mean_RT_SD_CW,no,0.31425429580346087,0.1431725466037035,226,471,,,,,,,,
TAALES_COVERAGE,KF_Nsamp_CW,no,0.31398953080716385,0.14305192111257234,227,472,,,,,,,,
TAALES_COVERAGE,WN_Zscore_CW,no,0.31389801491920677,0.14301022697216284,228,473,,,,,,,,
TAALES_COVERAGE,WN_SD_CW,no,0.3134198258939307,0.14279236665514897,229,474,,,,,,,,
TAALES_COVERAGE,LD_Mean_Accuracy_CW,no,0.3133892261389657,0.142778425573349,230,475,,,,,,,,
TAALES_COVERAGE,WN_Mean_Accuracy_CW,no,0.3131280870060653,0.14265945200584487,231,476,,,,,,,,
TAALES_COVERAGE,KF_Freq_CW,no,0.31308150004358914,0.14263822723932518,232,477,,,,,,,,
TAALES_COVERAGE,MRC_Familiarity_CW,no,0.3130796289337856,0.1426373747718836,233,478,,,,,,,,
TAALES_COVERAGE,WN_Mean_RT_CW,no,0.312956966039867,0.14258149022509894,234,479,,,,,,,,
ERRANT,replacement_errors_per_100_words,no,0.312742383697342,0.14248372767786963,1,480,,,,,,,,
TAALES_COVERAGE,KF_Freq_CW_Log,no,0.31244789157008146,0.1423495586676837,235,481,,,,,,,,
TAALES_COVERAGE,LD_Mean_RT_CW,no,0.31213531791637417,0.14220715181247084,236,482,,,,,,,,
TAALES_COVERAGE,LD_Mean_RT_Zscore_CW,no,0.31150473629462727,0.1419198622580157,237,483,,,,,,,,
POLKE,polke_68_per_100_words,no,0.31131294655366126,0.14183248389599087,24,484,68,"Can use proper nouns with a capital letter to refer to specific people, places, days and things.",A1,1,1,1,5.0,sustained_usage
TAALES_COVERAGE,KF_Ncats_CW,no,0.3110568855581497,0.14171582390023954,238,485,,,,,,,,
TAALES_COVERAGE,Log_Freq_HAL_CW,no,0.31009957132165056,0.1412796767449902,239,486,,,,,,,,
TAALES_COVERAGE,MRC_Imageability_CW,no,0.30994325097758635,0.1412084580471251,240,487,,,,,,,,
TAALES_COVERAGE,OG_N_CW,no,0.30965696220358074,0.1410780264400292,241,488,,,,,,,,
TAALES_COVERAGE,BNC_Spoken_Freq_CW,no,0.3089444022394865,0.14075338799902912,242,489,,,,,,,,
POLKE,polke_66_per_100_words,no,0.30891263899819643,0.1407389168391926,25,490,66,Can form noun phrases by pre-modifying a limited range of nouns with another noun.,A1,1,1,1,5.0,sustained_usage
TAALES,PLD,no,0.3085294761080055,0.1405643499120726,169,491,,,,,,,,
TAALES_COVERAGE,Phono_N_CW,no,0.3080287745761696,0.14033623301961123,243,492,,,,,,,,
TAALES_COVERAGE,Ortho_N_CW,no,0.30798477947128466,0.14031618908930193,244,493,,,,,,,,
TAALES_COVERAGE,BG_Mean_CW,no,0.3078882686663329,0.14027221929189826,245,494,,,,,,,,
TAALES_COVERAGE,COCA_magazine_Range_Log_CW,no,0.3078428930762027,0.14025154642002557,246,495,,,,,,,,
TAALES_COVERAGE,Phono_N_H_CW,no,0.30772871384615774,0.14019952698432306,247,496,,,,,,,,
TAALES_COVERAGE,COCA_magazine_Range_CW,no,0.3076423582856611,0.1401601838610156,248,497,,,,,,,,
TAALES_COVERAGE,Freq_HAL_CW,no,0.30749976609889185,0.14009521963688829,249,498,,,,,,,,
TAALES_COVERAGE,COCA_magazine_Frequency_Log_CW,no,0.307449449710242,0.14007229576410404,250,499,,,,,,,,
TAALES_COVERAGE,BNC_Spoken_Freq_CW_Log,no,0.30742634250356815,0.14006176824652172,251,500,,,,,,,,
TAASSC,finite_dep_clause,no,0.3072545168860321,0.1399834854304619,36,501,,,,,,,,
TAALES_COVERAGE,COCA_Academic_Range_CW,no,0.3065091944065035,0.13964392056576444,252,502,,,,,,,,
TAALES_COVERAGE,BNC_Spoken_Range_CW,no,0.30640305558782943,0.13959556429771655,253,503,,,,,,,,
TAALES_COVERAGE,COCA_Academic_Frequency_Log_CW,no,0.3063433398720008,0.13956835814263252,254,504,,,,,,,,
TAALES,hyper_verb_noun_s1_p1,no,0.3061640436234563,0.13948667174774976,170,505,,,,,,,,
TAALES_COVERAGE,COCA_magazine_Frequency_CW,no,0.3059449643990435,0.13938686044561005,255,506,,,,,,,,
TAALES_COVERAGE,COCA_Academic_Range_Log_CW,no,0.3056413862634937,0.1392485518995049,256,507,,,,,,,,
TAALES_COVERAGE,COCA_Academic_Frequency_CW,no,0.30515710890534375,0.139027917771174,257,508,,,,,,,,
TAALES_COVERAGE,COCA_news_Range_Log_CW,no,0.30497505112554935,0.13894497323768548,258,509,,,,,,,,
ERRANT,errors_per_100_words,no,0.3047034357505449,0.13882122675130357,2,510,,,,,,,,
TAALES_COVERAGE,COCA_news_Frequency_CW,no,0.30465574739987344,0.1387995001983172,259,511,,,,,,,,
TAALES,eat_tokens_CW,no,0.30454017991531757,0.13874684828141612,171,512,,,,,,,,
TAASSC,to_clause,no,0.3044714075538999,0.1387155159678993,37,513,,,,,,,,
ERRANT,surface_accuracy_proxy,no,0.304470066454114,0.1387149049701368,3,514,,,,,,,,
TAALES_COVERAGE,COCA_news_Range_CW,no,0.30430317375839744,0.1386388695664068,260,515,,,,,,,,
TAALES_COVERAGE,COCA_news_Frequency_Log_CW,no,0.30412206313508827,0.13855635655225737,261,516,,,,,,,,
POLKE,polke_688_per_100_words,no,0.3021906337027582,0.13767640781613893,26,517,688,Can use an increasing range of prepositional verbs followed by noun or pronoun objects.,B1,1,1,1,5.0,sustained_usage
TAALES,MRC_Familiarity_AW,no,0.30214649054271847,0.13765629643270705,172,518,,,,,,,,
TAALES,PLD_CW,no,0.3020020909076906,0.13759050874499149,173,519,,,,,,,,
POLKE,polke_69_per_100_words,no,0.3009557016065161,0.1371137794751338,27,520,69,"Can use a range of compound nouns, as one-word, two-word and hyphenated compounds, formed from verb + noun, noun + noun and adjective + noun combinations.",A1,1,1,1,5.0,sustained_usage
TAALES,LD_Mean_RT_Zscore_FW,no,0.2990344507029681,0.13623846802132422,174,521,,,,,,,,
TAALES,WN_Zscore_FW,no,0.29885803816944323,0.13615809543130764,175,522,,,,,,,,
TAASSC,prep_nominal,no,0.2985432450506207,0.1360146773998694,38,523,,,,,,,,
TAALES,OG_N,no,0.2981511512953663,0.1358360416192394,176,524,,,,,,,,
TAALES_COVERAGE,MRC_Concreteness_CW,no,0.2981281176831523,0.13582554763089238,262,525,,,,,,,,
POLKE,polke_959_per_100_words,no,0.29800050197491634,0.13576740660886413,28,526,959,Can use a wide range of linking verbs with complements.,B2,1,1,1,5.0,sustained_usage
TAALES,PLDF_FW,no,0.2963760831628979,0.13502733024022445,177,527,,,,,,,,
TAALES,MRC_Familiarity_CW,no,0.295931415040835,0.13482474186425186,178,528,,,,,,,,
TAALES,content_poly,no,0.295026412467676,0.13441242761807493,179,529,,,,,,,,
POLKE,polke_3_per_100_words,no,0.29498313217523187,0.13439270935242278,29,530,3,"Can use a limited range of adjectives attributively, before a noun. ► noun phrases",A1,1,1,1,5.0,sustained_usage
TAALES,Freq_N_P_FW,no,0.29433656498543437,0.1340981368601772,180,531,,,,,,,,
L2SCA,C,yes,0.29167213424515515,0.1328842367180657,7,532,,,,,,,,
TAALES,lsa_average_top_three_cosine,no,0.29033599758807016,0.13227550013002218,181,533,,,,,,,,
TAASSC,prep_dep,no,0.2897858703292635,0.13202486514538947,39,534,,,,,,,,
TAASSC,mental_verb,no,0.2895854839619525,0.13193357020719546,40,535,,,,,,,,
TAALES,LD_Mean_Accuracy,no,0.2873235421621838,0.13090304183553308,182,536,,,,,,,,
TAALES_COVERAGE,hyper_verb_S1_P1,no,0.2866838984399096,0.13061162363740494,263,537,,,,,,,,
TAALES,Freq_N_PH_FW,no,0.28657032532318594,0.1305598803436324,183,538,,,,,,,,
TAALES_COVERAGE,hyper_verb_Sav_Pav,no,0.28543029009634235,0.13004048649977795,264,539,,,,,,,,
TAALES,COCA_spoken_Range_Log_FW,no,0.28514270428482735,0.12990946396945288,184,540,,,,,,,,
TAALES,KF_Ncats_CW,no,0.28506981957557675,0.1298762580926479,185,541,,,,,,,,
POLKE,polke_587_per_100_words,no,0.28482481474274524,0.12976463522443216,30,542,587,"Can use collective nouns, usually with a singular verb, but also with a plural verb depending on whether the noun is perceived as a single group or collection of individuals.",B1,1,1,1,5.0,sustained_usage
TAALES_COVERAGE,poly_verb,no,0.28461999347817857,0.1296713197711887,265,543,,,,,,,,
TAALES_COVERAGE,hyper_verb_Sav_P1,no,0.2845214758523431,0.12962643567711404,266,544,,,,,,,,
POLKE,polke_586_per_100_words,no,0.2844302973592989,0.12958489525199035,31,545,586,Can use an increasing range of common nouns.,B1,1,1,1,5.0,sustained_usage
TAALES,COCA_news_tri_AC,no,0.28367930416912124,0.12924274684238826,186,546,,,,,,,,
TAALES,eat_types_CW,no,0.282999964728075,0.12893324349086124,187,547,,,,,,,,
TAALES_COVERAGE,Freq_N_P_CW,no,0.2813968048494022,0.1282028525765362,267,548,,,,,,,,
TAALES,COCA_news_tri_2_AC,no,0.2811347130783064,0.12808344499225569,188,549,,,,,,,,
TAALES_COVERAGE,BNC_Written_Range_CW,no,0.28107931039795897,0.12805820383265998,268,550,,,,,,,,
TAALES,COCA_news_tri_DP,no,0.28000746479532035,0.12756987681042023,189,551,,,,,,,,
TAALES_COVERAGE,BNC_Written_Freq_CW,no,0.27953793337812893,0.1273559608525242,269,552,,,,,,,,
TAALES,WN_Zscore_CW,no,0.2791533714909096,0.12718075654997313,190,553,,,,,,,,
TAALES_COVERAGE,BNC_Written_Freq_CW_Log,no,0.27913899569110745,0.12717420701383433,270,554,,,,,,,,
TAALES_COVERAGE,Freq_N_PH_CW,no,0.27804958972096205,0.12667787958374396,271,555,,,,,,,,
TAASSC,nominalization,no,0.27804294150845,0.12667485069431134,41,556,,,,,,,,
TAALES,LD_Mean_Accuracy_CW,no,0.2766983610782048,0.1260622671691776,191,557,,,,,,,,
TAALES,OLD,no,0.27663677805919473,0.12603421028092832,192,558,,,,,,,,
TAALES,Brysbaert_Concreteness_Combined_AW,no,0.27631840262808405,0.125889160167511,193,559,,,,,,,,
TAALES_COVERAGE,Freq_N_OG_CW,no,0.27547852553598506,0.12550651673601076,272,560,,,,,,,,
TAALES_COVERAGE,COCA_spoken_Frequency_CW,no,0.27518938323654263,0.1253747850782583,273,561,,,,,,,,
TAALES_COVERAGE,COCA_spoken_Range_CW,no,0.2746840900250853,0.1251445762415551,274,562,,,,,,,,
TAASSC,jj_predicative,no,0.27458904164363496,0.12510127271633828,42,563,,,,,,,,
POLKE,polke_64_per_100_words,no,0.27456569546931675,0.12509063632639794,32,564,64,Can form simple noun phrases by pre-modifying singular and plural nouns with an adjective after a determiner.,A1,1,1,1,5.0,sustained_usage
TAALES,WN_Zscore,no,0.27435351959133625,0.12499397015131615,194,565,,,,,,,,
TAASSC,nn_quantity,no,0.2740811833998711,0.12486989526487831,43,566,,,,,,,,
TAALES,COCA_News_Trigram_Range_Log,no,0.27382323323652447,0.12475237457454452,195,567,,,,,,,,
TAALES_COVERAGE,COCA_spoken_Range_Log_CW,no,0.2734437687312128,0.12457949261144428,275,568,,,,,,,,
TAALES,MRC_Imageability_CW,no,0.273112378792264,0.12442851315909714,196,569,,,,,,,,
TAALES_COVERAGE,OG_N_H_CW,no,0.27303573431814154,0.12439359435388189,276,570,,,,,,,,
TAALES,Sem_D,no,0.27281667284186284,0.12429379113769547,197,571,,,,,,,,
TAALES,Ortho_N,no,0.27276243486885177,0.12426908061242241,198,572,,,,,,,,
TAALES_COVERAGE,Freq_N_OGH_CW,no,0.27264758953352786,0.12421675770278058,277,573,,,,,,,,
TAALES_COVERAGE,COCA_spoken_Frequency_Log_CW,no,0.2722104590679182,0.12401760344205874,278,574,,,,,,,,
TAALES_COVERAGE,Freq_N_CW,no,0.2719502984378708,0.12389907567512821,279,575,,,,,,,,
TAALES_COVERAGE,COCA_fiction_Range_CW,no,0.271918132962663,0.12388442125970822,280,576,,,,,,,,
TAALES_COVERAGE,COCA_fiction_Frequency_Log_CW,no,0.271288782738202,0.12359769272315373,281,577,,,,,,,,
TAALES_COVERAGE,COCA_fiction_Frequency_CW,no,0.27121563102343504,0.1235643652000889,282,578,,,,,,,,
TAALES,COCA_spoken_tri_MI,no,0.27100253713560685,0.12346728078471744,199,579,,,,,,,,
TAALES_COVERAGE,COCA_fiction_Range_Log_CW,no,0.2709188854824087,0.12342916954685715,283,580,,,,,,,,
TAALES,COCA_magazine_tri_DP,no,0.2690431920346752,0.12257461382193606,200,581,,,,,,,,
POLKE,polke_152_per_100_words,no,0.2687568951319248,0.12244417851142829,33,582,152,Can use an increasing range of adverbs in front position.,A2,1,1,1,5.0,sustained_usage
TAALES,COCA_News_Trigram_Frequency_Log,no,0.2680590699268386,0.1221262531464273,201,583,,,,,,,,
POLKE,polke_930_per_100_words,no,0.26700983791969213,0.12164822875520236,34,584,930,"Can leave out the subject pronoun with a limited range of verbs, in informal contexts. ► ellipsis",B2,1,1,1,5.0,sustained_usage
TAALES,COCA_Academic_Range_Log_FW,no,0.26673809272030624,0.1215244231215389,202,585,,,,,,,,
TAALES,lsa_max_similarity_cosine,no,0.266268895515851,0.12131065942914626,203,586,,,,,,,,
TAALES,COCA_News_Trigram_Range,no,0.26619363622293424,0.12127637170494845,204,587,,,,,,,,
TAALES,COCA_magazine_tri_AC,no,0.2656525096334068,0.12102983737624648,205,588,,,,,,,,
TAALES,COCA_Academic_Range_FW,no,0.26497787474709256,0.12072247739424731,206,589,,,,,,,,
LCA,vv1,no,0.26485974739057205,0.12066865921361318,14,590,,,,,,,,
TAALES,COCA_magazine_tri_2_AC,no,0.2640262893757499,0.12028894027877964,207,591,,,,,,,,
TAALES,Log_Freq_HAL_FW,no,0.2639491347261824,0.12025378904040865,208,592,,,,,,,,
L2SCA,CN/C,no,0.26287922864179025,0.11976634565212471,8,593,,,,,,,,
TAALES,COCA_fiction_Range_Log_FW,no,0.2626442459261136,0.11965928880593182,209,594,,,,,,,,
TAALES,poly_adv,no,0.2621958254501555,0.1194549908779496,210,595,,,,,,,,
TAALES,COCA_news_tri_T,no,0.2608987951478343,0.11886407093227085,211,596,,,,,,,,
TAASSC,cc_nominal,no,0.2602450455317613,0.11856622616570987,44,597,,,,,,,,
TAALES,COCA_news_tri_2_T,no,0.25972816762134254,0.1183307394032182,212,598,,,,,,,,
POLKE,polke_588_per_100_words,no,0.2594305606039198,0.11819515126602946,35,599,588,Can use an increasing range of uncountable nouns.,B1,1,1,1,5.0,sustained_usage
TAALES,COCA_News_Trigram_Frequency,no,0.25929109923967397,0.11813161342760199,213,600,,,,,,,,
TAALES,COCA_spoken_Range_FW,no,0.2585720734927941,0.11780402921115964,214,601,,,,,,,,
L2SCA,VP/T,no,0.2585068587767796,0.11777431774152336,9,602,,,,,,,,
L2SCA,CN/T,no,0.2581145486151213,0.1175955833673137,10,603,,,,,,,,
ERRANT,errant_r_spell_per_100_words,no,0.25796966451655434,0.11752957496064681,4,604,,,,,,,,
TAALES,OLD_CW,no,0.25768758109510026,0.1174010592892826,215,605,,,,,,,,
TAALES,COCA_spoken_tri_2_DP,no,0.2576208818261456,0.1173706714654076,216,606,,,,,,,,
TAALES,Brysbaert_Concreteness_Combined_CW,no,0.2567092546006551,0.116955339063688,217,607,,,,,,,,
ERRANT,errant_family_spell_per_100_words,no,0.25665967360004194,0.11693275022969038,5,608,,,,,,,,
TAALES,MRC_Concreteness_CW,no,0.25437472735128575,0.11589174115628824,218,609,,,,,,,,
TAALES,USF,no,0.2537747177437595,0.11561838004510092,219,610,,,,,,,,
TAALES,COCA_news_tri_MI,no,0.25366238418476916,0.11556720148708445,220,611,,,,,,,,
POLKE,polke_100_per_100_words,no,0.25352526030764055,0.11550472859506405,36,612,100,"Can use a limited range of modal auxiliary verbs ('can', 'will', 'would').",A1,1,1,1,5.0,sustained_usage
POLKE,polke_636_per_100_words,no,0.25337726826595564,0.11543730422642992,37,613,636,"Can end a reported question clause and a relative clause with a preposition, where the preposition is stranded from its complement. ► Clauses: relative",B1,1,1,1,5.0,sustained_usage
TAALES,COCA_spoken_tri_2_AC,no,0.25334206457413755,0.11542126561606006,221,614,,,,,,,,
POLKE,polke_47_per_100_words,no,0.2529360147815596,0.11523627154079163,38,615,47,"Can use a limited range of quantifying determiners with plural nouns ('some', 'lots of', 'a lot of' and numbers).",A1,1,1,1,5.0,sustained_usage
POLKE,polke_38_per_100_words,no,0.25287161007042247,0.11520692910496844,39,616,38,Can use 'a' and 'an' before adjectives in a noun phrase. ► adjectives ►  noun phrases,A1,1,1,1,5.0,sustained_usage
TAALES,COCA_Magazine_Trigram_Range_Log,no,0.25282759149071365,0.11518687447965718,222,617,,,,,,,,
POLKE,polke_27_per_100_words,no,0.2526843880917977,0.11512163179060284,40,618,27,Can form an affirmative declarative clause with modal verbs.,A1,1,1,1,5.0,sustained_usage
TAALES,Brown_Freq_FW_Log,no,0.25249142200940033,0.115033717493825,223,619,,,,,,,,
TAALES,COCA_Magazine_Trigram_Frequency_Log,no,0.2523251009405709,0.1149579425201933,224,620,,,,,,,,
TAASSC,ccomp_c,no,0.2522862776403847,0.11494025483595334,45,621,,,,,,,,
TAALES,COCA_spoken_tri_AC,no,0.25157689028309527,0.11461706181734423,225,622,,,,,,,,
TAALES,TL_Freq_FW_Log,no,0.2512829460232302,0.11448314241256148,226,623,,,,,,,,
TAALES,TL_Freq_FW,no,0.25058142849716036,0.11416353484621858,227,624,,,,,,,,
TAALES,LD_Mean_RT_Zscore_CW,no,0.25039262665124085,0.11407751775291308,228,625,,,,,,,,
TAALES,COCA_Magazine_Trigram_Range,no,0.2503582398979516,0.11406185133529015,229,626,,,,,,,,
POLKE,polke_470_per_100_words,no,0.2501078371468668,0.11394776920490042,41,627,470,"Can use a range of conjunctions ('and, but, or, so, then') to combine more complex strings of clauses and sentences.",B1,1,1,1,5.0,sustained_usage
TAALES,COCA_magazine_tri_MI,no,0.248736271713903,0.11332289145941417,230,628,,,,,,,,
POLKE,polke_32_per_100_words,no,0.24750955381708106,0.11276400546295295,42,629,32,"Can use single word conjunctions ('and, but, or') to combine clauses.",A1,1,1,1,5.0,sustained_usage
TAALES,COCA_Magazine_Trigram_Frequency,no,0.24725390069674624,0.11264753129291197,231,630,,,,,,,,
TAALES,OG_N_CW,no,0.24626165073878337,0.11219546761312758,232,631,,,,,,,,
TAALES,COCA_fiction_Range_FW,no,0.24607501722483915,0.11211043840006728,233,632,,,,,,,,
TAALES,SUBTLEXus_Freq_FW_Log,no,0.2460260629384874,0.11208813509367578,234,633,,,,,,,,
TAALES,Phono_N_CW,no,0.24592615044466637,0.11204261550533949,235,634,,,,,,,,
TAALES,COCA_news_tri_2_MI2,no,0.24500035687566646,0.11162082899462797,236,635,,,,,,,,
TAALES,COCA_spoken_tri_2_MI,no,0.2441620883096851,0.11123891839887133,237,636,,,,,,,,
TAALES,Sem_D_CW,no,0.24397632810126346,0.11115428705905347,238,637,,,,,,,,
TAALES,COCA_magazine_tri_2_T,no,0.24387247718403104,0.11110697314644878,239,638,,,,,,,,
TAALES,COCA_magazine_tri_T,no,0.2431649155051221,0.1107846118969722,240,639,,,,,,,,
TAASSC,contraction,no,0.2423975507937679,0.11043500471143636,46,640,,,,,,,,
TAALES,COCA_spoken_tri_MI2,no,0.24203529047214678,0.11026996088077888,241,641,,,,,,,,
TAALES,COCA_spoken_tri_DP,no,0.24189282149640157,0.11020505279092345,242,642,,,,,,,,
POLKE,polke_372_per_100_words,no,0.24178869955707993,0.11015761540213015,43,643,372,Can use an increasing range of verbs followed by a 'to'-infinitive.,A2,1,1,1,5.0,sustained_usage
POLKE,polke_695_per_100_words,no,0.24153161498771514,0.11004048907170286,44,644,695,Can use a wide range of verbs followed by a 'to-' infinitive.,B1,1,1,1,5.0,sustained_usage
TAALES,COCA_news_tri_2_DP,no,0.24117569035930364,0.10987833174838492,243,645,,,,,,,,
TAALES,Phono_N_H_CW,no,0.23973540971631158,0.10922214772724378,244,646,,,,,,,,
TAALES,OLDF_CW,no,0.23969494984560002,0.10920371443038074,245,647,,,,,,,,
TAASSC,pp2,no,0.23964042624786241,0.10917887377603701,47,648,,,,,,,,
TAASSC,mltu,no,0.2394712910221699,0.10910181668785662,48,649,,,,,,,,
TAALES,COCA_magazine_tri_2_DP,no,0.23945469588918034,0.10909425603559803,246,650,,,,,,,,
TAALES,COCA_magazine_tri_2_MI2,no,0.23915360845694478,0.10895708224036534,247,651,,,,,,,,
TAALES,hyper_noun_S1_P1,no,0.23902313052724988,0.10889763720582019,248,652,,,,,,,,
TAALES,COCA_spoken_tri_2_MI2,no,0.2374541301668356,0.10818280918207494,249,653,,,,,,,,
TAALES,COCA_spoken_Trigram_Range,no,0.23737212608442926,0.10814544856849925,250,654,,,,,,,,
TAALES,BNC_Spoken_Freq_FW_Log,no,0.23676200670123704,0.10786748149854854,251,655,,,,,,,,
POLKE,polke_98_per_100_words,no,0.23656349174005165,0.10777703916279882,45,656,98,Can use linking verb 'be'.,A1,1,1,1,5.0,sustained_usage
TAALES,COCA_fiction_tri_MI,no,0.23577855568024386,0.10741942656655275,252,657,,,,,,,,
TAALES,Brown_Freq_FW,no,0.2355523139978435,0.10731635208754094,253,658,,,,,,,,
ERRANT,errant_r_orth_per_100_words,no,0.23536737214865733,0.10723209358773624,6,659,,,,,,,,
TAALES,Ortho_N_CW,no,0.23516627999984063,0.10714047709932997,254,660,,,,,,,,
TAALES,SUBTLEXus_Freq_FW,no,0.23513848852611607,0.10712781545517697,255,661,,,,,,,,
TAALES,COCA_news_tri_2_MI,no,0.2351148337447948,0.10711703846556586,256,662,,,,,,,,
ERRANT,errant_family_orth_per_100_words,no,0.2342876750934888,0.10674018948646127,7,663,,,,,,,,
TAALES,COCA_news_tri_MI2,no,0.23425786276505445,0.1067266071519025,257,664,,,,,,,,
TAALES,COCA_spoken_Trigram_Range_Log,no,0.2340111272975971,0.10661419581597151,258,665,,,,,,,,
TAALES,hyper_noun_Sav_P1,no,0.23399597260434524,0.10660729142021672,259,666,,,,,,,,
TAALES,COCA_spoken_Trigram_Frequency,no,0.23377674964648687,0.10650741463390158,260,667,,,,,,,,
TAALES_COVERAGE,Freq_N_FW,no,0.2337705015826037,0.10650456805000617,284,668,,,,,,,,
TAALES,hyper_noun_Sav_Pav,no,0.23332265990338819,0.10630053381866932,261,669,,,,,,,,
TAALES,COCA_spoken_tri_T,no,0.23319119591972193,0.10624063954330215,262,670,,,,,,,,
TAALES,poly_noun,no,0.23284220600782124,0.10608164163907916,263,671,,,,,,,,
TAALES,McD_CD_FW,no,0.23257547904571174,0.10596012228700331,264,672,,,,,,,,
POLKE,polke_74_per_100_words,no,0.232497937889371,0.10592479495825029,46,673,74,Can use nouns and noun phrases as complements of the verb 'be'.,A1,1,1,1,5.0,sustained_usage
TAALES,poly_adj,no,0.23238732614164137,0.10587440084807194,265,674,,,,,,,,
TAALES,COCA_spoken_tri_2_T,no,0.23222069315940175,0.10579848376838837,266,675,,,,,,,,
POLKE,polke_106_per_100_words,no,0.23213767194106882,0.10576065975322105,47,676,106,Can use linking verb 'be' with complements.,A1,1,1,1,5.0,sustained_usage
TAALES,WN_Mean_RT_FW,no,0.23031774381799375,0.10493151040666981,267,677,,,,,,,,
TAALES,COCA_spoken_Trigram_Frequency_Log,no,0.23014646897380375,0.10485347851994846,268,678,,,,,,,,
TAALES,COCA_magazine_tri_MI2,no,0.2297042652168071,0.1046520128952859,269,679,,,,,,,,
TAALES,LD_Mean_RT_Zscore,no,0.22932761188945916,0.104480411689564,270,680,,,,,,,,
TAALES,Phono_N,no,0.22854034399085377,0.10412173672025452,271,681,,,,,,,,
TAALES,USF_CW,no,0.22779388624228902,0.10378165463316374,272,682,,,,,,,,
POLKE,polke_31_per_100_words,no,0.22695777314141408,0.10340072605557685,48,683,31,"Can use single word conjunctions ('and, but, or') to combine phrases.",A1,1,1,1,5.0,sustained_usage
TAALES,COCA_spoken_Frequency_Log_FW,no,0.2269324540223261,0.10338919080273863,273,684,,,,,,,,
TAALES,COCA_fiction_Frequency_Log_FW,no,0.22665209261474795,0.10326145967152295,274,685,,,,,,,,
TAASSC,to_clause_verb,no,0.22657068292240146,0.1032243698588231,49,686,,,,,,,,
TAALES,COCA_news_Range_Log_FW,no,0.22623329418489035,0.10307065738650392,275,687,,,,,,,,
L2SCA,DC/T,no,0.2250314926526924,0.10252312315013942,11,688,,,,,,,,
POLKE,polke_378_per_100_words,no,0.22486090783685642,0.10244540563658015,49,689,378,Can use an increasing range of linking verbs with complements.,A2,1,1,1,5.0,sustained_usage
POLKE,polke_369_per_100_words,no,0.22464702147683147,0.10234796017518949,50,690,369,Can use linking verbs with adjective complements.,A2,1,1,1,5.0,sustained_usage
TAALES,COCA_magazine_tri_2_MI,no,0.22376092097204392,0.10194425760847389,276,691,,,,,,,,
TAALES,KF_Freq_FW,no,0.2221610511361245,0.10121536561971874,277,692,,,,,,,,
TAALES,COCA_news_Frequency_FW,no,0.22159073350467962,0.10095553201121328,278,693,,,,,,,,
TAALES,Phono_N_H,no,0.22100673023107875,0.10068946329863591,279,694,,,,,,,,
TAALES,BNC_Written_Freq_FW,no,0.2205377621556619,0.10047580399618596,280,695,,,,,,,,
TAALES,COCA_Academic_Frequency_FW,no,0.22018824349290655,0.1003165651959517,281,696,,,,,,,,
TAASSC,finite_compl_clause,no,0.21992481706919076,0.10019654955120239,50,697,,,,,,,,
TAALES,COCA_fiction_tri_2_MI,no,0.2196954187633966,0.10009203693175464,282,698,,,,,,,,
TAALES,COCA_fiction_tri_2_DP,no,0.21937321141566324,0.09994524101798212,283,699,,,,,,,,
TAASSC,cc_dep,no,0.21894574208618067,0.09975048831829182,51,700,,,,,,,,
TAALES,COCA_fiction_tri_2_MI2,no,0.21880937418065427,0.09968835984281844,284,701,,,,,,,,
TAALES,COCA_magazine_Frequency_FW,no,0.21845235197552393,0.09952570246952179,285,702,,,,,,,,
TAALES,WN_SD_FW,no,0.21804498353533486,0.09934010762557946,286,703,,,,,,,,
TAALES_COVERAGE,MRC_Meaningfulness_FW,no,0.21733959278962622,0.09901873544145202,285,704,,,,,,,,
TAASSC,pp3_it,no,0.2158096524070383,0.09832170293099128,52,705,,,,,,,,
L2SCA,DC/C,no,0.21570610827836711,0.09827452878958516,12,706,,,,,,,,
TAALES,COCA_fiction_tri_MI2,no,0.21561734977553249,0.09823409089882833,287,707,,,,,,,,
TAALES_COVERAGE,MRC_Concreteness_FW,no,0.21546503566148267,0.09816469741755086,286,708,,,,,,,,
TAALES,BNC_Spoken_Freq_FW,no,0.21404453369330856,0.09751752445299652,288,709,,,,,,,,
POLKE,polke_101_per_100_words,no,0.21392391385582732,0.09746257071160387,51,710,101,Can use a limited range of verbs followed by a 'to'- infinitive.,A1,1,1,1,5.0,sustained_usage
TAALES,Freq_HAL_FW,no,0.2137849395833178,0.09739925478952009,289,711,,,,,,,,
TAALES,COCA_magazine_Range_Log_FW,no,0.21292941045583325,0.09700948037589613,290,712,,,,,,,,
TAALES,COCA_magazine_Range_FW,no,0.2123266489473945,0.09673486551363236,291,713,,,,,,,,
TAALES,COCA_spoken_Frequency_FW,no,0.2122014763710287,0.09667783756918559,292,714,,,,,,,,
TAALES,COCA_news_Range_FW,no,0.21152255654398378,0.09636852539151353,293,715,,,,,,,,
TAALES,COCA_fiction_tri_AC,no,0.2095348344367518,0.09546293001912484,294,716,,,,,,,,
TAALES,COCA_fiction_Frequency_FW,no,0.20948674814980395,0.09544102216853702,295,717,,,,,,,,
TAASSC,nn_place,no,0.20872915802395164,0.09509586823095034,53,718,,,,,,,,
POLKE,polke_30_per_100_words,no,0.2083747345763407,0.09493439483743384,52,719,30,"Can use single word conjunctions ('and, but, or') to connect single nouns and adjectives.",A1,1,1,1,5.0,sustained_usage
TAALES,COCA_fiction_tri_DP,no,0.20832576802783143,0.09491208594447012,296,720,,,,,,,,
TAALES,COCA_Fiction_Trigram_Range_Log,no,0.20769973813173692,0.09462687013144602,297,721,,,,,,,,
TAALES,COCA_fiction_tri_2_AC,no,0.2074394252438938,0.09450827299669254,298,722,,,,,,,,
L2SCA,CT/T,no,0.20715949612109785,0.0943807388120706,13,723,,,,,,,,
TAALES,COCA_Academic_Frequency_Log_FW,no,0.2061398094236373,0.09391617510311608,299,724,,,,,,,,
POLKE,polke_151_per_100_words,no,0.20612462594887804,0.09390925759466319,53,725,151,Can use an increasing range of degree adverbs before an adjective.,A2,1,1,1,5.0,sustained_usage
TAALES,LD_Mean_RT_SD_FW,no,0.20560362350480332,0.09367189171708873,300,726,,,,,,,,
TAALES,COCA_Fiction_Trigram_Frequency_Log,no,0.2055305250601922,0.09363858846361693,301,727,,,,,,,,
TAALES,COCA_magazine_Frequency_Log_FW,no,0.2054645748196764,0.09360854189302151,302,728,,,,,,,,
L2SCA,DC,yes,0.20525729284636673,0.093514105354269,14,729,,,,,,,,
TAALES,COCA_news_Frequency_Log_FW,no,0.20502401285920735,0.09340782426192022,303,730,,,,,,,,
TAASSC,communication_verb,no,0.20480608907585873,0.09330853937243999,54,731,,,,,,,,
POLKE,polke_41_per_100_words,no,0.20414475989062586,0.09300724139542726,54,732,41,Can use no article before a limited range of nouns in some fixed expressions with prepositions.,A1,1,1,1,5.0,sustained_usage
POLKE,polke_65_per_100_words,no,0.2041124143465658,0.09299250494161834,55,733,65,Can form simple noun phrases by pre-modifying plural nouns with an adjective and no determiner.,A1,1,1,1,5.0,sustained_usage
POLKE,polke_15_per_100_words,no,0.20319472385777315,0.09257441015014216,56,734,15,Can use a limited range of degree adverbs before an adjective.,A1,1,1,1,5.0,sustained_usage
TAALES_COVERAGE,MRC_Imageability_FW,no,0.20205548237721827,0.09205537793277631,287,735,,,,,,,,
L2SCA,CT,yes,0.20145456676257867,0.09178160404967978,15,736,,,,,,,,
LCA,vs2,no,0.20126413978861768,0.09169484655688456,15,737,,,,,,,,
TAALES,BNC_Written_Freq_FW_Log,no,0.20105604054118276,0.09160003767248921,304,738,,,,,,,,
TAALES,KF_Freq_FW_Log,no,0.20081900006836984,0.09149204332334594,305,739,,,,,,,,
TAALES_COVERAGE,MRC_Familiarity_FW,no,0.20046184828959657,0.09132932691700288,288,740,,,,,,,,
TAALES,PLDF_CW,no,0.20021711084767002,0.09121782587062795,306,741,,,,,,,,
TAALES,COCA_fiction_tri_2_T,no,0.20009921493723626,0.09116411313557111,307,742,,,,,,,,
L2SCA,C/S,no,0.19888108128835524,0.09060913807574558,16,743,,,,,,,,
L2SCA,C/T,no,0.19815717579291636,0.09027933067242143,17,744,,,,,,,,
TAALES,LD_Mean_RT_FW,no,0.19710026210190623,0.08979780654784152,308,745,,,,,,,,
TAASSC,past_tense,no,0.19662879827709068,0.0895830101955505,55,746,,,,,,,,
POLKE,polke_290_per_100_words,no,0.19626944370262844,0.08941929020748189,57,747,290,Can use the affirmative form with an increasing range of verbs.,A2,1,3,3,5.0,sustained_usage
TAALES,COCA_fiction_tri_T,no,0.19537920135735165,0.08901370064078447,309,748,,,,,,,,
TAALES,COCA_Fiction_Trigram_Range,no,0.19476051810085604,0.08873183191677203,310,749,,,,,,,,
POLKE,polke_22_per_100_words,no,0.19360594979725665,0.0882058168822548,58,750,22,"Can combine two main declarative clauses using co-ordinating conjunctions ('and', 'but', 'or').",A1,1,1,1,5.0,sustained_usage
TAALES,COCA_Fiction_Trigram_Frequency,no,0.19292263990379466,0.08789450461421935,311,751,,,,,,,,
TAALES_COVERAGE,poly_adv,no,0.19246953658171417,0.08768807320703365,289,752,,,,,,,,
TAALES,OLDF,no,0.19057049271706017,0.08682287915926573,312,753,,,,,,,,
LCA,cvs1,no,0.1898019188093576,0.08647272107045553,16,754,,,,,,,,
TAASSC,relcl_nominal,no,0.18865268202438434,0.0859491350468036,56,755,,,,,,,,
L2SCA,T,yes,0.18856455365319835,0.08590898424059591,18,756,,,,,,,,
POLKE,polke_183_per_100_words,no,0.1880579777489264,0.08567819101602836,59,757,183,"Can use a defining relative clause, without a relative pronoun.",A2,1,1,1,5.0,sustained_usage
TAALES,AWL_Sublist_4_Normed,no,0.1879453546929981,0.08562688056478275,313,758,,,,,,,,
LCA,advv,no,0.18652062883574505,0.08497778321935573,17,759,,,,,,,,
TAASSC,relcl_dep,no,0.18543080147820312,0.0844812638074612,57,760,,,,,,,,
POLKE,polke_460_per_100_words,no,0.18433389578122705,0.08398151954264964,60,761,460,Can use a defining relative clause with 'who' or 'that' as the object.,B1,1,4,4,5.0,sustained_usage
TAALES_COVERAGE,hyper_noun_Sav_P1,no,0.18331429547728328,0.08351699519411111,290,762,,,,,,,,
TAASSC,existence_verb,no,0.18295509443893287,0.08335334515625932,58,763,,,,,,,,
TAALES,All_AFL_Normed,no,0.18290274949536744,0.08332949708489747,314,764,,,,,,,,
POLKE,polke_187_per_100_words,no,0.18234005138742937,0.08307313488982675,61,765,187,"Can use a limited range of simple subordinating conjunctions '(if, when, so, while)' to introduce a subordinate clause.",A2,1,4,4,5.0,sustained_usage
TAALES_COVERAGE,poly_noun,no,0.18091429067786757,0.08242356607132081,291,766,,,,,,,,
POLKE,polke_17_per_100_words,no,0.1808934432486482,0.08241406809604622,62,767,17,Can use a limited range of adverbs in front position.,A1,1,1,1,5.0,sustained_usage
TAALES_COVERAGE,hyper_noun_S1_P1,no,0.1806666687003844,0.08231075084624755,292,768,,,,,,,,
TAALES_COVERAGE,hyper_noun_Sav_Pav,no,0.18020489894358782,0.08210037105857874,293,769,,,,,,,,
L2SCA,CP/C,no,0.17874543647077878,0.08143544790018446,19,770,,,,,,,,
TAALES,COCA_Academic_Range_AW,no,0.1766523902641568,0.08048186744141897,315,771,,,,,,,,
TAALES,AWL_Sublist_2_Normed,no,0.175886590153719,0.08013297307954413,316,772,,,,,,,,
TAASSC,pp3,no,0.17578925090645736,0.08008862584833348,59,773,,,,,,,,
TAALES,COCA_Academic_Bigram_Frequency,no,0.17559510823912206,0.08000017550586237,317,774,,,,,,,,
TAASSC,nn_group,no,0.17527685349323008,0.07985518037597379,60,775,,,,,,,,
LCA,msttr,no,0.17501446242522256,0.07973563643364946,18,776,,,,,,,,
LCA,vs1,no,0.1740890005445177,0.0793140010383197,19,777,,,,,,,,
TAALES,KF_Nsamp_AW,no,0.170350886550922,0.07761093665032243,318,778,,,,,,,,
TAALES,BG_Mean_CW,no,0.169285955301262,0.0771257597696632,319,779,,,,,,,,
POLKE,polke_613_per_100_words,no,0.1658660325704786,0.07556766158900896,63,780,613,Can use the affirmative form with a wide range of verbs.,B1,1,4,4,5.0,sustained_usage
TAALES,COCA_Academic_Bigram_Range,no,0.16473233491417583,0.07505115510779595,320,781,,,,,,,,
TAALES,COCA_academic_bi_AC,no,0.16442112929435426,0.07490937152137489,321,782,,,,,,,,
TAALES,BNC_Written_Bigram_Freq_Normed,no,0.16401190944603838,0.07472293318596766,322,783,,,,,,,,
TAALES,COCA_Academic_Bigram_Range_Log,no,0.1638672988991141,0.07465704940794017,323,784,,,,,,,,
TAASSC,relcl_c,no,0.16386507683183904,0.07465603704618491,61,785,,,,,,,,
POLKE,polke_87_per_100_words,no,0.16380601697143282,0.07462912969526136,64,786,87,"Can use the pronouns 'me', 'you', 'him', 'her', 'us' and 'them' in the direct object position after a transitive verb.",A1,1,1,1,5.0,sustained_usage
TAASSC,finite_relative_clause,no,0.16314830674450498,0.07432948049595352,62,787,,,,,,,,
TAALES,AWL_Sublist_1_Normed,no,0.16262192264846087,0.07408966276703548,324,788,,,,,,,,
LCA,ttr,yes,0.15917530785092193,0.07251940382605898,20,789,,,,,,,,
TAALES,COCA_Academic_Range_Log_AW,no,0.15870015777837532,0.07230292803936685,325,790,,,,,,,,
POLKE,polke_51_per_100_words,no,0.15798784986483483,0.07197840443122708,65,791,51,Can use the affirmative form.,A1,1,2,2,5.0,sustained_usage
POLKE,polke_271_per_100_words,no,0.15797886740812572,0.07197431207284416,66,792,271,Can post-modify noun phrases by using a non-defining relative clause. ► Clauses: relative,A2,1,4,4,5.0,sustained_usage
TAALES,BNC_Written_Freq_AW,no,0.15732877682478774,0.07167813434168023,326,793,,,,,,,,
POLKE,polke_207_per_100_words,no,0.15687622603144602,0.07147195466358036,67,794,207,"Can use an increasing range of quantifying determiners with singular nouns ('each', 'an', 'one' and numbers).",A2,1,1,1,5.0,sustained_usage
POLKE,polke_368_per_100_words,no,0.15549178755921433,0.07084121203147481,68,795,368,Can use auxiliary verbs 'have' and 'do'.,A2,1,1,1,5.0,sustained_usage
POLKE,polke_956_per_100_words,no,0.1540805376758163,0.07019825426638306,69,796,956,"Can follow some verbs with a 'to'-infinitive or an '-ing' form, with a change in meaning.",B2,1,1,1,5.0,sustained_usage
POLKE,polke_577_per_100_words,no,0.1532435668500507,0.06981693491400479,70,797,577,Can form complex noun phrases by using a prepositional phrase after the main noun in a noun phrase.,B1,1,2,4,5.0,sustained_usage
POLKE,polke_148_per_100_words,no,0.1525672168406138,0.06950879353124678,71,798,148,Can use a range of degree adverbs to modify common gradable adjectives.,A2,1,1,1,5.0,sustained_usage
TAALES,COCA_Academic_Frequency_Log_AW,no,0.15022356571633466,0.06844103883610164,327,799,,,,,,,,
POLKE,polke_58_per_100_words,no,0.14912115785529556,0.06793878781529261,72,800,58,Can use the affirmative forms.,A1,1,2,4,5.0,sustained_usage
TAALES_COVERAGE,Freq_N_P_FW,no,0.14870746133381196,0.06775030993195783,294,801,,,,,,,,
TAASSC,cc_clause,no,0.1484052897244097,0.06761264219150943,63,802,,,,,,,,
TAALES_COVERAGE,Freq_N_PH_FW,no,0.14837535482398634,0.06759900401381967,295,803,,,,,,,,
POLKE,polke_150_per_100_words,no,0.14815795149370636,0.06749995623992455,73,804,150,Can use time and sequencing adverbs to modify clauses and sentences.,A2,1,2,2,5.0,sustained_usage
TAALES,WN_Mean_RT_CW,no,0.14679000495946504,0.06687672724499769,328,805,,,,,,,,
TAALES,COCA_Academic_Bigram_Frequency_Log,no,0.1464764646350596,0.06673387997987659,329,806,,,,,,,,
TAALES,TL_Freq_CW_Log,no,0.14644877343222173,0.06672126401859378,330,807,,,,,,,,
TAALES,BNC_Written_Range_AW,no,0.14621907119242517,0.06661661292846892,331,808,,,,,,,,
TAALES,COCA_news_Frequency_AW,no,0.14527421872947244,0.0661861432894148,332,809,,,,,,,,
POLKE,polke_364_per_100_words,no,0.1448572314742509,0.0659961661657013,74,810,364,"Can use reporting verbs, especially mental process verbs, with a clause as the direct object, without 'that', especially in informal contexts.",A2,1,1,1,5.0,sustained_usage
TAALES,COCA_News_Bigram_Frequency,no,0.14435250854932313,0.06576621714843671,333,811,,,,,,,,
POLKE,polke_49_per_100_words,no,0.14391867917869483,0.06556856684861971,75,812,49,Can use the affirmative forms 'will' and ''ll'.,A1,1,2,4,5.0,sustained_usage
TAALES,COCA_magazine_Frequency_AW,no,0.1434385317142075,0.06534981427736145,334,813,,,,,,,,
TAASSC,emphatics,no,0.1432207897814055,0.0652506122380004,64,814,,,,,,,,
TAALES,aoe_inverse_average,no,0.14264000890689932,0.06498601163291023,335,815,,,,,,,,
TAASSC,agentless_passive,no,0.14246309009495572,0.06490540838520187,65,816,,,,,,,,
TAALES,Freq_N_P_CW,no,0.14188655758741708,0.0646427433129772,336,817,,,,,,,,
TAALES,KF_Freq_AW,no,0.14170248282141085,0.06455887985154952,337,818,,,,,,,,
TAALES,Freq_N_PH_CW,no,0.14169611267487214,0.0645559776474608,338,819,,,,,,,,
TAASSC,time_adverbials,no,0.14164359875151256,0.06453205258982452,66,820,,,,,,,,
POLKE,polke_80_per_100_words,no,0.1415989660256316,0.0645117181628602,76,821,80,Can use the affirmative form.,A1,1,1,4,5.0,sustained_usage
TAALES,COCA_Academic_Frequency_AW,no,0.14058281061271583,0.06404876328792261,339,822,,,,,,,,
LCA,ls1,no,0.14033308564292657,0.06393498995100179,21,823,,,,,,,,
TAALES,COCA_Magazine_Bigram_Frequency,no,0.1393351514583392,0.06348033656850795,340,824,,,,,,,,
TAALES,COCA_news_bi_AC,no,0.1391218679968853,0.06338316578442453,341,825,,,,,,,,
POLKE,polke_75_per_100_words,no,0.1390419603088371,0.0633467602767072,77,826,75,Can use nouns and noun phrases as adjuncts in some time expressions.,A1,1,1,1,5.0,sustained_usage
TAASSC,amplifiers_adverb,no,0.13877929898369556,0.0632270932067037,67,827,,,,,,,,
TAALES,aoe_inverse_linear_regression_slope,no,0.13871521218918348,0.06319789561196436,342,828,,,,,,,,
TAALES,COCA_News_Bigram_Range,no,0.13858464228748746,0.06313840867547613,343,829,,,,,,,,
TAALES,BNC_Written_Bigram_Freq_Normed_Log,no,0.13723299118876797,0.0625226037922729,344,830,,,,,,,,
LCA,lv,yes,0.13721587397244095,0.06251480528168758,22,831,,,,,,,,
TAALES,COCA_Magazine_Bigram_Range,no,0.1370064697597071,0.062419401862205286,345,832,,,,,,,,
POLKE,polke_156_per_100_words,no,0.13676481086563763,0.06230930338547675,78,833,156,"Can use evaluative, viewpoint and sequencing adverbs outside the clause, in front position, as a cohesive device to link to a previous statement in a preceding clause.",A2,1,2,2,5.0,sustained_usage
TAASSC,to_clause_noun,no,0.13639643451037475,0.062141473123183175,68,834,,,,,,,,
POLKE,polke_1058_per_100_words,no,0.13556700402525879,0.061763589108960924,79,835,1058,"Can use a wide range of uncountable nouns, particularly referring to abstract concepts.",C1,1,1,1,5.0,sustained_usage
TAALES,COCA_news_Frequency_Log_AW,no,0.13539189237203875,0.06168380919293019,346,836,,,,,,,,
TAALES,KF_Ncats_FW,no,0.13496661821894618,0.06149005660365429,347,837,,,,,,,,
TAALES,COCA_spoken_Frequency_AW,no,0.1346085408774078,0.06132691851595351,348,838,,,,,,,,
TAALES,Freq_N_OG_CW,no,0.13434055223124686,0.061204824347491485,349,839,,,,,,,,
TAASSC,to_clause_verb_desire,no,0.13424916278569432,0.061163187813553246,69,840,,,,,,,,
TAALES,OG_N_H_CW,no,0.13407165114651942,0.0610823144769852,350,841,,,,,,,,
TAALES,Freq_N_OGH_CW,no,0.1339790693952545,0.061040134735054416,351,842,,,,,,,,
L2SCA,CP/T,no,0.13387839378491018,0.06099426747498395,20,843,,,,,,,,
POLKE,polke_162_per_100_words,no,0.1334146043115867,0.060782967515459314,80,844,162,Can form an affirmative imperative with the base form of a main verb.,A2,1,1,1,5.0,sustained_usage
TAALES,PLDF,no,0.13316534227661547,0.060669405089121727,352,845,,,,,,,,
TAALES,Brown_Freq_CW_Log,no,0.13296381421865355,0.06057759000288166,353,846,,,,,,,,
TAALES,COCA_magazine_bi_AC,no,0.13253313160358804,0.06038137334777049,354,847,,,,,,,,
TAALES,aoe_inflection_point_polynomial,no,0.1323848541362267,0.06031381894075182,355,848,,,,,,,,
TAALES,COCA_news_Range_Log_AW,no,0.13129096118637218,0.059815447267129715,356,849,,,,,,,,
TAALES,KF_Nsamp_CW,no,0.13088125294272324,0.059628786421467204,357,850,,,,,,,,
POLKE,polke_203_per_100_words,no,0.13060151731052816,0.059501340390109805,81,851,203,Can use ''s' after singular or proper nouns to indicate possession.,A2,1,1,1,5.0,sustained_usage
TAALES,COCA_fiction_Frequency_AW,no,0.1305812864338196,0.05949212331280308,358,852,,,,,,,,
LCA,slextokens,yes,0.13046040935893277,0.05943705237544865,23,853,,,,,,,,
TAALES,COCA_magazine_Range_AW,no,0.13033823432573044,0.05938139009535078,359,854,,,,,,,,
LCA,vv2,no,0.13022729259261911,0.05933084564562873,24,855,,,,,,,,
POLKE,polke_753_per_100_words,no,0.13012346231938743,0.059283541138318394,82,856,753,Can use degree adverbs to modify noun phrases. ► noun phrases,B2,1,1,1,5.0,sustained_usage
TAALES,COCA_academic_bi_MI,no,0.1300338645969079,0.05924272090365943,360,857,,,,,,,,
TAALES,COCA_spoken_bi_MI,no,0.12957816731006178,0.059035107700246094,361,858,,,,,,,,
LCA,slextypes,yes,0.1294591847644866,0.05898089990013365,25,859,,,,,,,,
POLKE,polke_273_per_100_words,no,0.1284163188624845,0.05850577587176019,83,860,273,Can use possessive determiner ''s' with a singular noun.,A2,1,1,7,5.0,sustained_usage
TAALES,WN_Mean_RT,no,0.12816658815310333,0.058391999919912535,362,861,,,,,,,,
L2SCA,T/S,no,0.12810109620372634,0.05836216214426536,21,862,,,,,,,,
TAALES,WN_SD_CW,no,0.1279199433216176,0.058279629877236845,363,863,,,,,,,,
LCA,swordtokens,yes,0.12719257787732596,0.05794824614004874,26,864,,,,,,,,
TAALES,BNC_Written_Freq_AW_Log,no,0.12659553944539725,0.057676238680290814,364,865,,,,,,,,
POLKE,polke_325_per_100_words,no,0.12646467539996387,0.05761661773351694,84,866,325,"Can use 'it' as an empty subject when there is nothing else to put in subject position, particularly with weather or time.",A2,1,2,2,5.0,sustained_usage
POLKE,polke_366_per_100_words,no,0.12602067674367268,0.05741433436250587,85,867,366,Can use a limited range of phrasal verbs without an object.,A2,1,2,2,5.0,sustained_usage
POLKE,polke_23_per_100_words,no,0.12594826609776133,0.05738134446637783,86,868,23,Can omit the subject in a second main declarative clause when the subject is obvious or the same as the first clause.,A1,1,2,2,5.0,sustained_usage
TAALES,COCA_magazine_Range_Log_AW,no,0.1246606061708393,0.05679469361272565,365,869,,,,,,,,
POLKE,polke_475_per_100_words,no,0.12453694379248947,0.05673835370627457,87,870,475,"Can use an increasing range of simple subordinating conjunctions ('as, after, before since, until, although, whether, so (that), though') to introduce a subordinate clause.",B1,1,4,4,5.0,sustained_usage
TAALES,OG_N_H,no,0.12448990413192718,0.056716922692970975,366,871,,,,,,,,
TAALES,Freq_N_OGH,no,0.12411225122683867,0.05654486608507141,367,872,,,,,,,,
LCA,swordtypes,yes,0.12402493560672223,0.056505085563827016,27,873,,,,,,,,
LCA,modv,no,0.12376934788205451,0.05638864118769601,28,874,,,,,,,,
L2SCA,S,yes,0.12365485896732009,0.05633648066133467,22,875,,,,,,,,
POLKE,polke_125_per_100_words,no,0.12342408908274471,0.05623134315806005,88,876,125,"Can use an increasing range of adjectives predicatively, after 'be'.",A2,1,1,1,5.0,sustained_usage
TAALES,COCA_magazine_Frequency_Log_AW,no,0.12323644806886191,0.05614585493351179,368,877,,,,,,,,
TAALES,Log_Freq_HAL_CW,no,0.12272920969233603,0.05591475989019133,369,878,,,,,,,,
TAALES,BNC_Spoken_Bigram_Normed_Freq,no,0.12245824202545164,0.05579130849610326,370,879,,,,,,,,
TAALES,Freq_HAL,no,0.12124285953517999,0.05523758684916492,371,880,,,,,,,,
LCA,adjv,no,0.12098343872138662,0.05511939613849272,29,881,,,,,,,,
POLKE,polke_99_per_100_words,no,0.12023734174647904,0.054779478417916375,89,882,99,Can use auxiliary verb 'be'. ►  present continuous,A1,1,4,4,5.0,sustained_usage
TAALES,hyper_verb_noun_Sav_Pav,no,0.11960426651442901,0.05449105278818045,372,883,,,,,,,,
TAALES,Freq_N_OG,no,0.11932229268263495,0.05436258704526882,373,884,,,,,,,,
TAALES,hyper_verb_noun_Sav_P1,no,0.1188424351277142,0.05414396655523104,374,885,,,,,,,,
TAASSC,adverbial_subordinator_conditional,no,0.11843479128870094,0.05395824624108348,70,886,,,,,,,,
TAALES,COCA_news_Range_AW,no,0.11797948403886682,0.053750810736409756,375,887,,,,,,,,
POLKE,polke_740_per_100_words,no,0.1176060382608406,0.053580670872699326,90,888,740,Can use adjective phrases to modify nouns.,B2,1,2,4,5.0,sustained_usage
TAASSC,adverbial_subordinator_causitive,no,0.11749024054722668,0.05352791406469261,71,889,,,,,,,,
TAASSC,factive_adverb,no,0.117299856063799,0.05344117593035309,72,890,,,,,,,,
POLKE,polke_88_per_100_words,no,0.11688898220810007,0.05325398403818532,91,891,88,"Can use the object pronouns 'me', 'you', 'him', 'her', 'it', 'us' and 'them' in the object position after prepositions.",A1,1,2,2,5.0,sustained_usage
TAALES,lsa_average_all_cosine,no,0.11679120946335697,0.05320943930788175,376,892,,,,,,,,
TAASSC,pp_demonstrative,no,0.11675144626158174,0.05319132340959396,73,893,,,,,,,,
POLKE,polke_857_per_100_words,no,0.11664531184716864,0.05314296914810339,92,894,857,Can form complex noun phrases by using adjective phrases as postmodifiers to give more information about the noun.,B2,1,2,4,5.0,sustained_usage
TAALES,Freq_N_P,no,0.11658223524726452,0.05311423179252871,377,895,,,,,,,,
TAASSC,causation_verb,no,0.1165400064260016,0.053094992571423305,74,896,,,,,,,,
POLKE,polke_410_per_100_words,no,0.116488557877795,0.05307155289290763,93,897,410,"Can use adjective phrases attributively, before a noun.",B1,1,2,4,5.0,sustained_usage
TAASSC,time_attributive_adj,no,0.11597965267653887,0.05283969845331302,75,898,,,,,,,,
POLKE,polke_43_per_100_words,no,0.11518838763636285,0.0524792024080614,94,899,43,Can use 'this' with singular nouns. ► noun phrases ►  pronouns: demonstrative,A1,1,4,4,5.0,sustained_usage
TAALES,Freq_N_PH,no,0.11464219938769737,0.052230362015008,378,900,,,,,,,,
TAALES,Freq_N_CW,no,0.11454747043019342,0.05218720401760249,379,901,,,,,,,,
TAALES,Freq_N,no,0.11422099455931045,0.052038463387917636,380,902,,,,,,,,
TAALES,COCA_academic_bi_DP,no,0.11378220191820088,0.05183855184908568,381,903,,,,,,,,
TAALES,COCA_academic_bi_MI2,no,0.11341176573801892,0.05166978314177111,382,904,,,,,,,,
TAASSC,that_complement_clause,no,0.1133144183535717,0.051625432203303005,76,905,,,,,,,,
TAALES,COCA_Academic_Range_Log_CW,no,0.11251922101727896,0.051263144625345064,383,906,,,,,,,,
TAALES,COCA_Fiction_Bigram_Frequency,no,0.11187046815684809,0.050967576353456064,384,907,,,,,,,,
TAALES,BNC_Spoken_Range_CW,no,0.11151794586656161,0.05080696911686811,385,908,,,,,,,,
TAALES,BNC_Spoken_Bigram_Normed_Freq_Log,no,0.11146442601599116,0.05078258576427009,386,909,,,,,,,,
TAALES,COCA_spoken_Bigram_Range,no,0.11131739637747051,0.050715599861279,387,910,,,,,,,,
TAALES,Spoken_AFL_Normed,no,0.11062747282249674,0.05040127444505859,388,911,,,,,,,,
TAASSC,nn_cognitive,no,0.1100470669085527,0.050136844669959546,77,912,,,,,,,,
POLKE,polke_36_per_100_words,no,0.109099241260048,0.04970502046375173,95,913,36,Can use 'because' as a subordinating conjunction to introduce a subordinate clause.,A1,1,4,4,5.0,sustained_usage
TAASSC,adverbial_subordinator_other,no,0.10858635619505863,0.04947135281990365,78,914,,,,,,,,
TAALES,COCA_news_bi_MI,no,0.1084742745169498,0.04942028901744573,389,915,,,,,,,,
TAALES,COCA_spoken_bi_DP,no,0.10824585175742962,0.04931622085157028,390,916,,,,,,,,
POLKE,polke_206_per_100_words,no,0.10815047094303987,0.04927276587171582,96,917,206,"Can use a range of quantifying determiners ('some', 'any', 'no', 'more', 'a lot of') with both plural nouns and uncountable nouns.",A2,1,3,3,5.0,sustained_usage
LCA,nv,no,0.10813298652145154,0.04926480006441224,30,918,,,,,,,,
TAALES,BNC_Spoken_Freq_AW,no,0.10678636763284644,0.048651287828745546,391,919,,,,,,,,
TAALES,Core_AFL_Normed,no,0.10623132438731453,0.048398413147319755,392,920,,,,,,,,
TAALES,COCA_magazine_bi_DP,no,0.1059069140528277,0.04825061356477376,393,921,,,,,,,,
TAALES,COCA_fiction_bi_AC,no,0.10583941146467968,0.048219859753046906,394,922,,,,,,,,
TAALES,COCA_fiction_Frequency_Log_AW,no,0.10566957910919772,0.04814248505632911,395,923,,,,,,,,
TAALES,COCA_spoken_Frequency_Log_AW,no,0.10544685474241433,0.048041013047166764,396,924,,,,,,,,
TAALES,TL_Freq_AW,no,0.10539114056311805,0.04801562997034552,397,925,,,,,,,,
TAALES,COCA_fiction_Range_Log_AW,no,0.10495902349797914,0.04781875978758898,398,926,,,,,,,,
TAALES,COCA_spoken_Bigram_Frequency,no,0.10482860378694037,0.047759341277146664,399,927,,,,,,,,
TAASSC,to_clause_adjective,no,0.10418066248559121,0.047464142747157774,79,928,,,,,,,,
TAALES,WN_SD,no,0.103869542069567,0.04732239797912301,400,929,,,,,,,,
TAALES,COCA_news_bi_DP,no,0.10357402723907283,0.04718776303091064,401,930,,,,,,,,
TAALES,COCA_spoken_Range_Log_AW,no,0.10353094415322772,0.04716813461151157,402,931,,,,,,,,
TAALES,LD_Mean_RT_CW,no,0.1017712596309912,0.04636643192158148,403,932,,,,,,,,
TAALES_COVERAGE,poly_adj,no,0.10169808917049172,0.04633309585806294,296,933,,,,,,,,
TAALES,COCA_spoken_Range_AW,no,0.10162203175042572,0.04629844451148034,404,934,,,,,,,,
TAALES,COCA_spoken_bi_MI2,no,0.10142779591266038,0.04620995172106846,405,935,,,,,,,,
TAALES,COCA_fiction_bi_MI,no,0.10076100332661397,0.045906164648383735,406,936,,,,,,,,
TAALES_COVERAGE,Kuperman_AoA_FW,no,0.10025825990182824,0.04567711748060895,297,937,,,,,,,,
TAALES,COCA_News_Bigram_Range_Log,no,0.09969812340431217,0.04542192234130301,407,938,,,,,,,,
TAALES,LD_Mean_RT_SD_CW,no,0.09931001436508957,0.0452451019756073,408,939,,,,,,,,
TAALES,COCA_academic_bi_T,no,0.09907617553044235,0.045138566275385004,409,940,,,,,,,,
TAALES,Brown_Freq_CW,no,0.09854936579510909,0.04489855462752369,410,941,,,,,,,,
TAALES,LD_Mean_RT_SD,no,0.09809342128750398,0.04469082879167825,411,942,,,,,,,,
TAASSC,perfect_aspect,no,0.09808900113663377,0.04468881499500176,80,943,,,,,,,,
L2SCA,CP,yes,0.09788615499201692,0.044596399395656385,23,944,,,,,,,,
POLKE,polke_4_per_100_words,no,0.09669007867730883,0.04405147353721647,97,945,4,"Can use a limited range of adjectives predicatively, after 'be'.",A1,1,1,1,5.0,sustained_usage
LCA,logttr,yes,0.09635762927631042,0.043900011399726435,31,946,,,,,,,,
TAALES,COCA_spoken_bi_AC,no,0.09626049050424212,0.043855755503922636,412,947,,,,,,,,
TAALES,COCA_Fiction_Bigram_Range,no,0.09624329862272774,0.04384792297628437,413,948,,,,,,,,
POLKE,polke_275_per_100_words,no,0.09607221792365328,0.04376997954102088,98,949,275,"Can form plurals by adding '-es' to countable nouns ending in '-o', '-ch', '-s', '-sh', '-x' or '-z'.",A2,1,2,2,5.0,sustained_usage
ERRANT,errant_u_space_per_100_words,no,0.09514393195907989,0.04334705750845281,8,950,,,,,,,,
ERRANT,unnecessary_errors_per_100_words,no,0.0949632211968976,0.04326472666885622,9,951,,,,,,,,
TAALES,COCA_magazine_bi_MI,no,0.09428209695315459,0.0429544101709357,414,952,,,,,,,,
TAALES,COCA_News_Bigram_Frequency_Log,no,0.09422614150123598,0.042928917171621034,415,953,,,,,,,,
TAALES,Log_Freq_HAL,no,0.09384598982319181,0.04275572213636432,416,954,,,,,,,,
TAALES,COCA_Academic_Range_CW,no,0.09384086083284693,0.04275338539628156,417,955,,,,,,,,
TAALES,COCA_Magazine_Bigram_Range_Log,no,0.09382123100137241,0.042744442151911824,418,956,,,,,,,,
POLKE,polke_992_per_100_words,no,0.09315023857400861,0.04243874165438368,99,957,992,Can modify a wide range of adverbs with other adverbs.,C1,1,2,2,5.0,sustained_usage
POLKE,polke_121_per_100_words,no,0.09307696421001443,0.042405358252998536,100,958,121,Can form adjective phrases with a very limited range of adjectives + a prepositional phrase.,A2,1,2,4,5.0,sustained_usage
POLKE,polke_281_per_100_words,no,0.09275822912980614,0.042260144285410015,101,959,281,"Can use uncountable nouns with a limited range of quantity words and phrases including 'some', 'any', 'a lot of', 'more'. ► Determiners: quantity",A2,1,3,3,5.0,sustained_usage
ERRANT,errant_family_space_per_100_words,no,0.09270733045562185,0.042236955126505805,10,960,,,,,,,,
LCA,ls2,no,0.09269403325449366,0.042230896994051775,32,961,,,,,,,,
TAALES,SUBTLEXus_Freq_CW,no,0.09214269019577248,0.041979708097595915,419,962,,,,,,,,
TAALES,KF_Freq_AW_Log,no,0.09197153132414249,0.04190172904734163,420,963,,,,,,,,
POLKE,polke_24_per_100_words,no,0.09166672351181226,0.04176286026718877,102,964,24,Can form simple affirmative declarative clauses.,A1,1,2,2,5.0,sustained_usage
TAALES,TL_Freq_CW,no,0.0915141131298065,0.041693331807843244,421,965,,,,,,,,
POLKE,polke_13_per_100_words,no,0.09151216483468261,0.04169244417518985,103,966,13,Can use degree and time adverbs to modify verbs.,A1,1,4,4,5.0,sustained_usage
TAALES,COCA_Magazine_Bigram_Frequency_Log,no,0.09142807267300723,0.04165413224406512,422,967,,,,,,,,
TAALES,BNC_Spoken_Range_AW,no,0.0912956576445052,0.041593804677847554,423,968,,,,,,,,
TAALES,BG_Mean,no,0.091241797722728,0.04156926639065882,424,969,,,,,,,,
TAALES,AWL_Sublist_6_Normed,no,0.09100836780075694,0.041462916988825975,425,970,,,,,,,,
TAALES,COCA_Academic_Frequency_Log_CW,no,0.09040148756850952,0.04118642565841421,426,971,,,,,,,,
TAALES,BNC_Written_Range_CW,no,0.0895186671988113,0.040784217503390716,427,972,,,,,,,,
TAASSC,pp_indefinite,no,0.08900074991684948,0.04054825720888159,81,973,,,,,,,,
TAALES,COCA_spoken_Bigram_Range_Log,no,0.08891625754902899,0.04050976294601557,428,974,,,,,,,,
POLKE,polke_373_per_100_words,no,0.08884189191749581,0.040475882369079695,104,975,373,"Can use verbs expressing preference followed either by a 'to'-infinitive or an '-ing' form, with no change in meaning.",A2,1,1,1,5.0,sustained_usage
ERRANT,errant_family_noun_per_100_words,no,0.08828399976084578,0.04022170973925581,11,976,,,,,,,,
TAALES,COCA_fiction_bi_DP,no,0.08816088939675826,0.040165621327497895,429,977,,,,,,,,
POLKE,polke_11_per_100_words,no,0.08779015936031476,0.0399967187408701,105,978,11,Can use 'very' to modify common gradable adjectives.,A1,1,2,2,5.0,sustained_usage
TAALES,COCA_magazine_bi_MI2,no,0.08731610483531105,0.03978074207967519,430,979,,,,,,,,
POLKE,polke_2_per_100_words,no,0.0870942688861649,0.03967967482875249,106,980,2,Can use 'very' with a limited range of common gradable adjectives.,A1,1,2,2,5.0,sustained_usage
TAALES,AWL_Sublist_3_Normed,no,0.08708668264590402,0.03967621857898343,431,981,,,,,,,,
TAASSC,complementizer_that0,no,0.08689010312862555,0.039586658020942606,82,982,,,,,,,,
TAALES,COCA_spoken_Bigram_Frequency_Log,no,0.086610595892338,0.03945931604551745,432,983,,,,,,,,
TAALES,SUBTLEXus_Freq_CW_Log,no,0.08636608732293549,0.03934791927221867,433,984,,,,,,,,
TAALES,COCA_fiction_Range_AW,no,0.08622625438104059,0.03928421214503686,434,985,,,,,,,,
TAALES,Freq_HAL_CW,no,0.08581946384885253,0.039098880592834104,435,986,,,,,,,,
TAALES,COCA_news_bi_MI2,no,0.08568437771434834,0.03903733608526145,436,987,,,,,,,,
ERRANT,errant_r_noun_per_100_words,no,0.08552747497617741,0.03896585205181143,12,988,,,,,,,,
POLKE,polke_626_per_100_words,no,0.0855095802353798,0.038957699305309575,107,989,626,Can use the affirmative forms with a range of pronouns and nouns and an increasing range of verbs.,B1,1,6,6,5.0,sustained_usage
TAASSC,aspectual_verb,no,0.08500290621743067,0.03872686138068475,83,990,,,,,,,,
POLKE,polke_102_per_100_words,no,0.08360717196451617,0.03809097245238585,108,991,102,"Can use 'like' followed either by a 'to'-infinitive or an '-ing' form, with no change in meaning.",A1,1,1,1,5.0,sustained_usage
POLKE,polke_436_per_100_words,no,0.08320495796003113,0.03790772594129341,109,992,436,Can modify an increasing range of adverbs with other adverbs.► adverbs and adverb phrases: types and meanings,B1,1,2,2,5.0,sustained_usage
TAASSC,occurrence_verb,no,0.07973115740442838,0.03632508131692189,84,993,,,,,,,,
POLKE,polke_270_per_100_words,no,0.07972702573440049,0.036323198950546885,110,994,270,Can pre-modify noun phrases with a limited range of more than one adjective.,A2,1,1,6,5.0,sustained_usage
POLKE,polke_314_per_100_words,no,0.07882344100853489,0.035911530667879096,111,995,314,Can use the negative form with an increasing range of regular and irregular verbs.,A2,1,2,2,5.0,sustained_usage
POLKE,polke_574_per_100_words,no,0.07880544160466751,0.035903330237452354,112,996,574,Can form an increasing range of complex noun phrases with more than one adjective.,B1,1,1,6,5.0,sustained_usage
POLKE,polke_222_per_100_words,no,0.0786759082121975,0.03584431552892551,113,997,222,Can use the affirmative form.,A2,1,5,12,5.0,sustained_usage
TAALES,SUBTLEXus_Range_CW,no,0.07814940313306984,0.035604442680773146,437,998,,,,,,,,
TAALES,SUBTLEXus_Range_CW_Log,no,0.07812426059173783,0.0355929878757994,438,999,,,,,,,,
TAASSC,place_adverbials,no,0.07802273345516797,0.035546732665015644,85,1000,,,,,,,,
TAALES,LD_Mean_RT,no,0.07770007596996598,0.03539973167106262,439,1001,,,,,,,,
TAALES,COCA_fiction_bi_MI2,no,0.0775850097605475,0.03534730813238558,440,1002,,,,,,,,
TAALES,KF_Freq_CW,no,0.07692048671009033,0.03504455504776167,441,1003,,,,,,,,
TAASSC,that_verb_clause,no,0.07672084445089267,0.03495359912117372,86,1004,,,,,,,,
POLKE,polke_108_per_100_words,no,0.07661463045167194,0.03490520860127799,114,1005,108,Can form negative statements of main verbs in the present simple with 'don't' + main verb. ► present simple ► can,A1,1,2,2,5.0,sustained_usage
TAALES,AWL_Sublist_5_Normed,no,0.07626954516799911,0.03474798962442174,442,1006,,,,,,,,
POLKE,polke_260_per_100_words,no,0.07578722197900678,0.03452824580492201,115,1007,260,Can use the affirmative form.,A2,1,4,6,5.0,sustained_usage
TAALES,COCA_magazine_bi_T,no,0.07548991175771169,0.03439279288643351,443,1008,,,,,,,,
TAALES,COCA_Fiction_Bigram_Range_Log,no,0.074787553908926,0.03407280247363534,444,1009,,,,,,,,
TAALES,COCA_news_bi_T,no,0.07459559089468915,0.0339853451692515,445,1010,,,,,,,,
POLKE,polke_391_per_100_words,no,0.07445293281228649,0.0339203509234323,116,1011,391,Can use negative forms of modal verbs. ► modal verbs,A2,1,2,2,5.0,sustained_usage
POLKE,polke_583_per_100_words,no,0.07442103812483092,0.033905819877438265,117,1012,583,"Can put two noun phrases together (in apposition) to refer to the same person or thing, usually separated by commas.",B1,1,1,1,5.0,sustained_usage
TAALES,COCA_news_Range_Log_CW,no,0.07441894195407839,0.03390486487345339,446,1013,,,,,,,,
TAALES,Brown_Freq_AW,no,0.07422872140531034,0.03381820142685246,447,1014,,,,,,,,
POLKE,polke_276_per_100_words,no,0.07370251544829864,0.033578464857107936,118,1015,276,"Can form plurals of countable nouns ending in a consonant plus '-y', by changing the 'y' to 'I' and adding '-es'.",A2,1,6,6,5.0,sustained_usage
POLKE,polke_379_per_100_words,no,0.07245237175935726,0.03300890619726952,119,1016,379,Can form conditional subordinate clause with 'if' + present simple.,A2,1,6,6,5.0,sustained_usage
POLKE,polke_594_per_100_words,no,0.07223396181342778,0.03290939981476375,120,1017,594,Can use the present simple passive affirmative with a range of pronoun and noun subjects.,B1,1,3,6,5.0,sustained_usage
TAALES,KF_Freq_CW_Log,no,0.07218970570927263,0.032889236974607654,448,1018,,,,,,,,
TAALES,SUBTLEXus_Range_AW_Log,no,0.07139501391825975,0.03252717972032741,449,1019,,,,,,,,
TAALES,COCA_Fiction_Bigram_Frequency_Log,no,0.07101226094162794,0.03235279954759367,450,1020,,,,,,,,
TAASSC,nn_technical,no,0.07094041460208267,0.03232006674637436,87,1021,,,,,,,,
TAASSC,downtoners_adverb,no,0.07069108979951144,0.032206475723459874,88,1022,,,,,,,,
POLKE,polke_433_per_100_words,no,0.0706633726541539,0.0321938479429063,121,1023,433,Can use a limited range of degree adverbs to modify adverbs. ► adverb phrases: form,B1,1,4,4,5.0,sustained_usage
TAALES,COCA_magazine_Range_Log_CW,no,0.07017740053399857,0.03197244169023074,451,1024,,,,,,,,
POLKE,polke_278_per_100_words,no,0.06950171634968827,0.03166460365377617,122,1025,278,"Can use nouns that only have a plural form, with plural agreement.",A2,1,3,3,5.0,sustained_usage
POLKE,polke_110_per_100_words,no,0.06937196398337875,0.031605489181959975,123,1026,110,"Can use 'but' to join a limited range of common adjectives, after 'be'.",A2,1,5,7,5.0,sustained_usage
TAALES,COCA_Academic_Frequency_CW,no,0.06915920462945246,0.031508557178413284,452,1027,,,,,,,,
POLKE,polke_415_per_100_words,no,0.06865722283603404,0.0312798570057437,124,1028,415,"Can use an increasing range of adjectives attributively, before a noun.
► noun phrases",B1,1,4,4,5.0,sustained_usage
TAALES,McD_CD_CW,no,0.06849637399006658,0.03120657514706123,453,1029,,,,,,,,
TAALES,COCA_fiction_Range_Log_CW,no,0.06811917114426214,0.031034723583721707,454,1030,,,,,,,,
POLKE,polke_575_per_100_words,no,0.06762623048112415,0.030810142500794765,125,1031,575,Can form complex noun phrases with adverb + adjective + noun.,B1,1,4,4,5.0,sustained_usage
TAALES,COCA_spoken_bi_T,no,0.06755157918582899,0.030776131777003876,455,1032,,,,,,,,
POLKE,polke_40_per_100_words,no,0.06731618360138247,0.030668886830046798,126,1033,40,Can use 'the' in prepositional phrases relating to time.,A1,1,2,,5.0,usage_not_sustained
TAALES,BNC_Written_Freq_CW,no,0.06715430910840281,0.03059513769216842,456,1034,,,,,,,,
POLKE,polke_363_per_100_words,no,0.06695348734998863,0.030503644392157737,127,1035,363,"Can use a limited range of verbs, typically reporting, with a 'that'-clause as the direct object.",A2,1,5,5,5.0,sustained_usage
TAALES,AWL_Sublist_9_Normed,no,0.06678842646423133,0.0304284435510742,457,1036,,,,,,,,
TAASSC,wh_relative_clause,no,0.06659935598292899,0.030342304068950544,89,1037,,,,,,,,
POLKE,polke_370_per_100_words,no,0.0659786453700324,0.030059511692397223,128,1038,370,Can use an increasing range of modal auxiliary verbs.,A2,1,3,5,5.0,sustained_usage
POLKE,polke_304_per_100_words,no,0.06561938627167052,0.02989583520272025,129,1039,304,Can form prepositional phrases using the '-ing' form of verbs as complements.,A2,1,5,5,5.0,sustained_usage
POLKE,polke_83_per_100_words,no,0.06539503085081888,0.029793620094202642,130,1040,83,Can use the negative form with a limited range of regular and irregular verbs.,A1,1,2,11,5.0,sustained_usage
TAALES,Brown_Freq_AW_Log,no,0.06530401388335516,0.02975215325925418,458,1041,,,,,,,,
TAALES,COCA_fiction_bi_T,no,0.06503343800816364,0.02962888036332876,459,1042,,,,,,,,
TAALES,TL_Freq_AW_Log,no,0.06447626230935466,0.029375034147797408,460,1043,,,,,,,,
POLKE,polke_1057_per_100_words,no,0.06438062813764667,0.029331463739727847,131,1044,1057,Can use the '-ing' form of verbs as abstract nouns.,C1,1,2,2,5.0,sustained_usage
TAALES,COCA_magazine_Frequency_CW,no,0.06434880135865662,0.029316963632461057,461,1045,,,,,,,,
TAALES,SUBTLEXus_Range_AW,no,0.06406360981802939,0.029187031918919838,462,1046,,,,,,,,
TAALES,COCA_news_Frequency_Log_CW,no,0.06355608034483629,0.02895580425354231,463,1047,,,,,,,,
POLKE,polke_157_per_100_words,no,0.06334845195656635,0.02886120989001953,132,1048,157,"Can modify a limited range of adverbs of time, degree, and manner with other adverbs.",A2,1,2,4,5.0,sustained_usage
TAALES,SUBTLEXus_Freq_AW_Log,no,0.0633245970578753,0.028850341728024035,464,1049,,,,,,,,
POLKE,polke_249_per_100_words,no,0.06295925092723653,0.02868389201957494,133,1050,249,Can use the affirmative form.,A2,1,3,5,5.0,sustained_usage
POLKE,polke_161_per_100_words,no,0.06252063877622138,0.02848406271104755,134,1051,161,Can form a simple negative declarative clause with modal verb + 'not' or 'n't'.,A2,1,2,2,5.0,sustained_usage
TAASSC,that_relative_clause,no,0.06218348900242532,0.028330459109296203,90,1052,,,,,,,,
TAALES,BNC_Written_Freq_CW_Log,no,0.061850669123559854,0.028178828184106542,465,1053,,,,,,,,
TAASSC,to_clause_adjective_evaluative,no,0.061428975022103316,0.027986706646868902,91,1054,,,,,,,,
TAASSC,wh_relative_subj_clause,no,0.061358546171221384,0.02795461964576886,92,1055,,,,,,,,
POLKE,polke_689_per_100_words,no,0.060936736183689,0.02776244531146586,135,1056,689,"Can use an increasing range of verbs, typically reporting or mental process verbs, with a 'that'-clause as the direct object.",B1,1,4,4,5.0,sustained_usage
TAALES,COCA_spoken_Range_Log_CW,no,0.06082570161159806,0.02771185856481004,466,1057,,,,,,,,
POLKE,polke_107_per_100_words,no,0.06032678874982045,0.02748455658069105,136,1058,107,"Can form negative statements of main verb 'be', with contracted and uncontracted forms.",A1,1,4,4,5.0,sustained_usage
LCA,ld,no,0.060242996280441385,0.027446381187745218,33,1059,,,,,,,,
TAALES,SUBTLEXus_Freq_AW,no,0.059994692490196844,0.02733325533248914,467,1060,,,,,,,,
TAALES,AWL_Sublist_7_Normed,no,0.059761597535965105,0.02722705854013502,468,1061,,,,,,,,
TAALES,COCA_spoken_Frequency_CW,no,0.05960836324036878,0.027157245829153742,469,1062,,,,,,,,
TAASSC,split_aux,no,0.059278736802006016,0.02700706981807442,93,1063,,,,,,,,
POLKE,polke_155_per_100_words,no,0.058488415194759114,0.02664700359572996,137,1064,155,Can use degree adverbs in end position.,A2,1,4,4,5.0,sustained_usage
POLKE,polke_949_per_100_words,no,0.05835097595411076,0.026584387025806566,138,1065,949,Can use an adverb between the verb and the preposition.,B2,1,5,5,5.0,sustained_usage
TAALES,COCA_news_Frequency_CW,no,0.05715315231133555,0.02603866509421042,470,1066,,,,,,,,
POLKE,polke_16_per_100_words,no,0.05668296096005676,0.025824448473936362,139,1067,16,"Can use frequency adverbs in the usual mid position, between the subject and the main verb.",A1,1,4,,5.0,usage_not_sustained
TAALES,COCA_fiction_Frequency_Log_CW,no,0.055773147130528056,0.025409942245546224,471,1068,,,,,,,,
POLKE,polke_899_per_100_words,no,0.05576415787258826,0.02540584678855962,140,1069,899,"Can use the past simple with a range of subordinating conjunctions, including 'as soon as', 'before', 'if', 'once', 'since', 'so', 'until', 'when', 'while'.",B2,1,4,4,5.0,sustained_usage
POLKE,polke_434_per_100_words,no,0.054937001537437524,0.025028998864682763,141,1070,434,Can use an increasing range of manner adverbs to modify verbs.,B1,1,5,5,5.0,sustained_usage
TAALES,McD_CD,no,0.05472904052530936,0.024934252959540725,472,1071,,,,,,,,
POLKE,polke_635_per_100_words,no,0.05417399820049651,0.02468137869758952,142,1072,635,Can use adverbs of degree to modify prepositions and prepositional phrases.,B1,1,5,7,5.0,sustained_usage
TAALES,COCA_magazine_Frequency_Log_CW,no,0.05291958596258839,0.024109875310076627,473,1073,,,,,,,,
TAALES,COCA_fiction_Frequency_CW,no,0.05216154126045591,0.023764514270011073,474,1074,,,,,,,,
TAASSC,wh_question,no,0.05196520065749333,0.02367506256003209,94,1075,,,,,,,,
TAALES,BNC_Spoken_Freq_CW_Log,no,0.05095670941498609,0.02321559943941465,475,1076,,,,,,,,
TAASSC,past_participial_clause,no,0.05085279224255945,0.02316825534130411,95,1077,,,,,,,,
POLKE,polke_282_per_100_words,no,0.05061255898193906,0.023058806375414895,143,1078,282,Can refer to an individual example or quantity of an uncountable noun using words for containers and countable items.,A2,1,3,7,5.0,sustained_usage
TAALES,COCA_spoken_Frequency_Log_CW,no,0.05047227892224537,0.02299489554379773,476,1079,,,,,,,,
TAALES,BNC_Spoken_Freq_CW,no,0.050171359806176596,0.02285779843249445,477,1080,,,,,,,,
POLKE,polke_86_per_100_words,no,0.04979714148979797,0.02268730660451579,144,1081,86,Can use the pronoun 'it' as a direct object to refer to an object or situation already referred to.,A1,1,4,6,5.0,sustained_usage
TAASSC,conjuncts_adverb,no,0.04969685930084644,0.022641618585090388,96,1082,,,,,,,,
POLKE,polke_341_per_100_words,no,0.0495377130603325,0.022569112424184835,145,1083,341,Can use an increasing range of indefinite pronouns as objects or complements of prepositions.,A2,1,5,5,5.0,sustained_usage
POLKE,polke_33_per_100_words,no,0.04845983841471302,0.02207803860278059,146,1084,33,"Can use single word conjunctions ('and, but, or') to combine sentences.",A1,1,4,4,5.0,sustained_usage
TAALES,COCA_spoken_Range_CW,no,0.04827450377792841,0.021993601151084084,478,1085,,,,,,,,
TAALES,BNC_Spoken_Freq_AW_Log,no,0.047999062968795414,0.021868111817735975,479,1086,,,,,,,,
POLKE,polke_371_per_100_words,no,0.04776512666332433,0.02176153171033689,147,1087,371,Can use semi-modal auxiliary verb 'have (got) to'.,A2,1,6,6,5.0,sustained_usage
POLKE,polke_951_per_100_words,no,0.04614123106836976,0.021021693716543513,148,1088,951,Can use a wide range of phrasal verbs + particle + object.,B2,1,5,10,5.0,sustained_usage
POLKE,polke_859_per_100_words,no,0.04594578291317397,0.020932648600909272,149,1089,859,Can use the '-ing' form of verbs as nouns in subject position.,B2,1,7,7,5.0,sustained_usage
POLKE,polke_982_per_100_words,no,0.04588347887283062,0.02090426321926524,150,1090,982,"Can use a wide range of compound adjectives ('open-minded', 'above-mentioned', 'well-to-do', 'jaw-dropping')",C1,1,6,11,5.0,sustained_usage
POLKE,polke_136_per_100_words,no,0.045722794018080215,0.020831056074088618,151,1091,136,Can form a noun phrase with 'the' + superlative adjective + noun. ► noun phrases,A2,1,7,7,5.0,sustained_usage
POLKE,polke_189_per_100_words,no,0.04564888312523996,0.02079738267362598,152,1092,189,Can form a noun phrase with 'the' + superlative adjectives + noun.,A2,1,7,7,5.0,sustained_usage
POLKE,polke_950_per_100_words,no,0.045270493216271745,0.020624990290770525,153,1093,950,Can use a wide range of phrasal verbs without an object.,B2,1,6,9,5.0,sustained_usage
POLKE,polke_274_per_100_words,no,0.04523443070834343,0.02060856040845559,154,1094,274,"Can use the '-ing' forms of verbs as nouns, in object position, to refer to activities.",A2,1,5,5,5.0,sustained_usage
TAALES,COCA_fiction_Range_CW,no,0.04459168665036106,0.02031572971425472,480,1095,,,,,,,,
TAASSC,to_clause_verb_to_causative,no,0.04377008843547214,0.019941414039714913,97,1096,,,,,,,,
TAASSC,all_phrasal_verbs,no,0.04368956010698666,0.019904725771592663,98,1097,,,,,,,,
TAALES,COCA_news_Range_CW,no,0.04361757851369319,0.019871931349501888,481,1098,,,,,,,,
POLKE,polke_19_per_100_words,no,0.04329426614385001,0.01972463199367104,155,1099,19,Can use time adverbs in the usual end position.,A1,1,5,5,5.0,sustained_usage
POLKE,polke_302_per_100_words,no,0.04314649047742236,0.01965730620442634,156,1100,302,Can use a limited range of complex prepositions.,A2,1,5,7,5.0,sustained_usage
POLKE,polke_60_per_100_words,no,0.043024619341763604,0.019601782378395136,157,1101,60,Can use the affirmative form with 'like'.,A1,1,7,7,5.0,sustained_usage
TAALES,AWL_Sublist_8_Normed,no,0.04265994913443638,0.01943564061692756,482,1102,,,,,,,,
POLKE,polke_592_per_100_words,no,0.04245227562664544,0.019341025697196604,158,1103,592,Can use the past simple passive affirmative with a range of pronoun and noun subjects both singular and plural.,B1,1,4,8,5.0,sustained_usage
TAALES,COCA_magazine_Range_CW,no,0.04211541003149888,0.019187551565691116,483,1104,,,,,,,,
POLKE,polke_109_per_100_words,no,0.039796361897679766,0.018131005859079355,159,1105,109,Can use negative form 'can't'.,A1,1,2,,5.0,usage_not_sustained
POLKE,polke_674_per_100_words,no,0.03952935317114603,0.018009358136665547,160,1106,674,Can form alternative questions with two phrases combined with 'or'.,B1,1,6,6,5.0,sustained_usage
POLKE,polke_492_per_100_words,no,0.03897055943220895,0.017754774750859223,161,1107,492,Can modify determiners with adverbs. ► adverbs,B1,1,7,7,5.0,sustained_usage
TAASSC,wh_clause,no,0.03859782072814966,0.017584957026199353,99,1108,,,,,,,,
POLKE,polke_120_per_100_words,no,0.03849680429754265,0.017538934490272377,162,1109,120,"Can use adverbs of degree ('really', 'so', 'quite') with an increasing range of common gradable adjectives.",A2,1,5,5,5.0,sustained_usage
POLKE,polke_525_per_100_words,no,0.03805051984924113,0.01733560972486354,163,1110,525,Can use 'have to' as an infinitive form.,B1,1,6,6,5.0,sustained_usage
POLKE,polke_476_per_100_words,no,0.03757328668823723,0.01711818489440905,164,1111,476,Can use 'another' with singular nouns. ► pronouns ► determiners,B1,1,6,,5.0,usage_not_sustained
TAASSC,pv_do,no,0.037077712204708124,0.016892403857248453,100,1112,,,,,,,,
POLKE,polke_326_per_100_words,no,0.03656469669079332,0.016658676781580006,165,1113,326,Can use 'this' as a pronoun with singular reference.,A2,1,1,,5.0,usage_not_sustained
POLKE,polke_205_per_100_words,no,0.03614352432207513,0.016466792942938034,166,1114,205,"Can use an increasing range of quantifying determiners with plural nouns ('all', 'both', 'a few').",A2,1,5,5,5.0,sustained_usage
POLKE,polke_234_per_100_words,no,0.035651279515180434,0.016242528888327824,167,1115,234,Can use the affirmative forms.,A2,1,6,6,5.0,sustained_usage
POLKE,polke_228_per_100_words,no,0.03535573396172298,0.016107879942900617,168,1116,228,Can use the present simple with 'when' to refer to the future.,A2,1,5,13,5.0,sustained_usage
POLKE,polke_395_per_100_words,no,0.03496870746927838,0.01593155277962439,169,1117,395,Can use the affirmative form.,A2,1,8,8,5.0,sustained_usage
POLKE,polke_357_per_100_words,no,0.03448486482588775,0.015711116704971564,170,1118,357,Can use main verb 'be' + subject to form 'yes/no' questions.,A2,1,1,,5.0,usage_not_sustained
POLKE,polke_91_per_100_words,no,0.03427949284357279,0.015617550347719686,171,1119,91,Can use the pronouns 'you' and 'it' after 'be' in question forms.,A1,1,1,,5.0,usage_not_sustained
POLKE,polke_90_per_100_words,no,0.0341411678324528,0.015554530225590885,172,1120,90,"Can use the pronouns 'I', 'you', 'we' and 'they' after an auxiliary or modal verb in question forms.",A1,1,3,,5.0,usage_not_sustained
TAALES,Written_AFL_Normed,no,0.033548255001175864,0.015284402367033234,484,1121,,,,,,,,
POLKE,polke_641_per_100_words,no,0.03263228025117204,0.014867089256810054,173,1122,641,Can use 'yes/no' and 'wh-' question forms with a wide range of subjects.,B1,1,2,,5.0,usage_not_sustained
TAASSC,that_verb_clause_factive,no,0.03256590409735427,0.014836848642432603,101,1123,,,,,,,,
POLKE,polke_487_per_100_words,no,0.032401019471215875,0.014761728104272013,174,1124,487,"Can use an increasing range of quantifying determiners with both plural nouns and uncountable nouns ('most', 'enough', 'plenty of', 'loads of').",B1,1,7,,5.0,usage_not_sustained
POLKE,polke_25_per_100_words,no,0.03231656174008224,0.014723249621691982,175,1125,25,Can form a simple negative declarative clause with lexical 'be' + 'not' or 'n't'.,A1,1,5,5,5.0,sustained_usage
POLKE,polke_670_per_100_words,no,0.031961212146901286,0.014561354281295024,176,1126,670,Can use a wide range of indefinite pronouns as objects or complements.,B1,1,5,8,5.0,sustained_usage
POLKE,polke_113_per_100_words,no,0.0318128798060604,0.01449377487421777,177,1127,113,"Can use comparative adjectives attributively, before nouns.",A2,1,8,8,5.0,sustained_usage
POLKE,polke_269_per_100_words,no,0.03177425405861323,0.014476177193930396,178,1128,269,Can form simple noun phrases by pre-modifying nouns with an increasing range of determiners.,A2,1,7,13,5.0,sustained_usage
TAASSC,intransitive_activity_phrasal_verb,no,0.031745187528631647,0.014462934641087145,102,1129,,,,,,,,
POLKE,polke_93_per_100_words,no,0.031536784184839295,0.014367987212046624,179,1130,93,Can use a limited range of indefinite pronouns as objects.,A1,1,5,8,5.0,sustained_usage
POLKE,polke_483_per_100_words,no,0.031484314462472796,0.014344082292142206,180,1131,483,Can use possessive determiner 'their'. ► noun phrases ► possessive pronouns,B1,1,6,10,5.0,sustained_usage
POLKE,polke_984_per_100_words,no,0.031406691560010636,0.014308717720301225,181,1132,984,"Can use the '–ed' form of a verb as an adjective, after a noun.",C1,1,7,7,5.0,sustained_usage
POLKE,polke_103_per_100_words,no,0.031231600277320304,0.014228947084972944,182,1133,103,Can use 'would like to' + infinitive.,A1,1,8,12,5.0,sustained_usage
POLKE,polke_76_per_100_words,no,0.030823828757055693,0.014043168599942271,183,1134,76,Can use the affirmative form with a limited range of regular and irregular verbs.,A1,1,6,,5.0,usage_not_sustained
POLKE,polke_365_per_100_words,no,0.030482912225077374,0.01388784888366649,184,1135,365,"Can use verbs, typically reporting verbs, followed by a noun or pronoun as the indirect object and a clause with or without 'that', as the direct object.",A2,1,4,8,5.0,sustained_usage
TAASSC,hedges_adverb,no,0.030442576182341252,0.013869472002155034,103,1136,,,,,,,,
POLKE,polke_20_per_100_words,no,0.030165584704878068,0.013743276192756365,185,1137,20,Can use place adverbs in the usual end position.,A1,1,5,12,5.0,sustained_usage
POLKE,polke_296_per_100_words,no,0.030118736805337942,0.01372193254473066,186,1138,296,"Can use the affirmative form 'have' + '-ed' with pronouns 'I' and 'we', and with a limited range of verbs.",A2,1,7,,5.0,usage_not_sustained
POLKE,polke_537_per_100_words,no,0.028879656123527386,0.013157414130722344,187,1139,537,Can use ellipted 'must' without a subject. ► ellipsis,B1,1,6,11,5.0,sustained_usage
TAASSC,that_verb_clause_likelihood,no,0.028155309032103393,0.012827405538671089,104,1140,,,,,,,,
POLKE,polke_268_per_100_words,no,0.02802887927010156,0.012769804827291717,188,1141,268,Can form simple noun phrases with a limited range of determiners + uncountable nouns.,A2,1,5,10,5.0,sustained_usage
POLKE,polke_315_per_100_words,no,0.0279830777251866,0.012748937892737672,189,1142,315,Can use 'yes/no' and 'wh-' question forms with 'you'.,A2,1,2,,5.0,usage_not_sustained
POLKE,polke_390_per_100_words,no,0.02789667288481601,0.012709572317787883,190,1143,390,Can form negative imperatives of main verbs with 'don't' + main verb. ► Clauses: imperatives,A2,1,5,13,5.0,sustained_usage
POLKE,polke_871_per_100_words,no,0.02786354556775361,0.012694479692454488,191,1144,871,"Can use the passive with modal verbs in a range of contexts, with a variety of subjects.",B2,1,7,9,5.0,sustained_usage
POLKE,polke_137_per_100_words,no,0.027707827264309426,0.012623535281018802,192,1145,137,"Can form superlative adjective phrases using 'the most', with longer adjectives of two or more syllables.",A2,1,10,13,5.0,sustained_usage
POLKE,polke_287_per_100_words,no,0.02770779316955796,0.01262351974763562,193,1146,287,Can use the past continuous with a limited range of adverbs in the normal mid position.,A2,1,5,,5.0,usage_not_sustained
POLKE,polke_324_per_100_words,no,0.027580051344301637,0.01256532126737939,194,1147,324,Can leave out the subject pronoun with 'hope'. ► ellipsis,A2,1,2,,5.0,usage_not_sustained
POLKE,polke_118_per_100_words,no,0.027529556558500534,0.012542316117824097,195,1148,118,Can form a range of comparative adjective phrases using 'more' + longer adjectives (usually three or more syllables).,A2,1,9,9,5.0,sustained_usage
POLKE,polke_697_per_100_words,no,0.027370754540536613,0.012469966782838645,196,1149,697,Can use a limited range of verbs followed by an '-ing' form.,B1,1,8,8,5.0,sustained_usage
POLKE,polke_117_per_100_words,no,0.027306643611072712,0.012440758192346638,197,1150,117,Can form irregular comparative adjectives.,A2,1,8,8,5.0,sustained_usage
POLKE,polke_1_per_100_words,no,0.02689684872404552,0.012254057872432621,198,1151,1,Can use 'and' to join a limited range of common adjectives.,A1,1,4,,5.0,usage_not_sustained
POLKE,polke_122_per_100_words,no,0.02617676475555486,0.011925991535984556,199,1152,122,Can use 'too' with common gradable adjectives.,A2,1,4,,5.0,usage_not_sustained
POLKE,polke_194_per_100_words,no,0.025968822283815474,0.011831254077742723,200,1153,194,Can use 'that' with singular nouns. ► noun phrases ►  pronouns: demonstrative,A2,1,7,9,5.0,sustained_usage
POLKE,polke_634_per_100_words,no,0.02573712154804042,0.011725692483728387,201,1154,634,Can use an increasing range of complex prepositions.,B1,1,9,9,5.0,sustained_usage
POLKE,polke_26_per_100_words,no,0.025640039730940867,0.011681462536298325,202,1155,26,Can form simple negative declarative clauses.,A1,1,2,,5.0,usage_not_sustained
POLKE,polke_132_per_100_words,no,0.025613734887492967,0.011669478192807272,203,1156,132,"Can form superlative adjectives by adding the suffix '-est', to adjectives of one syllable.",A2,1,6,,5.0,usage_not_sustained
POLKE,polke_286_per_100_words,no,0.025376444996770164,0.011561370210221902,204,1157,286,Can use the affirmative form.,A2,1,5,,5.0,usage_not_sustained
POLKE,polke_242_per_100_words,no,0.02515372431717866,0.01145989988092411,205,1158,242,Can use the affirmative form.,A2,1,6,11,5.0,sustained_usage
POLKE,polke_676_per_100_words,no,0.025024876246890315,0.011401197401452859,206,1159,676,Can form alternative questions with two clauses combined with 'or'.,B1,1,8,8,5.0,sustained_usage
POLKE,polke_351_per_100_words,no,0.024533514317703453,0.01117733558112061,207,1160,351,Can use 'wh-'words + main verb 'be' + subject to form 'wh-' questions.,A2,1,1,,5.0,usage_not_sustained
POLKE,polke_337_per_100_words,no,0.02446032713874846,0.011143991900764748,208,1161,337,"Can use a limited range of pronouns ('all', 'both') with 'of' followed by an object pronoun, to refer to quantity.",A2,1,7,10,5.0,sustained_usage
POLKE,polke_316_per_100_words,no,0.023562618960541126,0.01073500094122255,209,1162,316,Can use the present simple with adverbs of indefinite frequency.    ► adverbs,A2,1,4,,5.0,usage_not_sustained
POLKE,polke_584_per_100_words,no,0.023375252698928595,0.01064963789231308,210,1163,584,Can form noun phrases with an indefinite pronoun + adjective or clause.,B1,1,8,8,5.0,sustained_usage
POLKE,polke_211_per_100_words,no,0.02332359846198928,0.010626104503130396,211,1164,211,"Can use a range of quantifying determiners + 'of' + determiner ('all of', 'some of', 'both of', 'many of', 'any of', number + 'of', 'each of'). ► pronouns: quantity",A2,1,5,10,5.0,sustained_usage
POLKE,polke_154_per_100_words,no,0.023223686955544665,0.010580585364637428,212,1165,154,Can use manner adverbs in the usual end position.,A2,1,8,8,5.0,sustained_usage
TAASSC,discourse_particle,no,0.023028865808896626,0.010491825910684576,105,1166,,,,,,,,
TAASSC,that_verb_clause_nonfactive,no,0.022794877851499695,0.010385222270949228,106,1167,,,,,,,,
TAASSC,that_adjective_clause,no,0.022751019909693415,0.01036524083139198,107,1168,,,,,,,,
POLKE,polke_293_per_100_words,no,0.02260217604728698,0.010297428377873803,213,1169,293,Can use 'when' + past simple in subordinate clauses.,A2,1,5,,5.0,usage_not_sustained
POLKE,polke_952_per_100_words,no,0.022588032272139902,0.01029098455090488,214,1170,952,Can use phrasal verbs + nouns as object + particle.,B2,1,7,,5.0,usage_not_sustained
POLKE,polke_1203_per_100_words,no,0.022518275560334367,0.010259203772709424,215,1171,1203,Can use a direct object with some prepositional verbs as well as an object of the preposition.,C2,1,7,,5.0,usage_not_sustained
POLKE,polke_454_per_100_words,no,0.022477498732599965,0.010240626071952055,216,1172,454,"Can form questions with a 'wh-' word as subject, without an auxiliary verb.",B1,1,10,,5.0,usage_not_sustained
POLKE,polke_1092_per_100_words,no,0.022442712339571624,0.010224777580639338,217,1173,1092,Can use a wide range of phrasal verbs + object pronoun + particle.,C1,1,7,,5.0,usage_not_sustained
POLKE,polke_446_per_100_words,no,0.022348973246324455,0.010182070560001146,218,1174,446,Can use linking verbs + 'like' or 'similar to'.,B1,1,4,,5.0,usage_not_sustained
POLKE,polke_946_per_100_words,no,0.021830149089319573,0.009945697098158748,219,1175,946,Can use 'wh-'words + the negative form of auxiliary 'do' + subject + main verb to form 'wh-'questions.,B2,1,3,,5.0,usage_not_sustained
POLKE,polke_633_per_100_words,no,0.02161205985419823,0.009846336829751456,220,1176,633,Can use a wide range of simple (single word) prepositions.,B1,1,9,11,5.0,sustained_usage
POLKE,polke_114_per_100_words,no,0.020570296590538106,0.009371715157404653,221,1177,114,Can use comparative adjectives as a complement of 'be'.,A2,1,5,12,5.0,sustained_usage
POLKE,polke_455_per_100_words,no,0.02037460894682752,0.009282560932106665,222,1178,455,"Can form interrogative clauses with an adverb in mid position, between the subject and the main verb.",B1,1,10,13,5.0,sustained_usage
POLKE,polke_749_per_100_words,no,0.020267791547531555,0.009233895506421114,223,1179,749,"Can use '(one of) the' with an increasing range of superlative adjectives without a following noun, when the noun is understood.",B2,1,8,,5.0,usage_not_sustained
ERRANT,errant_family_verb_per_100_words,no,0.020227325867103296,0.00921545956268277,13,1180,,,,,,,,
POLKE,polke_791_per_100_words,no,0.02021204061016446,0.009208495682822896,224,1181,791,Can use the present form of 'be' + 'to'.,B2,1,7,13,5.0,sustained_usage
POLKE,polke_21_per_100_words,no,0.020020235035028033,0.009121110106836227,225,1182,21,Can modify adverbs of time and degree with 'very'.,A1,1,8,,5.0,usage_not_sustained
TAASSC,by_passive,no,0.01953860820378228,0.008901683544135387,108,1183,,,,,,,,
ERRANT,errant_r_other_per_100_words,no,0.019356478159897605,0.008818706087520691,14,1184,,,,,,,,
POLKE,polke_401_per_100_words,no,0.01932023587661691,0.008802194300533776,226,1185,401,"Can use a comma to combine two adjectives used before the noun, following the usual order of adjective types.",B1,1,4,,5.0,usage_not_sustained
POLKE,polke_807_per_100_words,no,0.01909234736654497,0.008698369535798884,227,1186,807,Can use pronoun or noun + 'be' + adjective + 'to' + (past) infinitive.,B2,1,10,10,5.0,sustained_usage
POLKE,polke_39_per_100_words,no,0.019025139569548877,0.008667750029316232,228,1187,39,Can use 'a' + 'very' + adjectives in basic noun phrases. ► adverbs ►  noun phrases,A1,1,7,13,5.0,sustained_usage
ERRANT,errant_r_verb_per_100_words,no,0.01901283661399633,0.008662144869734541,15,1188,,,,,,,,
POLKE,polke_197_per_100_words,no,0.01894202178504356,0.0086298820191264,229,1189,197,Can use 'these' with plural nouns. ► noun phrases ►  pronouns: demonstrative,A2,1,11,13,5.0,sustained_usage
POLKE,polke_169_per_100_words,no,0.01872541030065955,0.008531195005911272,230,1190,169,Can form interrogative clauses ('yes/no' forms) of main lexical verbs with auxiliary 'do'.,A2,1,10,,5.0,usage_not_sustained
POLKE,polke_955_per_100_words,no,0.01861696558904935,0.008481788185593222,231,1191,955,Can introduce a new subject before the '-ing' form (using noun or object pronoun).,B2,1,10,13,5.0,sustained_usage
POLKE,polke_112_per_100_words,no,0.01860768928198553,0.008477561950588193,232,1192,112,Can form comparative adjectives with adjectives of two syllables ending in '-y' by changing the 'y' to an 'I' and adding '-er'.,A2,1,7,,5.0,usage_not_sustained
POLKE,polke_520_per_100_words,no,0.018525681176265962,0.008440199504012891,233,1193,520,"Can use a limited range of expressions with 'be' + infinitive ('be allowed to', 'be supposed to', 'be able to') with present and past forms of 'be' and with modal 'will'.",B1,1,7,,5.0,usage_not_sustained
TAALES,AWL_Sublist_10_Normed,no,0.018402085118762734,0.008383889812978525,485,1194,,,,,,,,
TAALES_COVERAGE,Brown_Freq_FW_Log,no,0.01830063088422973,0.00833766781596594,298,1195,,,,,,,,
ERRANT,errant_family_other_per_100_words,no,0.01828296223609094,0.008329618076048756,16,1196,,,,,,,,
POLKE,polke_861_per_100_words,no,0.018130170375181276,0.008260006935902444,234,1197,861,"Can use the passive infinitive affirmative and negative forms after an increasing range of main verbs, modal verbs, adjectives and nouns, in impersonal constructions.",B2,1,9,13,5.0,sustained_usage
POLKE,polke_629_per_100_words,no,0.01768887498331928,0.008058955157450781,235,1198,629,Can use the present perfect simple with an increasing range of adverbs in the normal mid position.,B1,1,8,,5.0,usage_not_sustained
TAALES_COVERAGE,Brown_Freq_FW,no,0.017595600346823392,0.008016459740780317,299,1199,,,,,,,,
TAASSC,size_attributive_adj,no,0.017424478862992476,0.007938497724203783,109,1200,,,,,,,,
POLKE,polke_983_per_100_words,no,0.01731430160437908,0.007888301564901763,236,1201,983,"Can modify gradable adjectives with extreme adverbs of degree ('absolutely', 'extremely', 'incredibly', 'totally') to intensify their meaning.",C1,1,10,,5.0,usage_not_sustained
POLKE,polke_650_per_100_words,no,0.017272615612140996,0.007869309653745323,237,1202,650,Can use an increasing range of singular reflexive pronouns with an increasing range of verbs to refer to actions where the subject and object of the verb are the same.,B1,1,11,13,5.0,sustained_usage
POLKE,polke_267_per_100_words,no,0.01717462967440886,0.007824667793876411,238,1203,267,"Can use adverbs of certainty and possibility ('maybe', 'perhaps'), before a clause or ellipted clause. ► adverbs: position",A2,1,5,,5.0,usage_not_sustained
POLKE,polke_462_per_100_words,no,0.01715068654068519,0.007813759432480343,239,1204,462,Can use defining relative clauses with 'where' to define nouns referring to place.,B1,1,9,9,5.0,sustained_usage
TAALES_COVERAGE,McD_CD_FW,no,0.016940459045800438,0.007717980930131433,300,1205,,,,,,,,
POLKE,polke_393_per_100_words,no,0.01690385264066041,0.007701303251207411,240,1206,393,Can use determiner 'no' with nouns.  ► Determiners: quantity,A2,1,11,11,5.0,sustained_usage
POLKE,polke_1121_per_100_words,no,0.016899338308877354,0.007699246546219682,241,1207,1121,"Can form adverb phrases with modifiers before, and complements after, adverbs.",C2,1,12,,5.0,usage_not_sustained
TAASSC,to_clause_adjective_personal_affect,no,0.016895784967057015,0.00769762766302806,110,1208,,,,,,,,
POLKE,polke_389_per_100_words,no,0.01688740158324009,0.007693808238993915,242,1209,389,Can form negative statements of main verbs in the past simple with 'didn't' + main verb. ► past simple,A2,1,9,,5.0,usage_not_sustained
POLKE,polke_291_per_100_words,no,0.016705520635729165,0.0076109442693312055,243,1210,291,Can use the negative form with a limited range of regular and irregular verbs.,A2,1,9,,5.0,usage_not_sustained
POLKE,polke_614_per_100_words,no,0.01662123876898791,0.00757254590961107,244,1211,614,Can use the negative form with an increasing range of verbs.,B1,1,9,,5.0,usage_not_sustained
TAALES_COVERAGE,WN_Zscore_FW,no,0.016608991207295976,0.007566965987170751,301,1212,,,,,,,,
POLKE,polke_938_per_100_words,no,0.016546320549290172,0.007538413576515298,245,1213,938,"Can use the full range of indefinite pronouns as subjects, with a singular verb.",B2,1,8,11,5.0,sustained_usage
TAALES_COVERAGE,SUBTLEXus_Freq_FW,no,0.016449236297596315,0.007494182519897323,302,1214,,,,,,,,
TAALES_COVERAGE,BNC_Spoken_Freq_FW,no,0.016007838337417812,0.007293084011878964,303,1215,,,,,,,,
TAALES_COVERAGE,COCA_Academic_Frequency_Log_FW,no,0.01592625785545554,0.007255916388359821,304,1216,,,,,,,,
TAALES_COVERAGE,COCA_fiction_Frequency_Log_FW,no,0.01591866423108268,0.007252456774429534,305,1217,,,,,,,,
TAALES_COVERAGE,SUBTLEXus_Freq_FW_Log,no,0.01584900236756015,0.007220719208595533,306,1218,,,,,,,,
POLKE,polke_330_per_100_words,no,0.015813209727645994,0.007204412276678891,246,1219,330,Can use 'that' as a pronoun with singular reference.,A2,1,6,,5.0,usage_not_sustained
TAALES_COVERAGE,COCA_news_Range_FW,no,0.015778628281457152,0.007188657158030675,307,1220,,,,,,,,
TAALES_COVERAGE,LD_Mean_RT_SD_FW,no,0.01577429087846305,0.007186681060836125,308,1221,,,,,,,,
POLKE,polke_1066_per_100_words,no,0.015711166037165825,0.007157921726745333,247,1222,1066,"Can use 'yes/no', 'wh-', tag and negative question forms with a wide range of verbs.  ► Questions",C1,1,10,,5.0,usage_not_sustained
TAALES_COVERAGE,COCA_Academic_Range_Log_FW,no,0.01564096827190742,0.007125940006997513,309,1223,,,,,,,,
POLKE,polke_416_per_100_words,no,0.015620811342519136,0.007116756619687395,248,1224,416,Can use adjectives as object complement after 'make'.,B1,1,7,,5.0,usage_not_sustained
TAALES_COVERAGE,COCA_magazine_Frequency_FW,no,0.015613129324318908,0.007113256734010509,310,1225,,,,,,,,
POLKE,polke_589_per_100_words,no,0.015541182372762918,0.0070804780945067656,249,1226,589,"Can use uncountable nouns with an increasing range of quantity words and phrases including 'much', 'a bit of', 'a little bit of', 'enough', 'further', 'plenty of', 'loads of'.  ►  Determiners: quantity",B1,1,9,12,5.0,sustained_usage
POLKE,polke_255_per_100_words,no,0.015403265311981773,0.0070176438323317665,250,1227,255,Can use the negative forms.,A2,1,12,12,5.0,sustained_usage
TAALES_COVERAGE,Ortho_N_FW,no,0.015359218918883144,0.0069975765353915125,311,1228,,,,,,,,
TAALES_COVERAGE,WN_Mean_Accuracy_FW,no,0.015337353383737096,0.006987614716598523,312,1229,,,,,,,,
TAALES_COVERAGE,COCA_spoken_Frequency_FW,no,0.015323555205902117,0.0069813283418838235,313,1230,,,,,,,,
TAALES_COVERAGE,WN_SD_FW,no,0.015305501216250406,0.006973103042470863,314,1231,,,,,,,,
TAALES_COVERAGE,PLD_FW,no,0.015301872325071297,0.006971449739402619,315,1232,,,,,,,,
TAALES_COVERAGE,KF_Freq_FW_Log,no,0.015284118039538441,0.006963360983554845,316,1233,,,,,,,,
TAALES_COVERAGE,KF_Nsamp_FW,no,0.015254582955801954,0.006949904960171314,317,1234,,,,,,,,
TAALES_COVERAGE,Freq_HAL_FW,no,0.015063299565120758,0.006862757288580069,318,1235,,,,,,,,
TAALES_COVERAGE,LD_Mean_Accuracy_FW,no,0.014902936557583235,0.00678969677524174,319,1236,,,,,,,,
POLKE,polke_417_per_100_words,no,0.014881775762721983,0.006780056032286427,251,1237,417,"Can use an adjective or adjective phrase after pronouns like 'something', 'nothing', 'somewhere', 'nowhere'.",B1,1,14,,5.0,too_few_later_levels
TAALES_COVERAGE,COCA_spoken_Frequency_Log_FW,no,0.01484768037102091,0.006764522357417122,320,1238,,,,,,,,
TAALES_COVERAGE,BNC_Written_Freq_FW,no,0.014800673516758511,0.0067431062904851815,321,1239,,,,,,,,
TAALES_COVERAGE,COCA_spoken_Range_FW,no,0.014789796989288728,0.006738151003773595,322,1240,,,,,,,,
POLKE,polke_28_per_100_words,no,0.014765920883819561,0.006727273180085427,252,1241,28,Can form interrogative clauses with 'be'.,A1,1,,,5.0,not_common
TAALES_COVERAGE,COCA_fiction_Frequency_FW,no,0.014641110652827916,0.006670410318218787,323,1242,,,,,,,,
TAALES_COVERAGE,COCA_magazine_Range_Log_FW,no,0.014581338565810675,0.00664317848072808,324,1243,,,,,,,,
TAALES_COVERAGE,COCA_Academic_Frequency_FW,no,0.014559034502652501,0.006633016870959784,325,1244,,,,,,,,
TAALES_COVERAGE,KF_Ncats_FW,no,0.014514049343488544,0.006612521877310103,326,1245,,,,,,,,
TAALES_COVERAGE,BNC_Written_Range_FW,no,0.014388128372525788,0.00655515296835866,327,1246,,,,,,,,
POLKE,polke_698_per_100_words,no,0.014375866085182043,0.006549566336991532,253,1247,698,"Can use 'help' + object + infinitive with or without 'to', with no change in meaning.",B1,1,8,,5.0,usage_not_sustained
TAALES_COVERAGE,COCA_magazine_Range_FW,no,0.014369094724177245,0.0065464813417759485,328,1248,,,,,,,,
TAALES_COVERAGE,LD_Mean_RT_FW,no,0.014343475797914618,0.006534809498420889,329,1249,,,,,,,,
TAALES_COVERAGE,OG_N_FW,no,0.0143302284125566,0.006528774061760592,330,1250,,,,,,,,
TAALES_COVERAGE,BNC_Spoken_Range_FW,no,0.014181791317615655,0.006461146929285552,331,1251,,,,,,,,
TAALES_COVERAGE,Phono_N_H_FW,no,0.014175578222219709,0.006458316276842584,332,1252,,,,,,,,
POLKE,polke_250_per_100_words,no,0.014122167574603939,0.006433982676516289,254,1253,250,Can use the negative form.,A2,2,5,,5.0,usage_not_sustained
TAALES_COVERAGE,COCA_spoken_Range_Log_FW,no,0.014085440037512331,0.006417249810534478,333,1254,,,,,,,,
TAALES_COVERAGE,COCA_magazine_Frequency_Log_FW,no,0.013950571402276513,0.006355804394444591,334,1255,,,,,,,,
TAALES_COVERAGE,COCA_fiction_Range_FW,no,0.013876760003005195,0.006322176322710398,335,1256,,,,,,,,
POLKE,polke_700_per_100_words,no,0.013861022056209205,0.006315006199815706,255,1257,700,Can use 'make' and 'let' + infinitive without 'to'.,B1,1,10,,5.0,usage_not_sustained
TAALES_COVERAGE,OLD_FW,no,0.01380555593772348,0.0062897361381494985,336,1258,,,,,,,,
TAALES_COVERAGE,LD_Mean_RT_Zscore_FW,no,0.013757711810827189,0.00626793861436304,337,1259,,,,,,,,
TAALES_COVERAGE,COCA_Academic_Range_FW,no,0.013723725386097119,0.00625245458425259,338,1260,,,,,,,,
TAALES_COVERAGE,Log_Freq_HAL_FW,no,0.013688303890131426,0.006236316743498639,339,1261,,,,,,,,
POLKE,polke_95_per_100_words,no,0.013677156566465953,0.0062312380835143075,256,1262,95,Can use a limited range of modal verbs + subject + main verb to form 'yes/no' questions.  ► can,A1,1,10,,5.0,usage_not_sustained
TAALES_COVERAGE,OLDF_FW,no,0.01366859099281914,0.006227335654785369,340,1263,,,,,,,,
POLKE,polke_730_per_100_words,no,0.013584087169120629,0.006188836172683673,257,1264,730,Can use negative question forms in main clauses and question tags. ► questions,B1,1,,,5.0,not_common
TAALES_COVERAGE,COCA_news_Range_Log_FW,no,0.013380616056874572,0.00609613584148828,341,1265,,,,,,,,
TAALES_COVERAGE,BNC_Written_Freq_FW_Log,no,0.013321764012700132,0.006069323170508731,342,1266,,,,,,,,
TAALES_COVERAGE,SUBTLEXus_Range_FW_Log,no,0.013264950441584933,0.0060434392167590546,343,1267,,,,,,,,
POLKE,polke_53_per_100_words,no,0.01320697785605418,0.006017027222350457,258,1268,53,Can use the affirmative question form.,A1,1,10,,5.0,usage_not_sustained
POLKE,polke_359_per_100_words,no,0.013190132711650815,0.006009352666252597,259,1269,359,Can use auxiliary 'do' + subject + main verb to form 'yes/no' questions.,A2,1,10,,5.0,usage_not_sustained
TAALES_COVERAGE,COCA_news_Frequency_FW,no,0.013175445739213032,0.006002661361554791,344,1270,,,,,,,,
TAALES_COVERAGE,PLDF_FW,no,0.013138984495418171,0.005986049817349477,345,1271,,,,,,,,
POLKE,polke_126_per_100_words,no,0.01302225426664716,0.005932868160513095,260,1272,126,"Can use a limited range of adjectives predicatively, after linking verbs 'look' and 'feel'.",A2,1,14,,5.0,usage_not_sustained
TAALES_COVERAGE,WN_Mean_RT_FW,no,0.01301424554673769,0.005929219431315797,346,1273,,,,,,,,
POLKE,polke_170_per_100_words,no,0.012907891650204117,0.005880765174965832,261,1274,170,Can form interrogative clauses ('yes/no' forms) with modal auxiliary verbs.,A2,1,10,,5.0,usage_not_sustained
TAALES_COVERAGE,SUBTLEXus_Range_FW,no,0.012907870017117684,0.005880755319049408,347,1275,,,,,,,,
TAASSC,attitudinal_adverb,no,0.012897254585843676,0.0058759189863434045,111,1276,,,,,,,,
TAALES_COVERAGE,COCA_news_Frequency_Log_FW,no,0.012853236090610842,0.0058558643995189515,348,1277,,,,,,,,
POLKE,polke_609_per_100_words,no,0.012830521170230647,0.0058455156054367,262,1278,609,Can use the affirmative form.,B1,1,12,,5.0,usage_not_sustained
TAALES_COVERAGE,BNC_Spoken_Freq_FW_Log,no,0.012662812048119143,0.005769108242285196,349,1279,,,,,,,,
POLKE,polke_872_per_100_words,no,0.012624855264876,0.005751815338447839,263,1280,872,"Can use the passive with a range of tenses and verbs needing two objects (e.g. give, offer, sell) with the direct object in subject position and the indirect object in a prepositional phrase.",B2,1,11,,5.0,usage_not_sustained
TAASSC,that_noun_clause,no,0.01244763450861619,0.0056710745265525575,112,1281,,,,,,,,
TAASSC,to_clause_adjective_ease_difficulty,no,0.0124151973696347,0.005656296342596012,113,1282,,,,,,,,
TAALES_COVERAGE,KF_Freq_FW,no,0.012295142441831164,0.005601599970977576,350,1283,,,,,,,,
ERRANT,error_free,no,0.012225831084729855,0.005570022093961189,17,1284,,,,,,,,
TAALES_COVERAGE,COCA_fiction_Range_Log_FW,no,0.012178028833911725,0.005548243648687998,351,1285,,,,,,,,
POLKE,polke_231_per_100_words,no,0.012172568588479038,0.005545755990590341,264,1286,231,Can use 'I' + 'be' + 'sure' + clause.,A2,1,13,,5.0,usage_not_sustained
POLKE,polke_848_per_100_words,no,0.012001612096327552,0.0054678691433248635,265,1287,848,Can use 'should' and 'shouldn't' without a following verb where the previous main verb is understood.,B2,1,,,5.0,not_common
POLKE,polke_653_per_100_words,no,0.01193927965902608,0.005439470824181285,266,1288,653,Can use dummy 'it' as a subject to introduce something the speaker or writer is going to refer to.,B1,1,12,12,5.0,sustained_usage
POLKE,polke_84_per_100_words,no,0.011890110067587667,0.005417069425964268,267,1289,84,Can use the present simple with the adverb 'really' as an intensifier. ► adverbs,A1,1,14,,5.0,usage_not_sustained
TAALES_COVERAGE,Phono_N_FW,no,0.011805424022858002,0.0053784869249526536,352,1290,,,,,,,,
POLKE,polke_1138_per_100_words,no,0.011755631365294672,0.00535580166120063,268,1291,1138,Can use ''s' without a following noun when the noun has already been mentioned or is obvious in the context.,C2,1,3,,5.0,usage_not_sustained
POLKE,polke_809_per_100_words,no,0.011675477532627543,0.005319284011334748,269,1292,809,"Can use 'can' with an increasing range of adverbs (including 'easily', 'hardly', 'now', 'probably', 'sometimes', 'still') in the normal mid position after the modal verb or after the subject in questions.  ► adverbs",B2,1,11,,5.0,usage_not_sustained
POLKE,polke_149_per_100_words,no,0.011673356581240135,0.005318317717427512,270,1293,149,Can use a limited range of manner adverbs to modify verbs.,A2,1,14,,5.0,too_few_later_levels
TAASSC,transitive_activity_phrasal_verb,no,0.01163186160512053,0.005299412832174903,114,1294,,,,,,,,
TAASSC,that_verb_clause_attitudinal,no,0.011516383967779653,0.005246801849175923,115,1295,,,,,,,,
POLKE,polke_1026_per_100_words,no,0.011369315147038428,0.0051797980949784194,271,1296,1026,Can use a wide range of adverbs with 'can' in the normal mid position after the modal verb). ► adverbs,C1,1,11,,5.0,usage_not_sustained
POLKE,polke_238_per_100_words,no,0.01131378003504846,0.0051544966002472275,272,1297,238,Can use the affirmative form.,A2,1,11,13,5.0,sustained_usage
POLKE,polke_119_per_100_words,no,0.011288578727214116,0.005143015021574892,273,1298,119,Can use a comparative adjective with 'than' to compare two nouns or noun phrases.► comparative clauses,A2,1,,,5.0,not_common
POLKE,polke_897_per_100_words,no,0.011197081907329487,0.00510132956847542,274,1299,897,Can use the negative form with a wide range of regular and irregular verbs.,B2,1,15,,5.0,too_few_later_levels
POLKE,polke_168_per_100_words,no,0.011108063836983373,0.0050607734201732445,275,1300,168,Can form interrogative clauses ('yes/no' forms) with auxiliary 'be' and 'have'.,A2,1,10,,5.0,usage_not_sustained
POLKE,polke_948_per_100_words,no,0.010980697098765813,0.0050027458275301835,276,1301,948,"Can use verb + preposition, where the preposition is separated from its complement.",B2,1,11,,5.0,usage_not_sustained
POLKE,polke_18_per_100_words,no,0.010890622922504978,0.004961708523121909,277,1302,18,"Can use 'really' in the usual mid-position, between the subject and the main verb.",A1,1,14,,5.0,usage_not_sustained
TAASSC,relational_attributive_adj,no,0.010827800191242964,0.004933086828718699,116,1303,,,,,,,,
POLKE,polke_303_per_100_words,no,0.010714386564375289,0.004881416197656387,278,1304,303,Can use 'just' to modify prepositions.,A2,1,,,5.0,not_common
POLKE,polke_342_per_100_words,no,0.01060163554007687,0.0048300474447179175,279,1305,342,"Can use a limited range of indefinite pronouns ('someone', 'everyone') as subjects, with a singular verb.",A2,1,13,13,5.0,sustained_usage
POLKE,polke_615_per_100_words,no,0.010588176452922315,0.004823915557871464,280,1306,615,"Can use 'yes/no', 'wh-', tag and negative question forms with a limited range of verbs.",B1,1,10,,5.0,usage_not_sustained
POLKE,polke_898_per_100_words,no,0.010477194666662637,0.0047733528601530415,281,1307,898,"Can use 'yes/no', 'wh-', tag and negative question forms with an increasing range of verbs.",B2,1,10,,5.0,usage_not_sustained
POLKE,polke_292_per_100_words,no,0.01044347133538448,0.0047579886939872,282,1308,292,Can use 'yes/no' and 'wh-' question forms with 'you' with a limited range of verbs.,A2,1,10,,5.0,usage_not_sustained
POLKE,polke_411_per_100_words,no,0.01043238469576968,0.004752937681326036,283,1309,411,Can use 'enough' to modify adjectives.,B1,1,,,5.0,not_common
POLKE,polke_94_per_100_words,no,0.01039985476454941,0.004738117221730593,284,1310,94,"Can use 'everything' as subject, with a singular verb.",A1,1,8,,5.0,usage_not_sustained
POLKE,polke_684_per_100_words,no,0.010295196601786127,0.004690435532456072,285,1311,684,Can use auxiliary 'do' and 'have' + 'n't' + subject + main verb to form negative 'yes/no' questions.,B1,1,,,5.0,not_common
POLKE,polke_780_per_100_words,no,0.010252470242512857,0.0046709696357413785,286,1312,780,"Can use more complex subordinating conjunctions ('as long as, as soon as, in order that, despite the fact that, due to the fact that, as if, as though') to introduce a subordinate clause.",B2,1,10,,5.0,usage_not_sustained
POLKE,polke_392_per_100_words,no,0.010070092379689921,0.0045878792741673525,287,1313,392,Can use a limited range of determiners as pronouns and indefinite pronouns in negative contexts.  ► Pronouns: quantity,A2,1,,,5.0,not_common
POLKE,polke_563_per_100_words,no,0.010063325311835403,0.004584796234887669,288,1314,563,Can use question forms.,B1,1,10,,5.0,usage_not_sustained
POLKE,polke_171_per_100_words,no,0.01003096927560243,0.004570055000901885,289,1315,171,Can form 'wh-' interrogative clauses with a 'wh-' word as object.,A2,1,10,,5.0,usage_not_sustained
POLKE,polke_352_per_100_words,no,0.009878153317866456,0.004500432882372671,290,1316,352,Can use 'wh-'words + auxiliary 'do' + subject + main verb to form 'wh-'questions. ► present simple;  ► past simple,A2,1,10,,5.0,usage_not_sustained
POLKE,polke_388_per_100_words,no,0.00985779871803416,0.004491159437484231,291,1317,388,Can form negative statements of main verbs in the present continuous and present perfect with 'be' and 'have' + 'not/n't'.  ► present continuous ► present perfect,A2,1,,,5.0,not_common
POLKE,polke_396_per_100_words,no,0.009795168718527592,0.004462625550619714,292,1318,396,Can use the negative form.,A2,1,12,,5.0,usage_not_sustained
POLKE,polke_299_per_100_words,no,0.00967913069307702,0.00440975925784829,293,1319,299,Can use the present perfect simple with a limited range of adverbs in the normal mid position.,A2,1,,,5.0,not_common
POLKE,polke_732_per_100_words,no,0.009645529743067538,0.004394450847922304,294,1320,732,Can use an increasing range of indefinite pronouns in negative contexts.,B1,1,,,5.0,not_common
POLKE,polke_733_per_100_words,no,0.00959331553756293,0.004370662340109322,295,1321,733,"Can use adverbs 'ever', 'never', 'yet', 'still' in negative contexts.",B1,1,14,,5.0,usage_not_sustained
POLKE,polke_172_per_100_words,no,0.009523080869639156,0.00433866380770803,296,1322,172,Can form negative 'wh-' interrogative clauses.,A2,2,,,5.0,not_common
TAASSC,to_clause_verb_cognition,no,0.00948593370853601,0.004321739763310681,117,1323,,,,,,,,
POLKE,polke_1054_per_100_words,no,0.009473028100380976,0.0043158600384836845,297,1324,1054,"Can form complex noun phrases with noun phrase + 'of' + noun phrase + possessive determiner ''s', omitting the noun where it is previously mentioned.",C1,1,15,,5.0,too_few_later_levels
ERRANT,errant_r_morph_per_100_words,no,0.009390301154113878,0.004278170092067756,18,1325,,,,,,,,
POLKE,polke_115_per_100_words,no,0.009263503316879973,0.004220401687616178,298,1326,115,"Can form comparative adjectives with adjectives of one syllable with a short vowel, by doubling the final consonant and adding '-er'",A2,1,12,,5.0,usage_not_sustained
POLKE,polke_204_per_100_words,no,0.009134201221421723,0.004161492356748889,299,1327,204,Can use quantifying determiners + possessive determiners + 'of' + noun. ► noun phrases,A2,1,12,,5.0,usage_not_sustained
POLKE,polke_620_per_100_words,no,0.009089459644756825,0.004141108337959901,300,1328,620,Can use the affirmative form.,B1,1,,,5.0,not_common
POLKE,polke_784_per_100_words,no,0.009087396176002294,0.004140168232827309,301,1329,784,Can use 's'' after plural nouns to indicate possession.,B2,1,,,5.0,not_common
POLKE,polke_240_per_100_words,no,0.009013608343325874,0.004106550897905473,302,1330,240,Can use the affirmative form.,A2,2,14,,5.0,too_few_later_levels
ERRANT,errant_family_morph_per_100_words,no,0.008970995117663971,0.004087136544248304,19,1331,,,,,,,,
POLKE,polke_734_per_100_words,no,0.008941048668632323,0.004073493105075461,303,1332,734,Can use 'not' before a non-finite or ellipted clause.,B1,1,15,,5.0,too_few_later_levels
POLKE,polke_14_per_100_words,no,0.008857136090997031,0.004035262991461869,304,1333,14,"Can use place adverbs ('here', 'there') as complements of verbs.",A1,1,,,5.0,not_common
POLKE,polke_651_per_100_words,no,0.008555693798021125,0.003897927523607479,305,1334,651,"Can use the singular reflexive pronouns 'myself', 'yourself', 'himself' and 'herself' after prepositions where the object of the preposition is the same as the subject of the verb.",B1,1,13,,5.0,usage_not_sustained
POLKE,polke_691_per_100_words,no,0.008300050428659222,0.003781457796056688,306,1335,691,Can use an increasing range of phrasal verbs without an object.,B1,1,,,5.0,not_common
POLKE,polke_703_per_100_words,no,0.008238670039572682,0.003753493224897596,307,1336,703,POLKE structure 703,B1,1,13,,5.0,usage_not_sustained
POLKE,polke_953_per_100_words,no,0.008216397827373711,0.00374334612625294,308,1337,953,"Can use semi-modal auxiliary verbs, 'dare' and 'need'.",B2,1,,,5.0,not_common
POLKE,polke_747_per_100_words,no,0.008101935584348574,0.003691197751377167,309,1338,747,"Can use the adjectives 'present', 'future', 'former' before a noun.",B2,1,14,,5.0,too_few_later_levels
POLKE,polke_335_per_100_words,no,0.008058874435607155,0.0036715793264031275,310,1339,335,Can use 'some' as a subject and object to refer back to a plural or uncountable noun.,A2,1,,,5.0,not_common
POLKE,polke_493_per_100_words,no,0.008014207492079262,0.003651229310065111,311,1340,493,Can use the affirmative form with 'will' and 'shall'.,B1,1,,,5.0,not_common
POLKE,polke_422_per_100_words,no,0.008001538018054699,0.0036454571666626207,312,1341,422,Can form noun phrases with a range of determiners before a superlative adjective. ► noun phrases,B1,1,14,,5.0,usage_not_sustained
POLKE,polke_869_per_100_words,no,0.007934275836565696,0.0036148128829010273,313,1342,869,Can use the present perfect passive affirmative form (often in the context of reporting).  ► reported speech,B2,1,13,,5.0,usage_not_sustained
POLKE,polke_394_per_100_words,no,0.007844433503930937,0.00357388120518681,314,1343,394,"Can use determiners 'any', 'much' and 'many' with nouns in negative contexts. ► Determiners: quantity",A2,1,,,5.0,not_common
TAASSC,wh_relative_obj_clause,no,0.007816096192786226,0.003560970880476318,118,1344,,,,,,,,
POLKE,polke_485_per_100_words,no,0.007735389077847543,0.0035242011582191693,315,1345,485,"Can use a wide range of quantifying determiners with plural nouns ('several', 'millions of', 'a few of').",B1,1,,,5.0,not_common
POLKE,polke_693_per_100_words,no,0.0076665939922291315,0.003492858491680196,316,1346,693,Can use an increasing range of phrasal verbs + object pronoun + particle.,B1,1,12,,5.0,usage_not_sustained
POLKE,polke_367_per_100_words,no,0.007605979850104916,0.0034652430184662665,317,1347,367,Can use a limited range of phrasal verbs + object pronoun + particle.,A2,1,12,,5.0,usage_not_sustained
TAASSC,to_clause_adjective_ability_willingness,no,0.007492904263968647,0.0034137263969211433,119,1348,,,,,,,,
POLKE,polke_718_per_100_words,no,0.0072986033332362865,0.0033252039505078093,318,1349,718,"Can report statements using a reporting clause with 'say' or 'tell' + 'that-'clause, with a pronoun and tense shift where relevant.",B1,1,15,,5.0,too_few_later_levels
TAASSC,likelihood_adverb,no,0.007282501890025106,0.0033178682206249587,120,1350,,,,,,,,
POLKE,polke_484_per_100_words,no,0.007275324716996323,0.0033145983396601847,319,1351,484,Can use ''s' after irregular plural nouns to indicate possession.,B1,1,11,,5.0,usage_not_sustained
POLKE,polke_704_per_100_words,no,0.007176586294773024,0.0032696136519530586,320,1352,704,POLKE structure 704,B1,1,,,5.0,not_common
POLKE,polke_931_per_100_words,no,0.007132392595115,0.0032494792429461706,321,1353,931,"Can use dummy 'it' with 'appears', 'feels', 'looks' and 'seems'.",B2,1,,,5.0,not_common
POLKE,polke_358_per_100_words,no,0.006981803647672091,0.0031808717381843054,322,1354,358,Can use an increasing range of modal verbs + subject + main verb to form 'yes/no' questions.,A2,1,,,5.0,not_common
POLKE,polke_123_per_100_words,no,0.006971255886923711,0.0031760662358014304,323,1355,123,Can use 'too' + adjective + prepositional phrase,A2,1,,,5.0,not_common
POLKE,polke_349_per_100_words,no,0.006935288171115772,0.0031596795402605636,324,1356,349,Can form alternative questions with two words from the same class combined with 'or'.,A2,1,10,,5.0,usage_not_sustained
POLKE,polke_694_per_100_words,no,0.006754627311545747,0.003077371436022487,325,1357,694,"Can use semi-modal auxiliary verbs, 'used to' and 'ought to'.",B1,1,14,,5.0,too_few_later_levels
POLKE,polke_403_per_100_words,no,0.006582453475328265,0.0029989299734268487,326,1358,403,"Can use commas and 'and' to join more than two adjectives, after 'be'.",B1,1,,,5.0,not_common
POLKE,polke_599_per_100_words,no,0.006422694439026877,0.0029261446260961366,327,1359,599,Can form the 'get'-passive with a range of forms of 'get' + past participles.,B1,1,,,5.0,not_common
POLKE,polke_52_per_100_words,no,0.0064079389290303546,0.0029194220960596347,328,1360,52,Can use the negative forms.,A1,1,13,,5.0,usage_not_sustained
POLKE,polke_519_per_100_words,no,0.0063068493296460915,0.002873366224836016,329,1361,519,Can use a range of modal verbs + 'be able to' + infinitive.,B1,1,,,5.0,not_common
POLKE,polke_673_per_100_words,no,0.00624638335081773,0.002845818254013188,330,1362,673,Can use 'each other' as the object of a verb or complement of a preposition to talk about the mutual behaviour of two or more people.,B1,1,,,5.0,not_common
POLKE,polke_449_per_100_words,no,0.006231876113355295,0.0028392088355918073,331,1363,449,"Can combine clauses of the same type, main or subordinate, finite or non-finite, with conjunctions.",B1,1,,,5.0,not_common
POLKE,polke_770_per_100_words,no,0.006139808533303981,0.0027972633472671832,332,1364,770,"Can use defining relative clauses and non-defining relative clauses ending in a preposition, with 'who/which/that' as the complement of the preposition.",B2,1,,,5.0,not_common
POLKE,polke_1174_per_100_words,no,0.005825125552928689,0.0026538954943059905,333,1365,1174,"Can use a wide range of adverbs with 'would', including 'undoubtedly', 'possibly', 'normally', 'personally', 'eventually', 'obviously', 'significantly', 'inevitably'. ► adverbs",C2,1,,,5.0,not_common
POLKE,polke_692_per_100_words,no,0.005789673133774098,0.002637743565115501,334,1366,692,Can use a limited range of phrasal verbs + particle + object.,B1,1,,,5.0,not_common
POLKE,polke_516_per_100_words,no,0.005628737406663031,0.00256442212385692,335,1367,516,"Can use 'can' with a limited range of adverbs (including 'also', 'always', 'even', 'just', 'only', 'really', 'still') in the normal mid position after the modal verb.   ► adverbs",B1,1,,,5.0,not_common
POLKE,polke_555_per_100_words,no,0.005613499979141512,0.0025574800348192265,336,1368,555,Can use the affirmative form.,B1,1,14,,5.0,too_few_later_levels
POLKE,polke_490_per_100_words,no,0.005492476818012015,0.002502342541367818,337,1369,490,Can use 'many' with plural nouns in interrogative contexts.,B1,1,,,5.0,not_common
POLKE,polke_627_per_100_words,no,0.005450787912914645,0.0024833493031285432,338,1370,627,Can use the negative forms with a range of pronouns and an increasing range of verbs.,B1,1,,,5.0,not_common
POLKE,polke_134_per_100_words,no,0.005449260579124093,0.002482653458167226,339,1371,134,"Can form a noun phrase with 'my' or 'your' + superlative adjective + noun, with a limited range of nouns and contexts. ► noun phrases",A2,1,,,5.0,not_common
POLKE,polke_397_per_100_words,no,0.005415166522562576,0.0024671203915802345,340,1372,397,Can use the question form.,A2,1,,,5.0,not_common
POLKE,polke_458_per_100_words,no,0.005412396015068488,0.0024658581634464903,341,1373,458,Can use 'How' + adjective + clause.,B1,1,,,5.0,not_common
POLKE,polke_334_per_100_words,no,0.0054113823660264515,0.0024653963504604826,342,1374,334,"Can use pronouns 'some' and 'any', to refer to quantity.",A2,1,,,5.0,not_common
TAASSC,transitive_mental_phrasal_verb,no,0.005396931354644252,0.0024588125483352044,121,1375,,,,,,,,
TAASSC,nonfactive_adverb,no,0.005367767407324031,0.002445525612682736,122,1376,,,,,,,,
ERRANT,errant_r_verb_infl_per_100_words,no,0.005264209809111797,0.0023983453346270263,20,1377,,,,,,,,
POLKE,polke_991_per_100_words,no,0.00504681511546945,0.0022993014955370017,343,1378,991,"Can use degree adverbs ('slightly', 'a bit', 'much') to modify comparatives.",C1,1,,,5.0,not_common
POLKE,polke_215_per_100_words,no,0.005045505804114114,0.0022987049804104186,344,1379,215,Can use the negative forms 'will not' and 'won't'.,A2,1,12,,5.0,usage_not_sustained
TAASSC,to_clause_verb_to_speech_act,no,0.0049798091146904255,0.002268773926312419,123,1380,,,,,,,,
POLKE,polke_306_per_100_words,no,0.004975079572070218,0.0022666191724387305,345,1381,306,Can use the negative form.,A2,1,,,5.0,not_common
POLKE,polke_355_per_100_words,no,0.004946461489097942,0.0022535809296119103,346,1382,355,Can use 'wh-'words + modal verbs + subject + main verb to form 'wh-'questions.,A2,1,,,5.0,not_common
POLKE,polke_856_per_100_words,no,0.004846977975086819,0.0022082567821419723,347,1383,856,Can form noun phrases with plural nouns + ' + noun.,B2,1,,,5.0,not_common
POLKE,polke_779_per_100_words,no,0.004823208983179228,0.002197427758809413,348,1384,779,"Can use a wide range of simple subordinating conjunctions ('once, whereas, unless, except (that) provided (that)'), to introduce a subordinate clause.",B2,1,14,,5.0,too_few_later_levels
POLKE,polke_200_per_100_words,no,0.004809086977773269,0.0021909938500160485,349,1385,200,Can use 'those' with plural nouns. ► noun phrases ►  pronouns: demonstrative,A2,1,,,5.0,not_common
POLKE,polke_1051_per_100_words,no,0.0047301069345047075,0.0021550109722109265,350,1386,1051,"Can use an increasing range of adverbs with 'would', including 'strongly', 'easily', 'especially', 'actually', 'absolutely', 'gladly'  ► adverbs",C1,1,,,5.0,not_common
POLKE,polke_339_per_100_words,no,0.00472581543141537,0.002153055786763144,351,1387,339,Can use determiners + premodifers + 'one'.,A2,1,12,,5.0,usage_not_sustained
POLKE,polke_750_per_100_words,no,0.004665549061007912,0.002125598756450361,352,1388,750,Can use superlative adjectives before a noun + 'to'-infinitive. ► clauses: comparative,B2,1,,,5.0,not_common
POLKE,polke_947_per_100_words,no,0.004626463784247914,0.002107791717109396,353,1389,947,Can use an increasing range of verb + particle + preposition + noun or pronoun.,B2,1,,,5.0,not_common
POLKE,polke_243_per_100_words,no,0.0045469414835235256,0.0020715617897590416,354,1390,243,Can use the negative forms.,A2,2,,,5.0,not_common
POLKE,polke_131_per_100_words,no,0.004543694370554796,0.0020700824227653323,355,1391,131,"Can form superlative adjectives with adjectives of one syllable with a short vowel, by doubling the final consonant and adding '–est'.",A2,1,,,5.0,not_common
POLKE,polke_354_per_100_words,no,0.004372110125743678,0.0019919095748051406,356,1392,354,Can use 'wh-'words + auxiliary 'be' to form 'wh-'questions. ► present continuous ► past continuous,A2,1,,,5.0,not_common
ERRANT,errant_r_noun_infl_per_100_words,no,0.004349036511032356,0.0019813973615380905,21,1393,,,,,,,,
POLKE,polke_262_per_100_words,no,0.004259114954046961,0.0019404295896409615,357,1394,262,Can use the question form 'would you like'.,A2,1,,,5.0,not_common
POLKE,polke_600_per_100_words,no,0.004241424855876197,0.0019323700772059691,358,1395,600,Can use the negative form.,B1,1,,,5.0,not_common
POLKE,polke_491_per_100_words,no,0.004187435398244066,0.0019077727741868267,359,1396,491,"Can use an increasing range of quantifying determiners + 'of' + determiner ('half of', 'enough of', 'none of',).► pronouns",B1,1,,,5.0,not_common
POLKE,polke_661_per_100_words,no,0.004169076106678826,0.0018994083808838973,360,1397,661,"Can use 'both', 'a few', 'another' as subject and object pronouns.",B1,1,,,5.0,not_common
POLKE,polke_116_per_100_words,no,0.0041588133434395935,0.0018947327218148777,361,1398,116,"Can form comparative adjectives with adjectives of one syllable ending in 'e', by adding '-r'.",A2,1,,,5.0,not_common
POLKE,polke_702_per_100_words,no,0.0041063310087658955,0.001870822055811952,362,1399,702,Can use 'there' with a range of modal verbs + 'be' + complement.,B1,1,,,5.0,not_common
POLKE,polke_655_per_100_words,no,0.004024462510545668,0.00183352321365343,363,1400,655,Can use 'these' as a pronoun with plural reference.  ►  noun phrases,B1,1,,,5.0,not_common
POLKE,polke_580_per_100_words,no,0.004008274862274952,0.0018261482092146906,364,1401,580,Can form noun phrases with noun + 'of' + possessive pronouns.,B1,1,12,,5.0,usage_not_sustained
POLKE,polke_782_per_100_words,no,0.0039469380228571715,0.0017982034790476342,365,1402,782,Can use possessive determiner 'its' before nouns to refer to a singular inanimate subject or object.,B2,1,,,5.0,not_common
POLKE,polke_935_per_100_words,no,0.003908360688629209,0.0017806278555594069,366,1403,935,"Can use pronouns 'each', 'either', 'enough', 'neither', 'several' as subject and object pronouns.",B2,1,,,5.0,not_common
POLKE,polke_720_per_100_words,no,0.003899258874417555,0.0017764811185480177,367,1404,720,"Can report 'wh-'questions using a reporting verb + 'wh-'word + clause, with a change of pronoun and tense shift where relevant.",B1,4,,,5.0,not_common
POLKE,polke_739_per_100_words,no,0.003859932508846864,0.0017585642404572073,368,1405,739,"Can use an increasing range of compound adjectives ('up-to-date', 'state-of-the-art')",B2,2,,,5.0,not_common
TAASSC,color_attributive_adj,no,0.0038553293675760436,0.0017564670743502654,124,1406,,,,,,,,
POLKE,polke_1196_per_100_words,no,0.00383121316460322,0.0017454798635463424,369,1407,1196,Can form a cleft construction beginning with 'it' to emphasise the subject of the main clause. ► clauses,C2,1,,,5.0,not_common
POLKE,polke_805_per_100_words,no,0.003818314319065763,0.001739603219731104,370,1408,805,Can use 'it' + linking verb + adjective + ('that') clause.,B2,1,,,5.0,not_common
ERRANT,errant_family_prep_per_100_words,no,0.003816823514667167,0.001738924017361923,22,1409,,,,,,,,
POLKE,polke_785_per_100_words,no,0.003786009141981239,0.0017248851568965149,371,1410,785,Can use ''s' after a noun phrase with of to indicate possession.,B2,1,,,5.0,not_common
POLKE,polke_235_per_100_words,no,0.003755260027170859,0.0017108760275639915,372,1411,235,Can use the negative forms.,A2,1,,,5.0,not_common
POLKE,polke_665_per_100_words,no,0.0037141885774278904,0.0016921640986232189,373,1412,665,Can use 'ones' as a pronoun to substitute for plural nouns which have already been mentioned or are obvious from the context.,B1,1,,,5.0,not_common
POLKE,polke_298_per_100_words,no,0.0037092549103041605,0.0016899163467368257,374,1413,298,Can use the question form 'have you' + '-ed' with with a limited range of verbs.,A2,1,,,5.0,not_common
POLKE,polke_210_per_100_words,no,0.0036830589636625,0.0016779816160379434,375,1414,210,Can use 'so many' and 'too many' with plural nouns.,A2,1,,,5.0,not_common
POLKE,polke_817_per_100_words,no,0.003664825407552641,0.001669674507124076,376,1415,817,Can use 'be' + 'obvious/sure/likely/certain' followed by a 'that'-clause.,B2,1,,,5.0,not_common
POLKE,polke_687_per_100_words,no,0.003624240340609486,0.001651184171539396,377,1416,687,Can use a limited range of verbs + particle + preposition + noun or pronoun.,B1,1,,,5.0,not_common
POLKE,polke_755_per_100_words,no,0.003613443842844788,0.0016462653459258243,378,1417,755,"Can use degree adverbs ('almost', 'very') to modify determiners. ► determiners",B2,1,,,5.0,not_common
POLKE,polke_879_per_100_words,no,0.0035960339367711036,0.001638333487485106,379,1418,879,Can use the past continuous with a wide range of adverbs in the normal mid position.,B2,1,,,5.0,not_common
POLKE,polke_437_per_100_words,no,0.0035850604743039582,0.0016333340377163621,380,1419,437,Can use 'than' + a finite clause forming the second part of a comparison after a comparative adjective,B1,1,,,5.0,not_common
POLKE,polke_160_per_100_words,no,0.0035079093259762217,0.0015981843944911495,381,1420,160,Can form a simple negative declarative clause with auxiliary 'have' + 'not' or 'n't' and 'have' + 'not' or 'n't (got)',A2,1,,,5.0,not_common
POLKE,polke_444_per_100_words,no,0.0034977891708112274,0.0015935737068845017,382,1421,444,Can use 'so' + adjective + 'that' clause.,B1,1,,,5.0,not_common
POLKE,polke_307_per_100_words,no,0.003471389949702086,0.0015815463654447084,383,1422,307,"Can use 'wh-' questions, especially in the context of letters and emails.",A2,1,,,5.0,not_common
POLKE,polke_908_per_100_words,no,0.0033627788897483413,0.001532063757726816,384,1423,908,Can use a wide range of complex prepositions.,B2,1,,,5.0,not_common
POLKE,polke_1081_per_100_words,no,0.003330465660621673,0.0015173420264256551,385,1424,1081,"Can modify 'few' and 'many' with 'very', 'too', 'so' as intensifiers.",C1,1,,,5.0,not_common
POLKE,polke_473_per_100_words,no,0.0032801474719641455,0.0014944173335677113,386,1425,473,"Can use 'either … or' to connect two words, phrases or clauses.",B1,1,,,5.0,not_common
POLKE,polke_526_per_100_words,no,0.0032428093753371634,0.001477406299985012,387,1426,526,Can use the negative form.,B1,1,,,5.0,not_common
POLKE,polke_443_per_100_words,no,0.003228602303654071,0.0014709336354588227,388,1427,443,Can use 'the same' (+ noun) + 'as' + pronoun or noun.,B1,1,,,5.0,not_common
POLKE,polke_489_per_100_words,no,0.0030954468631083643,0.0014102687415444052,389,1428,489,Can use 'so much' and 'too much' with uncountable nouns.,B1,1,,,5.0,not_common
POLKE,polke_669_per_100_words,no,0.003083002326810913,0.001404599078545995,390,1429,669,"Can use an increasing range of indefinite pronouns ('something', 'nobody') as subjects, with a singular verb.",B1,1,,,5.0,not_common
POLKE,polke_208_per_100_words,no,0.0030809823682500515,0.0014036787964208039,391,1430,208,Can use 'much' with uncountable nouns in negative contexts.,A2,1,,,5.0,not_common
TAASSC,wh_relative_prep_clause,no,0.0030682267448738365,0.0013978674038426333,125,1431,,,,,,,,
TAASSC,copular_phrasal_verb,no,0.003045737694240991,0.0013876215147878093,126,1432,,,,,,,,
POLKE,polke_816_per_100_words,no,0.0030438247066757462,0.0013867499680659512,392,1433,816,"Can use the full range of expressions with 'be' + infinitive ('be likely to', 'be due to', 'be meant to', 'be bound to', 'be sure to', 'be certain to', 'be obliged to') with present and past forms of 'be' and with modal 'will' .",B2,2,,,5.0,not_common
POLKE,polke_256_per_100_words,no,0.0029764912005663113,0.0013560731891955264,393,1434,256,Can use the question form.,A2,1,,,5.0,not_common
POLKE,polke_402_per_100_words,no,0.0029609013883740154,0.0013489705556199447,394,1435,402,Can use 'and' to join a limited range of comparative adjectives.► adjectives: comparatives,B1,1,,,5.0,not_common
POLKE,polke_729_per_100_words,no,0.002958011198458177,0.0013476538008263118,395,1436,729,"Can use the negative forms of mental process verbs ('I don't think', 'I don't believe') followed by a complement clause, where the negative form is in the mental process verb rather than the complement clause.",B1,1,,,5.0,not_common
POLKE,polke_690_per_100_words,no,0.002928131689768243,0.0013340408593087811,396,1437,690,Can use some reporting verbs with a prepositional phrase followed by a 'that'-clause as the direct object.,B1,1,,,5.0,not_common
POLKE,polke_96_per_100_words,no,0.0029159634425544034,0.0013284970721129542,397,1438,96,Can use a limited range of prepositional verbs followed by noun or pronoun objects.,A1,1,,,5.0,not_common
POLKE,polke_420_per_100_words,no,0.0028884318102337936,0.001315953810289212,398,1439,420,"Can use 'one of the' before a superlative adjective, followed by a plural noun. ► noun phrases",B1,1,,,5.0,not_common
POLKE,polke_706_per_100_words,no,0.0028218163441149358,0.0012856041665300236,399,1440,706,POLKE structure 706,B1,2,,,5.0,not_common
POLKE,polke_1091_per_100_words,no,0.002814122777193173,0.0012820990193184684,400,1441,1091,"Can use verb + particle + preposition, where the preposition is separated from its complement. ► Prepositions",C1,1,,,5.0,not_common
POLKE,polke_595_per_100_words,no,0.0027945709601353563,0.0012731913178923339,401,1442,595,Can use the present simple passive negative with a range of pronoun and noun subjects.,B1,1,,,5.0,not_common
POLKE,polke_1070_per_100_words,no,0.002715768036190447,0.0012372891346869631,402,1443,1070,"Can use the full negative forms with a wide range of verbs, often in formal contexts.",C1,1,,,5.0,not_common
POLKE,polke_621_per_100_words,no,0.002692511065593095,0.0012266933854762894,403,1444,621,Can use the question form with a limited range of verbs.,B1,1,,,5.0,not_common
POLKE,polke_421_per_100_words,no,0.0026594466783693704,0.0012116294306348504,404,1445,421,Can use 'the best' before a noun + 'to'-infinitive.  ► clauses: comparative,B1,1,,,5.0,not_common
ERRANT,errant_family_punct_per_100_words,no,0.002654191921475757,0.0012092353919970697,23,1446,,,,,,,,
POLKE,polke_459_per_100_words,no,0.0026438626696974055,0.0012045294411115414,405,1447,459,Can use a non-defining relative clause with 'who' as the object.,B1,1,,,5.0,not_common
POLKE,polke_1127_per_100_words,no,0.0026342131656695855,0.0012001331796011188,406,1448,1127,Can use 'How' + clause.,C2,1,,,5.0,not_common
POLKE,polke_5_per_100_words,no,0.0026199939497675295,0.0011936549822348735,407,1449,5,Can use the irregular superlative adjective 'best' in the phrase 'my best friend'.,A1,1,,,5.0,not_common
TAASSC,evaluative_attributive_adj,no,0.0025865915399791994,0.001178437026152941,127,1450,,,,,,,,
POLKE,polke_664_per_100_words,no,0.002569052070836797,0.0011704461394833588,408,1451,664,"Can use 'this one', 'that one' to refer to a singular countable noun.  ►  pronouns: demonstratives",B1,1,,,5.0,not_common
POLKE,polke_1123_per_100_words,no,0.002561261104800483,0.0011668966177653816,409,1452,1123,Can use 'as if' + non-finite clause to introduce a second clause as a comparison.,C2,5,,,5.0,not_common
TAASSC,to_clause_adjective_certainty,no,0.0025219016547248785,0.00114896466655422,128,1453,,,,,,,,
POLKE,polke_1201_per_100_words,no,0.002497371038649998,0.0011377886513967536,410,1454,1201,Can form alternative questions with two or more clauses and ellipsis in the second or third clause.,C2,1,,,5.0,not_common
POLKE,polke_515_per_100_words,no,0.002491837878528358,0.0011352677737637021,411,1455,515,Can use the negative question forms in main clauses and question tags.,B1,2,,,5.0,not_common
POLKE,polke_135_per_100_words,no,0.0024908111637347297,0.0011348000080923892,412,1456,135,Can form superlative adjectives using the suffix '-st' to adjectives ending in '–e'.,A2,1,,,5.0,not_common
POLKE,polke_501_per_100_words,no,0.0024896504257601038,0.0011342711821893355,413,1457,501,Can use the past form of 'be' + 'going to'. ► future in the past,B1,2,,,5.0,not_common
POLKE,polke_212_per_100_words,no,0.0024887340003250102,0.0011338536637494386,414,1458,212,Can use the affirmative form with 'will'.,A2,1,,,5.0,not_common
POLKE,polke_320_per_100_words,no,0.0024868423776784887,0.0011329918507682563,415,1459,320,Can use the possessive pronoun 'mine' after 'of' in the phrases 'a friend of mine' and 'friends of mine'.,A2,1,,,5.0,not_common
POLKE,polke_758_per_100_words,no,0.002459228374433131,0.0011204110611995645,416,1460,758,"Can use 'than' + an increasing range of non-finite clauses (to-infinitive, reduced clause)  forming the second part of a comparison after a comparative adjective.",B2,1,,,5.0,not_common
POLKE,polke_1150_per_100_words,no,0.0024570846390492562,0.0011194343870275564,417,1461,1150,Can use 'be' + 'not' + adjective + 'to' + infinitive.,C2,1,,,5.0,not_common
ERRANT,errant_u_noun_poss_per_100_words,no,0.0024259031848816726,0.0011052282862372216,24,1462,,,,,,,,
POLKE,polke_924_per_100_words,no,0.002422382430297798,0.001103624249613152,418,1463,924,Can use plural reflexive pronouns to refer to actions where the subject and object of the verb are the same.,B2,1,,,5.0,not_common
POLKE,polke_659_per_100_words,no,0.002374641871397909,0.0010818739108421078,419,1464,659,Can use quantifying determiners + 'of' with demonstrative pronouns  ► determiners: demonstrative,B1,1,,,5.0,not_common
POLKE,polke_514_per_100_words,no,0.002326623090096014,0.0010599968154591433,420,1465,514,Can use 'it' + 'be' + adjective + 'for' + object + 'to' + infinitive.,B1,1,,,5.0,not_common
POLKE,polke_321_per_100_words,no,0.002315581810127476,0.0010549664684059126,421,1466,321,"Can use the possessive pronoun 'mine', with singular and plural reference, in subject and object positions, and complement positions after 'be' and after prepositions.",A2,1,,,5.0,not_common
POLKE,polke_133_per_100_words,no,0.0022568598302550313,0.0010282130540143798,422,1467,133,"Can form superlative adjectives using the '-est' suffix, with adjectives of one syllable, and with two-syllable adjectives ending in -y.",A2,1,,,5.0,not_common
POLKE,polke_1111_per_100_words,no,0.0022499650933558435,0.001025071849412879,423,1468,1111,"Can combine more complex, lengthy strings of adjectives, joining the last two adjectives with 'and'.",C2,1,,,5.0,not_common
TAASSC,that_noun_clause_factive,no,0.0022282433396538792,0.0010151755366631762,129,1469,,,,,,,,
POLKE,polke_530_per_100_words,no,0.0022258027428541105,0.0010140636140459774,424,1470,530,Can use the negative form.,B1,4,,,5.0,not_common
POLKE,polke_564_per_100_words,no,0.0021763501200924296,0.0009915332682986905,425,1471,564,"Can use an limited range of adverbs with 'would', including 'really', 'probably', 'certainly', 'definitely'.► adverbs",B1,1,,,5.0,not_common
ERRANT,errant_family_adv_per_100_words,no,0.0021572167895844707,0.000982816227066745,25,1472,,,,,,,,
POLKE,polke_760_per_100_words,no,0.0021503340200799137,0.0009796804747450965,426,1473,760,Can use 'enough' after adjectives followed by 'to'-infinitive.,B2,1,,,5.0,not_common
POLKE,polke_346_per_100_words,no,0.0021499518505789794,0.0009795063604007145,427,1474,346,Can use indefinite pronouns with 'else'.,A2,1,,,5.0,not_common
POLKE,polke_1089_per_100_words,no,0.002143368192319972,0.0009765068815344014,428,1475,1089,Can use affirmative and negative forms of question tags with 'there' + 'be'.,C1,1,,,5.0,not_common
POLKE,polke_1079_per_100_words,no,0.002137775639290851,0.000973958944815992,429,1476,1079,Can use pronouns 'none' to substitute for subject and object pronouns. ►  pronouns: substitution,C1,1,,,5.0,not_common
POLKE,polke_701_per_100_words,no,0.002107739082127136,0.0009602744528686604,430,1477,701,Can use 'There' + 'be' + 'n't' with countable and uncountable nouns.,B1,1,,,5.0,not_common
POLKE,polke_771_per_100_words,no,0.0020967373427298597,0.0009552621202844674,431,1478,771,"Can use non-defining relative clauses with 'whose', to give additional information.",B2,1,,,5.0,not_common
POLKE,polke_852_per_100_words,no,0.0020963973938052938,0.0009551072414048618,432,1479,852,Can use 'used to' without a following verb where the previous main verb is understood. ► ellipsis,B2,1,,,5.0,not_common
POLKE,polke_89_per_100_words,no,0.002093428732162117,0.0009537547353193947,433,1480,89,Can use the pronoun 'it' before 'be' to refer to a first person speaker or writer.,A1,1,,,5.0,not_common
ERRANT,errant_u_conj_per_100_words,no,0.0020646102424506374,0.0009406251882730574,26,1481,,,,,,,,
POLKE,polke_457_per_100_words,no,0.0020228613201020984,0.000921604606500839,434,1482,457,Can use 'How' + adjective.,B1,1,,,5.0,not_common
POLKE,polke_593_per_100_words,no,0.002010446669614918,0.0009159485593149125,435,1483,593,Can use the present continuous passive affirmative with a limited range of verbs.,B1,1,,,5.0,not_common
POLKE,polke_709_per_100_words,no,0.00196244976025417,0.0008940814286692803,436,1484,709,POLKE structure 709,B1,2,,,5.0,not_common
POLKE,polke_1143_per_100_words,no,0.001950913890290451,0.0008888257491064214,437,1485,1143,Can use the question form of the future perfect simple.,C2,9,,,5.0,not_common
POLKE,polke_1104_per_100_words,no,0.0019390464018909093,0.0008834189859892836,438,1486,1104,Can use negative pronoun 'none' to substitute for subject and object pronouns or noun phrases. ► pronouns: substitution,C1,1,,,5.0,not_common
POLKE,polke_561_per_100_words,no,0.0019274645120619383,0.0008781423400263135,439,1487,561,Can use 'would have' + '-ed'.,B1,1,,,5.0,not_common
POLKE,polke_1011_per_100_words,no,0.0019019746720188024,0.0008665293076502049,440,1488,1011,Can use 'either' and 'neither' with singular nouns.,C1,1,,,5.0,not_common
POLKE,polke_380_per_100_words,no,0.001874007129292199,0.0008537874474182608,441,1489,380,"Can use 'if' + present simple, with an imperative in the main clause.",A2,1,,,5.0,not_common
ERRANT,errant_u_adv_per_100_words,no,0.001873384742121953,0.000853503891211305,27,1490,,,,,,,,
POLKE,polke_336_per_100_words,no,0.0018451265300405417,0.0008406296036034963,442,1491,336,Can use 'any' as an object in a negative clause to refer back to a plural or uncountable noun.,A2,1,,,5.0,not_common
POLKE,polke_662_per_100_words,no,0.0018445462760436904,0.0008403652430409976,443,1492,662,"Can use an increasing range of pronouns ('some', 'a few', 'any', 'each') with 'of' followed by an object pronoun.",B1,1,,,5.0,not_common
POLKE,polke_922_per_100_words,no,0.0018257986831069495,0.0008318239417468334,444,1493,922,Can use the reflexive pronoun 'itself' with 'by' to mean alone or without any help.,B2,4,,,5.0,not_common
POLKE,polke_529_per_100_words,no,0.0018010468368339083,0.000820547135315296,445,1494,529,Can use the question form with 'I'.,B1,1,,,5.0,not_common
POLKE,polke_663_per_100_words,no,0.0017979737514455252,0.0008191470543399174,446,1495,663,Can use 'one' after 'which' in indirect questions to refer to one of two or more options.,B1,1,,,5.0,not_common
POLKE,polke_1078_per_100_words,no,0.0017637985173193371,0.0008035770036963321,447,1496,1078,"Can use 'that of' and 'those of' as a possessive form, in formal and professional contexts.",C1,1,,,5.0,not_common
POLKE,polke_917_per_100_words,no,0.0017495681459043233,0.0007970937239391054,448,1497,917,"Can use the possessive pronoun 'hers', with singular reference, in object positions, and complement positions after 'be' and after prepositions.",B2,1,,,5.0,not_common
POLKE,polke_918_per_100_words,no,0.0017305158909857177,0.0007884136203043545,449,1498,918,"Can use the possessive pronoun 'ours' with singular and plural reference, in object positions, and complement positions after 'be' and after prepositions.",B2,1,,,5.0,not_common
POLKE,polke_602_per_100_words,no,0.0017171332112178028,0.0007823165442473496,450,1499,602,Can use the past continuous with an increasing range of adverbs in the normal mid position.,B1,1,,,5.0,not_common
POLKE,polke_1076_per_100_words,no,0.0017103416241903702,0.00077922233416595,451,1500,1076,"Can use the possessive pronoun 'ours', in subject position.",C1,1,,,5.0,not_common
POLKE,polke_1192_per_100_words,no,0.0017025948981372885,0.0007756929679435241,452,1501,1192,"Can use the possessive pronoun 'his', with singular and plural reference, in subject and object position, and complement positions after 'be' and after prepositions.",C2,1,,,5.0,not_common
TAASSC,topical__attributive_adj,no,0.0016987595917488107,0.0007739456232294609,130,1502,,,,,,,,
ERRANT,errant_u_verb_per_100_words,no,0.001696046140808427,0.0007727093897510111,28,1503,,,,,,,,
POLKE,polke_591_per_100_words,no,0.0016801181871843873,0.0007654527007797148,453,1504,591,"Can use the passive infinitive after a limited number of forms including 'going to', 'have to', 'need to', 'want to'.",B1,1,,,5.0,not_common
POLKE,polke_846_per_100_words,no,0.0016683856549311038,0.0007601074229482121,454,1505,846,Can use 'ought to' without a following verb where the previous main verb is understood. ► ellipsis,B2,4,,,5.0,not_common
POLKE,polke_174_per_100_words,no,0.0016555939760203309,0.0007542796036647564,455,1506,174,Can use 'What a' + noun phrase and 'What a' + noun phrase + clause.,A2,1,,,5.0,not_common
POLKE,polke_376_per_100_words,no,0.0016468895996220034,0.0007503139371577657,456,1507,376,Can use 'there is' + uncountable nouns as complement.,A2,1,,,5.0,not_common
POLKE,polke_538_per_100_words,no,0.0016029356234064096,0.0007302887448463743,457,1508,538,Can use 'must' with a limited range of adverbs (most commonly 'also') in the normal mid position after the modal verb. ► adverbs,B1,1,,,5.0,not_common
POLKE,polke_1178_per_100_words,no,0.001599202822478496,0.0007285881010621815,458,1509,1178,Can use non-finite '-ing' perfect forms of the passive as the complement of prepositions.,C2,5,,,5.0,not_common
POLKE,polke_958_per_100_words,no,0.0015897210060376032,0.0007242682371035977,459,1510,958,Can use 'there' with other verbs with modal meaning + 'be' + complement.,B2,1,,,5.0,not_common
POLKE,polke_581_per_100_words,no,0.0015804304475528497,0.0007200355092287663,460,1511,581,Can form noun phrases with 'a friend of' or 'friends of' + possessive determiner + noun.,B1,2,,,5.0,not_common
POLKE,polke_1200_per_100_words,no,0.0015538185004873029,0.0007079112510011551,461,1512,1200,"Can use 'each' (+ noun or pronoun) as subject followed by 'the other(s)' as object , to refer to two related things. ► pronouns: quantity",C2,5,,,5.0,not_common
ERRANT,errant_r_punct_per_100_words,no,0.0015429774562099041,0.0007029721302388746,29,1513,,,,,,,,
POLKE,polke_562_per_100_words,no,0.0015353611227499897,0.0006995021701721365,462,1514,562,Can use 'would not have' + '-ed' or 'wouldn’t have' + '-ed',B1,1,,,5.0,not_common
POLKE,polke_1095_per_100_words,no,0.0014767345399744336,0.0006727922181786759,463,1515,1095,Can form ellipted 'if' clauses with 'if' + '-ed' form.,C1,4,,,5.0,not_common
POLKE,polke_837_per_100_words,no,0.0014408018850775584,0.0006564214961980443,464,1516,837,Can use the question form.,B2,1,,,5.0,not_common
POLKE,polke_722_per_100_words,no,0.001416856848379222,0.0006455122678170771,465,1517,722,"Can report speech and thought directly, using the reporting verb before the reporting clause.",B1,4,,,5.0,not_common
ERRANT,errant_r_noun_poss_per_100_words,no,0.0014081897667792553,0.0006415635926172148,30,1518,,,,,,,,
TAASSC,intransitive_occurence_phrasal_verb,no,0.001368953625959346,0.0006236878204317448,131,1519,,,,,,,,
POLKE,polke_728_per_100_words,no,0.0013305872195612523,0.0006062082945146732,466,1520,728,Can form negative statements of main verbs in the past continuous and past perfect with auxiliary verbs 'be' and 'have' + 'not/n't'. ► past continuous ► past perfect,B1,1,,,5.0,not_common
POLKE,polke_350_per_100_words,no,0.0013291764624758784,0.0006055655612656788,467,1521,350,Can use a limited range of question tags.,A2,1,,,5.0,not_common
ERRANT,errant_r_pron_per_100_words,no,0.0013140320082722923,0.0005986658303655588,31,1522,,,,,,,,
POLKE,polke_884_per_100_words,no,0.0013060996277287629,0.0005950518809678486,468,1523,884,Can use the past perfect continuous with adverbs in the normal mid position.,B2,7,,,5.0,not_common
POLKE,polke_679_per_100_words,no,0.0012861695143393526,0.0005859718297922012,469,1524,679,"Can use an increasing range of 'be', 'do', 'have' and modal verb tags with negative main clauses.",B1,1,,,5.0,not_common
POLKE,polke_870_per_100_words,no,0.0012770858487995973,0.0005818333612169413,470,1525,870,Can use the present perfect passive negative form (often in the context of reporting). ► reported speech,B2,2,,,5.0,not_common
ERRANT,missing_errors_per_100_words,no,0.001258446443611394,0.0005733413496721179,32,1526,,,,,,,,
ERRANT,errant_r_adj_per_100_words,no,0.0012491452761493882,0.0005691037884049977,33,1527,,,,,,,,
POLKE,polke_844_per_100_words,no,0.001242598388190519,0.0005661210618872776,471,1528,844,Can use the negative form.,B2,2,,,5.0,not_common
POLKE,polke_261_per_100_words,no,0.0012418310521615794,0.0005657714677692937,472,1529,261,Can use the negative forms.,A2,1,,,5.0,not_common
POLKE,polke_611_per_100_words,no,0.0012339621951267254,0.0005621864593363617,473,1530,611,"Can use the past perfect simple with a limited range of adverbs (including 'never', 'ever', 'just', 'always', 'already') in the normal mid-position. ► adverbs",B1,1,,,5.0,not_common
TAASSC,to_clause_verb_probability,no,0.0012019900790809501,0.0005476201372980923,132,1531,,,,,,,,
POLKE,polke_763_per_100_words,no,0.0011931451388558223,0.0005435904306767353,474,1532,763,Can use 'as if' or 'as though' + finite clause to introduce a second clause as a comparison.,B2,2,,,5.0,not_common
POLKE,polke_297_per_100_words,no,0.0011749220017422957,0.0005352880686008838,475,1533,297,Can use the negative form 'haven't' + '-ed' with 'I' with a limited range of verbs.,A2,1,,,5.0,not_common
POLKE,polke_683_per_100_words,no,0.0011696824794591443,0.000532900970768704,476,1534,683,Can use main verb 'be' + 'n't' to form negative 'yes/no' questions.,B1,1,,,5.0,not_common
POLKE,polke_361_per_100_words,no,0.0011640528177205844,0.0005303361275242663,477,1535,361,Can use auxiliary 'have' + subject + the '-ed' form to form 'yes/no' questions.  ►  present perfect,A2,1,,,5.0,not_common
POLKE,polke_549_per_100_words,no,0.001160364740186548,0.0005286558594748834,478,1536,549,Can use 'should have' + '-ed'.,B1,4,,,5.0,not_common
POLKE,polke_360_per_100_words,no,0.0011533352779400374,0.0005254532747384858,479,1537,360,Can use auxiliary 'be' + subject + the '-ing' form (continuous form) to form 'yes/no' questions.,A2,5,,,5.0,not_common
ERRANT,errant_u_punct_per_100_words,no,0.0011533039935676115,0.0005254390217486972,34,1538,,,,,,,,
POLKE,polke_413_per_100_words,no,0.0011243755890055773,0.000512259398094741,480,1539,413,Can use 'too' before adjectives followed by 'to'-infinitive.,B1,1,,,5.0,not_common
POLKE,polke_723_per_100_words,no,0.0011064088113341697,0.0005040738319852907,481,1540,723,Can report speech and thought directly using the reporting verb after the reporting clause.,B1,6,,,5.0,not_common
POLKE,polke_251_per_100_words,no,0.0010983003519617895,0.000500379662031597,482,1541,251,Can use the question form.,A2,1,,,5.0,not_common
POLKE,polke_915_per_100_words,no,0.0010964781651789934,0.0004995494836519713,483,1542,915,Can use the possessive pronoun 'ours' after noun + 'of'.,B2,1,,,5.0,not_common
POLKE,polke_965_per_100_words,no,0.0010940400472390088,0.0004984386903897971,484,1543,965,Can report speech directly inverting the subject and verb in the reporting clause where the subject is a proper noun or noun phrase.,B2,5,,,5.0,not_common
POLKE,polke_414_per_100_words,no,0.0010889371857412122,0.0004961138544675463,485,1544,414,"Can use adjectives with the prefix a- ('asleep', 'awake', 'alive', 'alone') predicatively only, after linking verbs.",B1,1,,,5.0,not_common
TAASSC,that_noun_clause_likelihood,no,0.0010634131871616326,0.0004844852596481672,133,1545,,,,,,,,
POLKE,polke_1164_per_100_words,no,0.0010608158122149547,0.00048330190976061916,486,1546,1164,Can use the question form.,C2,2,,,5.0,not_common
ERRANT,errant_u_prep_per_100_words,no,0.0010497634553381374,0.00047826651612827074,35,1547,,,,,,,,
POLKE,polke_1006_per_100_words,no,0.0010471264724611906,0.0004770651210832879,487,1548,1006,Can use 'either … or' to combine more complex strings of clauses and sentences.,C1,2,,,5.0,not_common
POLKE,polke_813_per_100_words,no,0.0010203716519914252,0.0004648757705104102,488,1549,813,Can use affirmative form dare + infinitive without to.,B2,7,,,5.0,not_common
POLKE,polke_919_per_100_words,no,0.0010186581469646683,0.0004640951069472541,489,1550,919,"Can use the possessive pronoun 'ours', with singular and plural reference, in subject position.",B2,1,,,5.0,not_common
ERRANT,errant_u_verb_tense_per_100_words,no,0.0010038409231234446,0.00045734446041903015,36,1551,,,,,,,,
POLKE,polke_892_per_100_words,no,0.0009960212850130823,0.0004537818758601857,490,1552,892,"Can use the past perfect simple with a wide range of adverbs (including 'finally', 'recently', 'simply') in the normal mid-position.  ► adverbs",B2,1,,,5.0,not_common
POLKE,polke_699_per_100_words,no,0.0009721225237928621,0.00044289373033515935,491,1553,699,Can use some verbs of requesting and commanding followed by a direct object and a 'to-'infinitive.,B1,1,,,5.0,not_common
POLKE,polke_442_per_100_words,no,0.0009520894645955735,0.0004337667776098023,492,1554,442,Can use 'too' + adjective + 'to'-infinitive.,B1,1,,,5.0,not_common
ERRANT,errant_family_adj_per_100_words,no,0.0009099832290764276,0.00041458340590200005,37,1555,,,,,,,,
POLKE,polke_405_per_100_words,no,0.0009086135136477935,0.0004139593710084164,493,1556,405,"Can use a limited range of compound adjectives ('good-looking', 'well-known')",B1,1,,,5.0,not_common
POLKE,polke_471_per_100_words,no,0.0009050459596071647,0.00041233401280659057,494,1557,471,"Can use 'plus' as coordinating conjunction, often in relation to numbers.",B1,1,,,5.0,not_common
POLKE,polke_754_per_100_words,no,0.0009032217940680987,0.00041150293291637914,495,1558,754,Can use degree adverbs to modify pronouns. ► pronouns,B2,1,,,5.0,not_common
ERRANT,errant_r_verb_sva_per_100_words,no,0.0009000158992513718,0.00041004234468836184,38,1559,,,,,,,,
POLKE,polke_1019_per_100_words,no,0.0008992038070219088,0.0004096723598890387,496,1560,1019,Can use 'be' + 'going to' with an increasing range of adverbs (particularly adverbs of certainty) in the normal mid position.,C1,2,,,5.0,not_common
POLKE,polke_849_per_100_words,no,0.0008900719367361809,0.000405511929493904,497,1561,849,Can use 'should be' + '-ing'.,B2,2,,,5.0,not_common
POLKE,polke_858_per_100_words,no,0.0008355853273820379,0.0003806881268563335,498,1562,858,Can form an increasing range of complex noun phrases with more than one adjective combined with 'but'.,B2,1,,,5.0,not_common
POLKE,polke_903_per_100_words,no,0.0008144981151829711,0.00037108090776138345,499,1563,903,Can use the negative form.,B2,4,,,5.0,not_common
ERRANT,errant_m_verb_tense_per_100_words,no,0.000798166323922711,0.000363640232561214,39,1564,,,,,,,,
POLKE,polke_797_per_100_words,no,0.0007970385669047175,0.0003631264326024783,500,1565,797,Can use the affirmative form with 'will'.,B2,4,,,5.0,not_common
POLKE,polke_883_per_100_words,no,0.0007955727869743967,0.0003624586312448291,501,1566,883,Can use the negative form.,B2,7,,,5.0,not_common
POLKE,polke_1012_per_100_words,no,0.0007674461340165806,0.00034964428125762117,502,1567,1012,Can use 'either' and 'neither' + 'of' with plural noun phrases or pronouns.► pronouns,C1,6,,,5.0,not_common
POLKE,polke_800_per_100_words,no,0.0007657257318065547,0.00034886047537531083,503,1568,800,Can use the affirmative form with 'will'.,B2,1,,,5.0,not_common
POLKE,polke_1197_per_100_words,no,0.000754039149078789,0.00034353613189751946,504,1569,1197,Can use 'a lot' and 'much' as a subject pronouns. ► focus,C2,1,,,5.0,not_common
POLKE,polke_500_per_100_words,no,0.0007502918035147133,0.00034182886165626123,505,1570,500,Can use the negative form.,B1,1,,,5.0,not_common
POLKE,polke_929_per_100_words,no,0.0007252209541097621,0.0003304067191342392,506,1571,929,Can use 'it' as an object with 'make' to introduce something the speaker or writer is going to refer to.,B2,1,,,5.0,not_common
POLKE,polke_322_per_100_words,no,0.0007211273758271908,0.0003285417071510652,507,1572,322,"Can use the possessive pronoun 'yours', with singular reference, in object positions, and complement positions after 'be' and after prepositions.",A2,1,,,5.0,not_common
TAASSC,that_adjective_clause_attitudinal,no,0.000719306488933924,0.0003277121209940335,134,1573,,,,,,,,
POLKE,polke_936_per_100_words,no,0.0006900235922042697,0.0003143709926380987,508,1574,936,"Can use a wide range of pronouns ('neither', 'either', 'none') with 'of' followed by an object pronoun.",B2,6,,,5.0,not_common
POLKE,polke_836_per_100_words,no,0.0006834225610115041,0.00031136359875773056,509,1575,836,Can use 'must have' + '-ed'.,B2,5,,,5.0,not_common
POLKE,polke_682_per_100_words,no,0.000671782333636628,0.000306060374526392,510,1576,682,Can use 'wh-'words + the negative form of modal verbs + subject + main verb to form 'wh-'questions.,B1,4,,,5.0,not_common
POLKE,polke_343_per_100_words,no,0.0006060823987401598,0.0002761278418086601,511,1577,343,Can use 'anything' after a negative verb form.,A2,1,,,5.0,not_common
POLKE,polke_1083_per_100_words,no,0.0005979400801217061,0.00027241824576675956,512,1578,1083,Can use 'none' as a pronoun. ►  determiners: quantity  ►  pronouns: quantity,C1,1,,,5.0,not_common
POLKE,polke_536_per_100_words,no,0.0005971255880083959,0.0002720471675934187,513,1579,536,Can use 'must' with the following verb ellipted where the previous main verb is understood.    ► ellipsis,B1,1,,,5.0,not_common
POLKE,polke_216_per_100_words,no,0.000594347312731891,0.000270781400500287,514,1580,216,Can use the question forms of 'will' and 'shall'.,A2,1,,,5.0,not_common
POLKE,polke_1029_per_100_words,no,0.0005888682050536609,0.0002682851488662322,515,1581,1029,Can use the question form.,C1,14,,,5.0,not_common
POLKE,polke_543_per_100_words,no,0.0005782061708017316,0.0002634275840971596,516,1582,543,Can use the affirmative form.,B1,3,,,5.0,not_common
POLKE,polke_527_per_100_words,no,0.0005548969392576986,0.0002528080250836473,517,1583,527,Can use 'may' with a limited range of adverbs (most commonly 'also') in the normal mid-position after the modal verb. ► adverbs,B1,1,,,5.0,not_common
POLKE,polke_904_per_100_words,no,0.000554199435311542,0.000252490246082466,518,1584,904,Can use the present perfect continuous with adverbs in the normal mid position.,B2,1,,,5.0,not_common
POLKE,polke_873_per_100_words,no,0.0005508240280440724,0.0002509524289045888,519,1585,873,"Can use the passive with a wide range of verbs needing two objects, putting the indirect object in subject position.",B2,1,,,5.0,not_common
ERRANT,errant_r_conj_per_100_words,no,0.000537945448084276,0.0002450850179762219,40,1586,,,,,,,,
POLKE,polke_1086_per_100_words,no,0.0005341201681701158,0.0002433422412692812,520,1587,1086,"Can use 'each' (+ noun or pronoun) as subject followed by 'the other(s)' a complement of a preposition, to refer to two related things. ► pronouns: quantity",C1,4,,,5.0,not_common
POLKE,polke_855_per_100_words,no,0.0005241495534304974,0.0002387996834664489,521,1588,855,"Can form noun phrases with noun + 'of' + possessive determiner + noun + '‘s', particularly with 'friend' or 'friends'.",B2,1,,,5.0,not_common
POLKE,polke_1001_per_100_words,no,0.0005149662940455713,0.0002346158404774432,522,1589,1001,Can use non-finite clauses after 'if'. .► 'clauses: conditionals',C1,1,,,5.0,not_common
POLKE,polke_831_per_100_words,no,0.0005030961376149001,0.00022920786181984548,523,1590,831,"Can use 'may' with an increasing range of adverbs (most commonly 'even', 'only', 'already', 'never', 'just', 'sometimes') in the normal mid-position after the modal verb. ► adverbs",B2,1,,,5.0,not_common
POLKE,polke_1018_per_100_words,no,0.0004659938144215836,0.00021230424533015077,524,1591,1018,Can use the negative form 'shall not'.,C1,4,,,5.0,not_common
POLKE,polke_511_per_100_words,no,0.00046208023523730546,0.00021052123995637928,525,1592,511,Can use 'it' + 'be' + 'important' + ('that') clause.,B1,4,,,5.0,not_common
POLKE,polke_375_per_100_words,no,0.00045577618582193224,0.00020764914935724537,526,1593,375,Can use 'enjoy' followed by the '-ing' form.,A2,1,,,5.0,not_common
POLKE,polke_1025_per_100_words,no,0.0004501950615112271,0.00020510641950073695,527,1594,1025,"Can use 'can' in passive reporting clauses in a more formal impersonal style (e.g. for reports and academic contexts), such as 'It can be said that', 'It can be argued (that)', 'It can be concluded that', 'It can be considered'.► passives",C1,1,,,5.0,not_common
TAASSC,that_adjective_clause_likelihood,no,0.00042185662403726454,0.0001921955816407685,135,1595,,,,,,,,
POLKE,polke_705_per_100_words,no,0.0004171043970213617,0.0001900304928798777,528,1596,705,POLKE structure 705,B1,1,,,5.0,not_common
POLKE,polke_790_per_100_words,no,0.00041548215219178175,0.00018929140696580346,529,1597,790,Can use the present form of 'be' + 'due to'.,B2,6,,,5.0,not_common
ERRANT,errant_family_contr_per_100_words,no,0.0004087098494727215,0.00018620598271032902,41,1598,,,,,,,,
POLKE,polke_866_per_100_words,no,0.00036997474798416974,0.00016855848131694382,530,1599,866,Can use past simple passive negative.,B2,1,,,5.0,not_common
POLKE,polke_1036_per_100_words,no,0.00036637576260956095,0.00016691880317044528,531,1600,1036,Can use 'might not have' + '-ed'.,C1,10,,,5.0,not_common
POLKE,polke_867_per_100_words,no,0.00035446075433354096,0.00016149039025624637,532,1601,867,Can use the present continuous passive affirmative with an increasing range of verbs.,B2,1,,,5.0,not_common
ERRANT,errant_m_det_per_100_words,no,0.00035264503679055537,0.00016066315922706468,42,1602,,,,,,,,
POLKE,polke_236_per_100_words,no,0.0003471528060039475,0.00015816092877626539,533,1603,236,Can use the question forms.,A2,2,,,5.0,not_common
POLKE,polke_1035_per_100_words,no,0.00033501797164925406,0.00015263236429719092,534,1604,1035,Can use the question form.,C1,1,,,5.0,not_common
POLKE,polke_1065_per_100_words,no,0.0003290555855146593,0.0001499159336290214,535,1605,1065,"Can use the inverted form of the past simple with auxiliary 'do', in the phrase 'not only ... but also'.",C1,3,,,5.0,not_common
POLKE,polke_977_per_100_words,no,0.0002928179438836942,0.000133406261352457,536,1606,977,Can used 'could' have + '-ed'.,B2,2,,,5.0,not_common
POLKE,polke_891_per_100_words,no,0.00026299388275630164,0.00011981858144260521,537,1607,891,Can use question forms.,B2,1,,,5.0,not_common
POLKE,polke_502_per_100_words,no,0.00024095037367422023,0.00010977567869311572,538,1608,502,"Can use 'be' + 'going to' with a limited range of adverbs, after the auxiliary be form, in the normal mid position.",B1,2,,,5.0,not_common
POLKE,polke_1139_per_100_words,no,0.00023201864420885343,0.00010570643136632129,539,1609,1139,Can use two possessive ''s' constructions in the same noun phrase.,C2,1,,,5.0,not_common
TAASSC,that_noun_clause_nonfactive,no,0.00022464946602163138,0.00010234907389649406,136,1610,,,,,,,,
ERRANT,errant_u_other_per_100_words,no,0.00019843270191222118,9.040485887261945e-05,43,1611,,,,,,,,
POLKE,polke_762_per_100_words,no,0.00019823099821181245,9.031296376463669e-05,540,1612,762,Can use 'rather than' + a non-finite clause to stress one element in a comparison.,B2,1,,,5.0,not_common
POLKE,polke_323_per_100_words,no,0.00018820447998768586,8.574493663855901e-05,541,1613,323,"Can use a limited range of singular reflexive pronouns ('myself', 'yourself') with a limited range of verbs ('enjoy', 'buy') to refer to actions where the subject and object of the verb are the same.",A2,1,,,5.0,not_common
POLKE,polke_744_per_100_words,no,0.00017394556862670996,7.924865423730212e-05,542,1614,744,Can use 'enough' after adjectives followed by 'to'-infinitive,B2,1,,,5.0,not_common
ERRANT,errant_r_det_per_100_words,no,0.00016855014384020706,7.679052807321149e-05,44,1615,,,,,,,,
POLKE,polke_494_per_100_words,no,0.00015184100858167682,6.91779370014074e-05,543,1616,494,Can use the negative form with 'will' ('won’t').,B1,1,,,5.0,not_common
POLKE,polke_864_per_100_words,no,0.00012765845887363625,5.816049898606148e-05,544,1617,864,Can use the past perfect passive affirmative form.,B2,1,,,5.0,not_common
POLKE,polke_209_per_100_words,no,0.00011131813632792031,5.07159369786762e-05,545,1618,209,Can use 'many' with plural nouns in negative contexts.,A2,1,,,5.0,not_common
POLKE,polke_647_per_100_words,no,7.227722059388597e-05,3.292910827967219e-05,546,1619,647,"Can use the possessive pronoun 'yours', with singular reference, in subject position.",B1,1,,,5.0,not_common
POLKE,polke_1049_per_100_words,no,5.0752601091108573e-05,2.3122608798068466e-05,547,1620,1049,Can use the question form.,C1,10,,,5.0,not_common
ERRANT,errant_m_noun_per_100_words,no,2.395570290136817e-05,1.0914087845009616e-05,45,1621,,,,,,,,
POLKE,polke_158_per_100_words,no,2.3297530889365703e-05,1.061422825893538e-05,548,1622,158,Can use 'be' + 'like' + noun or pronoun.,A2,1,,,5.0,not_common
POLKE,polke_761_per_100_words,no,4.904635201530283e-06,2.234525100666979e-06,549,1623,761,Can use 'the same' (+ noun) + 'as' + clause.,B2,1,,,5.0,not_common
ERRANT,errant_family_conj_per_100_words,no,0.0,0.0,46,1624,,,,,,,,
ERRANT,errant_family_det_per_100_words,no,0.0,0.0,46,1624,,,,,,,,
ERRANT,errant_family_pron_per_100_words,no,0.0,0.0,46,1624,,,,,,,,
ERRANT,errant_m_adv_per_100_words,no,0.0,0.0,46,1624,,,,,,,,
ERRANT,errant_m_conj_per_100_words,no,0.0,0.0,46,1624,,,,,,,,
ERRANT,errant_m_other_per_100_words,no,0.0,0.0,46,1624,,,,,,,,
ERRANT,errant_m_prep_per_100_words,no,0.0,0.0,46,1624,,,,,,,,
ERRANT,errant_m_pron_per_100_words,no,0.0,0.0,46,1624,,,,,,,,
ERRANT,errant_m_punct_per_100_words,no,0.0,0.0,46,1624,,,,,,,,
ERRANT,errant_r_adv_per_100_words,no,0.0,0.0,46,1624,,,,,,,,
ERRANT,errant_r_contr_per_100_words,no,0.0,0.0,46,1624,,,,,,,,
ERRANT,errant_r_noun_num_per_100_words,no,0.0,0.0,46,1624,,,,,,,,
ERRANT,errant_r_prep_per_100_words,no,0.0,0.0,46,1624,,,,,,,,
ERRANT,errant_r_verb_form_per_100_words,no,0.0,0.0,46,1624,,,,,,,,
ERRANT,errant_r_verb_tense_per_100_words,no,0.0,0.0,46,1624,,,,,,,,
ERRANT,errant_u_det_per_100_words,no,0.0,0.0,46,1624,,,,,,,,
ERRANT,errant_u_noun_per_100_words,no,0.0,0.0,46,1624,,,,,,,,
ERRANT,errant_u_pron_per_100_words,no,0.0,0.0,46,1624,,,,,,,,
ERRANT,other_errors_per_100_words,no,0.0,0.0,46,1624,,,,,,,,
POLKE,polke_1010_per_100_words,no,0.0,0.0,550,1624,1010,"Can use 'one's' to indicate possession, referring to people in general.",C1,1,,,5.0,not_common
POLKE,polke_1015_per_100_words,no,0.0,0.0,550,1624,1015,Can use the future perfect with adverbs (in the normal mid-position).,C1,6,,,5.0,not_common
POLKE,polke_1020_per_100_words,no,0.0,0.0,550,1624,1020,Can use the present simple with 'by the time' to refer to the future.,C1,,,,5.0,not_observed
POLKE,polke_1040_per_100_words,no,0.0,0.0,550,1624,1040,Can use 'needn't have' + '-ed'.,C1,,,,5.0,not_observed
POLKE,polke_1045_per_100_words,no,0.0,0.0,550,1624,1045,Can use the negative form.,C1,,,,5.0,not_observed
POLKE,polke_104_per_100_words,no,0.0,0.0,550,1624,104,Can use 'there is' + singular noun phrase as complement.,A1,,,,5.0,not_observed
POLKE,polke_105_per_100_words,no,0.0,0.0,550,1624,105,Can use 'there are' + plural noun phrase as complement.,A1,,,,5.0,not_observed
POLKE,polke_1082_per_100_words,no,0.0,0.0,550,1624,1082,"Can use 'some of', 'many of' to modify relative pronouns in a relative clause.",C1,3,,,5.0,not_common
POLKE,polke_1097_per_100_words,no,0.0,0.0,550,1624,1097,Can introduce a conditional subordinate clause with 'should' + inverted subject.,C1,1,,,5.0,not_common
POLKE,polke_1105_per_100_words,no,0.0,0.0,550,1624,1105,"Can use 'not with indefinite pronouns 'everyone' and 'everything' and determiners 'every', 'all'.",C1,1,,,5.0,not_common
POLKE,polke_1115_per_100_words,no,0.0,0.0,550,1624,1115,Can use adjectives in 'as … as' and 'so … that' in comparative structures. ► comparative clauses,C2,7,,,5.0,not_common
POLKE,polke_111_per_100_words,no,0.0,0.0,550,1624,111,Can form comparative adjectives from adjectives of one syllable by adding '-er'.,A2,,,,5.0,not_observed
POLKE,polke_1128_per_100_words,no,0.0,0.0,550,1624,1128,Can use 'How' + adverb + clause.,C2,1,,,5.0,not_common
POLKE,polke_1137_per_100_words,no,0.0,0.0,550,1624,1137,"Can use an apostrophe after singular nouns ending in 's', to indicate possession.",C2,2,,,5.0,not_common
POLKE,polke_1146_per_100_words,no,0.0,0.0,550,1624,1146,Can use 'be' + 'going to' with a wide range of adverbs before the main verb.,C2,5,,,5.0,not_common
POLKE,polke_1147_per_100_words,no,0.0,0.0,550,1624,1147,Can use the present simple with 'only when' (followed by 'will' and inverted subject) to refer to the future.,C2,,,,5.0,not_observed
POLKE,polke_1152_per_100_words,no,0.0,0.0,550,1624,1152,Can use 'have to have' + '-ed'.,C2,,,,5.0,not_observed
POLKE,polke_1159_per_100_words,no,0.0,0.0,550,1624,1159,"Can use 'might as well', mostly to talk about or suggest what we think is the easiest or most logical course of action, often when we cannot see a better alternative. ► 'may'",C2,13,,,5.0,not_common
POLKE,polke_1160_per_100_words,no,0.0,0.0,550,1624,1160,Can use ellipted 'must have' + '-ed' without a subject. ► ellipsis,C2,5,,,5.0,not_common
POLKE,polke_1161_per_100_words,no,0.0,0.0,550,1624,1161,"Can invert 'must' and the subject after negative phrases, e.g. 'not only', 'never', 'nor', to change the focus and give prominence/emphasis.",C2,,,,5.0,not_observed
POLKE,polke_1162_per_100_words,no,0.0,0.0,550,1624,1162,Can use 'must not have been' (especially with 'easy').,C2,,,,5.0,not_observed
POLKE,polke_1163_per_100_words,no,0.0,0.0,550,1624,1163,Can use 'must' with a wide range of adverbs in the normal mid position after the modal verb. ► adverbs|,C2,1,,,5.0,not_common
POLKE,polke_1166_per_100_words,no,0.0,0.0,550,1624,1166,Can use 'oughtn't' (without 'to') + verb.,C2,,,,5.0,not_observed
POLKE,polke_1167_per_100_words,no,0.0,0.0,550,1624,1167,Can use the negative form 'ought not to'.,C2,,,,5.0,not_observed
POLKE,polke_1168_per_100_words,no,0.0,0.0,550,1624,1168,"Can use 'ought' + subject + 'not to' + verb to form (rhetorical) questions, often in formal contexts.",C2,,,,5.0,not_observed
POLKE,polke_1172_per_100_words,no,0.0,0.0,550,1624,1172,Can use negative form 'used not to',C2,,,,5.0,not_observed
POLKE,polke_1176_per_100_words,no,0.0,0.0,550,1624,1176,Can form complex noun phrases with 'little or no' + noun.,C2,,,,5.0,not_observed
POLKE,polke_1182_per_100_words,no,0.0,0.0,550,1624,1182,Can use the question form.,C2,,,,5.0,not_observed
POLKE,polke_1184_per_100_words,no,0.0,0.0,550,1624,1184,Can use 'had it not been for' and 'if it hadn't been for' with a modal form for giving reasons.,C2,,,,5.0,not_observed
POLKE,polke_1185_per_100_words,no,0.0,0.0,550,1624,1185,"Can invert the subject and affirmative auxiliary verb with 'hardly ... when' to talk about something that happened immediately before something else, in formal contexts.",C2,,,,5.0,not_observed
POLKE,polke_1191_per_100_words,no,0.0,0.0,550,1624,1191,"Can use the possessive pronoun 'hers' with singular reference, in subject position.",C2,1,,,5.0,not_common
POLKE,polke_1193_per_100_words,no,0.0,0.0,550,1624,1193,"Can use the possessive pronouns 'hers', 'theirs' and 'his' after noun + 'of'.",C2,4,,,5.0,not_common
POLKE,polke_1194_per_100_words,no,0.0,0.0,550,1624,1194,"Can use the possessive pronoun 'theirs', with singular and plural reference, in subject position.",C2,4,,,5.0,not_common
POLKE,polke_12_per_100_words,no,0.0,0.0,550,1624,12,Can use 'very' to modify time adverbs. ► adverb phrases,A1,1,,,5.0,not_common
POLKE,polke_130_per_100_words,no,0.0,0.0,550,1624,130,"Can use 'the' with a limited range of superlative adjectives without a following noun, when the noun is understood.",A2,,,,5.0,not_observed
POLKE,polke_153_per_100_words,no,0.0,0.0,550,1624,153,"Can use adverbs in mid position between the subject and the main verb and after modal verbs, auxiliary verbs and 'be'.",A2,,,,5.0,not_observed
POLKE,polke_173_per_100_words,no,0.0,0.0,550,1624,173,Can form negative interrogative clauses.,A2,,,,5.0,not_observed
POLKE,polke_175_per_100_words,no,0.0,0.0,550,1624,175,Can use 'What a pity' + ('that') clause.,A2,,,,5.0,not_observed
POLKE,polke_176_per_100_words,no,0.0,0.0,550,1624,176,Can use a non-defining relative clause with 'who' as the subject.,A2,,,,5.0,not_observed
POLKE,polke_177_per_100_words,no,0.0,0.0,550,1624,177,Can use a defining relative clause with 'who' as the subject.,A2,,,,5.0,not_observed
POLKE,polke_178_per_100_words,no,0.0,0.0,550,1624,178,"Can use a non-defining relative clause with 'which' as the subject,.",A2,,,,5.0,not_observed
POLKE,polke_179_per_100_words,no,0.0,0.0,550,1624,179,Can use a defining relative clause with 'which' as the subject.,A2,,,,5.0,not_observed
POLKE,polke_180_per_100_words,no,0.0,0.0,550,1624,180,Can use a defining relative clause with 'that' as the object.,A2,,,,5.0,not_observed
POLKE,polke_181_per_100_words,no,0.0,0.0,550,1624,181,Can use a non-defining relative clause with 'which' as the object.,A2,,,,5.0,not_observed
POLKE,polke_182_per_100_words,no,0.0,0.0,550,1624,182,Can use a defining relative clause with 'which' as the object.,A2,,,,5.0,not_observed
POLKE,polke_190_per_100_words,no,0.0,0.0,550,1624,190,Can use 'this' with uncountable nouns. ► noun phrases ►  pronouns: demonstrative,A2,1,,,5.0,not_common
POLKE,polke_214_per_100_words,no,0.0,0.0,550,1624,214,Can use the affirmative form 'shall' with 'I' and 'we'.,A2,1,,,5.0,not_common
POLKE,polke_223_per_100_words,no,0.0,0.0,550,1624,223,Can use the question form.,A2,1,,,5.0,not_common
POLKE,polke_245_per_100_words,no,0.0,0.0,550,1624,245,Can use the affirmative form.,A2,1,,,5.0,not_common
POLKE,polke_246_per_100_words,no,0.0,0.0,550,1624,246,Can use the question form.,A2,2,,,5.0,not_common
POLKE,polke_272_per_100_words,no,0.0,0.0,550,1624,272,Can form complex noun phrases by using a defining relative clause as a complement to a noun phrase. ► Clauses: relative,A2,,,,5.0,not_observed
POLKE,polke_284_per_100_words,no,0.0,0.0,550,1624,284,Can use the past simple passive affirmative after a singular subject.,A2,,,,5.0,not_observed
POLKE,polke_285_per_100_words,no,0.0,0.0,550,1624,285,Can use the present simple passive affirmative with a singular subject.,A2,,,,5.0,not_observed
POLKE,polke_305_per_100_words,no,0.0,0.0,550,1624,305,"Can end a 'wh-' question with a preposition, where the preposition is stranded from its complement.",A2,1,,,5.0,not_common
POLKE,polke_313_per_100_words,no,0.0,0.0,550,1624,313,"Can form indirect questions with 'Do you know' + 'how', 'where', 'why', or 'what' ...?'",A2,1,,,5.0,not_common
POLKE,polke_338_per_100_words,no,0.0,0.0,550,1624,338,Can use 'one' as a pronoun to substitute for singular countable nouns which have already been mentioned or are obvious from the context.,A2,,,,5.0,not_observed
POLKE,polke_353_per_100_words,no,0.0,0.0,550,1624,353,Can use 'wh-'words + auxiliary 'have' to form 'wh-'questions. ► present perfect  ►  past perfect,A2,1,,,5.0,not_common
POLKE,polke_377_per_100_words,no,0.0,0.0,550,1624,377,Can use both 'there is' and 'there are' + 'a lot of' + plural noun.,A2,,,,5.0,not_observed
POLKE,polke_385_per_100_words,no,0.0,0.0,550,1624,385,"Can report statements using a reporting clause with 'say' + 'that-'clause, with a pronoun shift where relevant.",A2,,,,5.0,not_observed
POLKE,polke_386_per_100_words,no,0.0,0.0,550,1624,386,"Can report statements using a reporting clause with 'tell' + direct object + 'that-'clause, with a pronoun shift where relevant.",A2,,,,5.0,not_observed
POLKE,polke_404_per_100_words,no,0.0,0.0,550,1624,404,"Can use 'and' to repeat a comparative adjective to indicate change over time, usually after 'become' or get. ► adjectives: comparatives",B1,1,,,5.0,not_common
POLKE,polke_412_per_100_words,no,0.0,0.0,550,1624,412,Can form adjective phrases with 'quite a' + adjective.,B1,2,,,5.0,not_common
POLKE,polke_445_per_100_words,no,0.0,0.0,550,1624,445,Can use verbs of the senses + 'as if' or 'as though' + finite clause.,B1,2,,,5.0,not_common
POLKE,polke_448_per_100_words,no,0.0,0.0,550,1624,448,"Can combine two main clauses of the same type using 'either' in front or mid position, followed by 'or' to introduce the second clause.",B1,2,,,5.0,not_common
POLKE,polke_456_per_100_words,no,0.0,0.0,550,1624,456,"FORM: 'WHICH', 'WHOSE'",B1,2,,,5.0,not_common
POLKE,polke_461_per_100_words,no,0.0,0.0,550,1624,461,Can use defining and non-defining relative clauses with 'whose name'.,B1,4,,,5.0,not_common
POLKE,polke_488_per_100_words,no,0.0,0.0,550,1624,488,Can use 'much' with uncountable nouns in interrogative contexts.,B1,,,,5.0,not_observed
POLKE,polke_510_per_100_words,no,0.0,0.0,550,1624,510,Can use the present simple with 'as soon as' to refer to the future.,B1,1,,,5.0,not_common
POLKE,polke_533_per_100_words,no,0.0,0.0,550,1624,533,Can use 'might have' + '-ed'.,B1,2,,,5.0,not_common
POLKE,polke_548_per_100_words,no,0.0,0.0,550,1624,548,Can use 'should' have + '-ed'.,B1,2,,,5.0,not_common
POLKE,polke_556_per_100_words,no,0.0,0.0,550,1624,556,Can use the negative forms 'didn't use to' and 'didn't used to'.,B1,7,,,5.0,not_common
POLKE,polke_582_per_100_words,no,0.0,0.0,550,1624,582,Can form complex noun phrases with noun phrase + 'of' + noun phrase + possessive determiner ''s' + noun phrase.,B1,6,,,5.0,not_common
POLKE,polke_596_per_100_words,no,0.0,0.0,550,1624,596,"Can use the past simple passive with a limited range of verbs needing two objects, putting the indirect object in subject position.",B1,,,,5.0,not_observed
POLKE,polke_601_per_100_words,no,0.0,0.0,550,1624,601,Can use the question form.,B1,4,,,5.0,not_common
POLKE,polke_605_per_100_words,no,0.0,0.0,550,1624,605,Can use the affirmative form.,B1,1,,,5.0,not_common
POLKE,polke_610_per_100_words,no,0.0,0.0,550,1624,610,Can use negative forms.,B1,4,,,5.0,not_common
POLKE,polke_628_per_100_words,no,0.0,0.0,550,1624,628,Can use the negative question form.,B1,5,,,5.0,not_common
POLKE,polke_645_per_100_words,no,0.0,0.0,550,1624,645,Can use the possessive pronoun 'yours' after noun + 'of'.,B1,1,,,5.0,not_common
POLKE,polke_646_per_100_words,no,0.0,0.0,550,1624,646,"Can use the possessive pronouns 'mine' and 'yours', with singular reference, in comparative clauses after '(not) as ... as'.",B1,7,,,5.0,not_common
POLKE,polke_657_per_100_words,no,0.0,0.0,550,1624,657,Can use 'those' as a pronoun with plural reference.  ►  noun phrases,B1,1,,,5.0,not_common
POLKE,polke_666_per_100_words,no,0.0,0.0,550,1624,666,Can use determiners + premodifers + 'ones'.,B1,2,,,5.0,not_common
POLKE,polke_678_per_100_words,no,0.0,0.0,550,1624,678,"Can use an increasing range of affirmative 'be', 'do' and 'have' tags with negative main clauses.",B1,1,,,5.0,not_common
POLKE,polke_680_per_100_words,no,0.0,0.0,550,1624,680,Can use an increasing range of affirmative tags with affirmative clauses.,B1,1,,,5.0,not_common
POLKE,polke_685_per_100_words,no,0.0,0.0,550,1624,685,Can use modal verbs + 'not' + subject + main verb to form 'yes/no' questions.,B1,1,,,5.0,not_common
POLKE,polke_707_per_100_words,no,0.0,0.0,550,1624,707,POLKE structure 707,B1,2,,,5.0,not_common
POLKE,polke_708_per_100_words,no,0.0,0.0,550,1624,708,POLKE structure 708,B1,2,,,5.0,not_common
POLKE,polke_710_per_100_words,no,0.0,0.0,550,1624,710,POLKE structure 710,B1,5,,,5.0,not_common
POLKE,polke_719_per_100_words,no,0.0,0.0,550,1624,719,"Can report questions using 'ask' + 'if' or 'whether' + clause, with a pronoun and tense shift where relevant.",B1,,,,5.0,not_observed
POLKE,polke_724_per_100_words,no,0.0,0.0,550,1624,724,Can report requests and commands with 'ask' or 'tell' + direct object and 'to-'infinitive.,B1,,,,5.0,not_observed
POLKE,polke_745_per_100_words,no,0.0,0.0,550,1624,745,"Can form adjective phrases with 'rather a' + adjective, often in formal contexts.",B2,7,,,5.0,not_common
POLKE,polke_757_per_100_words,no,0.0,0.0,550,1624,757,Can modify an adverb with a comparative structure.,B2,1,,,5.0,not_common
POLKE,polke_768_per_100_words,no,0.0,0.0,550,1624,768,"Can form negative interrogative clauses with an adverb in mid position, between the subject and the main verb.",B2,,,,5.0,not_observed
POLKE,polke_786_per_100_words,no,0.0,0.0,550,1624,786,"Can use modifier + 'little' + uncountable nouns and modifier + 'few' + countable nouns, to indicate a lack of something or not as much as expected of something.► adverbs",B2,1,,,5.0,not_common
POLKE,polke_787_per_100_words,no,0.0,0.0,550,1624,787,Can use 'yes/no' and 'wh-' question forms with 'will'.,B2,4,,,5.0,not_common
POLKE,polke_789_per_100_words,no,0.0,0.0,550,1624,789,Can use the present forms of 'be' + 'about to'.,B2,1,,,5.0,not_common
POLKE,polke_798_per_100_words,no,0.0,0.0,550,1624,798,FORM: NEGATIVE,B2,,,,5.0,not_observed
POLKE,polke_801_per_100_words,no,0.0,0.0,550,1624,801,Can use the negative form with 'will'.,B2,,,,5.0,not_observed
POLKE,polke_814_per_100_words,no,0.0,0.0,550,1624,814,Can use negative form dare not and daren't +  infinitive without to.,B2,6,,,5.0,not_common
POLKE,polke_838_per_100_words,no,0.0,0.0,550,1624,838,"Can use 'must' with an increasing range of adverbs (including 'all', 'never', 'strongly', 'first') in the normal mid position after the modal verb. ► adverbs",B2,1,,,5.0,not_common
POLKE,polke_862_per_100_words,no,0.0,0.0,550,1624,862,Can use the present perfect simple affirmative and negative forms with modal verbs to refer to the past.,B2,2,,,5.0,not_common
POLKE,polke_863_per_100_words,no,0.0,0.0,550,1624,863,Can use the past continuous passive affirmative.,B2,1,,,5.0,not_common
POLKE,polke_865_per_100_words,no,0.0,0.0,550,1624,865,Can use the past perfect passive negative form.,B2,5,,,5.0,not_common
POLKE,polke_868_per_100_words,no,0.0,0.0,550,1624,868,Can use the present continuous passive negative.,B2,10,,,5.0,not_common
POLKE,polke_876_per_100_words,no,0.0,0.0,550,1624,876,Can use a reflexive pronoun with the 'get'-passive.,B2,7,,,5.0,not_common
POLKE,polke_890_per_100_words,no,0.0,0.0,550,1624,890,Can leave out the subject before the past perfect simple where it is understood from the previous clause.,B2,1,,,5.0,not_common
POLKE,polke_900_per_100_words,no,0.0,0.0,550,1624,900,Can use a range of time adjuncts with the past simple.,B2,,,,5.0,not_observed
POLKE,polke_907_per_100_words,no,0.0,0.0,550,1624,907,Can use the question form with an increasing range of verbs.,B2,1,,,5.0,not_common
POLKE,polke_912_per_100_words,no,0.0,0.0,550,1624,912,"Can use the inverted form of the past simple with auxiliary 'do', in the phrase 'not only ... but also'.",B2,3,,,5.0,not_common
POLKE,polke_916_per_100_words,no,0.0,0.0,550,1624,916,Can use the possessive pronouns 'hers' and 'ours' in comparative clauses.,B2,4,,,5.0,not_common
POLKE,polke_920_per_100_words,no,0.0,0.0,550,1624,920,"Can use the possessive pronoun 'theirs', with singular and plural reference, in object positions, and complement positions after 'be' and after prepositions.",B2,1,,,5.0,not_common
POLKE,polke_923_per_100_words,no,0.0,0.0,550,1624,923,Can use plural reflexive pronouns after prepositions where the object of the preposition is the same as the subject of the verb.,B2,,,,5.0,not_observed
POLKE,polke_932_per_100_words,no,0.0,0.0,550,1624,932,Can use 'one' as a generic personal pronoun in the subject position to mean people in general. ► generic pronouns,B2,,,,5.0,not_observed
POLKE,polke_937_per_100_words,no,0.0,0.0,550,1624,937,"Can use 'these ones', 'those ones' as a substitute for plural countable nouns which have already been mentioned or are obvious from the context.",B2,2,,,5.0,not_common
POLKE,polke_954_per_100_words,no,0.0,0.0,550,1624,954,Can use an increasing range of verbs followed by an '-ing' form.,B2,,,,5.0,not_observed
POLKE,polke_964_per_100_words,no,0.0,0.0,550,1624,964,Can report speech and thought directly using the reporting verb in the mid position of the reported clause.,B2,6,,,5.0,not_common
POLKE,polke_966_per_100_words,no,0.0,0.0,550,1624,966,Can modify the reporting verb with an adverb.,B2,,,,5.0,not_observed
POLKE,polke_967_per_100_words,no,0.0,0.0,550,1624,967,Can report requests and commands with 'ask' or 'tell' + direct object + 'not' + 'to-'infinitive.,B2,4,,,5.0,not_common
POLKE,polke_976_per_100_words,no,0.0,0.0,550,1624,976,Can use negative forms 'neither of' and 'none of' + pronoun or noun phrase with the affirmative form of the verb.,B2,1,,,5.0,not_common
POLKE,polke_97_per_100_words,no,0.0,0.0,550,1624,97,Can use regular and irregular main verbs in simple verb phrases. ► present simple ► past simple,A1,,,,5.0,not_observed
POLKE,polke_990_per_100_words,no,0.0,0.0,550,1624,990,Can use an increasing range of degree adverbs to modify a range of adverb types. ► adjectives ► adverb phrases: form,C1,,,,5.0,not_observed
POLKE,polke_995_per_100_words,no,0.0,0.0,550,1624,995,Can use 'the best' as a superlative adverb + pronoun + ellipted 'can' or 'could'.,C1,6,,,5.0,not_common
TAASSC,ability_willingness_adj,no,0.0,0.0,137,1624,,,,,,,,
TAASSC,attitudinal_adj,no,0.0,0.0,137,1624,,,,,,,,
TAASSC,certainty_adj,no,0.0,0.0,137,1624,,,,,,,,
TAASSC,ease_difficulty_adj,no,0.0,0.0,137,1624,,,,,,,,
TAASSC,evaluative_adj,no,0.0,0.0,137,1624,,,,,,,,
TAASSC,intransitive_aspectual_phrasal_verb,no,0.0,0.0,137,1624,,,,,,,,
TAASSC,likelihood_adj,no,0.0,0.0,137,1624,,,,,,,,
TAASSC,modal_necessity,no,0.0,0.0,137,1624,,,,,,,,
TAASSC,modal_possibility,no,0.0,0.0,137,1624,,,,,,,,
TAASSC,modal_predictive,no,0.0,0.0,137,1624,,,,,,,,
TAASSC,personal_affect_adj,no,0.0,0.0,137,1624,,,,,,,,
TAASSC,that_noun_clause_attitudinal,no,0.0,0.0,137,1624,,,,,,,,
TAASSC,transitive_communication_phrasal_verb,no,0.0,0.0,137,1624,,,,,,,,
