feature,construct_id,cefr,super_category,sub_category,guideword,can_do_statement,source
polke_1_per_100_words,1,A1,ADJECTIVES,combining,FORM: COMBINING TWO ADJECTIVES WITH 'AND',Can use 'and' to join a limited range of common adjectives.,catalogue+ruta_rule
polke_2_per_100_words,2,A1,ADJECTIVES,modifying,FORM: WITH 'VERY',Can use 'very' with a limited range of common gradable adjectives.,catalogue+ruta_rule
polke_3_per_100_words,3,A1,ADJECTIVES,position,FORM: ATTRIBUTIVE (WITH NOUNS),"Can use a limited range of adjectives attributively, before a noun. ► noun phrases",catalogue+ruta_rule
polke_4_per_100_words,4,A1,ADJECTIVES,position,"FORM: PREDICATIVE, WITH 'BE'","Can use a limited range of adjectives predicatively, after 'be'.",catalogue+ruta_rule
polke_5_per_100_words,5,A1,ADJECTIVES,superlatives,FORM: 'MY BEST FRIEND',Can use the irregular superlative adjective 'best' in the phrase 'my best friend'.,catalogue+ruta_rule
polke_11_per_100_words,11,A1,ADVERBS,adverbs and adverb phrases: types and meanings,FORM: 'VERY' + ADJECTIVES,Can use 'very' to modify common gradable adjectives.,catalogue+ruta_rule
polke_12_per_100_words,12,A1,ADVERBS,adverbs and adverb phrases: types and meanings,FORM: 'VERY' + TIME ADVERBS,Can use 'very' to modify time adverbs. ► adverb phrases,catalogue+ruta_rule
polke_13_per_100_words,13,A1,ADVERBS,adverbs and adverb phrases: types and meanings,"FORM: DEGREE and TIME, MODIFYING VERBS",Can use degree and time adverbs to modify verbs.,catalogue+ruta_rule
polke_14_per_100_words,14,A1,ADVERBS,adverbs and adverb phrases: types and meanings,"FORM: PLACE, COMPLEMENT","Can use place adverbs ('here', 'there') as complements of verbs.",catalogue+ruta_rule
polke_15_per_100_words,15,A1,ADVERBS,position,"FORM: DEGREE, BEFORE ADJECTIVES",Can use a limited range of degree adverbs before an adjective.,catalogue+ruta_rule
polke_16_per_100_words,16,A1,ADVERBS,position,"FORM: FREQUENCY, MID POSITION","Can use frequency adverbs in the usual mid position, between the subject and the main verb.",catalogue+ruta_rule
polke_17_per_100_words,17,A1,ADVERBS,position,FORM: FRONT POSITION,Can use a limited range of adverbs in front position.,catalogue+ruta_rule
polke_18_per_100_words,18,A1,ADVERBS,position,"FORM: 'REALLY,'  MID POSITION","Can use 'really' in the usual mid-position, between the subject and the main verb.",catalogue+ruta_rule
polke_19_per_100_words,19,A1,ADVERBS,position,"FORM: TIME, END POSITION",Can use time adverbs in the usual end position.,catalogue+ruta_rule
polke_20_per_100_words,20,A1,ADVERBS,position,"FORM: PLACE, END POSITION",Can use place adverbs in the usual end position.,catalogue+ruta_rule
polke_21_per_100_words,21,A1,ADVERBS,adverb phrases - form,FORM: 'VERY' + ADVERB,Can modify adverbs of time and degree with 'very'.,catalogue+ruta_rule
polke_22_per_100_words,22,A1,CLAUSES,coordinated,FORM: MAIN CLAUSE + MAIN CLAUSE,"Can combine two main declarative clauses using co-ordinating conjunctions ('and', 'but', 'or').",catalogue+ruta_rule
polke_23_per_100_words,23,A1,CLAUSES,coordinated,"FORM: CLAUSE + CLAUSE, ELLIPTED SUBJECT",Can omit the subject in a second main declarative clause when the subject is obvious or the same as the first clause.,catalogue+ruta_rule
polke_24_per_100_words,24,A1,CLAUSES,declarative,FORM: AFFIRMATIVE DECLARATIVE,Can form simple affirmative declarative clauses.,catalogue+ruta_rule
polke_25_per_100_words,25,A1,CLAUSES,declarative,FORM: NEGATIVE DECLARATIVE WITH 'BE',Can form a simple negative declarative clause with lexical 'be' + 'not' or 'n't'.,catalogue+ruta_rule
polke_26_per_100_words,26,A1,CLAUSES,declarative,"FORM: NEGATIVE DECLARATIVE, LEXICAL VERBS",Can form simple negative declarative clauses.,catalogue+ruta_rule
polke_27_per_100_words,27,A1,CLAUSES,declarative,"FORM: AFFIRMATIVE DECLARATIVE, MODAL AUXILIARY VERBS",Can form an affirmative declarative clause with modal verbs.,catalogue+ruta_rule
polke_28_per_100_words,28,A1,CLAUSES,interrogatives,"FORM: AFFIRMATIVE INTERROGATIVE, WITH 'BE'",Can form interrogative clauses with 'be'.,catalogue+ruta_rule
polke_30_per_100_words,30,A1,CONJUNCTIONS,coordinating,FORM: WORD + WORD,"Can use single word conjunctions ('and, but, or') to connect single nouns and adjectives.",catalogue+ruta_rule
polke_31_per_100_words,31,A1,CONJUNCTIONS,coordinating,FORM: PHRASE + PHRASE,"Can use single word conjunctions ('and, but, or') to combine phrases.",catalogue+ruta_rule
polke_32_per_100_words,32,A1,CONJUNCTIONS,coordinating,FORM: CLAUSE + CLAUSE,"Can use single word conjunctions ('and, but, or') to combine clauses.",catalogue+ruta_rule
polke_33_per_100_words,33,A1,CONJUNCTIONS,coordinating,FORM: SENTENCE + SENTENCE,"Can use single word conjunctions ('and, but, or') to combine sentences.",catalogue+ruta_rule
polke_36_per_100_words,36,A1,CONJUNCTIONS,subordinating,FORM: 'BECAUSE',Can use 'because' as a subordinating conjunction to introduce a subordinate clause.,catalogue+ruta_rule
polke_37_per_100_words,37,A1,DETERMINERS,articles,FORM: WITH NOUNS,"Can use articles 'the', 'a' and 'an' before nouns. ► noun phrases",catalogue+ruta_rule
polke_38_per_100_words,38,A1,DETERMINERS,articles,FORM: 'A' + ADJECTIVES,Can use 'a' and 'an' before adjectives in a noun phrase. ► adjectives ►  noun phrases,catalogue+ruta_rule
polke_39_per_100_words,39,A1,DETERMINERS,articles,FORM: 'A' + 'VERY' + ADJECTIVES,Can use 'a' + 'very' + adjectives in basic noun phrases. ► adverbs ►  noun phrases,catalogue+ruta_rule
polke_40_per_100_words,40,A1,DETERMINERS,articles,FORM: PREPOSITION + 'THE' + NOUN,Can use 'the' in prepositional phrases relating to time.,catalogue+ruta_rule
polke_41_per_100_words,41,A1,DETERMINERS,articles,FORM: PREPOSITION + NO ARTICLE,Can use no article before a limited range of nouns in some fixed expressions with prepositions.,catalogue+ruta_rule
polke_43_per_100_words,43,A1,DETERMINERS,demonstratives,FORM: 'THIS' WITH SINGULAR NOUNS,Can use 'this' with singular nouns. ► noun phrases ►  pronouns: demonstrative,catalogue+ruta_rule
polke_46_per_100_words,46,A1,DETERMINERS,possessives,FORM: WITH NOUNS,"Can use possessive determiners 'my', 'your', 'his', 'her' and 'our' before nouns. ► noun phrases ► possessive pronouns",catalogue+ruta_rule
polke_47_per_100_words,47,A1,DETERMINERS,quantity,FORM: WITH PLURAL NOUNS,"Can use a limited range of quantifying determiners with plural nouns ('some', 'lots of', 'a lot of' and numbers).",catalogue+ruta_rule
polke_48_per_100_words,48,A1,DETERMINERS,quantity,FORM: WITH SINGULAR NOUNS,"Can use a limited range of quantifying determiners with singular nouns ('a', 'every').► determiners: articles",catalogue+ruta_rule
polke_49_per_100_words,49,A1,FUTURE,future with will and shall,FORM: AFFIRMATIVE 'WILL',Can use the affirmative forms 'will' and ''ll'.,catalogue+ruta_rule
polke_51_per_100_words,51,A1,MODALITY,can,FORM: AFFIRMATIVE,Can use the affirmative form.,catalogue+ruta_rule
polke_52_per_100_words,52,A1,MODALITY,can,FORM: NEGATIVE,Can use the negative forms.,catalogue+ruta_rule
polke_53_per_100_words,53,A1,MODALITY,can,FORM: QUESTION,Can use the affirmative question form.,catalogue+ruta_rule
polke_58_per_100_words,58,A1,MODALITY,will,FORM: AFFIRMATIVE,Can use the affirmative forms.,catalogue+ruta_rule
polke_60_per_100_words,60,A1,MODALITY,would,FORM: AFFIRMATIVE WITH 'LIKE',Can use the affirmative form with 'like'.,catalogue+ruta_rule
polke_63_per_100_words,63,A1,NOUNS,noun phrases,FORM: DETERMINER + NOUN,Can form simple noun phrases with a limited range of determiners + singular and plural nouns. ► Nouns and noun phrases: functions,catalogue+ruta_rule
polke_64_per_100_words,64,A1,NOUNS,noun phrases,FORM: DETERMINER + ADJECTIVE + NOUN,Can form simple noun phrases by pre-modifying singular and plural nouns with an adjective after a determiner.,catalogue+ruta_rule
polke_65_per_100_words,65,A1,NOUNS,noun phrases,FORM: ADJECTIVE + PLURAL NOUN,Can form simple noun phrases by pre-modifying plural nouns with an adjective and no determiner.,catalogue+ruta_rule
polke_66_per_100_words,66,A1,NOUNS,noun phrases,FORM: NOUN + NOUN,Can form noun phrases by pre-modifying a limited range of nouns with another noun.,catalogue+ruta_rule
polke_67_per_100_words,67,A1,NOUNS,types,FORM: COMMON NOUNS,Can use a limited range of common nouns.,catalogue+ruta_rule
polke_68_per_100_words,68,A1,NOUNS,types,FORM: PROPER NOUNS,"Can use proper nouns with a capital letter to refer to specific people, places, days and things.",catalogue+ruta_rule
polke_69_per_100_words,69,A1,NOUNS,types,FORM: COMPOUND NOUNS,"Can use a range of compound nouns, as one-word, two-word and hyphenated compounds, formed from verb + noun, noun + noun and adjective + noun combinations.",catalogue+ruta_rule
polke_70_per_100_words,70,A1,NOUNS,plural,FORM: PLURAL '-S',Can form plurals by adding '-s' to common countable nouns.,catalogue+ruta_rule
polke_71_per_100_words,71,A1,NOUNS,noun phrases - grammatical functions,FORM: AS SUBJECTS,Can use nouns and noun phrases as subjects of the clause.,catalogue+ruta_rule
polke_72_per_100_words,72,A1,NOUNS,noun phrases - grammatical functions,FORM: AS OBJECTS,Can use nouns and noun phrases as objects of the clause.,catalogue+ruta_rule
polke_73_per_100_words,73,A1,NOUNS,noun phrases - grammatical functions,FORM: AS COMPLEMENT OF PREPOSITIONS,Can use nouns and noun phrases as complements of prepositions in prepositional phrases.,catalogue+ruta_rule
polke_74_per_100_words,74,A1,NOUNS,noun phrases - grammatical functions,FORM: AS COMPLEMENT OF 'BE',Can use nouns and noun phrases as complements of the verb 'be'.,catalogue+ruta_rule
polke_75_per_100_words,75,A1,NOUNS,noun phrases - grammatical functions,FORM: AS ADJUNCTS,Can use nouns and noun phrases as adjuncts in some time expressions.,catalogue+ruta_rule
polke_76_per_100_words,76,A1,PAST,past simple,FORM: AFFIRMATIVE,Can use the affirmative form with a limited range of regular and irregular verbs.,catalogue+ruta_rule
polke_78_per_100_words,78,A1,PREPOSITIONS,prepositions,FORM: SIMPLE,Can use a limited range of simple (single-word) prepositions.,catalogue+ruta_rule
polke_79_per_100_words,79,A1,PREPOSITIONS,prepositions,FORM: PREPOSITION + NOUN PHRASE,Can form prepositional phrases with a preposition and a noun phrase.,catalogue+ruta_rule
polke_80_per_100_words,80,A1,PRESENT,present continuous,FORM: AFFIRMATIVE,Can use the affirmative form.,catalogue+ruta_rule
polke_82_per_100_words,82,A1,PRESENT,present simple,FORM: AFFIRMATIVE,Can use the affirmative form with a limited range of regular and irregular verbs.,catalogue+ruta_rule
polke_83_per_100_words,83,A1,PRESENT,present simple,FORM: NEGATIVE,Can use the negative form with a limited range of regular and irregular verbs.,catalogue+ruta_rule
polke_84_per_100_words,84,A1,PRESENT,present simple,FORM: WITH 'REALLY',Can use the present simple with the adverb 'really' as an intensifier. ► adverbs,catalogue+ruta_rule
polke_86_per_100_words,86,A1,PRONOUNS,subject/ object,FORM: (OBJECT) 'IT',Can use the pronoun 'it' as a direct object to refer to an object or situation already referred to.,catalogue+ruta_rule
polke_87_per_100_words,87,A1,PRONOUNS,subject/ object,"FORM: (OBJECT) 'ME', 'YOU', 'HER', 'HIM', 'US', 'THEM'","Can use the pronouns 'me', 'you', 'him', 'her', 'us' and 'them' in the direct object position after a transitive verb.",catalogue+ruta_rule
polke_88_per_100_words,88,A1,PRONOUNS,subject/ object,FORM: (OBJECT) WITH PREPOSITION,"Can use the object pronouns 'me', 'you', 'him', 'her', 'it', 'us' and 'them' in the object position after prepositions.",catalogue+ruta_rule
polke_89_per_100_words,89,A1,PRONOUNS,subject/ object,FORM: (SUBJECT) 'IT' FOR FIRST PERSON,Can use the pronoun 'it' before 'be' to refer to a first person speaker or writer.,catalogue+ruta_rule
polke_90_per_100_words,90,A1,PRONOUNS,subject/ object,FORM: (SUBJECT) QUESTIONS,"Can use the pronouns 'I', 'you', 'we' and 'they' after an auxiliary or modal verb in question forms.",catalogue+ruta_rule
polke_91_per_100_words,91,A1,PRONOUNS,subject/ object,FORM: (SUBJECT) QUESTIONS WITH 'BE',Can use the pronouns 'you' and 'it' after 'be' in question forms.,catalogue+ruta_rule
polke_92_per_100_words,92,A1,PRONOUNS,subject/ object,FORM: (SUBJECT) STATEMENTS,"Can use the pronouns 'I', 'you', 'he', 'she', 'it', 'we' and 'they' in the subject position before a verb in statements.",catalogue+ruta_rule
polke_93_per_100_words,93,A1,PRONOUNS,"indefinite - thing, -one, -body etc",FORM: OBJECT,Can use a limited range of indefinite pronouns as objects.,catalogue+ruta_rule
polke_94_per_100_words,94,A1,PRONOUNS,"indefinite - thing, -one, -body etc","FORM: 'EVERYTHING', SUBJECT","Can use 'everything' as subject, with a singular verb.",catalogue+ruta_rule
polke_95_per_100_words,95,A1,QUESTIONS,yes/no,FORM: MODAL VERBS,Can use a limited range of modal verbs + subject + main verb to form 'yes/no' questions.  ► can,catalogue+ruta_rule
polke_96_per_100_words,96,A1,VERBS,prepositional,FORM: VERB + PREPOSITION + OBJECT,Can use a limited range of prepositional verbs followed by noun or pronoun objects.,catalogue+ruta_rule
polke_97_per_100_words,97,A1,VERBS,types,FORM: MAIN VERBS,Can use regular and irregular main verbs in simple verb phrases. ► present simple ► past simple,catalogue+ruta_rule
polke_98_per_100_words,98,A1,VERBS,types,"FORM: LINKING VERB, 'BE'",Can use linking verb 'be'.,catalogue+ruta_rule
polke_99_per_100_words,99,A1,VERBS,types,FORM: AUXILIARY VERB 'BE',Can use auxiliary verb 'be'. ►  present continuous,catalogue+ruta_rule
polke_100_per_100_words,100,A1,VERBS,types,FORM: MODAL AUXILIARY VERBS,"Can use a limited range of modal auxiliary verbs ('can', 'will', 'would').",catalogue+ruta_rule
polke_101_per_100_words,101,A1,VERBS,patterns_with to and -ing,FORM: VERB + 'TO'-INFINITIVE,Can use a limited range of verbs followed by a 'to'- infinitive.,catalogue+ruta_rule
polke_102_per_100_words,102,A1,VERBS,patterns_with to and -ing,FORM: 'LIKE' + 'TO'-INFINITIVE OR + '-ING',"Can use 'like' followed either by a 'to'-infinitive or an '-ing' form, with no change in meaning.",catalogue+ruta_rule
polke_103_per_100_words,103,A1,VERBS,patterns_with to and -ing,FORM: 'WOULD LIKE TO',Can use 'would like to' + infinitive.,catalogue+ruta_rule
polke_104_per_100_words,104,A1,VERBS,there is/are,FORM: 'THERE IS',Can use 'there is' + singular noun phrase as complement.,catalogue+ruta_rule
polke_105_per_100_words,105,A1,VERBS,there is/are,FORM: 'THERE ARE',Can use 'there are' + plural noun phrase as complement.,catalogue+ruta_rule
polke_106_per_100_words,106,A1,VERBS,linking,FORM: 'BE' + COMPLEMENT,Can use linking verb 'be' with complements.,catalogue+ruta_rule
polke_107_per_100_words,107,A1,NEGATION,negation,FORM: MAIN VERB 'BE',"Can form negative statements of main verb 'be', with contracted and uncontracted forms.",catalogue+ruta_rule
polke_108_per_100_words,108,A1,NEGATION,negation,"FORM: AUXILIARY VERB 'DO', PRESENT",Can form negative statements of main verbs in the present simple with 'don't' + main verb. ► present simple ► can,catalogue+ruta_rule
polke_109_per_100_words,109,A1,NEGATION,negation,FORM: MODAL VERB 'CAN',Can use negative form 'can't'.,catalogue+ruta_rule
polke_110_per_100_words,110,A2,ADJECTIVES,combining,FORM: COMBINING TWO ADJECTIVES WITH 'BUT',"Can use 'but' to join a limited range of common adjectives, after 'be'.",catalogue+ruta_rule
polke_111_per_100_words,111,A2,ADJECTIVES,comparatives,FORM: + -ER,Can form comparative adjectives from adjectives of one syllable by adding '-er'.,catalogue
polke_112_per_100_words,112,A2,ADJECTIVES,comparatives,FORM: + -IER,Can form comparative adjectives with adjectives of two syllables ending in '-y' by changing the 'y' to an 'I' and adding '-er'.,catalogue+ruta_rule
polke_113_per_100_words,113,A2,ADJECTIVES,comparatives,FORM: BEFORE NOUNS,"Can use comparative adjectives attributively, before nouns.",catalogue+ruta_rule
polke_114_per_100_words,114,A2,ADJECTIVES,comparatives,FORM: COMPLEMENT OF 'BE',Can use comparative adjectives as a complement of 'be'.,catalogue+ruta_rule
polke_115_per_100_words,115,A2,ADJECTIVES,comparatives,FORM: DOUBLE CONSONANT + '-ER',"Can form comparative adjectives with adjectives of one syllable with a short vowel, by doubling the final consonant and adding '-er'",catalogue+ruta_rule
polke_116_per_100_words,116,A2,ADJECTIVES,comparatives,FORM: ENDING IN '-E' + '-R',"Can form comparative adjectives with adjectives of one syllable ending in 'e', by adding '-r'.",catalogue+ruta_rule
polke_117_per_100_words,117,A2,ADJECTIVES,comparatives,FORM: IRREGULAR,Can form irregular comparative adjectives.,catalogue+ruta_rule
polke_118_per_100_words,118,A2,ADJECTIVES,comparatives,FORM: WITH 'MORE',Can form a range of comparative adjective phrases using 'more' + longer adjectives (usually three or more syllables).,catalogue+ruta_rule
polke_119_per_100_words,119,A2,ADJECTIVES,comparatives,FORM: WITH 'THAN',Can use a comparative adjective with 'than' to compare two nouns or noun phrases.► comparative clauses,catalogue+ruta_rule
polke_120_per_100_words,120,A2,ADJECTIVES,modifying,FORM: WITH DEGREE ADVERBS,"Can use adverbs of degree ('really', 'so', 'quite') with an increasing range of common gradable adjectives.",catalogue+ruta_rule
polke_121_per_100_words,121,A2,ADJECTIVES,modifying,FORM: WITH PREPOSITIONAL PHRASE,Can form adjective phrases with a very limited range of adjectives + a prepositional phrase.,catalogue+ruta_rule
polke_122_per_100_words,122,A2,ADJECTIVES,modifying,FORM: WITH 'TOO',Can use 'too' with common gradable adjectives.,catalogue+ruta_rule
polke_123_per_100_words,123,A2,ADJECTIVES,modifying,FORM: WITH 'TOO' + PREPOSITIONAL PHRASE,Can use 'too' + adjective + prepositional phrase,catalogue+ruta_rule
polke_125_per_100_words,125,A2,ADJECTIVES,position,"FORM: PREDICATIVE, WITH 'BE'","Can use an increasing range of adjectives predicatively, after 'be'.",catalogue+ruta_rule
polke_126_per_100_words,126,A2,ADJECTIVES,position,"FORM: PREDICATIVE, WITH LINKING VERBS","Can use a limited range of adjectives predicatively, after linking verbs 'look' and 'feel'.",catalogue+ruta_rule
polke_130_per_100_words,130,A2,ADJECTIVES,superlatives,"FORM: ELLIPSIS, WITH 'THE'","Can use 'the' with a limited range of superlative adjectives without a following noun, when the noun is understood.",catalogue+ruta_rule
polke_131_per_100_words,131,A2,ADJECTIVES,superlatives,FORM: WITH '-EST',"Can form superlative adjectives with adjectives of one syllable with a short vowel, by doubling the final consonant and adding '–est'.",catalogue+ruta_rule
polke_132_per_100_words,132,A2,ADJECTIVES,superlatives,FORM: WITH '-EST',"Can form superlative adjectives by adding the suffix '-est', to adjectives of one syllable.",catalogue+ruta_rule
polke_133_per_100_words,133,A2,ADJECTIVES,superlatives,FORM: WITH '-EST',"Can form superlative adjectives using the '-est' suffix, with adjectives of one syllable, and with two-syllable adjectives ending in -y.",catalogue+ruta_rule
polke_134_per_100_words,134,A2,ADJECTIVES,superlatives,FORM: WITH 'MY' OR 'YOUR',"Can form a noun phrase with 'my' or 'your' + superlative adjective + noun, with a limited range of nouns and contexts. ► noun phrases",catalogue+ruta_rule
polke_135_per_100_words,135,A2,ADJECTIVES,superlatives,FORM: WITH '-ST',Can form superlative adjectives using the suffix '-st' to adjectives ending in '–e'.,catalogue+ruta_rule
polke_136_per_100_words,136,A2,ADJECTIVES,superlatives,FORM: WITH 'THE',Can form a noun phrase with 'the' + superlative adjective + noun. ► noun phrases,catalogue+ruta_rule
polke_137_per_100_words,137,A2,ADJECTIVES,superlatives,FORM: WITH 'THE MOST',"Can form superlative adjective phrases using 'the most', with longer adjectives of two or more syllables.",catalogue+ruta_rule
polke_148_per_100_words,148,A2,ADVERBS,adverbs and adverb phrases: types and meanings,"FORM: DEGREE, MODIFYING ADJECTIVES",Can use a range of degree adverbs to modify common gradable adjectives.,catalogue+ruta_rule
polke_149_per_100_words,149,A2,ADVERBS,adverbs and adverb phrases: types and meanings,"FORM: MANNER, MODIFYING VERBS",Can use a limited range of manner adverbs to modify verbs.,catalogue+ruta_rule
polke_150_per_100_words,150,A2,ADVERBS,adverbs and adverb phrases: types and meanings,"FORM: TIME and SEQUENCING, MODIFYING CLAUSES",Can use time and sequencing adverbs to modify clauses and sentences.,catalogue+ruta_rule
polke_151_per_100_words,151,A2,ADVERBS,position,"FORM: DEGREE, BEFORE ADJECTIVES",Can use an increasing range of degree adverbs before an adjective.,catalogue+ruta_rule
polke_152_per_100_words,152,A2,ADVERBS,position,FORM: FRONT POSITION,Can use an increasing range of adverbs in front position.,catalogue+ruta_rule
polke_153_per_100_words,153,A2,ADVERBS,position,FORM: MID POSITION,"Can use adverbs in mid position between the subject and the main verb and after modal verbs, auxiliary verbs and 'be'.",catalogue+ruta_rule
polke_154_per_100_words,154,A2,ADVERBS,position,"FORM: END POSITION, MANNER",Can use manner adverbs in the usual end position.,catalogue+ruta_rule
polke_155_per_100_words,155,A2,ADVERBS,position,"FORM: DEGREE, END POSITION",Can use degree adverbs in end position.,catalogue+ruta_rule
polke_156_per_100_words,156,A2,ADVERBS,position,"FORM: SENTENCE ADVERB,  FRONT POSITION","Can use evaluative, viewpoint and sequencing adverbs outside the clause, in front position, as a cohesive device to link to a previous statement in a preceding clause.",catalogue+ruta_rule
polke_157_per_100_words,157,A2,ADVERBS,adverb phrases - form,FORM: ADVERB + ADVERB,"Can modify a limited range of adverbs of time, degree, and manner with other adverbs.",catalogue+ruta_rule
polke_158_per_100_words,158,A2,CLAUSES,comparatives,FORM: 'BE LIKE' + NOUN OR PRONOUN,Can use 'be' + 'like' + noun or pronoun.,catalogue+ruta_rule
polke_160_per_100_words,160,A2,CLAUSES,declarative,FORM: NEGATIVE DECLARATIVE WITH 'HAVE',Can form a simple negative declarative clause with auxiliary 'have' + 'not' or 'n't' and 'have' + 'not' or 'n't (got)',catalogue+ruta_rule
polke_161_per_100_words,161,A2,CLAUSES,declarative,"FORM: NEGATIVE DECLARATIVE, MODAL AUXILIARY VERBS",Can form a simple negative declarative clause with modal verb + 'not' or 'n't'.,catalogue+ruta_rule
polke_162_per_100_words,162,A2,CLAUSES,imperatives,FORM: AFFIRMATIVE,Can form an affirmative imperative with the base form of a main verb.,catalogue+ruta_rule
polke_168_per_100_words,168,A2,CLAUSES,interrogatives,"FORM: AFFIRMATIVE INTERROGATIVE, WITH AUXILIARY 'BE/HAVE'",Can form interrogative clauses ('yes/no' forms) with auxiliary 'be' and 'have'.,catalogue+ruta_rule
polke_169_per_100_words,169,A2,CLAUSES,interrogatives,FORM: AFFIRMATIVE INTERROGATIVE,Can form interrogative clauses ('yes/no' forms) of main lexical verbs with auxiliary 'do'.,catalogue+ruta_rule
polke_170_per_100_words,170,A2,CLAUSES,interrogatives,"FORM: AFFIRMATIVE INTERROGATIVE, WITH MODAL AUXILIARY VERBS",Can form interrogative clauses ('yes/no' forms) with modal auxiliary verbs.,catalogue+ruta_rule
polke_171_per_100_words,171,A2,CLAUSES,interrogatives,FORM: AFFIRMATIVE 'WH-' INTERROGATIVE,Can form 'wh-' interrogative clauses with a 'wh-' word as object.,catalogue+ruta_rule
polke_172_per_100_words,172,A2,CLAUSES,interrogatives,FORM: NEGATIVE 'WH-' INTERROGATIVE,Can form negative 'wh-' interrogative clauses.,catalogue+ruta_rule
polke_173_per_100_words,173,A2,CLAUSES,interrogatives,FORM: NEGATIVE INTERROGATIVE,Can form negative interrogative clauses.,catalogue+ruta_rule
polke_174_per_100_words,174,A2,CLAUSES,phrases/exclamations,FORM: 'WHAT A …!',Can use 'What a' + noun phrase and 'What a' + noun phrase + clause.,catalogue+ruta_rule
polke_175_per_100_words,175,A2,CLAUSES,phrases/exclamations,FORM: 'WHAT A PITY' + ('THAT') CLAUSE,Can use 'What a pity' + ('that') clause.,catalogue+ruta_rule
polke_176_per_100_words,176,A2,CLAUSES,relative,"FORM: NON-DEFINING, SUBJECT, WITH 'WHO'",Can use a non-defining relative clause with 'who' as the subject.,catalogue+ruta_rule
polke_177_per_100_words,177,A2,CLAUSES,relative,"FORM: DEFINING, SUBJECT, WITH 'WHO'",Can use a defining relative clause with 'who' as the subject.,catalogue+ruta_rule
polke_178_per_100_words,178,A2,CLAUSES,relative,"FORM: NON-DEFINING, SUBJECT, WITH 'WHICH'","Can use a non-defining relative clause with 'which' as the subject,.",catalogue
polke_179_per_100_words,179,A2,CLAUSES,relative,"FORM: DEFINING, SUBJECT, WITH 'WHICH'",Can use a defining relative clause with 'which' as the subject.,catalogue+ruta_rule
polke_180_per_100_words,180,A2,CLAUSES,relative,"FORM: DEFINING, OBJECT, WITH 'THAT'",Can use a defining relative clause with 'that' as the object.,catalogue+ruta_rule
polke_181_per_100_words,181,A2,CLAUSES,relative,"FORM: NON-DEFINING, OBJECT, WITH 'WHICH'",Can use a non-defining relative clause with 'which' as the object.,catalogue+ruta_rule
polke_182_per_100_words,182,A2,CLAUSES,relative,"FORM: DEFINING, OBJECT, WITH 'WHICH'",Can use a defining relative clause with 'which' as the object.,catalogue+ruta_rule
polke_183_per_100_words,183,A2,CLAUSES,relative,"FORM: DEFINING, WITHOUT PRONOUN","Can use a defining relative clause, without a relative pronoun.",catalogue+ruta_rule
polke_187_per_100_words,187,A2,CONJUNCTIONS,subordinating,FORM: SIMPLE,"Can use a limited range of simple subordinating conjunctions '(if, when, so, while)' to introduce a subordinate clause.",catalogue+ruta_rule
polke_189_per_100_words,189,A2,DETERMINERS,articles,FORM: 'THE' + SUPERLATIVES,Can form a noun phrase with 'the' + superlative adjectives + noun.,catalogue+ruta_rule
polke_190_per_100_words,190,A2,DETERMINERS,demonstratives,FORM: 'THIS' WITH UNCOUNTABLE NOUNS,Can use 'this' with uncountable nouns. ► noun phrases ►  pronouns: demonstrative,catalogue+ruta_rule
polke_194_per_100_words,194,A2,DETERMINERS,demonstratives,FORM: 'THAT',Can use 'that' with singular nouns. ► noun phrases ►  pronouns: demonstrative,catalogue+ruta_rule
polke_197_per_100_words,197,A2,DETERMINERS,demonstratives,FORM: 'THESE',Can use 'these' with plural nouns. ► noun phrases ►  pronouns: demonstrative,catalogue+ruta_rule
polke_200_per_100_words,200,A2,DETERMINERS,demonstratives,FORM: 'THOSE',Can use 'those' with plural nouns. ► noun phrases ►  pronouns: demonstrative,catalogue+ruta_rule
polke_203_per_100_words,203,A2,DETERMINERS,possessives,FORM: SINGULAR NOUN +''S',Can use ''s' after singular or proper nouns to indicate possession.,catalogue+ruta_rule
polke_204_per_100_words,204,A2,DETERMINERS,possessives,FORM: WITH QUANTIFYING DETERMINERS + 'OF',Can use quantifying determiners + possessive determiners + 'of' + noun. ► noun phrases,catalogue+ruta_rule
polke_205_per_100_words,205,A2,DETERMINERS,quantity,FORM: WITH PLURAL NOUNS,"Can use an increasing range of quantifying determiners with plural nouns ('all', 'both', 'a few').",catalogue+ruta_rule
polke_206_per_100_words,206,A2,DETERMINERS,quantity,FORM: WITH PLURAL AND UNCOUNTABLE NOUNS,"Can use a range of quantifying determiners ('some', 'any', 'no', 'more', 'a lot of') with both plural nouns and uncountable nouns.",catalogue+ruta_rule
polke_207_per_100_words,207,A2,DETERMINERS,quantity,FORM: WITH SINGULAR NOUNS,"Can use an increasing range of quantifying determiners with singular nouns ('each', 'an', 'one' and numbers).",catalogue+ruta_rule
polke_208_per_100_words,208,A2,DETERMINERS,quantity,"FORM: 'MUCH' WITH UNCOUNTABLE NOUNS, NEGATIVE",Can use 'much' with uncountable nouns in negative contexts.,catalogue+ruta_rule
polke_209_per_100_words,209,A2,DETERMINERS,quantity,"FORM: 'MANY' WITH PLURAL NOUNS, NEGATIVE",Can use 'many' with plural nouns in negative contexts.,catalogue+ruta_rule
polke_210_per_100_words,210,A2,DETERMINERS,quantity,FORM: 'SO MANY' WITH PLURAL NOUNS,Can use 'so many' and 'too many' with plural nouns.,catalogue+ruta_rule
polke_211_per_100_words,211,A2,DETERMINERS,quantity,FORM: DETERMINER + 'OF' + DETERMINER,"Can use a range of quantifying determiners + 'of' + determiner ('all of', 'some of', 'both of', 'many of', 'any of', number + 'of', 'each of'). ► pronouns: quantity",catalogue+ruta_rule
polke_212_per_100_words,212,A2,FUTURE,future continuous,FORM: AFFIRMATIVE WITH 'WILL',Can use the affirmative form with 'will'.,catalogue+ruta_rule
polke_214_per_100_words,214,A2,FUTURE,future with will and shall,FORM: AFFIRMATIVE 'SHALL',Can use the affirmative form 'shall' with 'I' and 'we'.,catalogue+ruta_rule
polke_215_per_100_words,215,A2,FUTURE,future with will and shall,FORM: NEGATIVE 'WILL',Can use the negative forms 'will not' and 'won't'.,catalogue+ruta_rule
polke_216_per_100_words,216,A2,FUTURE,future with will and shall,FORM: QUESTIONS,Can use the question forms of 'will' and 'shall'.,catalogue+ruta_rule
polke_222_per_100_words,222,A2,FUTURE,future with be going to,FORM: AFFIRMATIVE,Can use the affirmative form.,catalogue+ruta_rule
polke_223_per_100_words,223,A2,FUTURE,future with be going to,FORM: QUESTIONS,Can use the question form.,catalogue+ruta_rule
polke_228_per_100_words,228,A2,FUTURE,present simple for future use,FORM: WITH 'WHEN',Can use the present simple with 'when' to refer to the future.,catalogue+ruta_rule
polke_231_per_100_words,231,A2,MODALITY,adjectives,FORM: 'BE' + 'SURE' + CLAUSE,Can use 'I' + 'be' + 'sure' + clause.,catalogue+ruta_rule
polke_234_per_100_words,234,A2,MODALITY,have (got) to,FORM: AFFIRMATIVE,Can use the affirmative forms.,catalogue+ruta_rule
polke_235_per_100_words,235,A2,MODALITY,have (got) to,FORM: NEGATIVE,Can use the negative forms.,catalogue+ruta_rule
polke_236_per_100_words,236,A2,MODALITY,have (got) to,FORM: QUESTIONS,Can use the question forms.,catalogue+ruta_rule
polke_238_per_100_words,238,A2,MODALITY,may,FORM: AFFIRMATIVE,Can use the affirmative form.,catalogue+ruta_rule
polke_240_per_100_words,240,A2,MODALITY,might,FORM: AFFIRMATIVE,Can use the affirmative form.,catalogue+ruta_rule
polke_242_per_100_words,242,A2,MODALITY,must,FORM: AFFIRMATIVE,Can use the affirmative form.,catalogue+ruta_rule
polke_243_per_100_words,243,A2,MODALITY,must,FORM: NEGATIVE,Can use the negative forms.,catalogue+ruta_rule
polke_245_per_100_words,245,A2,MODALITY,shall,FORM: AFFIRMATIVE,Can use the affirmative form.,catalogue+ruta_rule
polke_246_per_100_words,246,A2,MODALITY,shall,FORM: QUESTIONS,Can use the question form.,catalogue+ruta_rule
polke_249_per_100_words,249,A2,MODALITY,should,FORM: AFFIRMATIVE,Can use the affirmative form.,catalogue+ruta_rule
polke_250_per_100_words,250,A2,MODALITY,should,FORM: NEGATIVE,Can use the negative form.,catalogue+ruta_rule
polke_251_per_100_words,251,A2,MODALITY,should,FORM: QUESTIONS,Can use the question form.,catalogue+ruta_rule
polke_255_per_100_words,255,A2,MODALITY,will,FORM: NEGATIVE,Can use the negative forms.,catalogue+ruta_rule
polke_256_per_100_words,256,A2,MODALITY,will,FORM: QUESTIONS,Can use the question form.,catalogue+ruta_rule
polke_260_per_100_words,260,A2,MODALITY,would,FORM: AFFIRMATIVE,Can use the affirmative form.,catalogue+ruta_rule
polke_261_per_100_words,261,A2,MODALITY,would,FORM: NEGATIVE,Can use the negative forms.,catalogue+ruta_rule
polke_262_per_100_words,262,A2,MODALITY,would,FORM: QUESTIONS WITH 'LIKE',Can use the question form 'would you like'.,catalogue+ruta_rule
polke_267_per_100_words,267,A2,MODALITY,adverbs,FORM: CLAUSE POSITION,"Can use adverbs of certainty and possibility ('maybe', 'perhaps'), before a clause or ellipted clause. ► adverbs: position",catalogue+ruta_rule
polke_268_per_100_words,268,A2,NOUNS,noun phrases,FORM: DETERMINER + UNCOUNTABLE NOUN,Can form simple noun phrases with a limited range of determiners + uncountable nouns.,catalogue+ruta_rule
polke_269_per_100_words,269,A2,NOUNS,noun phrases,FORM: DETERMINER + NOUN,Can form simple noun phrases by pre-modifying nouns with an increasing range of determiners.,catalogue+ruta_rule
polke_270_per_100_words,270,A2,NOUNS,noun phrases,FORM: NOUN PHRASES WITH ADJECTIVES,Can pre-modify noun phrases with a limited range of more than one adjective.,catalogue+ruta_rule
polke_271_per_100_words,271,A2,NOUNS,noun phrases,FORM: WITH RELATIVE CLAUSE AS POSTMODIFIER,Can post-modify noun phrases by using a non-defining relative clause. ► Clauses: relative,catalogue+ruta_rule
polke_272_per_100_words,272,A2,NOUNS,noun phrases,FORM: WITH RELATIVE CLAUSE AS COMPLEMENT,Can form complex noun phrases by using a defining relative clause as a complement to a noun phrase. ► Clauses: relative,catalogue
polke_273_per_100_words,273,A2,NOUNS,noun phrases,FORM: POSSESSION WITH ''S' + NOUN,Can use possessive determiner ''s' with a singular noun.,catalogue+ruta_rule
polke_274_per_100_words,274,A2,NOUNS,types,"FORM: '-ING' FORMS, OBJECT","Can use the '-ing' forms of verbs as nouns, in object position, to refer to activities.",catalogue+ruta_rule
polke_275_per_100_words,275,A2,NOUNS,plural,FORM: PLURAL '-ES',"Can form plurals by adding '-es' to countable nouns ending in '-o', '-ch', '-s', '-sh', '-x' or '-z'.",catalogue+ruta_rule
polke_276_per_100_words,276,A2,NOUNS,plural,FORM: PLURAL '-IES',"Can form plurals of countable nouns ending in a consonant plus '-y', by changing the 'y' to 'I' and adding '-es'.",catalogue+ruta_rule
polke_277_per_100_words,277,A2,NOUNS,plural,FORM: IRREGULAR PLURAL NOUNS,Can form some irregular plural nouns.,catalogue+ruta_rule
polke_278_per_100_words,278,A2,NOUNS,plural,FORM: NOUNS ONLY USED IN THE PLURAL,"Can use nouns that only have a plural form, with plural agreement.",catalogue+ruta_rule
polke_279_per_100_words,279,A2,NOUNS,uncountable,FORM: UNCOUNTABLE NOUNS,Can use a limited range of uncountable nouns.,catalogue+ruta_rule
polke_280_per_100_words,280,A2,NOUNS,uncountable,FORM: WITH 'THE',Can use uncountable nouns with 'the' to talk about something specific.,catalogue+ruta_rule
polke_281_per_100_words,281,A2,NOUNS,uncountable,"FORM: WITH DETERMINERS, QUANTITY","Can use uncountable nouns with a limited range of quantity words and phrases including 'some', 'any', 'a lot of', 'more'. ► Determiners: quantity",catalogue+ruta_rule
polke_282_per_100_words,282,A2,NOUNS,uncountable,"FORM: CONTAINERS, QUANTITY EXPRESSIONS",Can refer to an individual example or quantity of an uncountable noun using words for containers and countable items.,catalogue+ruta_rule
polke_284_per_100_words,284,A2,PASSIVES,passives: form,"FORM: PAST SIMPLE, AFFIRMATIVE",Can use the past simple passive affirmative after a singular subject.,catalogue+ruta_rule
polke_285_per_100_words,285,A2,PASSIVES,passives: form,"FORM: PRESENT SIMPLE, AFFIRMATIVE",Can use the present simple passive affirmative with a singular subject.,catalogue+ruta_rule
polke_286_per_100_words,286,A2,PAST,past continuous,FORM: AFFIRMATIVE,Can use the affirmative form.,catalogue+ruta_rule
polke_287_per_100_words,287,A2,PAST,past continuous,FORM: WITH ADVERBS,Can use the past continuous with a limited range of adverbs in the normal mid position.,catalogue+ruta_rule
polke_290_per_100_words,290,A2,PAST,past simple,FORM: AFFIRMATIVE,Can use the affirmative form with an increasing range of verbs.,catalogue+ruta_rule
polke_291_per_100_words,291,A2,PAST,past simple,FORM: NEGATIVE,Can use the negative form with a limited range of regular and irregular verbs.,catalogue+ruta_rule
polke_292_per_100_words,292,A2,PAST,past simple,FORM: QUESTIONS,Can use 'yes/no' and 'wh-' question forms with 'you' with a limited range of verbs.,catalogue+ruta_rule
polke_293_per_100_words,293,A2,PAST,past simple,FORM: WITH 'WHEN',Can use 'when' + past simple in subordinate clauses.,catalogue+ruta_rule
polke_296_per_100_words,296,A2,PAST,present perfect simple,FORM: AFFIRMATIVE,"Can use the affirmative form 'have' + '-ed' with pronouns 'I' and 'we', and with a limited range of verbs.",catalogue+ruta_rule
polke_297_per_100_words,297,A2,PAST,present perfect simple,FORM: NEGATIVE,Can use the negative form 'haven't' + '-ed' with 'I' with a limited range of verbs.,catalogue+ruta_rule
polke_298_per_100_words,298,A2,PAST,present perfect simple,FORM: QUESTIONS,Can use the question form 'have you' + '-ed' with with a limited range of verbs.,catalogue+ruta_rule
polke_299_per_100_words,299,A2,PAST,present perfect simple,FORM: WITH ADVERBS,Can use the present perfect simple with a limited range of adverbs in the normal mid position.,catalogue+ruta_rule
polke_301_per_100_words,301,A2,PREPOSITIONS,prepositions,FORM: SIMPLE,Can use an increasing range of simple (single-word) prepositions.,catalogue+ruta_rule
polke_302_per_100_words,302,A2,PREPOSITIONS,prepositions,FORM: COMPLEX,Can use a limited range of complex prepositions.,catalogue+ruta_rule
polke_303_per_100_words,303,A2,PREPOSITIONS,prepositions,FORM: 'JUST' + PREPOSITION,Can use 'just' to modify prepositions.,catalogue+ruta_rule
polke_304_per_100_words,304,A2,PREPOSITIONS,prepositions,FORM: + '-ING',Can form prepositional phrases using the '-ing' form of verbs as complements.,catalogue+ruta_rule
polke_305_per_100_words,305,A2,PREPOSITIONS,prepositions,FORM: STRANDING,"Can end a 'wh-' question with a preposition, where the preposition is stranded from its complement.",catalogue+ruta_rule
polke_306_per_100_words,306,A2,PRESENT,present continuous,FORM: NEGATIVE,Can use the negative form.,catalogue+ruta_rule
polke_307_per_100_words,307,A2,PRESENT,present continuous,FORM: QUESTIONS,"Can use 'wh-' questions, especially in the context of letters and emails.",catalogue+ruta_rule
polke_312_per_100_words,312,A2,PRESENT,present simple,FORM: AFFIRMATIVE,Can use the affirmative form with an increasing range of regular and irregular verbs.,catalogue+ruta_rule
polke_313_per_100_words,313,A2,PRESENT,present simple,FORM: INDIRECT QUESTIONS,"Can form indirect questions with 'Do you know' + 'how', 'where', 'why', or 'what' ...?'",catalogue+ruta_rule
polke_314_per_100_words,314,A2,PRESENT,present simple,FORM: NEGATIVE,Can use the negative form with an increasing range of regular and irregular verbs.,catalogue+ruta_rule
polke_315_per_100_words,315,A2,PRESENT,present simple,FORM: QUESTIONS,Can use 'yes/no' and 'wh-' question forms with 'you'.,catalogue+ruta_rule
polke_316_per_100_words,316,A2,PRESENT,present simple,FORM: WITH ADVERBS OF INDEFINITE FREQUENCY,Can use the present simple with adverbs of indefinite frequency.    ► adverbs,catalogue+ruta_rule
polke_320_per_100_words,320,A2,PRONOUNS,possessive,FORM: + 'OF MINE',Can use the possessive pronoun 'mine' after 'of' in the phrases 'a friend of mine' and 'friends of mine'.,catalogue+ruta_rule
polke_321_per_100_words,321,A2,PRONOUNS,possessive,FORM: 'MINE',"Can use the possessive pronoun 'mine', with singular and plural reference, in subject and object positions, and complement positions after 'be' and after prepositions.",catalogue+ruta_rule
polke_322_per_100_words,322,A2,PRONOUNS,possessive,FORM: 'YOURS' AS OBJECT,"Can use the possessive pronoun 'yours', with singular reference, in object positions, and complement positions after 'be' and after prepositions.",catalogue+ruta_rule
polke_323_per_100_words,323,A2,PRONOUNS,reflexive,FORM: SAME SUBJECT AND OBJECT.,"Can use a limited range of singular reflexive pronouns ('myself', 'yourself') with a limited range of verbs ('enjoy', 'buy') to refer to actions where the subject and object of the verb are the same.",catalogue+ruta_rule
polke_324_per_100_words,324,A2,PRONOUNS,subject/ object,FORM: (SUBJECT) ELLIPSIS AFTER 'HOPE',Can leave out the subject pronoun with 'hope'. ► ellipsis,catalogue+ruta_rule
polke_325_per_100_words,325,A2,PRONOUNS,subject/ object,FORM: (SUBJECT) EMPTY 'IT',"Can use 'it' as an empty subject when there is nothing else to put in subject position, particularly with weather or time.",catalogue+ruta_rule
polke_326_per_100_words,326,A2,PRONOUNS,demonstratives,FORM: 'THIS',Can use 'this' as a pronoun with singular reference.,catalogue+ruta_rule
polke_330_per_100_words,330,A2,PRONOUNS,demonstratives,FORM: 'THAT',Can use 'that' as a pronoun with singular reference.,catalogue+ruta_rule
polke_334_per_100_words,334,A2,PRONOUNS,quantity,FORM: 'SOME' AND 'ANY',"Can use pronouns 'some' and 'any', to refer to quantity.",catalogue+ruta_rule
polke_335_per_100_words,335,A2,PRONOUNS,quantity,FORM: 'SOME' AS SUBJECT AND OBJECT,Can use 'some' as a subject and object to refer back to a plural or uncountable noun.,catalogue+ruta_rule
polke_336_per_100_words,336,A2,PRONOUNS,quantity,FORM: 'ANY' AS OBJECT,Can use 'any' as an object in a negative clause to refer back to a plural or uncountable noun.,catalogue+ruta_rule
polke_337_per_100_words,337,A2,PRONOUNS,quantity,FORM: WITH 'OF' + OBJECT PRONOUN,"Can use a limited range of pronouns ('all', 'both') with 'of' followed by an object pronoun, to refer to quantity.",catalogue+ruta_rule
polke_338_per_100_words,338,A2,PRONOUNS,"substitution, one, ones, none",FORM: 'ONE',Can use 'one' as a pronoun to substitute for singular countable nouns which have already been mentioned or are obvious from the context.,catalogue
polke_339_per_100_words,339,A2,PRONOUNS,"substitution, one, ones, none",FORM: PRE-MODIFYING,Can use determiners + premodifers + 'one'.,catalogue+ruta_rule
polke_341_per_100_words,341,A2,PRONOUNS,"indefinite - thing, -one, -body etc",FORM: OBJECT OR COMPLEMENT,Can use an increasing range of indefinite pronouns as objects or complements of prepositions.,catalogue+ruta_rule
polke_342_per_100_words,342,A2,PRONOUNS,"indefinite - thing, -one, -body etc",FORM: SUBJECT,"Can use a limited range of indefinite pronouns ('someone', 'everyone') as subjects, with a singular verb.",catalogue+ruta_rule
polke_343_per_100_words,343,A2,PRONOUNS,"indefinite - thing, -one, -body etc",FORM: NEGATIVE + 'ANYTHING',Can use 'anything' after a negative verb form.,catalogue+ruta_rule
polke_346_per_100_words,346,A2,PRONOUNS,"indefinite - thing, -one, -body etc",FORM: WITH 'ELSE',Can use indefinite pronouns with 'else'.,catalogue+ruta_rule
polke_349_per_100_words,349,A2,QUESTIONS,alternatives,FORM: WORD + WORD,Can form alternative questions with two words from the same class combined with 'or'.,catalogue+ruta_rule
polke_350_per_100_words,350,A2,QUESTIONS,tags,FORM: QUESTION TAGS,Can use a limited range of question tags.,catalogue+ruta_rule
polke_351_per_100_words,351,A2,QUESTIONS,wh-,FORM: MAIN VERB 'BE',Can use 'wh-'words + main verb 'be' + subject to form 'wh-' questions.,catalogue+ruta_rule
polke_352_per_100_words,352,A2,QUESTIONS,wh-,FORM: WITH AUXILIARY 'DO',Can use 'wh-'words + auxiliary 'do' + subject + main verb to form 'wh-'questions. ► present simple;  ► past simple,catalogue+ruta_rule
polke_353_per_100_words,353,A2,QUESTIONS,wh-,FORM: WITH AUXILIARY 'HAVE',Can use 'wh-'words + auxiliary 'have' to form 'wh-'questions. ► present perfect  ►  past perfect,catalogue+ruta_rule
polke_354_per_100_words,354,A2,QUESTIONS,wh-,FORM: WITH AUXILIARY 'BE',Can use 'wh-'words + auxiliary 'be' to form 'wh-'questions. ► present continuous ► past continuous,catalogue+ruta_rule
polke_355_per_100_words,355,A2,QUESTIONS,wh-,FORM: MODAL VERBS,Can use 'wh-'words + modal verbs + subject + main verb to form 'wh-'questions.,catalogue+ruta_rule
polke_357_per_100_words,357,A2,QUESTIONS,yes/no,FORM: MAIN VERB 'BE',Can use main verb 'be' + subject to form 'yes/no' questions.,catalogue+ruta_rule
polke_358_per_100_words,358,A2,QUESTIONS,yes/no,FORM: MODAL VERBS,Can use an increasing range of modal verbs + subject + main verb to form 'yes/no' questions.,catalogue+ruta_rule
polke_359_per_100_words,359,A2,QUESTIONS,yes/no,FORM: LEXICAL VERBS WITH 'DO',Can use auxiliary 'do' + subject + main verb to form 'yes/no' questions.,catalogue+ruta_rule
polke_360_per_100_words,360,A2,QUESTIONS,yes/no,FORM: AUXILIARY 'BE',Can use auxiliary 'be' + subject + the '-ing' form (continuous form) to form 'yes/no' questions.,catalogue+ruta_rule
polke_361_per_100_words,361,A2,QUESTIONS,yes/no,FORM: AUXILIARY 'HAVE',Can use auxiliary 'have' + subject + the '-ed' form to form 'yes/no' questions.  ►  present perfect,catalogue+ruta_rule
polke_363_per_100_words,363,A2,VERBS,patterns_that clauses,FORM: REPORTING VERBS + DIRECT OBJECT 'THAT'-CLAUSE,"Can use a limited range of verbs, typically reporting, with a 'that'-clause as the direct object.",catalogue+ruta_rule
polke_364_per_100_words,364,A2,VERBS,patterns_that clauses,FORM: VERBS + DIRECT OBJECT CLAUSE WITHOUT 'THAT',"Can use reporting verbs, especially mental process verbs, with a clause as the direct object, without 'that', especially in informal contexts.",catalogue+ruta_rule
polke_365_per_100_words,365,A2,VERBS,patterns_that clauses,FORM: VERBS + INDIRECT OBJECT CLAUSE,"Can use verbs, typically reporting verbs, followed by a noun or pronoun as the indirect object and a clause with or without 'that', as the direct object.",catalogue+ruta_rule
polke_366_per_100_words,366,A2,VERBS,phrasal,FORM: NO OBJECT,Can use a limited range of phrasal verbs without an object.,catalogue+ruta_rule
polke_367_per_100_words,367,A2,VERBS,phrasal,FORM: VERB + PRONOUN + PARTICLE,Can use a limited range of phrasal verbs + object pronoun + particle.,catalogue+ruta_rule
polke_368_per_100_words,368,A2,VERBS,types,FORM: AUXILIARY VERBS 'HAVE' AND 'DO',Can use auxiliary verbs 'have' and 'do'.,catalogue+ruta_rule
polke_369_per_100_words,369,A2,VERBS,types,FORM: LINKING VERBS + ADJECTIVE,Can use linking verbs with adjective complements.,catalogue+ruta_rule
polke_370_per_100_words,370,A2,VERBS,types,FORM: MODAL AUXILIARY VERBS,Can use an increasing range of modal auxiliary verbs.,catalogue+ruta_rule
polke_371_per_100_words,371,A2,VERBS,types,"FORM: SEMI-MODAL AUXILIARY VERBS, 'HAVE (GOT) TO'",Can use semi-modal auxiliary verb 'have (got) to'.,catalogue+ruta_rule
polke_372_per_100_words,372,A2,VERBS,patterns_with to and -ing,FORM: VERB + 'TO'- INFINITIVE,Can use an increasing range of verbs followed by a 'to'-infinitive.,catalogue+ruta_rule
polke_373_per_100_words,373,A2,VERBS,patterns_with to and -ing,FORM: VERBS + 'TO'-INFINITIVE OR + '-ING',"Can use verbs expressing preference followed either by a 'to'-infinitive or an '-ing' form, with no change in meaning.",catalogue+ruta_rule
polke_375_per_100_words,375,A2,VERBS,patterns_with to and -ing,FORM: 'ENJOY' + '-ING',Can use 'enjoy' followed by the '-ing' form.,catalogue+ruta_rule
polke_376_per_100_words,376,A2,VERBS,there is/are,FORM: 'THERE IS' + UNCOUNTABLE,Can use 'there is' + uncountable nouns as complement.,catalogue+ruta_rule
polke_377_per_100_words,377,A2,VERBS,there is/are,FORM: 'THERE IS/ARE' + A LOT OF,Can use both 'there is' and 'there are' + 'a lot of' + plural noun.,catalogue+ruta_rule
polke_378_per_100_words,378,A2,VERBS,linking,FORM: LINKING + COMPLEMENT,Can use an increasing range of linking verbs with complements.,catalogue+ruta_rule
polke_379_per_100_words,379,A2,CLAUSES,conditional,FORM: 'IF' + PRESENT SIMPLE,Can form conditional subordinate clause with 'if' + present simple.,catalogue+ruta_rule
polke_380_per_100_words,380,A2,CLAUSES,conditional,FORM: PRESENT SIMPLE 'IF' CLAUSE + IMPERATIVE,"Can use 'if' + present simple, with an imperative in the main clause.",catalogue+ruta_rule
polke_385_per_100_words,385,A2,REPORTED SPEECH,reported speech,"FORM: REPORTED STATEMENTS WITH 'SAY', PRONOUN SHIFT","Can report statements using a reporting clause with 'say' + 'that-'clause, with a pronoun shift where relevant.",catalogue+ruta_rule
polke_386_per_100_words,386,A2,REPORTED SPEECH,reported speech,"FORM: REPORTED STATEMENTS WITH 'TELL', PRONOUN SHIFT","Can report statements using a reporting clause with 'tell' + direct object + 'that-'clause, with a pronoun shift where relevant.",catalogue+ruta_rule
polke_388_per_100_words,388,A2,NEGATION,negation,"FORM: AUXILIARY VERBS 'BE', 'HAVE', PRESENT",Can form negative statements of main verbs in the present continuous and present perfect with 'be' and 'have' + 'not/n't'.  ► present continuous ► present perfect,catalogue+ruta_rule
polke_389_per_100_words,389,A2,NEGATION,negation,"FORM: AUXILIARY VERB 'DO', PAST",Can form negative statements of main verbs in the past simple with 'didn't' + main verb. ► past simple,catalogue+ruta_rule
polke_390_per_100_words,390,A2,NEGATION,negation,"FORM: 'DO', IMPERATIVES",Can form negative imperatives of main verbs with 'don't' + main verb. ► Clauses: imperatives,catalogue+ruta_rule
polke_391_per_100_words,391,A2,NEGATION,negation,FORM: MODAL VERBS,Can use negative forms of modal verbs. ► modal verbs,catalogue+ruta_rule
polke_392_per_100_words,392,A2,NEGATION,negation,FORM: PRONOUNS,Can use a limited range of determiners as pronouns and indefinite pronouns in negative contexts.  ► Pronouns: quantity,catalogue+ruta_rule
polke_393_per_100_words,393,A2,NEGATION,negation,FORM: DETERMINERS 'NO',Can use determiner 'no' with nouns.  ► Determiners: quantity,catalogue+ruta_rule
polke_394_per_100_words,394,A2,NEGATION,negation,"FORM: DETERMINERS 'ANY', 'MUCH', 'MANY'","Can use determiners 'any', 'much' and 'many' with nouns in negative contexts. ► Determiners: quantity",catalogue+ruta_rule
polke_395_per_100_words,395,A2,MODALITY,could,FORM: AFFIRMATIVE,Can use the affirmative form.,catalogue+ruta_rule
polke_396_per_100_words,396,A2,MODALITY,could,FORM: NEGATIVE,Can use the negative form.,catalogue+ruta_rule
polke_397_per_100_words,397,A2,MODALITY,could,FORM: QUESTIONS,Can use the question form.,catalogue+ruta_rule
polke_401_per_100_words,401,B1,ADJECTIVES,combining,FORM: BEFORE THE NOUN,"Can use a comma to combine two adjectives used before the noun, following the usual order of adjective types.",catalogue+ruta_rule
polke_402_per_100_words,402,B1,ADJECTIVES,combining,FORM: COMBINING COMPARATIVE ADJECTIVES WITH 'AND',Can use 'and' to join a limited range of comparative adjectives.► adjectives: comparatives,catalogue+ruta_rule
polke_403_per_100_words,403,B1,ADJECTIVES,combining,FORM: COMBINING MORE THAN TWO ADJECTIVES,"Can use commas and 'and' to join more than two adjectives, after 'be'.",catalogue+ruta_rule
polke_404_per_100_words,404,B1,ADJECTIVES,combining,FORM: COMBINING THE SAME COMPARATIVE ADJECTIVE WITH 'AND',"Can use 'and' to repeat a comparative adjective to indicate change over time, usually after 'become' or get. ► adjectives: comparatives",catalogue+ruta_rule
polke_405_per_100_words,405,B1,ADJECTIVES,combining,FORM: COMPOUND ADJECTIVES,"Can use a limited range of compound adjectives ('good-looking', 'well-known')",catalogue+ruta_rule
polke_410_per_100_words,410,B1,ADJECTIVES,modifying,FORM: ADJECTIVE PHRASE + NOUN,"Can use adjective phrases attributively, before a noun.",catalogue+ruta_rule
polke_411_per_100_words,411,B1,ADJECTIVES,modifying,FORM: WITH 'ENOUGH',Can use 'enough' to modify adjectives.,catalogue+ruta_rule
polke_412_per_100_words,412,B1,ADJECTIVES,modifying,FORM: WITH 'QUITE A',Can form adjective phrases with 'quite a' + adjective.,catalogue+ruta_rule
polke_413_per_100_words,413,B1,ADJECTIVES,modifying,FORM: WITH 'TOO' + 'TO'-INFINITIVE,Can use 'too' before adjectives followed by 'to'-infinitive.,catalogue+ruta_rule
polke_414_per_100_words,414,B1,ADJECTIVES,position,FORM: ADJECTIVES WITH PREFIX 'A-',"Can use adjectives with the prefix a- ('asleep', 'awake', 'alive', 'alone') predicatively only, after linking verbs.",catalogue+ruta_rule
polke_415_per_100_words,415,B1,ADJECTIVES,position,FORM: ATTRIBUTIVE (WITH NOUNS),"Can use an increasing range of adjectives attributively, before a noun.
► noun phrases",catalogue+ruta_rule
polke_416_per_100_words,416,B1,ADJECTIVES,position,FORM: WITH 'MAKE' AS OBJECT COMPLEMENT,Can use adjectives as object complement after 'make'.,catalogue+ruta_rule
polke_417_per_100_words,417,B1,ADJECTIVES,position,FORM: WITH PRONOUN,"Can use an adjective or adjective phrase after pronouns like 'something', 'nothing', 'somewhere', 'nowhere'.",catalogue+ruta_rule
polke_420_per_100_words,420,B1,ADJECTIVES,superlatives,FORM: 'ONE OF THE',"Can use 'one of the' before a superlative adjective, followed by a plural noun. ► noun phrases",catalogue+ruta_rule
polke_421_per_100_words,421,B1,ADJECTIVES,superlatives,FORM: 'THE BEST' WITH NOUN AND  'TO-' INFINITIVE,Can use 'the best' before a noun + 'to'-infinitive.  ► clauses: comparative,catalogue+ruta_rule
polke_422_per_100_words,422,B1,ADJECTIVES,superlatives,FORM: WITH DETERMINERS,Can form noun phrases with a range of determiners before a superlative adjective. ► noun phrases,catalogue+ruta_rule
polke_433_per_100_words,433,B1,ADVERBS,adverbs and adverb phrases: types and meanings,"FORM: DEGREE, MODIFYING ADVERBS",Can use a limited range of degree adverbs to modify adverbs. ► adverb phrases: form,catalogue+ruta_rule
polke_434_per_100_words,434,B1,ADVERBS,adverbs and adverb phrases: types and meanings,"FORM: MANNER, MODIFYING VERBS",Can use an increasing range of manner adverbs to modify verbs.,catalogue+ruta_rule
polke_436_per_100_words,436,B1,ADVERBS,adverb phrases - form,FORM: ADVERB + ADVERB,Can modify an increasing range of adverbs with other adverbs.► adverbs and adverb phrases: types and meanings,catalogue+ruta_rule
polke_437_per_100_words,437,B1,CLAUSES,comparatives,FORM: FINITE AFTER 'THAN',Can use 'than' + a finite clause forming the second part of a comparison after a comparative adjective,catalogue+ruta_rule
polke_442_per_100_words,442,B1,CLAUSES,comparatives,FORM: 'TOO' + 'TO'-INFINITIVE,Can use 'too' + adjective + 'to'-infinitive.,catalogue+ruta_rule
polke_443_per_100_words,443,B1,CLAUSES,comparatives,FORM: 'THE SAME' (+ NOUN) + 'AS' + PRONOUN OR NOUN,Can use 'the same' (+ noun) + 'as' + pronoun or noun.,catalogue+ruta_rule
polke_444_per_100_words,444,B1,CLAUSES,comparatives,FORM: 'SO' + ADJECTIVE + 'THAT' CLAUSE,Can use 'so' + adjective + 'that' clause.,catalogue+ruta_rule
polke_445_per_100_words,445,B1,CLAUSES,comparatives,FORM: SENSE VERBS + 'AS IF' OR 'AS THOUGH' + FINITE CLAUSE,Can use verbs of the senses + 'as if' or 'as though' + finite clause.,catalogue+ruta_rule
polke_446_per_100_words,446,B1,CLAUSES,comparatives,FORM: LINKING VERB + 'LIKE' OR 'SIMILAR TO',Can use linking verbs + 'like' or 'similar to'.,catalogue+ruta_rule
polke_448_per_100_words,448,B1,CLAUSES,coordinated,FORM: 'EITHER … OR',"Can combine two main clauses of the same type using 'either' in front or mid position, followed by 'or' to introduce the second clause.",catalogue+ruta_rule
polke_449_per_100_words,449,B1,CLAUSES,coordinated,FORM: COMBINING CLAUSES OF THE SAME TYPE,"Can combine clauses of the same type, main or subordinate, finite or non-finite, with conjunctions.",catalogue+ruta_rule
polke_454_per_100_words,454,B1,CLAUSES,interrogatives,"FORM: 'WH-' INTERROGATIVE, SUBJECT","Can form questions with a 'wh-' word as subject, without an auxiliary verb.",catalogue+ruta_rule
polke_455_per_100_words,455,B1,CLAUSES,interrogatives,FORM: INTERROGATIVE + ADVERB,"Can form interrogative clauses with an adverb in mid position, between the subject and the main verb.",catalogue+ruta_rule
polke_456_per_100_words,456,B1,CLAUSES,interrogatives,"FORM: 'WHICH', 'WHOSE'",,catalogue+ruta_rule
polke_457_per_100_words,457,B1,CLAUSES,phrases/exclamations,FORM: 'HOW' + ADJECTIVE,Can use 'How' + adjective.,catalogue+ruta_rule
polke_458_per_100_words,458,B1,CLAUSES,phrases/exclamations,FORM: 'HOW' + ADJECTIVE + CLAUSE,Can use 'How' + adjective + clause.,catalogue+ruta_rule
polke_459_per_100_words,459,B1,CLAUSES,relative,"FORM: NON-DEFINING, OBJECT, WITH 'WHO'",Can use a non-defining relative clause with 'who' as the object.,catalogue+ruta_rule
polke_460_per_100_words,460,B1,CLAUSES,relative,"FORM: DEFINING, OBJECT, WITH 'WHO/THAT'",Can use a defining relative clause with 'who' or 'that' as the object.,catalogue+ruta_rule
polke_461_per_100_words,461,B1,CLAUSES,relative,FORM: WITH 'WHOSE NAME',Can use defining and non-defining relative clauses with 'whose name'.,catalogue+ruta_rule
polke_462_per_100_words,462,B1,CLAUSES,relative,"FORM: WITH 'WHERE', PLACE",Can use defining relative clauses with 'where' to define nouns referring to place.,catalogue+ruta_rule
polke_470_per_100_words,470,B1,CONJUNCTIONS,coordinating,FORM: COMPLEX ADDING,"Can use a range of conjunctions ('and, but, or, so, then') to combine more complex strings of clauses and sentences.",catalogue+ruta_rule
polke_471_per_100_words,471,B1,CONJUNCTIONS,coordinating,FORM: 'PLUS' WITH NOUNS,"Can use 'plus' as coordinating conjunction, often in relation to numbers.",catalogue+ruta_rule
polke_473_per_100_words,473,B1,CONJUNCTIONS,coordinating,FORM: 'EITHER … OR',"Can use 'either … or' to connect two words, phrases or clauses.",catalogue+ruta_rule
polke_475_per_100_words,475,B1,CONJUNCTIONS,subordinating,FORM: SIMPLE,"Can use an increasing range of simple subordinating conjunctions ('as, after, before since, until, although, whether, so (that), though') to introduce a subordinate clause.",catalogue+ruta_rule
polke_476_per_100_words,476,B1,DETERMINERS,articles,FORM: 'ANOTHER',Can use 'another' with singular nouns. ► pronouns ► determiners,catalogue+ruta_rule
polke_477_per_100_words,477,B1,DETERMINERS,articles,FORM: PREPOSITION + NO ARTICLE,Can use no article before an increasing range of nouns in some fixed expressions with prepositions.,catalogue+ruta_rule
polke_483_per_100_words,483,B1,DETERMINERS,possessives,FORM: 'THEIR',Can use possessive determiner 'their'. ► noun phrases ► possessive pronouns,catalogue+ruta_rule
polke_484_per_100_words,484,B1,DETERMINERS,possessives,FORM: IRREGULAR PLURAL NOUN + ''S',Can use ''s' after irregular plural nouns to indicate possession.,catalogue+ruta_rule
polke_485_per_100_words,485,B1,DETERMINERS,quantity,FORM: WITH PLURAL NOUNS,"Can use a wide range of quantifying determiners with plural nouns ('several', 'millions of', 'a few of').",catalogue+ruta_rule
polke_487_per_100_words,487,B1,DETERMINERS,quantity,FORM: WITH PLURAL AND UNCOUNTABLE NOUNS,"Can use an increasing range of quantifying determiners with both plural nouns and uncountable nouns ('most', 'enough', 'plenty of', 'loads of').",catalogue+ruta_rule
polke_488_per_100_words,488,B1,DETERMINERS,quantity,"FORM: 'MUCH' WITH UNCOUNTABLE NOUNS, INTERROGATIVE",Can use 'much' with uncountable nouns in interrogative contexts.,catalogue+ruta_rule
polke_489_per_100_words,489,B1,DETERMINERS,quantity,"FORM: 'SO MUCH', 'TOO MUCH' WITH UNCOUNTABLE NOUNS",Can use 'so much' and 'too much' with uncountable nouns.,catalogue+ruta_rule
polke_490_per_100_words,490,B1,DETERMINERS,quantity,"FORM: 'MANY' WITH PLURAL NOUNS, INTERROGATIVE",Can use 'many' with plural nouns in interrogative contexts.,catalogue+ruta_rule
polke_491_per_100_words,491,B1,DETERMINERS,quantity,FORM: DETERMINER + 'OF' + DETERMINER,"Can use an increasing range of quantifying determiners + 'of' + determiner ('half of', 'enough of', 'none of',).► pronouns",catalogue+ruta_rule
polke_492_per_100_words,492,B1,DETERMINERS,quantity,FORM: MODIFYING,Can modify determiners with adverbs. ► adverbs,catalogue+ruta_rule
polke_493_per_100_words,493,B1,FUTURE,future continuous,FORM: AFFIRMATIVE,Can use the affirmative form with 'will' and 'shall'.,catalogue+ruta_rule
polke_494_per_100_words,494,B1,FUTURE,future continuous,FORM: NEGATIVE WITH 'WILL',Can use the negative form with 'will' ('won’t').,catalogue+ruta_rule
polke_500_per_100_words,500,B1,FUTURE,future with be going to,FORM: NEGATIVE,Can use the negative form.,catalogue+ruta_rule
polke_501_per_100_words,501,B1,FUTURE,future with be going to,FORM: PAST,Can use the past form of 'be' + 'going to'. ► future in the past,catalogue+ruta_rule
polke_502_per_100_words,502,B1,FUTURE,future with be going to,FORM: WITH ADVERBS,"Can use 'be' + 'going to' with a limited range of adverbs, after the auxiliary be form, in the normal mid position.",catalogue+ruta_rule
polke_510_per_100_words,510,B1,FUTURE,present simple for future use,FORM: WITH 'AS SOON AS',Can use the present simple with 'as soon as' to refer to the future.,catalogue+ruta_rule
polke_511_per_100_words,511,B1,MODALITY,adjectives,FORM: 'IT' + 'BE' + 'IMPORTANT' + CLAUSE,Can use 'it' + 'be' + 'important' + ('that') clause.,catalogue+ruta_rule
polke_514_per_100_words,514,B1,MODALITY,adjectives,FORM: 'IT' + 'BE' + ADJECTIVE + 'FOR' + OBJECT + INFINITIVE,Can use 'it' + 'be' + adjective + 'for' + object + 'to' + infinitive.,catalogue+ruta_rule
polke_515_per_100_words,515,B1,MODALITY,can,FORM: NEGATIVE QUESTIONS,Can use the negative question forms in main clauses and question tags.,catalogue+ruta_rule
polke_516_per_100_words,516,B1,MODALITY,can,FORM: WITH ADVERBS,"Can use 'can' with a limited range of adverbs (including 'also', 'always', 'even', 'just', 'only', 'really', 'still') in the normal mid position after the modal verb.   ► adverbs",catalogue+ruta_rule
polke_519_per_100_words,519,B1,MODALITY,expressions with be,FORM: MODAL WITH 'BE ABLE TO',Can use a range of modal verbs + 'be able to' + infinitive.,catalogue+ruta_rule
polke_520_per_100_words,520,B1,MODALITY,expressions with be,FORM: 'BE' EXPRESSIONS,"Can use a limited range of expressions with 'be' + infinitive ('be allowed to', 'be supposed to', 'be able to') with present and past forms of 'be' and with modal 'will'.",catalogue+ruta_rule
polke_525_per_100_words,525,B1,MODALITY,have (got) to,FORM: INFINITIVE,Can use 'have to' as an infinitive form.,catalogue+ruta_rule
polke_526_per_100_words,526,B1,MODALITY,may,FORM: NEGATIVE,Can use the negative form.,catalogue+ruta_rule
polke_527_per_100_words,527,B1,MODALITY,may,FORM: WITH ADVERBS,Can use 'may' with a limited range of adverbs (most commonly 'also') in the normal mid-position after the modal verb. ► adverbs,catalogue+ruta_rule
polke_529_per_100_words,529,B1,MODALITY,may,FORM: QUESTIONS,Can use the question form with 'I'.,catalogue+ruta_rule
polke_530_per_100_words,530,B1,MODALITY,might,FORM: NEGATIVE,Can use the negative form.,catalogue+ruta_rule
polke_533_per_100_words,533,B1,MODALITY,might,FORM: PAST AFFIRMATIVE,Can use 'might have' + '-ed'.,catalogue+ruta_rule
polke_536_per_100_words,536,B1,MODALITY,must,FORM: ELLIPSIS,Can use 'must' with the following verb ellipted where the previous main verb is understood.    ► ellipsis,catalogue+ruta_rule
polke_537_per_100_words,537,B1,MODALITY,must,FORM: ELLIPSIS,Can use ellipted 'must' without a subject. ► ellipsis,catalogue+ruta_rule
polke_538_per_100_words,538,B1,MODALITY,must,FORM: WITH ADVERBS,Can use 'must' with a limited range of adverbs (most commonly 'also') in the normal mid position after the modal verb. ► adverbs,catalogue+ruta_rule
polke_543_per_100_words,543,B1,MODALITY,ought,FORM: AFFIRMATIVE,Can use the affirmative form.,catalogue+ruta_rule
polke_548_per_100_words,548,B1,MODALITY,should,FORM: PAST AFFIRMATIVE,Can use 'should' have + '-ed'.,catalogue+ruta_rule
polke_549_per_100_words,549,B1,MODALITY,should,FORM: PAST NEGATIVE,Can use 'should have' + '-ed'.,catalogue+ruta_rule
polke_555_per_100_words,555,B1,MODALITY,used to,FORM: AFFIRMATIVE|,Can use the affirmative form.,catalogue+ruta_rule
polke_556_per_100_words,556,B1,MODALITY,used to,FORM: NEGATIVE,Can use the negative forms 'didn't use to' and 'didn't used to'.,catalogue+ruta_rule
polke_561_per_100_words,561,B1,MODALITY,would,FORM: PAST AFFIRMATIVE,Can use 'would have' + '-ed'.,catalogue+ruta_rule
polke_562_per_100_words,562,B1,MODALITY,would,FORM: PAST NEGATIVE,Can use 'would not have' + '-ed' or 'wouldn’t have' + '-ed',catalogue+ruta_rule
polke_563_per_100_words,563,B1,MODALITY,would,FORM: QUESTIONS,Can use question forms.,catalogue+ruta_rule
polke_564_per_100_words,564,B1,MODALITY,would,FORM: WITH ADVERBS,"Can use an limited range of adverbs with 'would', including 'really', 'probably', 'certainly', 'definitely'.► adverbs",catalogue+ruta_rule
polke_574_per_100_words,574,B1,NOUNS,noun phrases,FORM: COMPLEX NOUN PHRASES WITH ADJECTIVES,Can form an increasing range of complex noun phrases with more than one adjective.,catalogue+ruta_rule
polke_575_per_100_words,575,B1,NOUNS,noun phrases,FORM: COMPLEX NOUN PHRASES WITH ADVERBS + ADJECTIVES,Can form complex noun phrases with adverb + adjective + noun.,catalogue+ruta_rule
polke_577_per_100_words,577,B1,NOUNS,noun phrases,FORM: NOUN + PREPOSITIONAL PHRASES,Can form complex noun phrases by using a prepositional phrase after the main noun in a noun phrase.,catalogue+ruta_rule
polke_580_per_100_words,580,B1,NOUNS,noun phrases,FORM: NOUN + 'OF' + POSSESSIVE PRONOUN,Can form noun phrases with noun + 'of' + possessive pronouns.,catalogue+ruta_rule
polke_581_per_100_words,581,B1,NOUNS,noun phrases,FORM: FRIEND + 'OF' + POSSESSIVE DETERMINER + NOUN,Can form noun phrases with 'a friend of' or 'friends of' + possessive determiner + noun.,catalogue+ruta_rule
polke_582_per_100_words,582,B1,NOUNS,noun phrases,FORM: COMPLEX NOUN PHRASE WITH POSSESSIVE '‘S' + NOUN,Can form complex noun phrases with noun phrase + 'of' + noun phrase + possessive determiner ''s' + noun phrase.,catalogue+ruta_rule
polke_583_per_100_words,583,B1,NOUNS,noun phrases,"FORM: NOUN PHRASE, NOUN PHRASE","Can put two noun phrases together (in apposition) to refer to the same person or thing, usually separated by commas.",catalogue+ruta_rule
polke_584_per_100_words,584,B1,NOUNS,noun phrases,FORM: INDEFINITE PRONOUNS,Can form noun phrases with an indefinite pronoun + adjective or clause.,catalogue+ruta_rule
polke_586_per_100_words,586,B1,NOUNS,types,FORM: COMMON NOUNS,Can use an increasing range of common nouns.,catalogue+ruta_rule
polke_587_per_100_words,587,B1,NOUNS,plural,FORM: COLLECTIVE NOUNS,"Can use collective nouns, usually with a singular verb, but also with a plural verb depending on whether the noun is perceived as a single group or collection of individuals.",catalogue+ruta_rule
polke_588_per_100_words,588,B1,NOUNS,uncountable,FORM: UNCOUNTABLE NOUNS,Can use an increasing range of uncountable nouns.,catalogue+ruta_rule
polke_589_per_100_words,589,B1,NOUNS,uncountable,"FORM: WITH DETERMINERS, QUANTITY","Can use uncountable nouns with an increasing range of quantity words and phrases including 'much', 'a bit of', 'a little bit of', 'enough', 'further', 'plenty of', 'loads of'.  ►  Determiners: quantity",catalogue+ruta_rule
polke_591_per_100_words,591,B1,PASSIVES,passives: form,FORM: INFINITIVE,"Can use the passive infinitive after a limited number of forms including 'going to', 'have to', 'need to', 'want to'.",catalogue+ruta_rule
polke_592_per_100_words,592,B1,PASSIVES,passives: form,"FORM: PAST SIMPLE, AFFIRMATIVE",Can use the past simple passive affirmative with a range of pronoun and noun subjects both singular and plural.,catalogue+ruta_rule
polke_593_per_100_words,593,B1,PASSIVES,passives: form,"FORM: PRESENT CONTINUOUS, AFFIRMATIVE",Can use the present continuous passive affirmative with a limited range of verbs.,catalogue+ruta_rule
polke_594_per_100_words,594,B1,PASSIVES,passives: form,"FORM: PRESENT SIMPLE, AFFIRMATIVE",Can use the present simple passive affirmative with a range of pronoun and noun subjects.,catalogue+ruta_rule
polke_595_per_100_words,595,B1,PASSIVES,passives: form,"FORM: PRESENT SIMPLE, NEGATIVE",Can use the present simple passive negative with a range of pronoun and noun subjects.,catalogue+ruta_rule
polke_596_per_100_words,596,B1,PASSIVES,passives: form,FORM: WITH VERBS TAKING TWO OBJECTS.,"Can use the past simple passive with a limited range of verbs needing two objects, putting the indirect object in subject position.",catalogue+ruta_rule
polke_599_per_100_words,599,B1,PASSIVES,get and have,FORM: 'GET' + '-ED',Can form the 'get'-passive with a range of forms of 'get' + past participles.,catalogue+ruta_rule
polke_600_per_100_words,600,B1,PAST,past continuous,FORM: NEGATIVE,Can use the negative form.,catalogue+ruta_rule
polke_601_per_100_words,601,B1,PAST,past continuous,FORM: QUESTIONS,Can use the question form.,catalogue+ruta_rule
polke_602_per_100_words,602,B1,PAST,past continuous,FORM: WITH ADVERBS,Can use the past continuous with an increasing range of adverbs in the normal mid position.,catalogue+ruta_rule
polke_605_per_100_words,605,B1,PAST,past perfect continuous,FORM: AFFIRMATIVE,Can use the affirmative form.,catalogue+ruta_rule
polke_609_per_100_words,609,B1,PAST,past perfect simple,FORM: AFFIRMATIVE,Can use the affirmative form.,catalogue+ruta_rule
polke_610_per_100_words,610,B1,PAST,past perfect simple,FORM: NEGATIVE,Can use negative forms.,catalogue+ruta_rule
polke_611_per_100_words,611,B1,PAST,past perfect simple,FORM: WITH ADVERBS,"Can use the past perfect simple with a limited range of adverbs (including 'never', 'ever', 'just', 'always', 'already') in the normal mid-position. ► adverbs",catalogue+ruta_rule
polke_613_per_100_words,613,B1,PAST,past simple,FORM: AFFIRMATIVE,Can use the affirmative form with a wide range of verbs.,catalogue+ruta_rule
polke_614_per_100_words,614,B1,PAST,past simple,FORM: NEGATIVE,Can use the negative form with an increasing range of verbs.,catalogue+ruta_rule
polke_615_per_100_words,615,B1,PAST,past simple,FORM: QUESTIONS,"Can use 'yes/no', 'wh-', tag and negative question forms with a limited range of verbs.",catalogue+ruta_rule
polke_620_per_100_words,620,B1,PAST,present perfect continuous,FORM: AFFIRMATIVE,Can use the affirmative form.,catalogue+ruta_rule
polke_621_per_100_words,621,B1,PAST,present perfect continuous,FORM: QUESTIONS,Can use the question form with a limited range of verbs.,catalogue+ruta_rule
polke_626_per_100_words,626,B1,PAST,present perfect simple,FORM: AFFIRMATIVE,Can use the affirmative forms with a range of pronouns and nouns and an increasing range of verbs.,catalogue+ruta_rule
polke_627_per_100_words,627,B1,PAST,present perfect simple,FORM: NEGATIVE,Can use the negative forms with a range of pronouns and an increasing range of verbs.,catalogue+ruta_rule
polke_628_per_100_words,628,B1,PAST,present perfect simple,FORM: NEGATIVE QUESTIONS,Can use the negative question form.,catalogue+ruta_rule
polke_629_per_100_words,629,B1,PAST,present perfect simple,FORM: WITH ADVERBS,Can use the present perfect simple with an increasing range of adverbs in the normal mid position.,catalogue+ruta_rule
polke_633_per_100_words,633,B1,PREPOSITIONS,prepositions,FORM: SIMPLE,Can use a wide range of simple (single word) prepositions.,catalogue+ruta_rule
polke_634_per_100_words,634,B1,PREPOSITIONS,prepositions,FORM: COMPLEX,Can use an increasing range of complex prepositions.,catalogue+ruta_rule
polke_635_per_100_words,635,B1,PREPOSITIONS,prepositions,FORM: 'ADVERB' + PREPOSITION,Can use adverbs of degree to modify prepositions and prepositional phrases.,catalogue+ruta_rule
polke_636_per_100_words,636,B1,PREPOSITIONS,prepositions,FORM: STRANDING,"Can end a reported question clause and a relative clause with a preposition, where the preposition is stranded from its complement. ► Clauses: relative",catalogue+ruta_rule
polke_641_per_100_words,641,B1,PRESENT,present simple,FORM: QUESTIONS,Can use 'yes/no' and 'wh-' question forms with a wide range of subjects.,catalogue+ruta_rule
polke_645_per_100_words,645,B1,PRONOUNS,possessive,FORM: + 'OF YOURS',Can use the possessive pronoun 'yours' after noun + 'of'.,catalogue+ruta_rule
polke_646_per_100_words,646,B1,PRONOUNS,possessive,"FORM: COMPARATIVE CLAUSES WITH 'MINE', 'YOURS'","Can use the possessive pronouns 'mine' and 'yours', with singular reference, in comparative clauses after '(not) as ... as'.",catalogue+ruta_rule
polke_647_per_100_words,647,B1,PRONOUNS,possessive,FORM: 'YOURS' AS SUBJECT,"Can use the possessive pronoun 'yours', with singular reference, in subject position.",catalogue+ruta_rule
polke_650_per_100_words,650,B1,PRONOUNS,reflexive,"FORM: SAME SUBJECT AND OBJECT, SINGULAR",Can use an increasing range of singular reflexive pronouns with an increasing range of verbs to refer to actions where the subject and object of the verb are the same.,catalogue+ruta_rule
polke_651_per_100_words,651,B1,PRONOUNS,reflexive,"FORM: SINGULAR, AFTER PREPOSITIONS","Can use the singular reflexive pronouns 'myself', 'yourself', 'himself' and 'herself' after prepositions where the object of the preposition is the same as the subject of the verb.",catalogue+ruta_rule
polke_653_per_100_words,653,B1,PRONOUNS,subject/ object,FORM: (SUBJECT) USING 'IT' TO INTRODUCE,Can use dummy 'it' as a subject to introduce something the speaker or writer is going to refer to.,catalogue+ruta_rule
polke_655_per_100_words,655,B1,PRONOUNS,demonstratives,FORM: 'THESE',Can use 'these' as a pronoun with plural reference.  ►  noun phrases,catalogue+ruta_rule
polke_657_per_100_words,657,B1,PRONOUNS,demonstratives,FORM: 'THOSE',Can use 'those' as a pronoun with plural reference.  ►  noun phrases,catalogue+ruta_rule
polke_659_per_100_words,659,B1,PRONOUNS,demonstratives,FORM: MODIFYING,Can use quantifying determiners + 'of' with demonstrative pronouns  ► determiners: demonstrative,catalogue+ruta_rule
polke_661_per_100_words,661,B1,PRONOUNS,quantity,"FORM: SUBJECT AND OBJECT PRONOUNS, 'BOTH', 'A FEW', 'ANOTHER'","Can use 'both', 'a few', 'another' as subject and object pronouns.",catalogue+ruta_rule
polke_662_per_100_words,662,B1,PRONOUNS,quantity,FORM: WITH 'OF' + OBJECT PRONOUN,"Can use an increasing range of pronouns ('some', 'a few', 'any', 'each') with 'of' followed by an object pronoun.",catalogue+ruta_rule
polke_663_per_100_words,663,B1,PRONOUNS,"substitution, one, ones, none",FORM: 'WHICH ONE',Can use 'one' after 'which' in indirect questions to refer to one of two or more options.,catalogue+ruta_rule
polke_664_per_100_words,664,B1,PRONOUNS,"substitution, one, ones, none","FORM: 'THIS ONE', 'THAT ONE'","Can use 'this one', 'that one' to refer to a singular countable noun.  ►  pronouns: demonstratives",catalogue+ruta_rule
polke_665_per_100_words,665,B1,PRONOUNS,"substitution, one, ones, none",FORM: 'ONES',Can use 'ones' as a pronoun to substitute for plural nouns which have already been mentioned or are obvious from the context.,catalogue+ruta_rule
polke_666_per_100_words,666,B1,PRONOUNS,"substitution, one, ones, none",FORM: PRE-MODIFYING,Can use determiners + premodifers + 'ones'.,catalogue+ruta_rule
polke_669_per_100_words,669,B1,PRONOUNS,"indefinite - thing, -one, -body etc",FORM: SUBJECT,"Can use an increasing range of indefinite pronouns ('something', 'nobody') as subjects, with a singular verb.",catalogue+ruta_rule
polke_670_per_100_words,670,B1,PRONOUNS,"indefinite - thing, -one, -body etc",FORM: OBJECT OR COMPLEMENT,Can use a wide range of indefinite pronouns as objects or complements.,catalogue+ruta_rule
polke_673_per_100_words,673,B1,PRONOUNS,reciprocal,FORM: 'EACH OTHER',Can use 'each other' as the object of a verb or complement of a preposition to talk about the mutual behaviour of two or more people.,catalogue+ruta_rule
polke_674_per_100_words,674,B1,QUESTIONS,alternatives,FORM: PHRASE + PHRASE,Can form alternative questions with two phrases combined with 'or'.,catalogue+ruta_rule
polke_676_per_100_words,676,B1,QUESTIONS,alternatives,FORM: CLAUSE + CLAUSE,Can form alternative questions with two clauses combined with 'or'.,catalogue+ruta_rule
polke_678_per_100_words,678,B1,QUESTIONS,tags,FORM: NEGATIVE MAIN CLAUSES + AFFIRMATIVE QUESTION TAGS,"Can use an increasing range of affirmative 'be', 'do' and 'have' tags with negative main clauses.",catalogue+ruta_rule
polke_679_per_100_words,679,B1,QUESTIONS,tags,FORM: AFFIRMATIVE MAIN CLAUSES + NEGATIVE QUESTION TAGS,"Can use an increasing range of 'be', 'do', 'have' and modal verb tags with negative main clauses.",catalogue+ruta_rule
polke_680_per_100_words,680,B1,QUESTIONS,tags,FORM: AFFIRMATIVE MAIN CLAUSES + AFFIRMATIVE QUESTION TAGS,Can use an increasing range of affirmative tags with affirmative clauses.,catalogue+ruta_rule
polke_682_per_100_words,682,B1,QUESTIONS,wh-,FORM: NEGATIVE QUESTIONS WITH MODALS,Can use 'wh-'words + the negative form of modal verbs + subject + main verb to form 'wh-'questions.,catalogue+ruta_rule
polke_683_per_100_words,683,B1,QUESTIONS,yes/no,FORM: NEGATIVE QUESTIONS WITH 'BE',Can use main verb 'be' + 'n't' to form negative 'yes/no' questions.,catalogue+ruta_rule
polke_684_per_100_words,684,B1,QUESTIONS,yes/no,"FORM: NEGATIVE QUESTIONS, AUXILIARY VERBS",Can use auxiliary 'do' and 'have' + 'n't' + subject + main verb to form negative 'yes/no' questions.,catalogue+ruta_rule
polke_685_per_100_words,685,B1,QUESTIONS,yes/no,FORM: NEGATIVE QUESTIONS MODAL VERBS,Can use modal verbs + 'not' + subject + main verb to form 'yes/no' questions.,catalogue+ruta_rule
polke_687_per_100_words,687,B1,VERBS,phrasal-prepositional,FORM: VERB + PARTICLE + PREPOSITION + OBJECT,Can use a limited range of verbs + particle + preposition + noun or pronoun.,catalogue+ruta_rule
polke_688_per_100_words,688,B1,VERBS,prepositional,FORM: VERB + PREPOSITION + OBJECT,Can use an increasing range of prepositional verbs followed by noun or pronoun objects.,catalogue+ruta_rule
polke_689_per_100_words,689,B1,VERBS,patterns_that clauses,FORM: REPORTING VERBS + DIRECT OBJECT 'THAT'-CLAUSE,"Can use an increasing range of verbs, typically reporting or mental process verbs, with a 'that'-clause as the direct object.",catalogue+ruta_rule
polke_690_per_100_words,690,B1,VERBS,patterns_that clauses,FORM: VERBS + PREPOSITIONAL PHRASE + 'THAT'-CLAUSE,Can use some reporting verbs with a prepositional phrase followed by a 'that'-clause as the direct object.,catalogue+ruta_rule
polke_691_per_100_words,691,B1,VERBS,phrasal,FORM: NO OBJECT,Can use an increasing range of phrasal verbs without an object.,catalogue+ruta_rule
polke_692_per_100_words,692,B1,VERBS,phrasal,FORM: VERB + PARTICLE + OBJECT,Can use a limited range of phrasal verbs + particle + object.,catalogue+ruta_rule
polke_693_per_100_words,693,B1,VERBS,phrasal,FORM: VERB + PRONOUN + PARTICLE,Can use an increasing range of phrasal verbs + object pronoun + particle.,catalogue+ruta_rule
polke_694_per_100_words,694,B1,VERBS,types,"FORM: SEMI-MODAL AUXILIARY VERBS, 'USED TO', 'OUGHT TO'","Can use semi-modal auxiliary verbs, 'used to' and 'ought to'.",catalogue+ruta_rule
polke_695_per_100_words,695,B1,VERBS,patterns_with to and -ing,FORM: VERB + 'TO-' INFINITIVE,Can use a wide range of verbs followed by a 'to-' infinitive.,catalogue+ruta_rule
polke_697_per_100_words,697,B1,VERBS,patterns_with to and -ing,FORM: VERB + '-ING' FORM,Can use a limited range of verbs followed by an '-ing' form.,catalogue+ruta_rule
polke_698_per_100_words,698,B1,VERBS,patterns_with to and -ing,FORM: 'HELP' + OBJECT,"Can use 'help' + object + infinitive with or without 'to', with no change in meaning.",catalogue+ruta_rule
polke_699_per_100_words,699,B1,VERBS,patterns_with to and -ing,FORM: VERBS + DIRECT OBJECT + 'TO' INFINITIVE,Can use some verbs of requesting and commanding followed by a direct object and a 'to-'infinitive.,catalogue+ruta_rule
polke_700_per_100_words,700,B1,VERBS,patterns_with to and -ing,"FORM: 'MAKE', 'LET' + INFINITIVE WITHOUT 'TO'",Can use 'make' and 'let' + infinitive without 'to'.,catalogue+ruta_rule
polke_701_per_100_words,701,B1,VERBS,there is/are,FORM: NEGATIVE,Can use 'There' + 'be' + 'n't' with countable and uncountable nouns.,catalogue+ruta_rule
polke_702_per_100_words,702,B1,VERBS,there is/are,FORM: 'THERE' + MODAL VERBS,Can use 'there' with a range of modal verbs + 'be' + complement.,catalogue+ruta_rule
polke_703_per_100_words,703,B1,,,,,ruta_rule
polke_704_per_100_words,704,B1,,,,,ruta_rule
polke_705_per_100_words,705,B1,,,,,ruta_rule
polke_706_per_100_words,706,B1,,,,,ruta_rule
polke_707_per_100_words,707,B1,,,,,ruta_rule
polke_708_per_100_words,708,B1,,,,,ruta_rule
polke_709_per_100_words,709,B1,,,,,ruta_rule
polke_710_per_100_words,710,B1,,,,,ruta_rule
polke_718_per_100_words,718,B1,REPORTED SPEECH,reported speech,"FORM: REPORTED STATEMENTS, PRONOUN AND TENSE SHIFT","Can report statements using a reporting clause with 'say' or 'tell' + 'that-'clause, with a pronoun and tense shift where relevant.",catalogue+ruta_rule
polke_719_per_100_words,719,B1,REPORTED SPEECH,reported speech,FORM: REPORTED 'YES-NO' QUESTIONS,"Can report questions using 'ask' + 'if' or 'whether' + clause, with a pronoun and tense shift where relevant.",catalogue+ruta_rule
polke_720_per_100_words,720,B1,REPORTED SPEECH,reported speech,FORM: REPORTED 'WH-' QUESTIONS,"Can report 'wh-'questions using a reporting verb + 'wh-'word + clause, with a change of pronoun and tense shift where relevant.",catalogue+ruta_rule
polke_722_per_100_words,722,B1,REPORTED SPEECH,reported speech,"FORM: DIRECT SPEECH, REPORTING CLAUSE, INITIAL POSITION","Can report speech and thought directly, using the reporting verb before the reporting clause.",catalogue+ruta_rule
polke_723_per_100_words,723,B1,REPORTED SPEECH,reported speech,"FORM: DIRECT SPEECH, REPORTING CLAUSE, END POSITION",Can report speech and thought directly using the reporting verb after the reporting clause.,catalogue+ruta_rule
polke_724_per_100_words,724,B1,REPORTED SPEECH,reported speech,FORM: REPORTED REQUESTS AND COMMANDS,Can report requests and commands with 'ask' or 'tell' + direct object and 'to-'infinitive.,catalogue+ruta_rule
polke_728_per_100_words,728,B1,NEGATION,negation,"FORM: AUXILIARY VERBS 'BE', 'HAVE', PAST",Can form negative statements of main verbs in the past continuous and past perfect with auxiliary verbs 'be' and 'have' + 'not/n't'. ► past continuous ► past perfect,catalogue+ruta_rule
polke_729_per_100_words,729,B1,NEGATION,negation,FORM: MENTAL PROCESS VERBS + CLAUSE,"Can use the negative forms of mental process verbs ('I don't think', 'I don't believe') followed by a complement clause, where the negative form is in the mental process verb rather than the complement clause.",catalogue+ruta_rule
polke_730_per_100_words,730,B1,NEGATION,negation,FORM: QUESTIONS,Can use negative question forms in main clauses and question tags. ► questions,catalogue+ruta_rule
polke_732_per_100_words,732,B1,NEGATION,negation,FORM: PRONOUNS,Can use an increasing range of indefinite pronouns in negative contexts.,catalogue+ruta_rule
polke_733_per_100_words,733,B1,NEGATION,negation,FORM: ADVERBS,"Can use adverbs 'ever', 'never', 'yet', 'still' in negative contexts.",catalogue+ruta_rule
polke_734_per_100_words,734,B1,NEGATION,negation,"FORM: 'NOT', NON FINITE AND ELLIPTED CLAUSES",Can use 'not' before a non-finite or ellipted clause.,catalogue+ruta_rule
polke_739_per_100_words,739,B2,ADJECTIVES,combining,FORM: COMPOUND ADJECTIVES,"Can use an increasing range of compound adjectives ('up-to-date', 'state-of-the-art')",catalogue+ruta_rule
polke_740_per_100_words,740,B2,ADJECTIVES,combining,FORM: PHRASES MODIFYING NOUNS,Can use adjective phrases to modify nouns.,catalogue+ruta_rule
polke_744_per_100_words,744,B2,ADJECTIVES,modifying,FORM: WITH 'ENOUGH' + 'TO'-INFINITIVE,Can use 'enough' after adjectives followed by 'to'-infinitive,catalogue+ruta_rule
polke_745_per_100_words,745,B2,ADJECTIVES,modifying,FORM: WITH 'RATHER A',"Can form adjective phrases with 'rather a' + adjective, often in formal contexts.",catalogue+ruta_rule
polke_747_per_100_words,747,B2,ADJECTIVES,position,"FORM: ATTRIBUTIVE ONLY, TIME ADJECTIVES","Can use the adjectives 'present', 'future', 'former' before a noun.",catalogue+ruta_rule
polke_749_per_100_words,749,B2,ADJECTIVES,superlatives,"FORM: ELLIPSIS, WITH 'THE'","Can use '(one of) the' with an increasing range of superlative adjectives without a following noun, when the noun is understood.",catalogue+ruta_rule
polke_750_per_100_words,750,B2,ADJECTIVES,superlatives,FORM: WITH NOUN AND 'TO-' INFINITIVE,Can use superlative adjectives before a noun + 'to'-infinitive. ► clauses: comparative,catalogue+ruta_rule
polke_753_per_100_words,753,B2,ADVERBS,adverbs and adverb phrases: types and meanings,"FORM: DEGREE, MODIFYING NOUN PHRASES",Can use degree adverbs to modify noun phrases. ► noun phrases,catalogue+ruta_rule
polke_754_per_100_words,754,B2,ADVERBS,adverbs and adverb phrases: types and meanings,"FORM: DEGREE, MODIFYING PRONOUNS",Can use degree adverbs to modify pronouns. ► pronouns,catalogue+ruta_rule
polke_755_per_100_words,755,B2,ADVERBS,adverbs and adverb phrases: types and meanings,"FORM: DEGREE, MODIFYING DETERMINERS","Can use degree adverbs ('almost', 'very') to modify determiners. ► determiners",catalogue+ruta_rule
polke_757_per_100_words,757,B2,ADVERBS,adverb phrases - form,FORM: COMPARATIVE,Can modify an adverb with a comparative structure.,catalogue+ruta_rule
polke_758_per_100_words,758,B2,CLAUSES,comparatives,FORM: COMPARATIVE ADJECTIVE + 'THAN' + NON-FINITE CLAUSE,"Can use 'than' + an increasing range of non-finite clauses (to-infinitive, reduced clause)  forming the second part of a comparison after a comparative adjective.",catalogue+ruta_rule
polke_760_per_100_words,760,B2,CLAUSES,comparatives,FORM: ADJECTIVE + 'ENOUGH' + 'TO'-INFINITIVE,Can use 'enough' after adjectives followed by 'to'-infinitive.,catalogue+ruta_rule
polke_761_per_100_words,761,B2,CLAUSES,comparatives,FORM: 'THE SAME' (+ NOUN) + 'AS' + CLAUSE,Can use 'the same' (+ noun) + 'as' + clause.,catalogue+ruta_rule
polke_762_per_100_words,762,B2,CLAUSES,comparatives,FORM: 'RATHER THAN' + NON-FINITE CLAUSE,Can use 'rather than' + a non-finite clause to stress one element in a comparison.,catalogue+ruta_rule
polke_763_per_100_words,763,B2,CLAUSES,comparatives,FORM: 'AS IF' OR 'AS THOUGH' + FINITE CLAUSE,Can use 'as if' or 'as though' + finite clause to introduce a second clause as a comparison.,catalogue+ruta_rule
polke_768_per_100_words,768,B2,CLAUSES,interrogatives,FORM: NEGATIVE INTERROGATIVE + ADVERB,"Can form negative interrogative clauses with an adverb in mid position, between the subject and the main verb.",catalogue+ruta_rule
polke_770_per_100_words,770,B2,CLAUSES,relative,FORM: PRONOUN + PREPOSITION,"Can use defining relative clauses and non-defining relative clauses ending in a preposition, with 'who/which/that' as the complement of the preposition.",catalogue+ruta_rule
polke_771_per_100_words,771,B2,CLAUSES,relative,"FORM: NON-DEFINING, WITH 'WHOSE'","Can use non-defining relative clauses with 'whose', to give additional information.",catalogue+ruta_rule
polke_779_per_100_words,779,B2,CONJUNCTIONS,subordinating,FORM: SIMPLE,"Can use a wide range of simple subordinating conjunctions ('once, whereas, unless, except (that) provided (that)'), to introduce a subordinate clause.",catalogue+ruta_rule
polke_780_per_100_words,780,B2,CONJUNCTIONS,subordinating,FORM: COMPLEX,"Can use more complex subordinating conjunctions ('as long as, as soon as, in order that, despite the fact that, due to the fact that, as if, as though') to introduce a subordinate clause.",catalogue+ruta_rule
polke_782_per_100_words,782,B2,DETERMINERS,possessives,FORM: 'ITS',Can use possessive determiner 'its' before nouns to refer to a singular inanimate subject or object.,catalogue+ruta_rule
polke_784_per_100_words,784,B2,DETERMINERS,possessives,FORM: PLURAL NOUN + 'S'',Can use 's'' after plural nouns to indicate possession.,catalogue+ruta_rule
polke_785_per_100_words,785,B2,DETERMINERS,possessives,FORM: OF + NOUN PHRASE ''S',Can use ''s' after a noun phrase with of to indicate possession.,catalogue+ruta_rule
polke_786_per_100_words,786,B2,DETERMINERS,quantity,FORM: 'LITTLE/FEW',"Can use modifier + 'little' + uncountable nouns and modifier + 'few' + countable nouns, to indicate a lack of something or not as much as expected of something.► adverbs",catalogue+ruta_rule
polke_787_per_100_words,787,B2,FUTURE,future continuous,FORM: QUESTIONS,Can use 'yes/no' and 'wh-' question forms with 'will'.,catalogue+ruta_rule
polke_789_per_100_words,789,B2,FUTURE,future expressions with be,FORM: 'BE ABOUT TO',Can use the present forms of 'be' + 'about to'.,catalogue+ruta_rule
polke_790_per_100_words,790,B2,FUTURE,future expressions with be,FORM: 'BE DUE TO',Can use the present form of 'be' + 'due to'.,catalogue+ruta_rule
polke_791_per_100_words,791,B2,FUTURE,future expressions with be,FORM: 'BE TO',Can use the present form of 'be' + 'to'.,catalogue+ruta_rule
polke_797_per_100_words,797,B2,FUTURE,future perfect continuous,FORM: AFFIRMATIVE,Can use the affirmative form with 'will'.,catalogue+ruta_rule
polke_798_per_100_words,798,B2,FUTURE,future perfect continuous,FORM: NEGATIVE,,catalogue+ruta_rule
polke_800_per_100_words,800,B2,FUTURE,future perfect simple,FORM: AFFIRMATIVE,Can use the affirmative form with 'will'.,catalogue+ruta_rule
polke_801_per_100_words,801,B2,FUTURE,future perfect simple,FORM: NEGATIVE,Can use the negative form with 'will'.,catalogue+ruta_rule
polke_805_per_100_words,805,B2,MODALITY,adjectives,FORM: 'IT' + LINKING VERB + ADJECTIVES + CLAUSE,Can use 'it' + linking verb + adjective + ('that') clause.,catalogue+ruta_rule
polke_807_per_100_words,807,B2,MODALITY,adjectives,FORM: SUBJECT + 'BE' + ADJECTIVE + 'TO' + INFINITIVE,Can use pronoun or noun + 'be' + adjective + 'to' + (past) infinitive.,catalogue+ruta_rule
polke_809_per_100_words,809,B2,MODALITY,can,FORM: WITH ADVERBS,"Can use 'can' with an increasing range of adverbs (including 'easily', 'hardly', 'now', 'probably', 'sometimes', 'still') in the normal mid position after the modal verb or after the subject in questions.  ► adverbs",catalogue+ruta_rule
polke_813_per_100_words,813,B2,MODALITY,dare,FORM: AFFIRMATIVE,Can use affirmative form dare + infinitive without to.,catalogue+ruta_rule
polke_814_per_100_words,814,B2,MODALITY,dare,FORM: NEGATIVE,Can use negative form dare not and daren't +  infinitive without to.,catalogue+ruta_rule
polke_816_per_100_words,816,B2,MODALITY,expressions with be,FORM: 'BE' EXPRESSIONS + INFINITIVE,"Can use the full range of expressions with 'be' + infinitive ('be likely to', 'be due to', 'be meant to', 'be bound to', 'be sure to', 'be certain to', 'be obliged to') with present and past forms of 'be' and with modal 'will' .",catalogue+ruta_rule
polke_817_per_100_words,817,B2,MODALITY,expressions with be,FORM: 'BE' + ADJECTIVE + 'THAT',Can use 'be' + 'obvious/sure/likely/certain' followed by a 'that'-clause.,catalogue+ruta_rule
polke_831_per_100_words,831,B2,MODALITY,may,FORM: WITH ADVERBS,"Can use 'may' with an increasing range of adverbs (most commonly 'even', 'only', 'already', 'never', 'just', 'sometimes') in the normal mid-position after the modal verb. ► adverbs",catalogue+ruta_rule
polke_836_per_100_words,836,B2,MODALITY,must,FORM: PAST AFFIRMATIVE,Can use 'must have' + '-ed'.,catalogue+ruta_rule
polke_837_per_100_words,837,B2,MODALITY,must,FORM: QUESTIONS,Can use the question form.,catalogue+ruta_rule
polke_838_per_100_words,838,B2,MODALITY,must,FORM: WITH ADVERBS,"Can use 'must' with an increasing range of adverbs (including 'all', 'never', 'strongly', 'first') in the normal mid position after the modal verb. ► adverbs",catalogue+ruta_rule
polke_844_per_100_words,844,B2,MODALITY,need,FORM: NEGATIVE,Can use the negative form.,catalogue+ruta_rule
polke_846_per_100_words,846,B2,MODALITY,ought,FORM: ELLIPSIS,Can use 'ought to' without a following verb where the previous main verb is understood. ► ellipsis,catalogue+ruta_rule
polke_848_per_100_words,848,B2,MODALITY,should,FORM: ELLIPSIS,Can use 'should' and 'shouldn't' without a following verb where the previous main verb is understood.,catalogue+ruta_rule
polke_849_per_100_words,849,B2,MODALITY,should,FORM: 'SHOULD BE' + '-ING',Can use 'should be' + '-ing'.,catalogue+ruta_rule
polke_852_per_100_words,852,B2,MODALITY,used to,FORM: ELLIPSIS,Can use 'used to' without a following verb where the previous main verb is understood. ► ellipsis,catalogue+ruta_rule
polke_855_per_100_words,855,B2,NOUNS,noun phrases,FORM: NOUN + 'OF' + POSSESSIVE DETERMINER + NOUN,"Can form noun phrases with noun + 'of' + possessive determiner + noun + '‘s', particularly with 'friend' or 'friends'.",catalogue+ruta_rule
polke_856_per_100_words,856,B2,NOUNS,noun phrases,FORM: POSSESSION WITH PLURAL NOUNS  + ',Can form noun phrases with plural nouns + ' + noun.,catalogue+ruta_rule
polke_857_per_100_words,857,B2,NOUNS,noun phrases,FORM: POSTMODIFYING WITH ADJECTIVE PHRASE,Can form complex noun phrases by using adjective phrases as postmodifiers to give more information about the noun.,catalogue+ruta_rule
polke_858_per_100_words,858,B2,NOUNS,noun phrases,FORM: COMPLEX NOUN PHRASES WITH ADJECTIVES COMBINED WITH 'BUT',Can form an increasing range of complex noun phrases with more than one adjective combined with 'but'.,catalogue+ruta_rule
polke_859_per_100_words,859,B2,NOUNS,types,"FORM'-ING' FORMS, SUBJECT",Can use the '-ing' form of verbs as nouns in subject position.,catalogue+ruta_rule
polke_860_per_100_words,860,B2,NOUNS,uncountable,FORM: NO ARTICLE,Can use uncountable nouns without a definite article to refer to an abstract thing in general.,catalogue+ruta_rule
polke_861_per_100_words,861,B2,PASSIVES,passives: form,FORM: INFINITIVE,"Can use the passive infinitive affirmative and negative forms after an increasing range of main verbs, modal verbs, adjectives and nouns, in impersonal constructions.",catalogue+ruta_rule
polke_862_per_100_words,862,B2,PASSIVES,passives: form,FORM: MODAL PERFECT,Can use the present perfect simple affirmative and negative forms with modal verbs to refer to the past.,catalogue+ruta_rule
polke_863_per_100_words,863,B2,PASSIVES,passives: form,FORM: PAST CONTINUOUS AFFIRMATIVE.,Can use the past continuous passive affirmative.,catalogue+ruta_rule
polke_864_per_100_words,864,B2,PASSIVES,passives: form,"FORM: PAST PERFECT SIMPLE, AFFIRMATIVE",Can use the past perfect passive affirmative form.,catalogue+ruta_rule
polke_865_per_100_words,865,B2,PASSIVES,passives: form,"FORM: PAST PERFECT SIMPLE, NEGATIVE",Can use the past perfect passive negative form.,catalogue+ruta_rule
polke_866_per_100_words,866,B2,PASSIVES,passives: form,FORM: PAST SIMPLE NEGATIVE,Can use past simple passive negative.,catalogue+ruta_rule
polke_867_per_100_words,867,B2,PASSIVES,passives: form,"FORM: PRESENT CONTINUOUS, AFFIRMATIVE",Can use the present continuous passive affirmative with an increasing range of verbs.,catalogue+ruta_rule
polke_868_per_100_words,868,B2,PASSIVES,passives: form,"FORM: PRESENT CONTINUOUS, NEGATIVE",Can use the present continuous passive negative.,catalogue+ruta_rule
polke_869_per_100_words,869,B2,PASSIVES,passives: form,"FORM: PRESENT PERFECT SIMPLE, AFFIRMATIVE",Can use the present perfect passive affirmative form (often in the context of reporting).  ► reported speech,catalogue+ruta_rule
polke_870_per_100_words,870,B2,PASSIVES,passives: form,"FORM: PRESENT PERFECT SIMPLE, NEGATIVE",Can use the present perfect passive negative form (often in the context of reporting). ► reported speech,catalogue+ruta_rule
polke_871_per_100_words,871,B2,PASSIVES,passives: form,FORM: WITH MODAL VERBS,"Can use the passive with modal verbs in a range of contexts, with a variety of subjects.",catalogue+ruta_rule
polke_872_per_100_words,872,B2,PASSIVES,passives: form,"FORM: WITH VERBS TAKING TWO OBJECTS, , WITH PREPOSITIONAL PHRASE","Can use the passive with a range of tenses and verbs needing two objects (e.g. give, offer, sell) with the direct object in subject position and the indirect object in a prepositional phrase.",catalogue+ruta_rule
polke_873_per_100_words,873,B2,PASSIVES,passives: form,FORM: WITH VERBS TAKING TWO OBJECTS.,"Can use the passive with a wide range of verbs needing two objects, putting the indirect object in subject position.",catalogue+ruta_rule
polke_876_per_100_words,876,B2,PASSIVES,get and have,FORM: 'GET' + REFLEXIVE PRONOUN + '-ED',Can use a reflexive pronoun with the 'get'-passive.,catalogue+ruta_rule
polke_879_per_100_words,879,B2,PAST,past continuous,FORM: WITH ADVERBS,Can use the past continuous with a wide range of adverbs in the normal mid position.,catalogue+ruta_rule
polke_883_per_100_words,883,B2,PAST,past perfect continuous,FORM: NEGATIVE,Can use the negative form.,catalogue+ruta_rule
polke_884_per_100_words,884,B2,PAST,past perfect continuous,FORM: WITH ADVERBS,Can use the past perfect continuous with adverbs in the normal mid position.,catalogue+ruta_rule
polke_890_per_100_words,890,B2,PAST,past perfect simple,FORM: ELLIPSIS,Can leave out the subject before the past perfect simple where it is understood from the previous clause.,catalogue+ruta_rule
polke_891_per_100_words,891,B2,PAST,past perfect simple,FORM: QUESTIONS,Can use question forms.,catalogue+ruta_rule
polke_892_per_100_words,892,B2,PAST,past perfect simple,FORM: WITH ADVERBS,"Can use the past perfect simple with a wide range of adverbs (including 'finally', 'recently', 'simply') in the normal mid-position.  ► adverbs",catalogue+ruta_rule
polke_897_per_100_words,897,B2,PAST,past simple,FORM: NEGATIVE,Can use the negative form with a wide range of regular and irregular verbs.,catalogue+ruta_rule
polke_898_per_100_words,898,B2,PAST,past simple,FORM: QUESTIONS,"Can use 'yes/no', 'wh-', tag and negative question forms with an increasing range of verbs.",catalogue+ruta_rule
polke_899_per_100_words,899,B2,PAST,past simple,FORM: WITH SUBORDINATING CONJUNCTIONS,"Can use the past simple with a range of subordinating conjunctions, including 'as soon as', 'before', 'if', 'once', 'since', 'so', 'until', 'when', 'while'.",catalogue+ruta_rule
polke_900_per_100_words,900,B2,PAST,past simple,FORM: WITH TIME ADJUNCTS,Can use a range of time adjuncts with the past simple.,catalogue
polke_903_per_100_words,903,B2,PAST,present perfect continuous,FORM: NEGATIVE,Can use the negative form.,catalogue+ruta_rule
polke_904_per_100_words,904,B2,PAST,present perfect continuous,FORM: WITH ADVERBS,Can use the present perfect continuous with adverbs in the normal mid position.,catalogue+ruta_rule
polke_907_per_100_words,907,B2,PAST,present perfect simple,FORM: QUESTIONS,Can use the question form with an increasing range of verbs.,catalogue+ruta_rule
polke_908_per_100_words,908,B2,PREPOSITIONS,prepositions,FORM: COMPLEX,Can use a wide range of complex prepositions.,catalogue+ruta_rule
polke_912_per_100_words,912,B2,PRESENT,present simple,FORM: INVERSION WITH 'NOT ONLY ... BUT ALSO',"Can use the inverted form of the past simple with auxiliary 'do', in the phrase 'not only ... but also'.",catalogue+ruta_rule
polke_915_per_100_words,915,B2,PRONOUNS,possessive,FORM: +  'OF OURS',Can use the possessive pronoun 'ours' after noun + 'of'.,catalogue+ruta_rule
polke_916_per_100_words,916,B2,PRONOUNS,possessive,"FORM: COMPARATIVE CLAUSES WITH 'OURS', 'HERS'",Can use the possessive pronouns 'hers' and 'ours' in comparative clauses.,catalogue+ruta_rule
polke_917_per_100_words,917,B2,PRONOUNS,possessive,FORM: 'HERS' AS OBJECT,"Can use the possessive pronoun 'hers', with singular reference, in object positions, and complement positions after 'be' and after prepositions.",catalogue+ruta_rule
polke_918_per_100_words,918,B2,PRONOUNS,possessive,FORM: 'OURS' AS OBJECT,"Can use the possessive pronoun 'ours' with singular and plural reference, in object positions, and complement positions after 'be' and after prepositions.",catalogue+ruta_rule
polke_919_per_100_words,919,B2,PRONOUNS,possessive,FORM: 'OURS' AS SUBJECT,"Can use the possessive pronoun 'ours', with singular and plural reference, in subject position.",catalogue+ruta_rule
polke_920_per_100_words,920,B2,PRONOUNS,possessive,FORM: 'THEIRS' AS OBJECT,"Can use the possessive pronoun 'theirs', with singular and plural reference, in object positions, and complement positions after 'be' and after prepositions.",catalogue+ruta_rule
polke_922_per_100_words,922,B2,PRONOUNS,reflexive,FORM: 'BY ITSELF',Can use the reflexive pronoun 'itself' with 'by' to mean alone or without any help.,catalogue+ruta_rule
polke_923_per_100_words,923,B2,PRONOUNS,reflexive,"FORM: PLURAL, AFTER PREPOSITIONS",Can use plural reflexive pronouns after prepositions where the object of the preposition is the same as the subject of the verb.,catalogue
polke_924_per_100_words,924,B2,PRONOUNS,reflexive,"FORM: SAME SUBJECT AND OBJECT, PLURAL",Can use plural reflexive pronouns to refer to actions where the subject and object of the verb are the same.,catalogue+ruta_rule
polke_929_per_100_words,929,B2,PRONOUNS,subject/ object,FORM: (OBJECT) USING 'IT' TO INTRODUCE,Can use 'it' as an object with 'make' to introduce something the speaker or writer is going to refer to.,catalogue+ruta_rule
polke_930_per_100_words,930,B2,PRONOUNS,subject/ object,FORM: (SUBJECT) ELLIPSIS,"Can leave out the subject pronoun with a limited range of verbs, in informal contexts. ► ellipsis",catalogue+ruta_rule
polke_931_per_100_words,931,B2,PRONOUNS,subject/ object,FORM: (SUBJECT) EMPTY 'IT',"Can use dummy 'it' with 'appears', 'feels', 'looks' and 'seems'.",catalogue+ruta_rule
polke_932_per_100_words,932,B2,PRONOUNS,subject/ object,FORM: (SUBJECT) 'ONE',Can use 'one' as a generic personal pronoun in the subject position to mean people in general. ► generic pronouns,catalogue+ruta_rule
polke_935_per_100_words,935,B2,PRONOUNS,quantity,"FORM: SUBJECT AND OBJECT PRONOUNS, 'EACH', 'SEVERAL', 'NEITHER', 'ENOUGH'","Can use pronouns 'each', 'either', 'enough', 'neither', 'several' as subject and object pronouns.",catalogue+ruta_rule
polke_936_per_100_words,936,B2,PRONOUNS,quantity,FORM: WITH 'OF' + OBJECT PRONOUN,"Can use a wide range of pronouns ('neither', 'either', 'none') with 'of' followed by an object pronoun.",catalogue+ruta_rule
polke_937_per_100_words,937,B2,PRONOUNS,"substitution, one, ones, none","FORM: 'THESE ONES', 'THOSE ONES'","Can use 'these ones', 'those ones' as a substitute for plural countable nouns which have already been mentioned or are obvious from the context.",catalogue+ruta_rule
polke_938_per_100_words,938,B2,PRONOUNS,"indefinite - thing, -one, -body etc",FORM: SUBJECT,"Can use the full range of indefinite pronouns as subjects, with a singular verb.",catalogue+ruta_rule
polke_946_per_100_words,946,B2,QUESTIONS,wh-,FORM: NEGATIVE QUESTIONS WITH MAIN VERBS,Can use 'wh-'words + the negative form of auxiliary 'do' + subject + main verb to form 'wh-'questions.,catalogue+ruta_rule
polke_947_per_100_words,947,B2,VERBS,phrasal-prepositional,FORM: VERB + PARTICLE + PREPOSITION + OBJECT,Can use an increasing range of verb + particle + preposition + noun or pronoun.,catalogue+ruta_rule
polke_948_per_100_words,948,B2,VERBS,prepositional,"FORM: PREPOSITIONAL VERB, STRANDED PREPOSITION","Can use verb + preposition, where the preposition is separated from its complement.",catalogue+ruta_rule
polke_949_per_100_words,949,B2,VERBS,prepositional,FORM: VERB + ADVERB + PREPOSITION,Can use an adverb between the verb and the preposition.,catalogue+ruta_rule
polke_950_per_100_words,950,B2,VERBS,phrasal,FORM: NO OBJECT,Can use a wide range of phrasal verbs without an object.,catalogue+ruta_rule
polke_951_per_100_words,951,B2,VERBS,phrasal,FORM: VERB + PARTICLE + OBJECT,Can use a wide range of phrasal verbs + particle + object.,catalogue+ruta_rule
polke_952_per_100_words,952,B2,VERBS,phrasal,FORM: VERB + NOUN + PARTICLE,Can use phrasal verbs + nouns as object + particle.,catalogue+ruta_rule
polke_953_per_100_words,953,B2,VERBS,types,"FORM: SEMI-MODAL AUXILIARY VERBS, 'DARE', 'NEED'","Can use semi-modal auxiliary verbs, 'dare' and 'need'.",catalogue+ruta_rule
polke_954_per_100_words,954,B2,VERBS,patterns_with to and -ing,FORM: VERB + '-ING' FORM,Can use an increasing range of verbs followed by an '-ing' form.,catalogue
polke_955_per_100_words,955,B2,VERBS,patterns_with to and -ing,FORM: VERB + NEW SUBJECT + '-ING' FORM,Can introduce a new subject before the '-ing' form (using noun or object pronoun).,catalogue+ruta_rule
polke_956_per_100_words,956,B2,VERBS,patterns_with to and -ing,"FORM: 'TO'-INFINITIVE OR '-ING' FORM, MEANING","Can follow some verbs with a 'to'-infinitive or an '-ing' form, with a change in meaning.",catalogue+ruta_rule
polke_958_per_100_words,958,B2,VERBS,there is/are,FORM: 'THERE' + VERBS WITH MODAL MEANING,Can use 'there' with other verbs with modal meaning + 'be' + complement.,catalogue+ruta_rule
polke_959_per_100_words,959,B2,VERBS,linking,FORM: LINKING + COMPLEMENT,Can use a wide range of linking verbs with complements.,catalogue+ruta_rule
polke_964_per_100_words,964,B2,REPORTED SPEECH,reported speech,"FORM: DIRECT SPEECH, REPORTING CLAUSE, MID POSITION",Can report speech and thought directly using the reporting verb in the mid position of the reported clause.,catalogue+ruta_rule
polke_965_per_100_words,965,B2,REPORTED SPEECH,reported speech,"FORM: DIRECT SPEECH, REPORTING CLAUSE, INVERTED SUBJECT",Can report speech directly inverting the subject and verb in the reporting clause where the subject is a proper noun or noun phrase.,catalogue+ruta_rule
polke_966_per_100_words,966,B2,REPORTED SPEECH,reported speech,"FORM: MODIFICATION, REPORTING VERB + ADVERB",Can modify the reporting verb with an adverb.,catalogue+ruta_rule
polke_967_per_100_words,967,B2,REPORTED SPEECH,reported speech,"FORM: REPORTED REQUESTS AND COMMANDS, NEGATIVE",Can report requests and commands with 'ask' or 'tell' + direct object + 'not' + 'to-'infinitive.,catalogue+ruta_rule
polke_976_per_100_words,976,B2,NEGATION,negation,"FORM: 'NEITHER OF', 'NONE OF' + PRONOUN",Can use negative forms 'neither of' and 'none of' + pronoun or noun phrase with the affirmative form of the verb.,catalogue+ruta_rule
polke_977_per_100_words,977,B2,MODALITY,could,FORM: PAST,Can used 'could' have + '-ed'.,catalogue+ruta_rule
polke_982_per_100_words,982,C1,ADJECTIVES,combining,FORM: COMPOUND ADJECTIVES,"Can use a wide range of compound adjectives ('open-minded', 'above-mentioned', 'well-to-do', 'jaw-dropping')",catalogue+ruta_rule
polke_983_per_100_words,983,C1,ADJECTIVES,modifying,FORM: WITH EXTREME ADVERBS,"Can modify gradable adjectives with extreme adverbs of degree ('absolutely', 'extremely', 'incredibly', 'totally') to intensify their meaning.",catalogue+ruta_rule
polke_984_per_100_words,984,C1,ADJECTIVES,position,FORM: PAST PARTICPLE AS ADJECTIVE,"Can use the '–ed' form of a verb as an adjective, after a noun.",catalogue+ruta_rule
polke_990_per_100_words,990,C1,ADVERBS,adverbs and adverb phrases: types and meanings,"FORM: DEGREE, MODIFYING ADVERBS",Can use an increasing range of degree adverbs to modify a range of adverb types. ► adjectives ► adverb phrases: form,catalogue
polke_991_per_100_words,991,C1,ADVERBS,adverbs and adverb phrases: types and meanings,"FORM: DEGREE, MODIFYING COMPARATIVES","Can use degree adverbs ('slightly', 'a bit', 'much') to modify comparatives.",catalogue+ruta_rule
polke_992_per_100_words,992,C1,ADVERBS,adverb phrases - form,FORM: ADVERB + ADVERB,Can modify a wide range of adverbs with other adverbs.,catalogue+ruta_rule
polke_995_per_100_words,995,C1,CLAUSES,comparatives,FORM: SUPERLATIVE ADVERB 'BEST' + CLAUSE,Can use 'the best' as a superlative adverb + pronoun + ellipted 'can' or 'could'.,catalogue+ruta_rule
polke_1001_per_100_words,1001,C1,CLAUSES,subordinated,FORM: NON-FINITE AFTER 'IF',Can use non-finite clauses after 'if'. .► 'clauses: conditionals',catalogue+ruta_rule
polke_1006_per_100_words,1006,C1,CONJUNCTIONS,coordinating,FORM: 'EITHER … OR',Can use 'either … or' to combine more complex strings of clauses and sentences.,catalogue+ruta_rule
polke_1010_per_100_words,1010,C1,DETERMINERS,possessives,FORM: 'ONE'S',"Can use 'one's' to indicate possession, referring to people in general.",catalogue+ruta_rule
polke_1011_per_100_words,1011,C1,DETERMINERS,quantity,"FORM: 'EITHER', 'NEITHER' WITH SINGULAR NOUNS",Can use 'either' and 'neither' with singular nouns.,catalogue+ruta_rule
polke_1012_per_100_words,1012,C1,DETERMINERS,quantity,"FORM: 'EITHER', 'NEITHER' + 'OF' + DETERMINER WITH PLURAL NOUNS",Can use 'either' and 'neither' + 'of' with plural noun phrases or pronouns.► pronouns,catalogue+ruta_rule
polke_1015_per_100_words,1015,C1,FUTURE,future perfect simple,FORM: WITH ADVERBS,Can use the future perfect with adverbs (in the normal mid-position).,catalogue+ruta_rule
polke_1018_per_100_words,1018,C1,FUTURE,future with will and shall,FORM: NEGATIVE 'SHALL',Can use the negative form 'shall not'.,catalogue+ruta_rule
polke_1019_per_100_words,1019,C1,FUTURE,future with be going to,FORM: WITH ADVERBS,Can use 'be' + 'going to' with an increasing range of adverbs (particularly adverbs of certainty) in the normal mid position.,catalogue+ruta_rule
polke_1020_per_100_words,1020,C1,FUTURE,present simple for future use,FORM: WITH 'BY THE TIME',Can use the present simple with 'by the time' to refer to the future.,catalogue+ruta_rule
polke_1025_per_100_words,1025,C1,MODALITY,can,FORM: PASSIVE,"Can use 'can' in passive reporting clauses in a more formal impersonal style (e.g. for reports and academic contexts), such as 'It can be said that', 'It can be argued (that)', 'It can be concluded that', 'It can be considered'.► passives",catalogue+ruta_rule
polke_1026_per_100_words,1026,C1,MODALITY,can,FORM: WITH ADVERBS,Can use a wide range of adverbs with 'can' in the normal mid position after the modal verb). ► adverbs,catalogue+ruta_rule
polke_1029_per_100_words,1029,C1,MODALITY,dare,FORM: QUESTION,Can use the question form.,catalogue+ruta_rule
polke_1035_per_100_words,1035,C1,MODALITY,might,FORM: QUESTIONS,Can use the question form.,catalogue+ruta_rule
polke_1036_per_100_words,1036,C1,MODALITY,might,"FORM: PAST, NEGATIVE",Can use 'might not have' + '-ed'.,catalogue+ruta_rule
polke_1040_per_100_words,1040,C1,MODALITY,need,"FORM: PAST, NEGATIVE",Can use 'needn't have' + '-ed'.,catalogue+ruta_rule
polke_1045_per_100_words,1045,C1,MODALITY,shall,FORM: NEGATIVE,Can use the negative form.,catalogue
polke_1049_per_100_words,1049,C1,MODALITY,used to,FORM: QUESTIONS,Can use the question form.,catalogue+ruta_rule
polke_1051_per_100_words,1051,C1,MODALITY,would,FORM: WITH ADVERBS,"Can use an increasing range of adverbs with 'would', including 'strongly', 'easily', 'especially', 'actually', 'absolutely', 'gladly'  ► adverbs",catalogue+ruta_rule
polke_1054_per_100_words,1054,C1,NOUNS,noun phrases,FORM: NOUN PHRASE WITH POSSESSIVE 'S WITHOUT NOUN,"Can form complex noun phrases with noun phrase + 'of' + noun phrase + possessive determiner ''s', omitting the noun where it is previously mentioned.",catalogue+ruta_rule
polke_1057_per_100_words,1057,C1,NOUNS,types,"FORM'-ING' FORMS, ABSTRACT NOUNS",Can use the '-ing' form of verbs as abstract nouns.,catalogue+ruta_rule
polke_1058_per_100_words,1058,C1,NOUNS,uncountable,FORM: UNCOUNTABLE NOUNS,"Can use a wide range of uncountable nouns, particularly referring to abstract concepts.",catalogue+ruta_rule
polke_1065_per_100_words,1065,C1,PAST,past simple,FORM: INVERSION WITH 'NOT ONLY ... BUT ALSO',"Can use the inverted form of the past simple with auxiliary 'do', in the phrase 'not only ... but also'.",catalogue+ruta_rule
polke_1066_per_100_words,1066,C1,PAST,past simple,FORM: QUESTIONS,"Can use 'yes/no', 'wh-', tag and negative question forms with a wide range of verbs.  ► Questions",catalogue+ruta_rule
polke_1070_per_100_words,1070,C1,PAST,present perfect simple,FORM: NEGATIVE,"Can use the full negative forms with a wide range of verbs, often in formal contexts.",catalogue+ruta_rule
polke_1076_per_100_words,1076,C1,PRONOUNS,possessive,FORM: 'OURS' AS SUBJECT,"Can use the possessive pronoun 'ours', in subject position.",catalogue+ruta_rule
polke_1078_per_100_words,1078,C1,PRONOUNS,demonstratives,"FORM: 'THAT OF', 'THOSE OF'","Can use 'that of' and 'those of' as a possessive form, in formal and professional contexts.",catalogue+ruta_rule
polke_1079_per_100_words,1079,C1,PRONOUNS,quantity,"FORM: 'NONE', SUBSTITUTION",Can use pronouns 'none' to substitute for subject and object pronouns. ►  pronouns: substitution,catalogue+ruta_rule
polke_1081_per_100_words,1081,C1,PRONOUNS,quantity,FORM: MODIFIED,"Can modify 'few' and 'many' with 'very', 'too', 'so' as intensifiers.",catalogue+ruta_rule
polke_1082_per_100_words,1082,C1,PRONOUNS,quantity,FORM: RELATIVE PRONOUNS,"Can use 'some of', 'many of' to modify relative pronouns in a relative clause.",catalogue+ruta_rule
polke_1083_per_100_words,1083,C1,PRONOUNS,"substitution, one, ones, none",FORM: 'NONE',Can use 'none' as a pronoun. ►  determiners: quantity  ►  pronouns: quantity,catalogue+ruta_rule
polke_1086_per_100_words,1086,C1,PRONOUNS,reciprocal,"FORM: 'EACH ...' + 'THE OTHER(S)', AS COMPLEMENT","Can use 'each' (+ noun or pronoun) as subject followed by 'the other(s)' a complement of a preposition, to refer to two related things. ► pronouns: quantity",catalogue+ruta_rule
polke_1089_per_100_words,1089,C1,QUESTIONS,tags,FORM: TAGS WITH 'THERE' + 'BE',Can use affirmative and negative forms of question tags with 'there' + 'be'.,catalogue+ruta_rule
polke_1091_per_100_words,1091,C1,VERBS,phrasal-prepositional,"FORM: PHRASAL-PREPOSITIONAL VERB, STRANDED PREPOSITION","Can use verb + particle + preposition, where the preposition is separated from its complement. ► Prepositions",catalogue+ruta_rule
polke_1092_per_100_words,1092,C1,VERBS,phrasal,FORM: VERB + PRONOUN + PARTICLE,Can use a wide range of phrasal verbs + object pronoun + particle.,catalogue+ruta_rule
polke_1095_per_100_words,1095,C1,CLAUSES,conditional,FORM: ELLIPTED 'IF' CLAUSE,Can form ellipted 'if' clauses with 'if' + '-ed' form.,catalogue+ruta_rule
polke_1097_per_100_words,1097,C1,CLAUSES,conditional,"FORM: INVERTED CONDITIONAL CLAUSE, 'SHOULD'",Can introduce a conditional subordinate clause with 'should' + inverted subject.,catalogue+ruta_rule
polke_1104_per_100_words,1104,C1,NEGATION,negation,"FORM: 'NONE', SUBSTITUTION",Can use negative pronoun 'none' to substitute for subject and object pronouns or noun phrases. ► pronouns: substitution,catalogue+ruta_rule
polke_1105_per_100_words,1105,C1,NEGATION,negation,"FORM: 'NOT ALL', 'NOT EVERY'","Can use 'not with indefinite pronouns 'everyone' and 'everything' and determiners 'every', 'all'.",catalogue+ruta_rule
polke_1111_per_100_words,1111,C2,ADJECTIVES,combining,FORM: COMBINING MULTIPLE ADJECTIVES,"Can combine more complex, lengthy strings of adjectives, joining the last two adjectives with 'and'.",catalogue+ruta_rule
polke_1115_per_100_words,1115,C2,ADJECTIVES,modifying,FORM: COMPARISON,Can use adjectives in 'as … as' and 'so … that' in comparative structures. ► comparative clauses,catalogue+ruta_rule
polke_1121_per_100_words,1121,C2,ADVERBS,adverb phrases - form,FORM: PRE- AND POST-MODIFIED ADVERBS,"Can form adverb phrases with modifiers before, and complements after, adverbs.",catalogue+ruta_rule
polke_1123_per_100_words,1123,C2,CLAUSES,comparatives,FORM: 'AS IF' + NON-FINITE CLAUSE,Can use 'as if' + non-finite clause to introduce a second clause as a comparison.,catalogue+ruta_rule
polke_1127_per_100_words,1127,C2,CLAUSES,phrases/exclamations,FORM: 'HOW' + CLAUSE,Can use 'How' + clause.,catalogue+ruta_rule
polke_1128_per_100_words,1128,C2,CLAUSES,phrases/exclamations,FORM: 'HOW' + ADVERB + CLAUSE,Can use 'How' + adverb + clause.,catalogue+ruta_rule
polke_1137_per_100_words,1137,C2,DETERMINERS,possessives,FORM: SINGULAR NOUN ENDING IN 'S' + APOSTROPHE,"Can use an apostrophe after singular nouns ending in 's', to indicate possession.",catalogue+ruta_rule
polke_1138_per_100_words,1138,C2,DETERMINERS,possessives,FORM: ''S' WITH ELLIPTED NOUN,Can use ''s' without a following noun when the noun has already been mentioned or is obvious in the context.,catalogue+ruta_rule
polke_1139_per_100_words,1139,C2,DETERMINERS,possessives,FORM: ''S + 'S',Can use two possessive ''s' constructions in the same noun phrase.,catalogue+ruta_rule
polke_1143_per_100_words,1143,C2,FUTURE,future perfect simple,FORM: QUESTIONS,Can use the question form of the future perfect simple.,catalogue+ruta_rule
polke_1146_per_100_words,1146,C2,FUTURE,future with be going to,FORM: WITH ADVERBS,Can use 'be' + 'going to' with a wide range of adverbs before the main verb.,catalogue+ruta_rule
polke_1147_per_100_words,1147,C2,FUTURE,present simple for future use,FORM: INVERSION WITH 'ONLY WHEN',Can use the present simple with 'only when' (followed by 'will' and inverted subject) to refer to the future.,catalogue+ruta_rule
polke_1150_per_100_words,1150,C2,MODALITY,expressions with be,FORM: NEGATIVE,Can use 'be' + 'not' + adjective + 'to' + infinitive.,catalogue+ruta_rule
polke_1152_per_100_words,1152,C2,MODALITY,have (got) to,FORM: PAST,Can use 'have to have' + '-ed'.,catalogue+ruta_rule
polke_1159_per_100_words,1159,C2,MODALITY,might,FORM: 'MIGHT AS WELL',"Can use 'might as well', mostly to talk about or suggest what we think is the easiest or most logical course of action, often when we cannot see a better alternative. ► 'may'",catalogue+ruta_rule
polke_1160_per_100_words,1160,C2,MODALITY,must,FORM: ELLIPSIS,Can use ellipted 'must have' + '-ed' without a subject. ► ellipsis,catalogue+ruta_rule
polke_1161_per_100_words,1161,C2,MODALITY,must,FORM: INVERSION,"Can invert 'must' and the subject after negative phrases, e.g. 'not only', 'never', 'nor', to change the focus and give prominence/emphasis.",catalogue+ruta_rule
polke_1162_per_100_words,1162,C2,MODALITY,must,"FORM: PAST, NEGATIVE",Can use 'must not have been' (especially with 'easy').,catalogue+ruta_rule
polke_1163_per_100_words,1163,C2,MODALITY,must,FORM: WITH ADVERBS,Can use 'must' with a wide range of adverbs in the normal mid position after the modal verb. ► adverbs|,catalogue+ruta_rule
polke_1164_per_100_words,1164,C2,MODALITY,need,FORM: QUESTIONS,Can use the question form.,catalogue+ruta_rule
polke_1166_per_100_words,1166,C2,MODALITY,ought,"FORM: CONTRACTED FORM, NEGATIVE",Can use 'oughtn't' (without 'to') + verb.,catalogue+ruta_rule
polke_1167_per_100_words,1167,C2,MODALITY,ought,FORM: NEGATIVE,Can use the negative form 'ought not to'.,catalogue+ruta_rule
polke_1168_per_100_words,1168,C2,MODALITY,ought,"FORM: QUESTIONS, NEGATIVE","Can use 'ought' + subject + 'not to' + verb to form (rhetorical) questions, often in formal contexts.",catalogue+ruta_rule
polke_1172_per_100_words,1172,C2,MODALITY,used to,FORM: 'USED NOT TO',Can use negative form 'used not to',catalogue+ruta_rule
polke_1174_per_100_words,1174,C2,MODALITY,would,FORM: WITH ADVERBS,"Can use a wide range of adverbs with 'would', including 'undoubtedly', 'possibly', 'normally', 'personally', 'eventually', 'obviously', 'significantly', 'inevitably'. ► adverbs",catalogue+ruta_rule
polke_1176_per_100_words,1176,C2,NOUNS,noun phrases,FORM: COMPLEX NOUN PHRASES WITH 'LITTLE OR NO'  + NOUN,Can form complex noun phrases with 'little or no' + noun.,catalogue+ruta_rule
polke_1178_per_100_words,1178,C2,PASSIVES,passives: form,FORM: NON-FINITE PERFECT COMPLEMENTS,Can use non-finite '-ing' perfect forms of the passive as the complement of prepositions.,catalogue+ruta_rule
polke_1182_per_100_words,1182,C2,PAST,past perfect continuous,FORM: QUESTIONS,Can use the question form.,catalogue+ruta_rule
polke_1184_per_100_words,1184,C2,PAST,past perfect simple,"FORM: FIXED EXPRESSIONS 'HAD IT NOT BEEN FOR', 'IF IT HADN'T BEEN FOR'",Can use 'had it not been for' and 'if it hadn't been for' with a modal form for giving reasons.,catalogue+ruta_rule
polke_1185_per_100_words,1185,C2,PAST,past perfect simple,FORM: INVERSION WITH 'HARDLY ... WHEN',"Can invert the subject and affirmative auxiliary verb with 'hardly ... when' to talk about something that happened immediately before something else, in formal contexts.",catalogue+ruta_rule
polke_1191_per_100_words,1191,C2,PRONOUNS,possessive,FORM: 'HERS' AS SUBJECT,"Can use the possessive pronoun 'hers' with singular reference, in subject position.",catalogue+ruta_rule
polke_1192_per_100_words,1192,C2,PRONOUNS,possessive,FORM: 'HIS',"Can use the possessive pronoun 'his', with singular and plural reference, in subject and object position, and complement positions after 'be' and after prepositions.",catalogue+ruta_rule
polke_1193_per_100_words,1193,C2,PRONOUNS,possessive,"FORM: OF 'THEIRS', 'HERS', 'HIS'","Can use the possessive pronouns 'hers', 'theirs' and 'his' after noun + 'of'.",catalogue+ruta_rule
polke_1194_per_100_words,1194,C2,PRONOUNS,possessive,FORM: 'THEIRS' AS SUBJECT,"Can use the possessive pronoun 'theirs', with singular and plural reference, in subject position.",catalogue+ruta_rule
polke_1196_per_100_words,1196,C2,PRONOUNS,subject/ object,FORM: (SUBJECT) CLEFT CONSTRUCTIONS WITH 'IT',Can form a cleft construction beginning with 'it' to emphasise the subject of the main clause. ► clauses,catalogue+ruta_rule
polke_1197_per_100_words,1197,C2,PRONOUNS,quantity,FORM: 'A LOT' AND 'MUCH',Can use 'a lot' and 'much' as a subject pronouns. ► focus,catalogue+ruta_rule
polke_1200_per_100_words,1200,C2,PRONOUNS,reciprocal,"FORM: 'EACH ... THE OTHER(S)', AS OBJECT","Can use 'each' (+ noun or pronoun) as subject followed by 'the other(s)' as object , to refer to two related things. ► pronouns: quantity",catalogue+ruta_rule
polke_1201_per_100_words,1201,C2,QUESTIONS,alternatives,FORM: ELLIPSIS,Can form alternative questions with two or more clauses and ellipsis in the second or third clause.,catalogue+ruta_rule
polke_1203_per_100_words,1203,C2,VERBS,phrasal-prepositional,FORM: VERB + DIRECT OBJECT + PARTICLE + PREPOSITION + OBJECT,Can use a direct object with some prepositional verbs as well as an object of the preposition.,catalogue+ruta_rule
