model_validation_rank,experiment,output,tool_rank,tool,features,contribution,share
1,classifier__combined,overall,1,TAALES,485,7.5518270119994675,0.3610053357490897
1,classifier__combined,overall,2,POLKE,618,3.503155188456944,0.1674638088214399
1,classifier__combined,overall,3,TAASSC,139,3.0994930440703667,0.14816726141219372
1,classifier__combined,overall,4,LCA,33,3.0146139766363462,0.14410972723027984
1,classifier__combined,overall,5,TAALES_COVERAGE,352,2.0651200519552027,0.09872039660517558
1,classifier__combined,overall,6,L2SCA,23,1.3979967763470251,0.06682943012590004
1,classifier__combined,overall,7,ERRANT,69,0.28667315859219894,0.013704040055921254
1,classifier__combined,1,1,LCA,33,7.1691103287498095,0.3174350854581086
1,classifier__combined,1,2,POLKE,618,6.282382047421241,0.27817237992645283
1,classifier__combined,1,3,TAALES,485,3.9697359807138084,0.1757726443727036
1,classifier__combined,1,4,TAASSC,139,2.6010162227196747,0.1151682383274089
1,classifier__combined,1,5,L2SCA,23,1.535984518984185,0.06801058355745834
1,classifier__combined,1,6,TAALES_COVERAGE,352,0.9214497031039298,0.040800106545598756
1,classifier__combined,1,7,ERRANT,69,0.10481376756338814,0.004640961812268906
1,classifier__combined,2,1,LCA,33,4.210333579938676,0.32988204942250304
1,classifier__combined,2,2,TAALES,485,2.5084054666227846,0.196535006170268
1,classifier__combined,2,3,L2SCA,23,1.833006539040323,0.1436171130441114
1,classifier__combined,2,4,TAASSC,139,1.72908798720971,0.1354750349403141
1,classifier__combined,2,5,POLKE,618,1.6273505174826084,0.12750384586956
1,classifier__combined,2,6,TAALES_COVERAGE,352,0.7684288656332329,0.060206842098766006
1,classifier__combined,2,7,ERRANT,69,0.08653553096170741,0.006780108454477445
1,classifier__combined,3,1,LCA,33,5.528839633440126,0.35804165116822173
1,classifier__combined,3,2,TAALES,485,3.108881734838726,0.20132780536732447
1,classifier__combined,3,3,L2SCA,23,2.2791665620268593,0.1475963517226753
1,classifier__combined,3,4,POLKE,618,1.9227256345477375,0.12451362430069188
1,classifier__combined,3,5,TAASSC,139,1.627133320546373,0.10537138701502977
1,classifier__combined,3,6,TAALES_COVERAGE,352,0.7634699149384574,0.04944148267721452
1,classifier__combined,3,7,ERRANT,69,0.21167275469135233,0.01370769774884238
1,classifier__combined,4,1,TAALES,485,2.5721786773404154,0.2665781610284887
1,classifier__combined,4,2,POLKE,618,2.310952552602146,0.23950493296747002
1,classifier__combined,4,3,TAASSC,139,1.892316442619805,0.19611788317876552
1,classifier__combined,4,4,LCA,33,1.717308252504812,0.17798020017222663
1,classifier__combined,4,5,TAALES_COVERAGE,352,0.7380455154898595,0.07649033794108046
1,classifier__combined,4,6,L2SCA,23,0.21970281612908793,0.022769791699319517
1,classifier__combined,4,7,ERRANT,69,0.1983682068970098,0.02055869301264919
1,classifier__combined,5,1,TAALES,485,2.866263802140353,0.3112091833887705
1,classifier__combined,5,2,TAASSC,139,1.7910448812120816,0.19446556680457133
1,classifier__combined,5,3,POLKE,618,1.4952534203721428,0.1623495351564623
1,classifier__combined,5,4,L2SCA,23,1.0202738203167736,0.11077786427635188
1,classifier__combined,5,5,LCA,33,0.8835154147693075,0.09592910133966906
1,classifier__combined,5,6,TAALES_COVERAGE,352,0.8436157043960417,0.09159692637606658
1,classifier__combined,5,7,ERRANT,69,0.31012043213538276,0.03367182265810827
1,classifier__combined,6,1,TAALES,485,1.6985830834221058,0.22697398076169667
1,classifier__combined,6,2,POLKE,618,1.652301246005628,0.22078954799658296
1,classifier__combined,6,3,TAASSC,139,1.3882451846976733,0.18550492991444978
1,classifier__combined,6,4,LCA,33,0.894363612203096,0.11950976745934146
1,classifier__combined,6,5,TAALES_COVERAGE,352,0.8633554736680537,0.11536629004690349
1,classifier__combined,6,6,L2SCA,23,0.8154671581887951,0.10896719087867153
1,classifier__combined,6,7,ERRANT,69,0.1712868896682501,0.022888292942354106
1,classifier__combined,7,1,TAALES,485,2.2794939247552204,0.3194170837448639
1,classifier__combined,7,2,POLKE,618,1.5962375652912288,0.22367488789165216
1,classifier__combined,7,3,TAASSC,139,1.0315739174458702,0.1445506517036267
1,classifier__combined,7,4,TAALES_COVERAGE,352,0.9137940573682866,0.12804659392953116
1,classifier__combined,7,5,LCA,33,0.8118801885399038,0.11376577904303645
1,classifier__combined,7,6,L2SCA,23,0.3435715594225201,0.048143416561288316
1,classifier__combined,7,7,ERRANT,69,0.15986709652443903,0.022401587126001415
1,classifier__combined,8,1,TAALES,485,2.4160678263532938,0.3154704987621033
1,classifier__combined,8,2,POLKE,618,1.6168668275619729,0.21111732831307065
1,classifier__combined,8,3,TAASSC,139,1.296665705507935,0.16930806841698628
1,classifier__combined,8,4,TAALES_COVERAGE,352,1.043665752876318,0.13627339100730756
1,classifier__combined,8,5,LCA,33,0.6462446125429877,0.084381368775136
1,classifier__combined,8,6,L2SCA,23,0.4969860770422702,0.06489240239542017
1,classifier__combined,8,7,ERRANT,69,0.1421205199689963,0.018556942329976078
1,classifier__combined,9,1,TAALES,485,2.9470892495643413,0.3236168366062536
1,classifier__combined,9,2,TAASSC,139,1.7604290732265686,0.1933109042528924
1,classifier__combined,9,3,POLKE,618,1.4953645583043702,0.16420444274061435
1,classifier__combined,9,4,TAALES_COVERAGE,352,1.4667435196350425,0.16106159594833538
1,classifier__combined,9,5,LCA,33,0.7931607492365168,0.08709616535234274
1,classifier__combined,9,6,L2SCA,23,0.4261193599099614,0.04679172824207091
1,classifier__combined,9,7,ERRANT,69,0.21781760395563676,0.02391832685749072
1,classifier__combined,10,1,TAALES,485,3.7741147362134377,0.27028699582364885
1,classifier__combined,10,2,POLKE,618,2.937417013955037,0.21036605288257462
1,classifier__combined,10,3,TAASSC,139,2.878323133823437,0.20613398564331578
1,classifier__combined,10,4,TAALES_COVERAGE,352,1.9013082699144275,0.13616409047633346
1,classifier__combined,10,5,LCA,33,1.0676729057728283,0.07646246136999357
1,classifier__combined,10,6,L2SCA,23,1.034539930924521,0.07408961028824972
1,classifier__combined,10,7,ERRANT,69,0.3699844171456067,0.02649680351588398
1,classifier__combined,11,1,TAALES,485,7.539785337529382,0.41919679850303326
1,classifier__combined,11,2,POLKE,618,3.1119174296936962,0.17301630820179859
1,classifier__combined,11,3,LCA,33,2.619946777069664,0.14566373603891256
1,classifier__combined,11,4,TAASSC,139,2.4765913669739756,0.1376934654980415
1,classifier__combined,11,5,TAALES_COVERAGE,352,1.6089446351237364,0.08945406398446724
1,classifier__combined,11,6,L2SCA,23,0.438320874306806,0.024369753116429155
1,classifier__combined,11,7,ERRANT,69,0.1907600881459023,0.01060587465731773
1,classifier__combined,12,1,TAALES,485,7.652538151975926,0.35355509873347646
1,classifier__combined,12,2,POLKE,618,4.387730709926887,0.20271765178505544
1,classifier__combined,12,3,TAALES_COVERAGE,352,3.7218119181312233,0.1719515217108131
1,classifier__combined,12,4,TAASSC,139,3.4902767746460284,0.16125436099243878
1,classifier__combined,12,5,LCA,33,1.1383704427755246,0.05259388013463877
1,classifier__combined,12,6,L2SCA,23,1.0008203483642828,0.04623892492310432
1,classifier__combined,12,7,ERRANT,69,0.25299356402458345,0.011688561720473091
1,classifier__combined,13,1,TAALES,485,12.334757478177462,0.43708706006554565
1,classifier__combined,13,2,POLKE,618,4.175820653880531,0.14797187347985946
1,classifier__combined,13,3,TAASSC,139,4.079326628405141,0.14455256912924325
1,classifier__combined,13,4,LCA,33,3.4679041129138204,0.12288656797544764
1,classifier__combined,13,5,TAALES_COVERAGE,352,2.670566672382923,0.09463259716342234
1,classifier__combined,13,6,L2SCA,23,1.161248916522879,0.04114931937861511
1,classifier__combined,13,7,ERRANT,69,0.3307430689082602,0.011720012807866557
1,classifier__combined,14,1,TAALES,485,26.730288554482623,0.4191704208432852
1,classifier__combined,14,2,POLKE,618,9.378588778783604,0.14707012972591257
1,classifier__combined,14,3,TAASSC,139,8.458884720831016,0.13264781115507118
1,classifier__combined,14,4,LCA,33,7.512981282959015,0.11781464759524778
1,classifier__combined,14,5,L2SCA,23,5.640479373722914,0.08845105087519943
1,classifier__combined,14,6,TAALES_COVERAGE,352,5.442629130764929,0.0853484667248036
1,classifier__combined,14,7,ERRANT,69,0.605649118725824,0.009497473080480266
1,classifier__combined,15,1,TAALES,485,30.87922117586213,0.45974963500105515
1,classifier__combined,15,2,TAASSC,139,9.991480301190215,0.14875956214799785
1,classifier__combined,15,3,POLKE,618,8.556418871025326,0.12739344786147133
1,classifier__combined,15,4,TAALES_COVERAGE,352,7.308971645901579,0.10882065409936605
1,classifier__combined,15,5,LCA,33,6.757577756129108,0.10061114848648273
1,classifier__combined,15,6,L2SCA,23,2.7242637903032,0.04056058525911053
1,classifier__combined,15,7,ERRANT,69,0.9473643195666446,0.014104967144516315
2,classifier__complexity,overall,1,TAALES,485,7.488253662734354,0.36499898815683135
2,classifier__complexity,overall,2,POLKE,618,3.44878915623002,0.16810388764668985
2,classifier__complexity,overall,3,LCA,33,3.069223936866115,0.14960278882617226
2,classifier__complexity,overall,4,TAASSC,139,3.046415078507219,0.1484910195676814
2,classifier__complexity,overall,5,TAALES_COVERAGE,352,2.0303682766607754,0.09896598058035129
2,classifier__complexity,overall,6,L2SCA,23,1.4327702219522187,0.06983733522227378
2,classifier__complexity,1,1,LCA,33,7.08875912598346,0.3177403083175479
2,classifier__complexity,1,2,POLKE,618,6.229334995138259,0.27921823647716637
2,classifier__complexity,1,3,TAALES,485,4.009014423232098,0.17969653873808822
2,classifier__complexity,1,4,TAASSC,139,2.5631056030168975,0.11488639267878034
2,classifier__complexity,1,5,L2SCA,23,1.5245071224941695,0.06833316727578781
2,classifier__complexity,1,6,TAALES_COVERAGE,352,0.8951932748739397,0.04012535651262933
2,classifier__complexity,2,1,LCA,33,4.13716709427973,0.3306265209122054
2,classifier__complexity,2,2,TAALES,485,2.5008316213795565,0.19985686812292106
2,classifier__complexity,2,3,L2SCA,23,1.8611720479466054,0.14873772922598424
2,classifier__complexity,2,4,TAASSC,139,1.645796838447406,0.13152576882295514
2,classifier__complexity,2,5,POLKE,618,1.6131246351744926,0.12891473169235543
2,classifier__complexity,2,6,TAALES_COVERAGE,352,0.7550209965962853,0.06033838122357874
2,classifier__complexity,3,1,LCA,33,5.6062671585166886,0.3681912722380699
2,classifier__complexity,3,2,TAALES,485,3.153364010476981,0.20709699948627694
2,classifier__complexity,3,3,L2SCA,23,2.2197349137104943,0.14578096241253116
2,classifier__complexity,3,4,POLKE,618,1.9051671909068024,0.12512174536323736
2,classifier__complexity,3,5,TAASSC,139,1.561933757715269,0.10257990943780354
2,classifier__complexity,3,6,TAALES_COVERAGE,352,0.7800404424623221,0.05122911106208111
2,classifier__complexity,4,1,TAALES,485,2.519203513625424,0.2656275351696234
2,classifier__complexity,4,2,POLKE,618,2.2837774345914905,0.2408039555143074
2,classifier__complexity,4,3,LCA,33,1.8796698649072545,0.19819441757978268
2,classifier__complexity,4,4,TAASSC,139,1.8449038812675536,0.19452865477339817
2,classifier__complexity,4,5,TAALES_COVERAGE,352,0.7308282197198738,0.07705931560774197
2,classifier__complexity,4,6,L2SCA,23,0.2255868558775009,0.02378612135514644
2,classifier__complexity,5,1,TAALES,485,2.8001144576229273,0.31477783906698964
2,classifier__complexity,5,2,TAASSC,139,1.804801048615558,0.2028886256711532
2,classifier__complexity,5,3,POLKE,618,1.4643128702367694,0.16461228567149605
2,classifier__complexity,5,4,L2SCA,23,1.0800361185932277,0.12141340672683919
2,classifier__complexity,5,5,LCA,33,0.9095595132772349,0.10224909817982385
2,classifier__complexity,5,6,TAALES_COVERAGE,352,0.8367020106476932,0.09405874468369793
2,classifier__complexity,6,1,TAALES,485,1.6669940331198045,0.2285242669446464
2,classifier__complexity,6,2,POLKE,618,1.6202964953050696,0.2221226119985514
2,classifier__complexity,6,3,TAASSC,139,1.372856124201625,0.18820159710859466
2,classifier__complexity,6,4,LCA,33,0.9461356733601042,0.1297035003659537
2,classifier__complexity,6,5,TAALES_COVERAGE,352,0.8513668572832764,0.11671186764688647
2,classifier__complexity,6,6,L2SCA,23,0.8369548227177523,0.11473615593536736
2,classifier__complexity,7,1,TAALES,485,2.2351661149469284,0.31967069335085563
2,classifier__complexity,7,2,POLKE,618,1.592121238465867,0.22770321042160716
2,classifier__complexity,7,3,TAASSC,139,1.0295798480606642,0.14724923650582267
2,classifier__complexity,7,4,TAALES_COVERAGE,352,0.939333115530653,0.13434226043473863
2,classifier__complexity,7,5,LCA,33,0.8319613735767349,0.1189860866957174
2,classifier__complexity,7,6,L2SCA,23,0.3639278610682133,0.05204851259125852
2,classifier__complexity,8,1,TAALES,485,2.3877511817904096,0.31922351840263047
2,classifier__complexity,8,2,POLKE,618,1.5782025843060132,0.21099324986472218
2,classifier__complexity,8,3,TAASSC,139,1.3145825047698652,0.1757493224601886
2,classifier__complexity,8,4,TAALES_COVERAGE,352,1.0353294475314907,0.13841538911899262
2,classifier__complexity,8,5,LCA,33,0.6689172672099012,0.0894289678034638
2,classifier__complexity,8,6,L2SCA,23,0.4950894051814761,0.06618955235000236
2,classifier__complexity,9,1,TAALES,485,2.837639489190832,0.32546662581583913
2,classifier__complexity,9,2,TAASSC,139,1.7065944479924355,0.19573999401260414
2,classifier__complexity,9,3,POLKE,618,1.5208948604609156,0.17444094654744804
2,classifier__complexity,9,4,TAALES_COVERAGE,352,1.4328622419792612,0.16434393478534878
2,classifier__complexity,9,5,LCA,33,0.7810300469752884,0.08958122235686806
2,classifier__complexity,9,6,L2SCA,23,0.43965930675278586,0.050427276481891756
2,classifier__complexity,10,1,TAALES,485,3.7574499847671636,0.27853356966195053
2,classifier__complexity,10,2,TAASSC,139,2.915118590443346,0.21609293278042474
2,classifier__complexity,10,3,POLKE,618,2.8692317199008492,0.212691414755
2,classifier__complexity,10,4,TAALES_COVERAGE,352,1.8001126620662975,0.13343938245130674
2,classifier__complexity,10,5,L2SCA,23,1.1579813219324233,0.08583924536780992
2,classifier__complexity,10,6,LCA,33,0.9902210751270794,0.07340345498350816
2,classifier__complexity,11,1,TAALES,485,7.594303265878739,0.4263402380631941
2,classifier__complexity,11,2,POLKE,618,2.9748554080706375,0.1670068363715339
2,classifier__complexity,11,3,LCA,33,2.611919534263988,0.14663180505883638
2,classifier__complexity,11,4,TAASSC,139,2.521357286959865,0.14154768756662953
2,classifier__complexity,11,5,TAALES_COVERAGE,352,1.5965423216492702,0.08962905610422103
2,classifier__complexity,11,6,L2SCA,23,0.5137984305676807,0.02884437683558504
2,classifier__complexity,12,1,TAALES,485,7.629623969247776,0.36094587391143484
2,classifier__complexity,12,2,POLKE,618,4.350559776123817,0.2058183478932015
2,classifier__complexity,12,3,TAALES_COVERAGE,352,3.630376429262219,0.17174757211746555
2,classifier__complexity,12,4,TAASSC,139,3.412154315539013,0.16142381673160358
2,classifier__complexity,12,5,LCA,33,1.0908606947483575,0.051606955777717164
2,classifier__complexity,12,6,L2SCA,23,1.0242865298240418,0.04845743356857738
2,classifier__complexity,13,1,TAALES,485,12.046095334292389,0.4420003840101119
2,classifier__complexity,13,2,POLKE,618,4.069025342220944,0.14930238503829524
2,classifier__complexity,13,3,TAASSC,139,3.974926212104308,0.14584966027625818
2,classifier__complexity,13,4,LCA,33,3.316356314851445,0.12168513729970444
2,classifier__complexity,13,5,TAALES_COVERAGE,352,2.627687356403574,0.09641620694156001
2,classifier__complexity,13,6,L2SCA,23,1.2194951157832346,0.04474622643407034
2,classifier__complexity,14,1,TAALES,485,26.820377648891004,0.42350620558992186
2,classifier__complexity,14,2,POLKE,618,9.169936691180093,0.14479755447224524
2,classifier__complexity,14,3,TAASSC,139,8.31930633817188,0.13136570657367475
2,classifier__complexity,14,4,LCA,33,8.105200713050621,0.12798487942509387
2,classifier__complexity,14,5,L2SCA,23,5.792868462844114,0.09147208045678193
2,classifier__complexity,14,6,TAALES_COVERAGE,352,5.121671781854446,0.08087357348228237
2,classifier__complexity,15,1,TAALES,485,30.36587589255328,0.4614921958143934
2,classifier__complexity,15,2,TAASSC,139,9.709209380302601,0.14755788281530768
2,classifier__complexity,15,3,POLKE,618,8.49099610136828,0.12904381383027566
2,classifier__complexity,15,4,TAALES_COVERAGE,352,7.4224569920510275,0.11280445154027482
2,classifier__complexity,15,5,LCA,33,7.074333602863837,0.10751376841100131
2,classifier__complexity,15,6,L2SCA,23,2.7364550139895627,0.041587887588747055
3,classifier__combined_plus_error_composition,overall,1,TAALES,485,7.508445408032299,0.35839475185714503
3,classifier__combined_plus_error_composition,overall,2,POLKE,618,3.546747807886826,0.16929413899016313
3,classifier__combined_plus_error_composition,overall,3,LCA,33,3.0723896830162434,0.14665197363959076
3,classifier__combined_plus_error_composition,overall,4,TAASSC,139,3.0289291251948427,0.1445775048262048
3,classifier__combined_plus_error_composition,overall,5,TAALES_COVERAGE,352,2.073516001546459,0.09897351748087266
3,classifier__combined_plus_error_composition,overall,6,L2SCA,23,1.4316923385207623,0.06833785058236079
3,classifier__combined_plus_error_composition,overall,7,ERRANT,72,0.28848989732207997,0.013770262623662847
3,classifier__combined_plus_error_composition,1,1,LCA,33,7.264251623096724,0.319089425542115
3,classifier__combined_plus_error_composition,1,2,POLKE,618,6.475063480441037,0.28442355710165734
3,classifier__combined_plus_error_composition,1,3,TAALES,485,3.870461650445386,0.17001384983645687
3,classifier__combined_plus_error_composition,1,4,TAASSC,139,2.508047586091343,0.11016846676038095
3,classifier__combined_plus_error_composition,1,5,L2SCA,23,1.6248517108852534,0.07137321584084598
3,classifier__combined_plus_error_composition,1,6,TAALES_COVERAGE,352,0.9100587971546628,0.03997523129159411
3,classifier__combined_plus_error_composition,1,7,ERRANT,72,0.11283192287829844,0.004956253626949712
3,classifier__combined_plus_error_composition,2,1,LCA,33,4.26554231034276,0.33314342302191785
3,classifier__combined_plus_error_composition,2,2,TAALES,485,2.553345050856024,0.19941898321714122
3,classifier__combined_plus_error_composition,2,3,L2SCA,23,1.8825262441117125,0.1470273159338502
3,classifier__combined_plus_error_composition,2,4,TAASSC,139,1.6242513402728216,0.12685576932020737
3,classifier__combined_plus_error_composition,2,5,POLKE,618,1.622683701953297,0.12673333508844264
3,classifier__combined_plus_error_composition,2,6,TAALES_COVERAGE,352,0.7593387602093952,0.05930517045769256
3,classifier__combined_plus_error_composition,2,7,ERRANT,72,0.09623431356657249,0.0075160029607481155
3,classifier__combined_plus_error_composition,3,1,LCA,33,5.607609135482679,0.36262693737342805
3,classifier__combined_plus_error_composition,3,2,TAALES,485,3.1640716523408616,0.2046108395213047
3,classifier__combined_plus_error_composition,3,3,L2SCA,23,2.262345168650849,0.14629894487444756
3,classifier__combined_plus_error_composition,3,4,POLKE,618,1.9254370401642193,0.1245121263110307
3,classifier__combined_plus_error_composition,3,5,TAASSC,139,1.5215637684090941,0.09839487668019654
3,classifier__combined_plus_error_composition,3,6,TAALES_COVERAGE,352,0.7588851283267092,0.04907478093686145
3,classifier__combined_plus_error_composition,3,7,ERRANT,72,0.223939678435441,0.01448149430273092
3,classifier__combined_plus_error_composition,4,1,TAALES,485,2.5638803268741874,0.2660657314128725
3,classifier__combined_plus_error_composition,4,2,POLKE,618,2.3267569825386456,0.24145834417080864
3,classifier__combined_plus_error_composition,4,3,TAASSC,139,1.8343190278650394,0.19035577779423013
3,classifier__combined_plus_error_composition,4,4,LCA,33,1.7110580200917553,0.17756441236108994
3,classifier__combined_plus_error_composition,4,5,TAALES_COVERAGE,352,0.7423023828761297,0.07703215487840012
3,classifier__combined_plus_error_composition,4,6,L2SCA,23,0.2518083453639496,0.026131317785337525
3,classifier__combined_plus_error_composition,4,7,ERRANT,72,0.20614153639896524,0.021392261597261115
3,classifier__combined_plus_error_composition,5,1,TAALES,485,2.8892112058083286,0.31038599684055934
3,classifier__combined_plus_error_composition,5,2,TAASSC,139,1.7614032331577667,0.18922635259851156
3,classifier__combined_plus_error_composition,5,3,POLKE,618,1.4776580665885095,0.15874380213725184
3,classifier__combined_plus_error_composition,5,4,L2SCA,23,1.1042212836089806,0.11862574226367326
3,classifier__combined_plus_error_composition,5,5,LCA,33,0.9230477983000319,0.09916239783054667
3,classifier__combined_plus_error_composition,5,6,TAALES_COVERAGE,352,0.845677912685619,0.09085060358594732
3,classifier__combined_plus_error_composition,5,7,ERRANT,72,0.30722622619734674,0.03300510474350997
3,classifier__combined_plus_error_composition,6,1,TAALES,485,1.6759232344436217,0.22361624370823155
3,classifier__combined_plus_error_composition,6,2,POLKE,618,1.6176373751612942,0.21583923778925365
3,classifier__combined_plus_error_composition,6,3,TAASSC,139,1.348284037638893,0.17989977449573905
3,classifier__combined_plus_error_composition,6,4,LCA,33,0.9033657120306656,0.12053490462298677
3,classifier__combined_plus_error_composition,6,5,L2SCA,23,0.90296021794333,0.12048080007762794
3,classifier__combined_plus_error_composition,6,6,TAALES_COVERAGE,352,0.8747608122409426,0.1167181902823972
3,classifier__combined_plus_error_composition,6,7,ERRANT,72,0.17170856447197497,0.022910849023763814
3,classifier__combined_plus_error_composition,7,1,TAALES,485,2.277496113308971,0.3180358000425187
3,classifier__combined_plus_error_composition,7,2,POLKE,618,1.582775447706894,0.22102310201871597
3,classifier__combined_plus_error_composition,7,3,TAASSC,139,1.022714220254215,0.14281461704926493
3,classifier__combined_plus_error_composition,7,4,TAALES_COVERAGE,352,0.9143767522094658,0.12768607605073268
3,classifier__combined_plus_error_composition,7,5,LCA,33,0.8473436531497517,0.11832539035550603
3,classifier__combined_plus_error_composition,7,6,L2SCA,23,0.35097460642017964,0.049011056087061244
3,classifier__combined_plus_error_composition,7,7,ERRANT,72,0.1654504789786685,0.02310395839620048
3,classifier__combined_plus_error_composition,8,1,TAALES,485,2.436691616030437,0.3165207999985083
3,classifier__combined_plus_error_composition,8,2,POLKE,618,1.5908014454250943,0.2066415556372336
3,classifier__combined_plus_error_composition,8,3,TAASSC,139,1.3043655361552264,0.16943417060994986
3,classifier__combined_plus_error_composition,8,4,TAALES_COVERAGE,352,1.0561594632683697,0.13719275596486635
3,classifier__combined_plus_error_composition,8,5,LCA,33,0.6558097160098174,0.08518821774270392
3,classifier__combined_plus_error_composition,8,6,L2SCA,23,0.5108656674913085,0.06636030948780557
3,classifier__combined_plus_error_composition,8,7,ERRANT,72,0.14366829374855378,0.018662190558932392
3,classifier__combined_plus_error_composition,9,1,TAALES,485,2.964649993284528,0.3245703974176708
3,classifier__combined_plus_error_composition,9,2,TAASSC,139,1.7577109795116324,0.19243450405875312
3,classifier__combined_plus_error_composition,9,3,POLKE,618,1.5055004889811276,0.1648224556450046
3,classifier__combined_plus_error_composition,9,4,TAALES_COVERAGE,352,1.4909666887540605,0.1632312926657748
3,classifier__combined_plus_error_composition,9,5,LCA,33,0.7656128693904007,0.08381943023595119
3,classifier__combined_plus_error_composition,9,6,L2SCA,23,0.43356511540749293,0.047466784319568966
3,classifier__combined_plus_error_composition,9,7,ERRANT,72,0.21606775702728226,0.02365513565727662
3,classifier__combined_plus_error_composition,10,1,TAALES,485,3.815895603626567,0.271963868063833
3,classifier__combined_plus_error_composition,10,2,POLKE,618,2.97370260836651,0.21193967232076583
3,classifier__combined_plus_error_composition,10,3,TAASSC,139,2.859251598949119,0.2037825992615916
3,classifier__combined_plus_error_composition,10,4,TAALES_COVERAGE,352,1.8486272044478715,0.13175407750984025
3,classifier__combined_plus_error_composition,10,5,L2SCA,23,1.0920965370044038,0.07783514785377257
3,classifier__combined_plus_error_composition,10,6,LCA,33,1.0616082118774666,0.07566220506560267
3,classifier__combined_plus_error_composition,10,7,ERRANT,72,0.37971002584973,0.027062429924594077
3,classifier__combined_plus_error_composition,11,1,TAALES,485,7.433396473842908,0.41362307846430424
3,classifier__combined_plus_error_composition,11,2,POLKE,618,3.0974894848724475,0.17235635698325721
3,classifier__combined_plus_error_composition,11,3,LCA,33,2.6017407128798813,0.14477096799747968
3,classifier__combined_plus_error_composition,11,4,TAASSC,139,2.5199737347094207,0.14022113544830786
3,classifier__combined_plus_error_composition,11,5,TAALES_COVERAGE,352,1.6183751915182556,0.09005268737939047
3,classifier__combined_plus_error_composition,11,6,L2SCA,23,0.5034268751864971,0.028012628497488715
3,classifier__combined_plus_error_composition,11,7,ERRANT,72,0.19702335129795137,0.01096314522977171
3,classifier__combined_plus_error_composition,12,1,TAALES,485,7.508884394529884,0.3494267129322983
3,classifier__combined_plus_error_composition,12,2,POLKE,618,4.43317268846757,0.2062981501647485
3,classifier__combined_plus_error_composition,12,3,TAALES_COVERAGE,352,3.7484819635963396,0.1744359963751288
3,classifier__combined_plus_error_composition,12,4,TAASSC,139,3.423856482230429,0.1593295159809987
3,classifier__combined_plus_error_composition,12,5,LCA,33,1.121530013234182,0.05219051531341
3,classifier__combined_plus_error_composition,12,6,L2SCA,23,1.010977267184143,0.047045931826940855
3,classifier__combined_plus_error_composition,12,7,ERRANT,72,0.24225104369924447,0.011273177406474807
3,classifier__combined_plus_error_composition,13,1,TAALES,485,12.343700820911682,0.43954097752346327
3,classifier__combined_plus_error_composition,13,2,POLKE,618,4.166433550870929,0.14836055266617396
3,classifier__combined_plus_error_composition,13,3,TAASSC,139,3.870622295333949,0.13782715022005373
3,classifier__combined_plus_error_composition,13,4,LCA,33,3.4356147261646077,0.12233717237978753
3,classifier__combined_plus_error_composition,13,5,TAALES_COVERAGE,352,2.7281065397674107,0.09714384953709176
3,classifier__combined_plus_error_composition,13,6,L2SCA,23,1.2049905504267298,0.04290793596875126
3,classifier__combined_plus_error_composition,13,7,ERRANT,72,0.3336942979806254,0.01188236170467853
3,classifier__combined_plus_error_composition,14,1,TAALES,485,26.449019282723356,0.4135671209570098
3,classifier__combined_plus_error_composition,14,2,POLKE,618,9.633428176493924,0.15063201827302328
3,classifier__combined_plus_error_composition,14,3,TAASSC,139,8.250314098130186,0.1290051102493432
3,classifier__combined_plus_error_composition,14,4,LCA,33,7.798772158529125,0.12194462539899804
3,classifier__combined_plus_error_composition,14,5,L2SCA,23,5.725816185975696,0.08953108203561302
3,classifier__combined_plus_error_composition,14,6,TAALES_COVERAGE,352,5.489694703988888,0.08583899498854532
3,classifier__combined_plus_error_composition,14,7,ERRANT,72,0.6063451644078078,0.009481048097467363
3,classifier__combined_plus_error_composition,15,1,TAALES,485,30.680053701457734,0.45614880850501055
3,classifier__combined_plus_error_composition,15,2,TAASSC,139,9.827258939213504,0.14611097163038742
3,classifier__combined_plus_error_composition,15,3,POLKE,618,8.772676580270895,0.1304315177681793
3,classifier__combined_plus_error_composition,15,4,TAALES_COVERAGE,352,7.316927722152768,0.10878754955434393
3,classifier__combined_plus_error_composition,15,5,LCA,33,7.122938584663807,0.10590333315793325
3,classifier__combined_plus_error_composition,15,6,L2SCA,23,2.6139593021509078,0.03886415691313056
3,classifier__combined_plus_error_composition,15,7,ERRANT,72,0.9250558048927372,0.01375366247101505
4,classifier__combined_without_length_features,overall,1,TAALES,484,7.209460224078329,0.36268537471846146
4,classifier__combined_without_length_features,overall,2,POLKE,617,3.600146156179661,0.18111208288997457
4,classifier__combined_without_length_features,overall,3,TAASSC,138,3.5604579417052333,0.17911549306338953
4,classifier__combined_without_length_features,overall,4,TAALES_COVERAGE,352,2.0820211600992047,0.10473996681476687
4,classifier__combined_without_length_features,overall,5,LCA,28,1.661096064910409,0.08356454297830772
4,classifier__combined_without_length_features,overall,6,L2SCA,22,1.4709759262541207,0.07400019397201342
4,classifier__combined_without_length_features,overall,7,ERRANT,69,0.29384347918186826,0.014782345563086422
4,classifier__combined_without_length_features,1,1,POLKE,617,5.766350743258667,0.34735676143484134
4,classifier__combined_without_length_features,1,2,LCA,28,2.889393169490258,0.17405293201067182
4,classifier__combined_without_length_features,1,3,TAASSC,138,2.839329931232798,0.1710371937938486
4,classifier__combined_without_length_features,1,4,L2SCA,22,2.076905347738129,0.12510982205520996
4,classifier__combined_without_length_features,1,5,TAALES,484,1.9684908843754922,0.11857908909028103
4,classifier__combined_without_length_features,1,6,TAALES_COVERAGE,352,0.9367892044520325,0.056430848329161835
4,classifier__combined_without_length_features,1,7,ERRANT,69,0.123398554467428,0.007433353285985486
4,classifier__combined_without_length_features,2,1,TAALES,484,2.3272459279422093,0.2071865170829921
4,classifier__combined_without_length_features,2,2,LCA,28,2.2655564428423407,0.2016945192648731
4,classifier__combined_without_length_features,2,3,TAASSC,138,1.9794756416336958,0.1762257520430349
4,classifier__combined_without_length_features,2,4,L2SCA,22,1.9213089294416787,0.1710473743028324
4,classifier__combined_without_length_features,2,5,POLKE,617,1.8747109093269565,0.1668989165164784
4,classifier__combined_without_length_features,2,6,TAALES_COVERAGE,352,0.7635799578307249,0.06797883716449858
4,classifier__combined_without_length_features,2,7,ERRANT,69,0.1007350111013365,0.008968083625290469
4,classifier__combined_without_length_features,3,1,TAALES,484,2.857895494233416,0.2236796704822931
4,classifier__combined_without_length_features,3,2,L2SCA,22,2.5832459029618637,0.20218359751612752
4,classifier__combined_without_length_features,3,3,LCA,28,2.307263181291705,0.18058318407674595
4,classifier__combined_without_length_features,3,4,POLKE,617,2.2396790687093606,0.1752935602739302
4,classifier__combined_without_length_features,3,5,TAASSC,138,1.8103465787386883,0.14169087953289014
4,classifier__combined_without_length_features,3,6,TAALES_COVERAGE,352,0.7546033384798785,0.059060741177064106
4,classifier__combined_without_length_features,3,7,ERRANT,69,0.22369973491124462,0.01750836694094902
4,classifier__combined_without_length_features,4,1,POLKE,617,2.5629701073349493,0.2646812278418941
4,classifier__combined_without_length_features,4,2,TAALES,484,2.5012726261198135,0.2583096494001326
4,classifier__combined_without_length_features,4,3,TAASSC,138,2.1734836628846557,0.22445846049480506
4,classifier__combined_without_length_features,4,4,LCA,28,1.1915342012284498,0.12305127340119251
4,classifier__combined_without_length_features,4,5,TAALES_COVERAGE,352,0.7304193600843016,0.07543134916529787
4,classifier__combined_without_length_features,4,6,L2SCA,22,0.31571081313867216,0.032603862770525044
4,classifier__combined_without_length_features,4,7,ERRANT,69,0.20784263503998632,0.021464176926152826
4,classifier__combined_without_length_features,5,1,TAALES,484,2.7938156588868517,0.30775834246268924
4,classifier__combined_without_length_features,5,2,TAASSC,138,1.8349330026551882,0.2021307088142843
4,classifier__combined_without_length_features,5,3,POLKE,617,1.5270619817589677,0.16821656176527383
4,classifier__combined_without_length_features,5,4,L2SCA,22,1.0915766229357624,0.12024480250768602
4,classifier__combined_without_length_features,5,5,TAALES_COVERAGE,352,0.8497391565280368,0.0936047135060114
4,classifier__combined_without_length_features,5,6,LCA,28,0.6783399918476832,0.07472389627896062
4,classifier__combined_without_length_features,5,7,ERRANT,69,0.3024862300848897,0.03332097466509457
4,classifier__combined_without_length_features,6,1,TAALES,484,1.6955614114390098,0.2273597308446606
4,classifier__combined_without_length_features,6,2,POLKE,617,1.6644648066934613,0.22318995224659122
4,classifier__combined_without_length_features,6,3,TAASSC,138,1.6233327916617029,0.2176745142308237
4,classifier__combined_without_length_features,6,4,TAALES_COVERAGE,352,0.8858337030905412,0.11878243450755661
4,classifier__combined_without_length_features,6,5,L2SCA,22,0.8701492832414724,0.11667929306350094
4,classifier__combined_without_length_features,6,6,LCA,28,0.5411737278874093,0.07256659197513755
4,classifier__combined_without_length_features,6,7,ERRANT,69,0.1770995939666626,0.02374748313172935
4,classifier__combined_without_length_features,7,1,TAALES,484,2.2440325516164044,0.3134558702033456
4,classifier__combined_without_length_features,7,2,POLKE,617,1.633261205057331,0.22814076913984283
4,classifier__combined_without_length_features,7,3,TAASSC,138,1.1537184854371014,0.16115623258757047
4,classifier__combined_without_length_features,7,4,TAALES_COVERAGE,352,0.9277542097538217,0.12959259567947326
4,classifier__combined_without_length_features,7,5,LCA,28,0.6843524665832885,0.09559322024279612
4,classifier__combined_without_length_features,7,6,L2SCA,22,0.3539434247178737,0.049440300729050445
4,classifier__combined_without_length_features,7,7,ERRANT,69,0.16194396340183695,0.02262101141792121
4,classifier__combined_without_length_features,8,1,TAALES,484,2.4235457882117672,0.31375094968300976
4,classifier__combined_without_length_features,8,2,POLKE,617,1.6422065381488813,0.2125991856337223
4,classifier__combined_without_length_features,8,3,TAASSC,138,1.409716638434388,0.1825011667797223
4,classifier__combined_without_length_features,8,4,TAALES_COVERAGE,352,1.0226957582812128,0.1323976493277951
4,classifier__combined_without_length_features,8,5,L2SCA,22,0.5559872472845114,0.07197781353900927
4,classifier__combined_without_length_features,8,6,LCA,28,0.5277579874957425,0.06832326856995803
4,classifier__combined_without_length_features,8,7,ERRANT,69,0.14251538861761814,0.018449966466783253
4,classifier__combined_without_length_features,9,1,TAALES,484,2.8749158891146687,0.3142830045897283
4,classifier__combined_without_length_features,9,2,TAASSC,138,1.8113031214591762,0.19800989287733486
4,classifier__combined_without_length_features,9,3,POLKE,617,1.566986812790333,0.17130147199815524
4,classifier__combined_without_length_features,9,4,TAALES_COVERAGE,352,1.4691211915487252,0.16060289761331484
4,classifier__combined_without_length_features,9,5,LCA,28,0.7619732815901846,0.08329817691779666
4,classifier__combined_without_length_features,9,6,L2SCA,22,0.44538954580635154,0.04868955130091857
4,classifier__combined_without_length_features,9,7,ERRANT,69,0.2178486727548559,0.023815004702751413
4,classifier__combined_without_length_features,10,1,TAALES,484,3.635927950078271,0.2592695594022355
4,classifier__combined_without_length_features,10,2,TAASSC,138,3.0549341760941053,0.21784024565770052
4,classifier__combined_without_length_features,10,3,POLKE,617,3.006189052489419,0.21436434434900642
4,classifier__combined_without_length_features,10,4,TAALES_COVERAGE,352,1.9066547287716742,0.13595911091972523
4,classifier__combined_without_length_features,10,5,L2SCA,22,1.076656664936802,0.07677388082996413
4,classifier__combined_without_length_features,10,6,LCA,28,0.9675351670589242,0.06899268079944638
4,classifier__combined_without_length_features,10,7,ERRANT,69,0.37583863155536046,0.026800178041921804
4,classifier__combined_without_length_features,11,1,TAALES,484,7.292657678587616,0.41448512824014283
4,classifier__combined_without_length_features,11,2,POLKE,617,3.2632758830779856,0.18547138539793642
4,classifier__combined_without_length_features,11,3,TAASSC,138,2.7177124335821543,0.15446376838180234
4,classifier__combined_without_length_features,11,4,LCA,28,2.029881745470213,0.11537025768450623
4,classifier__combined_without_length_features,11,5,TAALES_COVERAGE,352,1.6185877576217205,0.09199397309647131
4,classifier__combined_without_length_features,11,6,L2SCA,22,0.4726170616761233,0.02686163975480149
4,classifier__combined_without_length_features,11,7,ERRANT,69,0.1997652439257146,0.01135384744433928
4,classifier__combined_without_length_features,12,1,TAALES,484,7.582465898647614,0.34754022437886545
4,classifier__combined_without_length_features,12,2,POLKE,617,4.477186425103868,0.20521059976598546
4,classifier__combined_without_length_features,12,3,TAALES_COVERAGE,352,3.8453399210228185,0.17625009025146257
4,classifier__combined_without_length_features,12,4,TAASSC,138,3.3919661008855817,0.15546982677462956
4,classifier__combined_without_length_features,12,5,LCA,28,1.1629223038573504,0.053302221707301825
4,classifier__combined_without_length_features,12,6,L2SCA,22,1.092707855564855,0.050083961916833876
4,classifier__combined_without_length_features,12,7,ERRANT,69,0.26493178972473325,0.012143075204921175
4,classifier__combined_without_length_features,13,1,TAALES,484,12.319342398754745,0.43194441817489637
4,classifier__combined_without_length_features,13,2,TAASSC,138,4.722755114279416,0.1655906333300827
4,classifier__combined_without_length_features,13,3,POLKE,617,4.3215526560530035,0.15152355435949877
4,classifier__combined_without_length_features,13,4,TAALES_COVERAGE,352,2.72551637462981,0.09556285932799678
4,classifier__combined_without_length_features,13,5,LCA,28,2.6480298988329127,0.09284600565016596
4,classifier__combined_without_length_features,13,6,L2SCA,22,1.4379063867604671,0.05041629800645841
4,classifier__combined_without_length_features,13,7,ERRANT,69,0.34556297951735804,0.012116231150901094
4,classifier__combined_without_length_features,14,1,TAALES,484,25.784632729887203,0.42362796061470576
4,classifier__combined_without_length_features,14,2,TAASSC,138,10.769754555371865,0.17694140561966729
4,classifier__combined_without_length_features,14,3,POLKE,617,9.5467159565021,0.15684752439902394
4,classifier__combined_without_length_features,14,4,L2SCA,22,5.458243839225592,0.0896760768466852
4,classifier__combined_without_length_features,14,5,TAALES_COVERAGE,352,5.3609729444026515,0.08807796718064188
4,classifier__combined_without_length_features,14,6,LCA,28,3.3407074882770535,0.054886067802264765
4,classifier__combined_without_length_features,14,7,ERRANT,69,0.6051926774474262,0.009942997537011191
4,classifier__combined_without_length_features,15,1,TAALES,484,29.840100473279858,0.4627261868664487
4,classifier__combined_without_length_features,15,2,TAASSC,138,12.114106891227985,0.18785172972490222
4,classifier__combined_without_length_features,15,3,POLKE,617,8.90958019638963,0.13815959080123885
4,classifier__combined_without_length_features,15,4,TAALES_COVERAGE,352,7.432709794990118,0.11525797188921634
4,classifier__combined_without_length_features,15,5,LCA,28,2.9200199199026162,0.045280332897019146
4,classifier__combined_without_length_features,15,6,L2SCA,22,2.312289968381656,0.03585635111908794
4,classifier__combined_without_length_features,15,7,ERRANT,69,0.9587910812115731,0.014867836702086894
5,classifier__complexity_without_length_features,overall,1,TAALES,484,7.149737852774783,0.36792343677621847
5,classifier__complexity_without_length_features,overall,2,POLKE,617,3.5729660529543943,0.1838637970730016
5,classifier__complexity_without_length_features,overall,3,TAASSC,138,3.5370947368957855,0.18201786954982013
5,classifier__complexity_without_length_features,overall,4,TAALES_COVERAGE,352,2.0427697365067536,0.1051203383221007
5,classifier__complexity_without_length_features,overall,5,LCA,28,1.6577060380335746,0.08530507205117996
5,classifier__complexity_without_length_features,overall,6,L2SCA,22,1.4724040645902965,0.07576948622767912
5,classifier__complexity_without_length_features,1,1,POLKE,617,5.693577604825655,0.3458187990352555
5,classifier__complexity_without_length_features,1,2,LCA,28,2.8872914096654267,0.1753694631138487
5,classifier__complexity_without_length_features,1,3,TAASSC,138,2.8145373393379796,0.17095049722424005
5,classifier__complexity_without_length_features,1,4,L2SCA,22,2.1541490966279953,0.13083957139837477
5,classifier__complexity_without_length_features,1,5,TAALES,484,2.005449878938223,0.12180781870295618
5,classifier__complexity_without_length_features,1,6,TAALES_COVERAGE,352,0.9090435329258412,0.05521385052532474
5,classifier__complexity_without_length_features,2,1,TAALES,484,2.3136044719265088,0.20919442053701437
5,classifier__complexity_without_length_features,2,2,LCA,28,2.222471569626419,0.2009542503091928
5,classifier__complexity_without_length_features,2,3,L2SCA,22,2.00606253704454,0.18138670420558203
5,classifier__complexity_without_length_features,2,4,TAASSC,138,1.9131015376783067,0.1729812387809895
5,classifier__complexity_without_length_features,2,5,POLKE,617,1.862279713033609,0.16838596664775038
5,classifier__complexity_without_length_features,2,6,TAALES_COVERAGE,352,0.7420699340664751,0.06709741951947083
5,classifier__complexity_without_length_features,3,1,TAALES,484,2.8625596939056455,0.22701067456524596
5,classifier__complexity_without_length_features,3,2,L2SCA,22,2.5864874867574037,0.20511721393039345
5,classifier__complexity_without_length_features,3,3,LCA,28,2.366708408168818,0.1876879889636817
5,classifier__complexity_without_length_features,3,4,POLKE,617,2.2476487224151183,0.17824615282170866
5,classifier__complexity_without_length_features,3,5,TAASSC,138,1.7889894039309302,0.1418729161320414
5,classifier__complexity_without_length_features,3,6,TAALES_COVERAGE,352,0.7574084423100873,0.0600650535869288
5,classifier__complexity_without_length_features,4,1,POLKE,617,2.5526940976827217,0.2679726535878224
5,classifier__complexity_without_length_features,4,2,TAALES,484,2.4419744318146486,0.25634970092226084
5,classifier__complexity_without_length_features,4,3,TAASSC,138,2.173887215054247,0.22820686824463082
5,classifier__complexity_without_length_features,4,4,LCA,28,1.261034958404217,0.13237891856190134
5,classifier__complexity_without_length_features,4,5,TAALES_COVERAGE,352,0.7448622893844129,0.07819296657011761
5,classifier__complexity_without_length_features,4,6,L2SCA,22,0.3514970010837282,0.03689889211326705
5,classifier__complexity_without_length_features,5,1,TAALES,484,2.7517512128864148,0.3173610586715323
5,classifier__complexity_without_length_features,5,2,TAASSC,138,1.8319857904509254,0.21128398061787584
5,classifier__complexity_without_length_features,5,3,POLKE,617,1.4931973939036003,0.17221131892870006
5,classifier__complexity_without_length_features,5,4,L2SCA,22,1.1138986666958623,0.12846657737804695
5,classifier__complexity_without_length_features,5,5,TAALES_COVERAGE,352,0.8402626259250543,0.09690797455703866
5,classifier__complexity_without_length_features,5,6,LCA,28,0.6396316653001024,0.07376908984680615
5,classifier__complexity_without_length_features,6,1,POLKE,617,1.7081984298992623,0.23383711645632407
5,classifier__complexity_without_length_features,6,2,TAALES,484,1.681899847806617,0.2302370753277318
5,classifier__complexity_without_length_features,6,3,TAASSC,138,1.6041326263133282,0.21959143691095645
5,classifier__complexity_without_length_features,6,4,L2SCA,22,0.9151977462579491,0.12528240175522584
5,classifier__complexity_without_length_features,6,5,TAALES_COVERAGE,352,0.8443368279979648,0.11558217460050403
5,classifier__complexity_without_length_features,6,6,LCA,28,0.5513127564640514,0.07546979494925779
5,classifier__complexity_without_length_features,7,1,TAALES,484,2.199285187351024,0.3155147189834646
5,classifier__complexity_without_length_features,7,2,POLKE,617,1.6187043831686312,0.2322232066628461
5,classifier__complexity_without_length_features,7,3,TAASSC,138,1.1646910280990626,0.16708936364721935
5,classifier__complexity_without_length_features,7,4,TAALES_COVERAGE,352,0.9298105675342995,0.1333928503728044
5,classifier__complexity_without_length_features,7,5,LCA,28,0.6855299266982652,0.09834776472872038
5,classifier__complexity_without_length_features,7,6,L2SCA,22,0.37244670160455545,0.05343209560494514
5,classifier__complexity_without_length_features,8,1,TAALES,484,2.3678898308892835,0.312467244468485
5,classifier__complexity_without_length_features,8,2,POLKE,617,1.6278218204653427,0.21480771279610317
5,classifier__complexity_without_length_features,8,3,TAASSC,138,1.4244710406896566,0.1879735007529005
5,classifier__complexity_without_length_features,8,4,TAALES_COVERAGE,352,1.03899548294132,0.13710606436784725
5,classifier__complexity_without_length_features,8,5,L2SCA,22,0.5732813084050403,0.07565032308759741
5,classifier__complexity_without_length_features,8,6,LCA,28,0.5455822883705108,0.07199515452706673
5,classifier__complexity_without_length_features,9,1,TAALES,484,2.7865890128891904,0.31740185130581067
5,classifier__complexity_without_length_features,9,2,TAASSC,138,1.7600012550894228,0.2004700564317294
5,classifier__complexity_without_length_features,9,3,POLKE,617,1.5648348344066683,0.17823994537089238
5,classifier__complexity_without_length_features,9,4,TAALES_COVERAGE,352,1.4336800730971513,0.16330097738721727
5,classifier__complexity_without_length_features,9,5,LCA,28,0.785503842191667,0.08947152686178225
5,classifier__complexity_without_length_features,9,6,L2SCA,22,0.44876325575465426,0.05111564264256803
5,classifier__complexity_without_length_features,10,1,TAALES,484,3.6374386293650227,0.2679046720058441
5,classifier__complexity_without_length_features,10,2,TAASSC,138,3.065180580401678,0.22575671556403548
5,classifier__complexity_without_length_features,10,3,POLKE,617,2.9839476955752504,0.21977375019114295
5,classifier__complexity_without_length_features,10,4,TAALES_COVERAGE,352,1.8219957386614616,0.13419365121971955
5,classifier__complexity_without_length_features,10,5,L2SCA,22,1.1185054469879872,0.08238017611980337
5,classifier__complexity_without_length_features,10,6,LCA,28,0.9502935956524037,0.06999103489945456
5,classifier__complexity_without_length_features,11,1,TAALES,484,7.39613114438582,0.4220835983449793
5,classifier__complexity_without_length_features,11,2,POLKE,617,3.243841396750167,0.18512006107950257
5,classifier__complexity_without_length_features,11,3,TAASSC,138,2.756723998145595,0.15732116725167591
5,classifier__complexity_without_length_features,11,4,LCA,28,2.057471177888822,0.1174160951585603
5,classifier__complexity_without_length_features,11,5,TAALES_COVERAGE,352,1.594978952218362,0.09102251464914164
5,classifier__complexity_without_length_features,11,6,L2SCA,22,0.4737591563447887,0.027036563516140217
5,classifier__complexity_without_length_features,12,1,TAALES,484,7.5828455197276,0.35323037050730255
5,classifier__complexity_without_length_features,12,2,POLKE,617,4.529727374304704,0.21100750035854612
5,classifier__complexity_without_length_features,12,3,TAALES_COVERAGE,352,3.8027940164919083,0.1771448905181764
5,classifier__complexity_without_length_features,12,4,TAASSC,138,3.35955499924986,0.15649756467243955
5,classifier__complexity_without_length_features,12,5,LCA,28,1.103733508778998,0.05141502556435252
5,classifier__complexity_without_length_features,12,6,L2SCA,22,1.0884837428878493,0.05070464837918291
5,classifier__complexity_without_length_features,13,1,TAALES,484,12.11229194753965,0.4366052768043662
5,classifier__complexity_without_length_features,13,2,TAASSC,138,4.519345480936849,0.1629064171525193
5,classifier__complexity_without_length_features,13,3,POLKE,617,4.289694281487767,0.15462830381623302
5,classifier__complexity_without_length_features,13,4,LCA,28,2.717673231420946,0.0979625060729634
5,classifier__complexity_without_length_features,13,5,TAALES_COVERAGE,352,2.6543734424677576,0.0956807726077146
5,classifier__complexity_without_length_features,13,6,L2SCA,22,1.4485949523211494,0.05221672354620338
5,classifier__complexity_without_length_features,14,1,TAALES,484,25.72053297864636,0.4301544749381597
5,classifier__complexity_without_length_features,14,2,TAASSC,138,10.82540297565073,0.1810458413459402
5,classifier__complexity_without_length_features,14,3,POLKE,617,9.397767013591043,0.15716981987420556
5,classifier__complexity_without_length_features,14,4,L2SCA,22,5.264162979141372,0.08803873792823046
5,classifier__complexity_without_length_features,14,5,TAALES_COVERAGE,352,5.1422002338356,0.08599901267399188
5,classifier__complexity_without_length_features,14,6,LCA,28,3.443646257774574,0.0575921132394722
5,classifier__complexity_without_length_features,15,1,TAALES,484,29.38582400354975,0.4707455611627528
5,classifier__complexity_without_length_features,15,2,TAASSC,138,12.054415782408206,0.19310544843981298
5,classifier__complexity_without_length_features,15,3,POLKE,617,8.78055603280638,0.14065992420308263
5,classifier__complexity_without_length_features,15,4,TAALES_COVERAGE,352,7.384733887743609,0.11829958205710102
5,classifier__complexity_without_length_features,15,5,LCA,28,2.647705974098399,0.04241486760488192
5,classifier__complexity_without_length_features,15,6,L2SCA,22,2.170770890939573,0.0347746165323687
6,classifier__combined_without_duplicate_features,overall,1,TAALES,334,6.201163926123182,0.35679732137212916
6,classifier__combined_without_duplicate_features,overall,2,POLKE,581,3.042249494808041,0.1750423764997662
6,classifier__combined_without_duplicate_features,overall,3,TAASSC,130,2.9152483398778486,0.1677350915400234
6,classifier__combined_without_duplicate_features,overall,4,LCA,22,2.559776487169115,0.1472822529470343
6,classifier__combined_without_duplicate_features,overall,5,TAALES_COVERAGE,46,1.248039434472912,0.0718086366513957
6,classifier__combined_without_duplicate_features,overall,6,L2SCA,19,1.1716922531509022,0.0674158371520547
6,classifier__combined_without_duplicate_features,overall,7,ERRANT,52,0.24190428209524775,0.013918483837596555
6,classifier__combined_without_duplicate_features,1,1,LCA,22,5.885447637014676,0.353761796618218
6,classifier__combined_without_duplicate_features,1,2,POLKE,581,4.405251244616094,0.2647903253864502
6,classifier__combined_without_duplicate_features,1,3,TAASSC,130,2.3940366533431665,0.14390047450768487
6,classifier__combined_without_duplicate_features,1,4,TAALES,334,1.7810596459737376,0.10705572440764638
6,classifier__combined_without_duplicate_features,1,5,L2SCA,19,1.3397755257697075,0.08053107024189254
6,classifier__combined_without_duplicate_features,1,6,TAALES_COVERAGE,46,0.7384190499539169,0.04438480569021227
6,classifier__combined_without_duplicate_features,1,7,ERRANT,52,0.09276325984022889,0.005575803147895738
6,classifier__combined_without_duplicate_features,2,1,LCA,22,3.9515902810505503,0.33984901905226805
6,classifier__combined_without_duplicate_features,2,2,TAALES,334,2.248555081412016,0.19338271034002746
6,classifier__combined_without_duplicate_features,2,3,L2SCA,19,1.6152252696990077,0.1389143824166169
6,classifier__combined_without_duplicate_features,2,4,POLKE,581,1.6136159131414343,0.13877597276164347
6,classifier__combined_without_duplicate_features,2,5,TAASSC,130,1.5883997518115345,0.1366073046855716
6,classifier__combined_without_duplicate_features,2,6,TAALES_COVERAGE,46,0.5315427022421874,0.04571432084132315
6,classifier__combined_without_duplicate_features,2,7,ERRANT,52,0.0785586775837292,0.006756289902549296
6,classifier__combined_without_duplicate_features,3,1,LCA,22,4.717765919652166,0.35791811910274146
6,classifier__combined_without_duplicate_features,3,2,TAALES,334,2.5863604255561357,0.19621686929839643
6,classifier__combined_without_duplicate_features,3,3,L2SCA,19,1.9095692082042792,0.14487141391435931
6,classifier__combined_without_duplicate_features,3,4,POLKE,581,1.8671864171889754,0.14165600028407888
6,classifier__combined_without_duplicate_features,3,5,TAASSC,130,1.4278699020265353,0.10832680517867511
6,classifier__combined_without_duplicate_features,3,6,TAALES_COVERAGE,46,0.47297950260525906,0.03588307195179914
6,classifier__combined_without_duplicate_features,3,7,ERRANT,52,0.19940047547889903,0.01512772026994968
6,classifier__combined_without_duplicate_features,4,1,TAALES,334,2.313575365061064,0.2537476758672082
6,classifier__combined_without_duplicate_features,4,2,POLKE,581,2.172083212410909,0.23822913887436747
6,classifier__combined_without_duplicate_features,4,3,TAASSC,130,1.9538826199711552,0.21429739494219
6,classifier__combined_without_duplicate_features,4,4,LCA,22,1.7510790278925632,0.1920543589362694
6,classifier__combined_without_duplicate_features,4,5,TAALES_COVERAGE,46,0.5530333496231635,0.06065543801303013
6,classifier__combined_without_duplicate_features,4,6,L2SCA,19,0.2019338795196503,0.022147647913603918
6,classifier__combined_without_duplicate_features,4,7,ERRANT,52,0.1720344396105247,0.018868345453330864
6,classifier__combined_without_duplicate_features,5,1,TAALES,334,2.618566121813116,0.3037441558807131
6,classifier__combined_without_duplicate_features,5,2,TAASSC,130,1.7186065019280243,0.19935210987064336
6,classifier__combined_without_duplicate_features,5,3,POLKE,581,1.4287066727641788,0.1657247830043029
6,classifier__combined_without_duplicate_features,5,4,LCA,22,0.9996167864537376,0.11595191523953088
6,classifier__combined_without_duplicate_features,5,5,L2SCA,19,0.9989984790712195,0.11588019382970537
6,classifier__combined_without_duplicate_features,5,6,TAALES_COVERAGE,46,0.579117047793908,0.06717547339094658
6,classifier__combined_without_duplicate_features,5,7,ERRANT,52,0.2773480732371224,0.03217136878415791
6,classifier__combined_without_duplicate_features,6,1,TAALES,334,1.5374610753009688,0.21971283536599553
6,classifier__combined_without_duplicate_features,6,2,POLKE,581,1.5007355216568183,0.21446452329411905
6,classifier__combined_without_duplicate_features,6,3,TAASSC,130,1.3673034447155399,0.19539624220101692
6,classifier__combined_without_duplicate_features,6,4,LCA,22,0.98343098661787,0.1405384591049194
6,classifier__combined_without_duplicate_features,6,5,L2SCA,19,0.7809364163309314,0.1116007143394119
6,classifier__combined_without_duplicate_features,6,6,TAALES_COVERAGE,46,0.67871621779986,0.09699280652845146
6,classifier__combined_without_duplicate_features,6,7,ERRANT,52,0.14900968591326383,0.021294419166085675
6,classifier__combined_without_duplicate_features,7,1,TAALES,334,1.8793191895513959,0.3004815491697236
6,classifier__combined_without_duplicate_features,7,2,POLKE,581,1.5521253911796138,0.24816701954639345
6,classifier__combined_without_duplicate_features,7,3,TAASSC,130,1.0300279141474527,0.16468963071939155
6,classifier__combined_without_duplicate_features,7,4,LCA,22,0.7713382364750652,0.12332812303438229
6,classifier__combined_without_duplicate_features,7,5,TAALES_COVERAGE,46,0.5726311242876603,0.0915571385028158
6,classifier__combined_without_duplicate_features,7,6,L2SCA,19,0.3136311134735115,0.0501460121134834
6,classifier__combined_without_duplicate_features,7,7,ERRANT,52,0.13528505967023566,0.021630526913809914
6,classifier__combined_without_duplicate_features,8,1,TAALES,334,2.088072346648566,0.30528364550367404
6,classifier__combined_without_duplicate_features,8,2,POLKE,581,1.5179264474588545,0.22192627579712532
6,classifier__combined_without_duplicate_features,8,3,TAASSC,130,1.3108679028635986,0.1916535759894861
6,classifier__combined_without_duplicate_features,8,4,TAALES_COVERAGE,46,0.7820848439039709,0.11434360146734915
6,classifier__combined_without_duplicate_features,8,5,LCA,22,0.5381549418069931,0.07868017731490379
6,classifier__combined_without_duplicate_features,8,6,L2SCA,19,0.47142648226915923,0.06892423786230259
6,classifier__combined_without_duplicate_features,8,7,ERRANT,52,0.13124498385953556,0.019188486065159008
6,classifier__combined_without_duplicate_features,9,1,TAALES,334,2.5615511383694285,0.32905854528871153
6,classifier__combined_without_duplicate_features,9,2,TAASSC,130,1.6926595227126835,0.21744015642313982
6,classifier__combined_without_duplicate_features,9,3,POLKE,581,1.4321881163273276,0.18397982811244698
6,classifier__combined_without_duplicate_features,9,4,TAALES_COVERAGE,46,0.8819240883723497,0.11329254888879949
6,classifier__combined_without_duplicate_features,9,5,LCA,22,0.6716659644645255,0.08628265189635301
6,classifier__combined_without_duplicate_features,9,6,L2SCA,19,0.36409795501672376,0.04677226295652382
6,classifier__combined_without_duplicate_features,9,7,ERRANT,52,0.18039769339396766,0.023174006434025313
6,classifier__combined_without_duplicate_features,10,1,TAALES,334,3.31658422517362,0.27409803753347467
6,classifier__combined_without_duplicate_features,10,2,POLKE,581,2.6860961759552913,0.2219915553077727
6,classifier__combined_without_duplicate_features,10,3,TAASSC,130,2.6635854694125674,0.22013116519917247
6,classifier__combined_without_duplicate_features,10,4,TAALES_COVERAGE,46,1.229483143676293,0.10161023932522546
6,classifier__combined_without_duplicate_features,10,5,LCA,22,0.9395682428810598,0.07765031551067934
6,classifier__combined_without_duplicate_features,10,6,L2SCA,19,0.9395400334392559,0.07764798415042631
6,classifier__combined_without_duplicate_features,10,7,ERRANT,52,0.32513530706880645,0.026870702973249
6,classifier__combined_without_duplicate_features,11,1,TAALES,334,6.394121964272547,0.4273062164150472
6,classifier__combined_without_duplicate_features,11,2,POLKE,581,2.845021200807524,0.1901270028520586
6,classifier__combined_without_duplicate_features,11,3,TAASSC,130,2.2204811367084045,0.14839025568318173
6,classifier__combined_without_duplicate_features,11,4,LCA,22,2.0082014761067355,0.13420403604264203
6,classifier__combined_without_duplicate_features,11,5,TAALES_COVERAGE,46,0.9235282278900611,0.06171752040658674
6,classifier__combined_without_duplicate_features,11,6,L2SCA,19,0.3894553211018334,0.026026510074814435
6,classifier__combined_without_duplicate_features,11,7,ERRANT,52,0.18298412764543312,0.012228458525669315
6,classifier__combined_without_duplicate_features,12,1,TAALES,334,6.571207617764784,0.37327453600937455
6,classifier__combined_without_duplicate_features,12,2,POLKE,581,3.937994940587133,0.2236960570658298
6,classifier__combined_without_duplicate_features,12,3,TAASSC,130,3.0930924657443013,0.1757017464892591
6,classifier__combined_without_duplicate_features,12,4,TAALES_COVERAGE,46,1.8840288501486213,0.10702142372830978
6,classifier__combined_without_duplicate_features,12,5,LCA,22,1.01976302069598,0.05792718637602413
6,classifier__combined_without_duplicate_features,12,6,L2SCA,19,0.8903330773751298,0.05057497581609606
6,classifier__combined_without_duplicate_features,12,7,ERRANT,52,0.20780154254182456,0.011804074515106636
6,classifier__combined_without_duplicate_features,13,1,TAALES,334,10.795187310229032,0.4487790815507523
6,classifier__combined_without_duplicate_features,13,2,POLKE,581,3.7570416236048194,0.15618827545416125
6,classifier__combined_without_duplicate_features,13,3,TAASSC,130,3.746551003513568,0.15575215788490068
6,classifier__combined_without_duplicate_features,13,4,LCA,22,2.8028805728733825,0.11652175483779317
6,classifier__combined_without_duplicate_features,13,5,TAALES_COVERAGE,46,1.401413291803977,0.0582597551941377
6,classifier__combined_without_duplicate_features,13,6,L2SCA,19,1.2740761385078883,0.05296607671860473
6,classifier__combined_without_duplicate_features,13,7,ERRANT,52,0.2774188974941716,0.01153289835965016
6,classifier__combined_without_duplicate_features,14,1,TAALES,334,21.498132716222777,0.42420571186646083
6,classifier__combined_without_duplicate_features,14,2,TAASSC,130,7.96621246576113,0.15719099302832007
6,classifier__combined_without_duplicate_features,14,3,POLKE,581,7.610740602540874,0.15017674687139432
6,classifier__combined_without_duplicate_features,14,4,LCA,22,5.927995784338842,0.11697246941541202
6,classifier__combined_without_duplicate_features,14,5,L2SCA,19,4.357789284465845,0.0859888219122348
6,classifier__combined_without_duplicate_features,14,6,TAALES_COVERAGE,46,2.8168542249919906,0.05558276467588594
6,classifier__combined_without_duplicate_features,14,7,ERRANT,52,0.5008304310639278,0.009882492230292096
6,classifier__combined_without_duplicate_features,15,1,TAALES,334,24.827704668498534,0.45773949246270496
6,classifier__combined_without_duplicate_features,15,2,TAASSC,130,9.555148343508069,0.17616484534362498
6,classifier__combined_without_duplicate_features,15,3,POLKE,581,7.307028941880772,0.13471707368545374
6,classifier__combined_without_duplicate_features,15,4,LCA,22,5.428148429212582,0.10007682708392143
6,classifier__combined_without_duplicate_features,15,5,TAALES_COVERAGE,46,4.674835852000461,0.08618827309300989
6,classifier__combined_without_duplicate_features,15,6,L2SCA,19,1.7285956130193931,0.03186949777039564
6,classifier__combined_without_duplicate_features,15,7,ERRANT,52,0.7183515770270458,0.013243990560889375
7,classifier__combined_without_length_and_duplicate_features,overall,1,TAALES,334,6.27476703426799,0.3718568981747353
7,classifier__combined_without_length_and_duplicate_features,overall,2,POLKE,581,3.3232057496577974,0.1969406952187121
7,classifier__combined_without_length_and_duplicate_features,overall,3,TAASSC,130,3.190153303108968,0.18905570605528904
7,classifier__combined_without_length_and_duplicate_features,overall,4,L2SCA,19,1.3181889199026178,0.0781188592797654
7,classifier__combined_without_length_and_duplicate_features,overall,5,LCA,20,1.2703000895929462,0.07528085879322652
7,classifier__combined_without_length_and_duplicate_features,overall,6,TAALES_COVERAGE,46,1.2537774754453392,0.07430169127782506
7,classifier__combined_without_length_and_duplicate_features,overall,7,ERRANT,52,0.24375193110542084,0.014445291200446561
7,classifier__combined_without_length_and_duplicate_features,1,1,POLKE,581,5.363268909332236,0.3665979268881376
7,classifier__combined_without_length_and_duplicate_features,1,2,TAASSC,130,2.748320377490748,0.187857176256705
7,classifier__combined_without_length_and_duplicate_features,1,3,LCA,20,2.0842395455798224,0.14246496110204732
7,classifier__combined_without_length_and_duplicate_features,1,4,L2SCA,19,1.8232093060200636,0.12462264398249868
7,classifier__combined_without_length_and_duplicate_features,1,5,TAALES,334,1.7505752974614681,0.1196578589960842
7,classifier__combined_without_length_and_duplicate_features,1,6,TAALES_COVERAGE,46,0.7543374747078448,0.05156156796850967
7,classifier__combined_without_length_and_duplicate_features,1,7,ERRANT,52,0.10588880197325591,0.007237864806017592
7,classifier__combined_without_length_and_duplicate_features,2,1,TAALES,334,2.2136235553395234,0.21856866441922249
7,classifier__combined_without_length_and_duplicate_features,2,2,POLKE,581,1.8990186691606736,0.1875052211223671
7,classifier__combined_without_length_and_duplicate_features,2,3,L2SCA,19,1.8713666079697657,0.1847749131310391
7,classifier__combined_without_length_and_duplicate_features,2,4,TAASSC,130,1.8554649694611034,0.1832048178533068
7,classifier__combined_without_length_and_duplicate_features,2,5,LCA,20,1.6683074599952286,0.164725267985258
7,classifier__combined_without_length_and_duplicate_features,2,6,TAALES_COVERAGE,46,0.5314340327416076,0.052472709952455676
7,classifier__combined_without_length_and_duplicate_features,2,7,ERRANT,52,0.08860225512374871,0.008748405536350864
7,classifier__combined_without_length_and_duplicate_features,3,1,TAALES,334,2.5606466089234887,0.22725152854611674
7,classifier__combined_without_length_and_duplicate_features,3,2,L2SCA,19,2.258558268069882,0.2004418793833987
7,classifier__combined_without_length_and_duplicate_features,3,3,POLKE,581,2.213922890533825,0.19648059173950694
7,classifier__combined_without_length_and_duplicate_features,3,4,LCA,20,1.8211676207284402,0.16162446005121464
7,classifier__combined_without_length_and_duplicate_features,3,5,TAASSC,130,1.728287981383059,0.15338160454022967
7,classifier__combined_without_length_and_duplicate_features,3,6,TAALES_COVERAGE,46,0.48002280910017686,0.04260092615859881
7,classifier__combined_without_length_and_duplicate_features,3,7,ERRANT,52,0.20528990673828204,0.018219009580934448
7,classifier__combined_without_length_and_duplicate_features,4,1,POLKE,581,2.5305055217802237,0.28180600047731075
7,classifier__combined_without_length_and_duplicate_features,4,2,TAALES,334,2.304806265352758,0.25667133698138533
7,classifier__combined_without_length_and_duplicate_features,4,3,TAASSC,130,2.1211649235160244,0.23622039086810073
7,classifier__combined_without_length_and_duplicate_features,4,4,LCA,20,0.9820337992412479,0.10936273994099972
7,classifier__combined_without_length_and_duplicate_features,4,5,TAALES_COVERAGE,46,0.5468695831740852,0.06090132137256314
7,classifier__combined_without_length_and_duplicate_features,4,6,L2SCA,19,0.31766793241398056,0.03537661891782881
7,classifier__combined_without_length_and_duplicate_features,4,7,ERRANT,52,0.17655325162068894,0.019661591441811437
7,classifier__combined_without_length_and_duplicate_features,5,1,TAALES,334,2.6196022604264306,0.3138040794525405
7,classifier__combined_without_length_and_duplicate_features,5,2,TAASSC,130,1.755602934419775,0.21030496539199653
7,classifier__combined_without_length_and_duplicate_features,5,3,POLKE,581,1.4750698929549746,0.17669970624148992
7,classifier__combined_without_length_and_duplicate_features,5,4,L2SCA,19,1.0711728798884352,0.12831658629474502
7,classifier__combined_without_length_and_duplicate_features,5,5,TAALES_COVERAGE,46,0.5906010205551391,0.07074853017910705
7,classifier__combined_without_length_and_duplicate_features,5,6,LCA,20,0.5550185368953247,0.06648607831830987
7,classifier__combined_without_length_and_duplicate_features,5,7,ERRANT,52,0.2808235060936847,0.03364005412181103
7,classifier__combined_without_length_and_duplicate_features,6,1,POLKE,581,1.6403256760833216,0.2386535196952685
7,classifier__combined_without_length_and_duplicate_features,6,2,TAALES,334,1.5399278726624832,0.22404648799088903
7,classifier__combined_without_length_and_duplicate_features,6,3,TAASSC,130,1.4978791222797396,0.2179287502611531
7,classifier__combined_without_length_and_duplicate_features,6,4,L2SCA,19,0.8785871498263731,0.1278270033337254
7,classifier__combined_without_length_and_duplicate_features,6,5,TAALES_COVERAGE,46,0.697163080168913,0.10143133483173881
7,classifier__combined_without_length_and_duplicate_features,6,6,LCA,20,0.4641672920671741,0.0675324172476258
7,classifier__combined_without_length_and_duplicate_features,6,7,ERRANT,52,0.155201364977504,0.022580486639599405
7,classifier__combined_without_length_and_duplicate_features,7,1,TAALES,334,1.896789387168659,0.30467830288211145
7,classifier__combined_without_length_and_duplicate_features,7,2,POLKE,581,1.55080752562374,0.24910377936537562
7,classifier__combined_without_length_and_duplicate_features,7,3,TAASSC,130,1.0898804680192875,0.17506578937377376
7,classifier__combined_without_length_and_duplicate_features,7,4,LCA,20,0.6016743153830103,0.0966460011526581
7,classifier__combined_without_length_and_duplicate_features,7,5,TAALES_COVERAGE,46,0.5768829688388126,0.09266380605901968
7,classifier__combined_without_length_and_duplicate_features,7,6,L2SCA,19,0.370034014405308,0.05943798308886218
7,classifier__combined_without_length_and_duplicate_features,7,7,ERRANT,52,0.1394792812329334,0.02240433807819919
7,classifier__combined_without_length_and_duplicate_features,8,1,TAALES,334,2.111208941036739,0.3066061064109465
7,classifier__combined_without_length_and_duplicate_features,8,2,POLKE,581,1.5389339747657598,0.22349590552356433
7,classifier__combined_without_length_and_duplicate_features,8,3,TAASSC,130,1.3769660325188582,0.19997366707030678
7,classifier__combined_without_length_and_duplicate_features,8,4,TAALES_COVERAGE,46,0.7797697430733552,0.1132441987022757
7,classifier__combined_without_length_and_duplicate_features,8,5,L2SCA,19,0.5168379446794286,0.07505920744432758
7,classifier__combined_without_length_and_duplicate_features,8,6,LCA,20,0.4361721868600103,0.06334430161716918
7,classifier__combined_without_length_and_duplicate_features,8,7,ERRANT,52,0.12584794777148472,0.01827661323140996
7,classifier__combined_without_length_and_duplicate_features,9,1,TAALES,334,2.553936202219273,0.32444266132078486
7,classifier__combined_without_length_and_duplicate_features,9,2,TAASSC,130,1.712851863199726,0.21759440054214457
7,classifier__combined_without_length_and_duplicate_features,9,3,POLKE,581,1.4720288925959029,0.18700113614423725
7,classifier__combined_without_length_and_duplicate_features,9,4,TAALES_COVERAGE,46,0.9244307434073087,0.11743628142989464
7,classifier__combined_without_length_and_duplicate_features,9,5,LCA,20,0.6474129257169144,0.08224495678887644
7,classifier__combined_without_length_and_duplicate_features,9,6,L2SCA,19,0.3883429343241345,0.04933365798556758
7,classifier__combined_without_length_and_duplicate_features,9,7,ERRANT,52,0.17276087241965093,0.02194690578849462
7,classifier__combined_without_length_and_duplicate_features,10,1,TAALES,334,3.376116992789517,0.274031159976491
7,classifier__combined_without_length_and_duplicate_features,10,2,POLKE,581,2.828260950758437,0.2295630248323172
7,classifier__combined_without_length_and_duplicate_features,10,3,TAASSC,130,2.7590333842377444,0.22394399255454628
7,classifier__combined_without_length_and_duplicate_features,10,4,TAALES_COVERAGE,46,1.2377759915321085,0.10046725023896164
7,classifier__combined_without_length_and_duplicate_features,10,5,L2SCA,19,1.0170356595680712,0.08255029731615394
7,classifier__combined_without_length_and_duplicate_features,10,6,LCA,20,0.7751084673155527,0.06291365875641125
7,classifier__combined_without_length_and_duplicate_features,10,7,ERRANT,52,0.32686233424000505,0.026530616325118668
7,classifier__combined_without_length_and_duplicate_features,11,1,TAALES,334,6.3769523877921275,0.42932737049478475
7,classifier__combined_without_length_and_duplicate_features,11,2,POLKE,581,3.0768438918986436,0.20714805712845238
7,classifier__combined_without_length_and_duplicate_features,11,3,TAASSC,130,2.3891278322967042,0.16084767576114525
7,classifier__combined_without_length_and_duplicate_features,11,4,LCA,20,1.4539315910219528,0.09788572799253298
7,classifier__combined_without_length_and_duplicate_features,11,5,TAALES_COVERAGE,46,0.9455189881298839,0.06365692516441056
7,classifier__combined_without_length_and_duplicate_features,11,6,L2SCA,19,0.4305336743373972,0.028985615553063473
7,classifier__combined_without_length_and_duplicate_features,11,7,ERRANT,52,0.1804478983992988,0.012148627905610514
7,classifier__combined_without_length_and_duplicate_features,12,1,TAALES,334,6.701095081663859,0.37458293644061585
7,classifier__combined_without_length_and_duplicate_features,12,2,POLKE,581,4.005375995920653,0.2238955698757499
7,classifier__combined_without_length_and_duplicate_features,12,3,TAASSC,130,3.0967176739531506,0.17310269224666877
7,classifier__combined_without_length_and_duplicate_features,12,4,TAALES_COVERAGE,46,1.9523300193891555,0.10913283614868105
7,classifier__combined_without_length_and_duplicate_features,12,5,LCA,20,0.9877657505557642,0.05521488515676713
7,classifier__combined_without_length_and_duplicate_features,12,6,L2SCA,19,0.9283390883737888,0.05189300815730487
7,classifier__combined_without_length_and_duplicate_features,12,7,ERRANT,52,0.21785941181941848,0.012178071974212399
7,classifier__combined_without_length_and_duplicate_features,13,1,TAALES,334,10.852610387081736,0.44879991476466774
7,classifier__combined_without_length_and_duplicate_features,13,2,TAASSC,130,4.15881261094089,0.17198394475989212
7,classifier__combined_without_length_and_duplicate_features,13,3,POLKE,581,3.922026559933387,0.1621918711739716
7,classifier__combined_without_length_and_duplicate_features,13,4,LCA,20,2.1469469497740143,0.08878505481130972
7,classifier__combined_without_length_and_duplicate_features,13,5,L2SCA,19,1.4199433935337633,0.05872047841569736
7,classifier__combined_without_length_and_duplicate_features,13,6,TAALES_COVERAGE,46,1.4035240364921655,0.0580414707135936
7,classifier__combined_without_length_and_duplicate_features,13,7,ERRANT,52,0.27753634787555787,0.011477265360867822
7,classifier__combined_without_length_and_duplicate_features,14,1,TAALES,334,21.884866983087527,0.44110633159012813
7,classifier__combined_without_length_and_duplicate_features,14,2,TAASSC,130,9.048324024511562,0.18237593221725074
7,classifier__combined_without_length_and_duplicate_features,14,3,POLKE,581,8.248489112278785,0.16625464419272845
7,classifier__combined_without_length_and_duplicate_features,14,4,L2SCA,19,4.554230256642289,0.09179401470782124
7,classifier__combined_without_length_and_duplicate_features,14,5,TAALES_COVERAGE,46,2.7971688107091004,0.05637908943580615
7,classifier__combined_without_length_and_duplicate_features,14,6,LCA,20,2.567115164711152,0.05174218120449222
7,classifier__combined_without_length_and_duplicate_features,14,7,ERRANT,52,0.5133917967679186,0.010347806651773034
7,classifier__combined_without_length_and_duplicate_features,15,1,TAALES,334,25.37874729101426,0.4784398563807712
7,classifier__combined_without_length_and_duplicate_features,15,2,TAASSC,130,10.513865348406148,0.19820727042265177
7,classifier__combined_without_length_and_duplicate_features,15,3,POLKE,581,8.083207781246395,0.1523845415066939
7,classifier__combined_without_length_and_duplicate_features,15,4,TAALES_COVERAGE,46,4.588832829660432,0.0865086245117957
7,classifier__combined_without_length_and_duplicate_features,15,5,L2SCA,19,1.9269746884865868,0.03632730499410156
7,classifier__combined_without_length_and_duplicate_features,15,6,LCA,20,1.863439738048582,0.03512954482831587
7,classifier__combined_without_length_and_duplicate_features,15,7,ERRANT,52,0.6897339895278807,0.013002857355670028
8,classifier__combined_without_length_correlated_and_duplicate_features,overall,1,TAALES,334,6.707711486646817,0.44140482435458206
8,classifier__combined_without_length_correlated_and_duplicate_features,overall,2,TAASSC,126,3.0070163254922564,0.19787844417989314
8,classifier__combined_without_length_correlated_and_duplicate_features,overall,3,POLKE,579,2.855004813798933,0.18787523895074149
8,classifier__combined_without_length_correlated_and_duplicate_features,overall,4,TAALES_COVERAGE,46,1.2993564166615623,0.08550489865466912
8,classifier__combined_without_length_correlated_and_duplicate_features,overall,5,LCA,12,0.6740225694944929,0.04435444405905259
8,classifier__combined_without_length_correlated_and_duplicate_features,overall,6,L2SCA,12,0.4189006544489243,0.02756599924834882
8,classifier__combined_without_length_correlated_and_duplicate_features,overall,7,ERRANT,49,0.23426814669166612,0.015416150552712803
8,classifier__combined_without_length_correlated_and_duplicate_features,1,1,POLKE,579,3.140190641896246,0.35053355909059997
8,classifier__combined_without_length_correlated_and_duplicate_features,1,2,TAASSC,126,2.2800178125823924,0.25451408840319617
8,classifier__combined_without_length_correlated_and_duplicate_features,1,3,TAALES,334,2.0415135039284067,0.22789030223700363
8,classifier__combined_without_length_correlated_and_duplicate_features,1,4,TAALES_COVERAGE,46,0.7704385337929546,0.08600260051342161
8,classifier__combined_without_length_correlated_and_duplicate_features,1,5,LCA,12,0.4272367893894302,0.047691637049361746
8,classifier__combined_without_length_correlated_and_duplicate_features,1,6,L2SCA,12,0.2164283544430339,0.02415948903192266
8,classifier__combined_without_length_correlated_and_duplicate_features,1,7,ERRANT,49,0.08249107989892897,0.00920832367449429
8,classifier__combined_without_length_correlated_and_duplicate_features,2,1,TAALES,334,2.4794027687284066,0.3412144459746075
8,classifier__combined_without_length_correlated_and_duplicate_features,2,2,POLKE,579,2.0019706493491696,0.27551042315139435
8,classifier__combined_without_length_correlated_and_duplicate_features,2,3,TAASSC,126,1.6398102640090184,0.22567005159241335
8,classifier__combined_without_length_correlated_and_duplicate_features,2,4,TAALES_COVERAGE,46,0.5316227636853892,0.0731617182437171
8,classifier__combined_without_length_correlated_and_duplicate_features,2,5,LCA,12,0.4467340747542109,0.0614793698457527
8,classifier__combined_without_length_correlated_and_duplicate_features,2,6,L2SCA,12,0.08572579137455329,0.011797550111071576
8,classifier__combined_without_length_correlated_and_duplicate_features,2,7,ERRANT,49,0.08113989680038974,0.011166441081043475
8,classifier__combined_without_length_correlated_and_duplicate_features,3,1,TAALES,334,2.8215876202432524,0.3721498734496226
8,classifier__combined_without_length_correlated_and_duplicate_features,3,2,POLKE,579,2.074929003452314,0.2736702417148964
8,classifier__combined_without_length_correlated_and_duplicate_features,3,3,TAASSC,126,1.2376624538246246,0.16323998668681247
8,classifier__combined_without_length_correlated_and_duplicate_features,3,4,LCA,12,0.5262152452676598,0.06940452089052578
8,classifier__combined_without_length_correlated_and_duplicate_features,3,5,TAALES_COVERAGE,46,0.49615888052945517,0.06544027315516243
8,classifier__combined_without_length_correlated_and_duplicate_features,3,6,L2SCA,12,0.2496273477779273,0.032924295959702164
8,classifier__combined_without_length_correlated_and_duplicate_features,3,7,ERRANT,49,0.1756777848722171,0.023170808143278307
8,classifier__combined_without_length_correlated_and_duplicate_features,4,1,TAALES,334,2.2966734552541155,0.3029326011138846
8,classifier__combined_without_length_correlated_and_duplicate_features,4,2,POLKE,579,1.995476952617216,0.26320460243759675
8,classifier__combined_without_length_correlated_and_duplicate_features,4,3,TAASSC,126,1.7349467115541934,0.2288405079628268
8,classifier__combined_without_length_correlated_and_duplicate_features,4,4,LCA,12,0.6858725817505255,0.09046700337266408
8,classifier__combined_without_length_correlated_and_duplicate_features,4,5,TAALES_COVERAGE,46,0.5481887312492468,0.07230642121924137
8,classifier__combined_without_length_correlated_and_duplicate_features,4,6,L2SCA,12,0.1620731331972056,0.021377543114710754
8,classifier__combined_without_length_correlated_and_duplicate_features,4,7,ERRANT,49,0.15823522537072904,0.020871320779075653
8,classifier__combined_without_length_correlated_and_duplicate_features,5,1,TAALES,334,2.655775801460662,0.3706802669636277
8,classifier__combined_without_length_correlated_and_duplicate_features,5,2,TAASSC,126,1.5187748602488593,0.21198320669427656
8,classifier__combined_without_length_correlated_and_duplicate_features,5,3,POLKE,579,1.4433429263252435,0.20145478430673536
8,classifier__combined_without_length_correlated_and_duplicate_features,5,4,TAALES_COVERAGE,46,0.6029767205254563,0.0841605573837591
8,classifier__combined_without_length_correlated_and_duplicate_features,5,5,LCA,12,0.4452257919549459,0.06214245017602118
8,classifier__combined_without_length_correlated_and_duplicate_features,5,6,ERRANT,49,0.2900697162957102,0.04048651991460291
8,classifier__combined_without_length_correlated_and_duplicate_features,5,7,L2SCA,12,0.20843407736491662,0.029092214560977183
8,classifier__combined_without_length_correlated_and_duplicate_features,6,1,TAALES,334,1.5405581173142997,0.28964379164493975
8,classifier__combined_without_length_correlated_and_duplicate_features,6,2,POLKE,579,1.4327012058108102,0.2693653714724861
8,classifier__combined_without_length_correlated_and_duplicate_features,6,3,TAASSC,126,0.9958308003521584,0.18722838535533698
8,classifier__combined_without_length_correlated_and_duplicate_features,6,4,TAALES_COVERAGE,46,0.6955003156142594,0.13076257639403793
8,classifier__combined_without_length_correlated_and_duplicate_features,6,5,LCA,12,0.28047689250870805,0.05273309049621423
8,classifier__combined_without_length_correlated_and_duplicate_features,6,6,L2SCA,12,0.2114164281880096,0.039748877493280675
8,classifier__combined_without_length_correlated_and_duplicate_features,6,7,ERRANT,49,0.16231872019998464,0.03051790714370424
8,classifier__combined_without_length_correlated_and_duplicate_features,7,1,TAALES,334,1.938959374123658,0.32695609130625375
8,classifier__combined_without_length_correlated_and_duplicate_features,7,2,POLKE,579,1.5798446613133128,0.266400545688334
8,classifier__combined_without_length_correlated_and_duplicate_features,7,3,TAASSC,126,1.073857910243947,0.18107877330351477
8,classifier__combined_without_length_correlated_and_duplicate_features,7,4,TAALES_COVERAGE,46,0.5702551367107276,0.09615899798340077
8,classifier__combined_without_length_correlated_and_duplicate_features,7,5,LCA,12,0.4283014041516049,0.07222211814813298
8,classifier__combined_without_length_correlated_and_duplicate_features,7,6,L2SCA,12,0.21118823492075597,0.03561151447578169
8,classifier__combined_without_length_correlated_and_duplicate_features,7,7,ERRANT,49,0.12792895870985083,0.021571959094582042
8,classifier__combined_without_length_correlated_and_duplicate_features,8,1,TAALES,334,2.1508290577565887,0.32047286554234106
8,classifier__combined_without_length_correlated_and_duplicate_features,8,2,POLKE,579,1.6304478406816258,0.24293622486464303
8,classifier__combined_without_length_correlated_and_duplicate_features,8,3,TAASSC,126,1.3291755981066553,0.19804675373806563
8,classifier__combined_without_length_correlated_and_duplicate_features,8,4,TAALES_COVERAGE,46,0.7951366249880344,0.11847511162666251
8,classifier__combined_without_length_correlated_and_duplicate_features,8,5,L2SCA,12,0.35144123427284263,0.052364635400002676
8,classifier__combined_without_length_correlated_and_duplicate_features,8,6,LCA,12,0.32246750944924124,0.048047559346855166
8,classifier__combined_without_length_correlated_and_duplicate_features,8,7,ERRANT,49,0.13192543767179307,0.019656849481429935
8,classifier__combined_without_length_correlated_and_duplicate_features,9,1,TAALES,334,2.7353540987351543,0.3428322180913425
8,classifier__combined_without_length_correlated_and_duplicate_features,9,2,TAASSC,126,1.7598398842312226,0.22056735223991114
8,classifier__combined_without_length_correlated_and_duplicate_features,9,3,POLKE,579,1.5486612440478116,0.19409953892789059
8,classifier__combined_without_length_correlated_and_duplicate_features,9,4,TAALES_COVERAGE,46,0.9245558928418998,0.11587806772036496
8,classifier__combined_without_length_correlated_and_duplicate_features,9,5,LCA,12,0.5924873853718805,0.07425867262015824
8,classifier__combined_without_length_correlated_and_duplicate_features,9,6,L2SCA,12,0.24147645601874781,0.03026515253437373
8,classifier__combined_without_length_correlated_and_duplicate_features,9,7,ERRANT,49,0.1763211892018979,0.022098997865958835
8,classifier__combined_without_length_correlated_and_duplicate_features,10,1,TAALES,334,3.9023342339182054,0.3091475298378617
8,classifier__combined_without_length_correlated_and_duplicate_features,10,2,TAASSC,126,3.0275597690132114,0.23984686290880627
8,classifier__combined_without_length_correlated_and_duplicate_features,10,3,POLKE,579,2.7950700847571675,0.2214287553628582
8,classifier__combined_without_length_correlated_and_duplicate_features,10,4,TAALES_COVERAGE,46,1.2670562426971252,0.10037769296920475
8,classifier__combined_without_length_correlated_and_duplicate_features,10,5,LCA,12,0.7720686432148506,0.06116419035575191
8,classifier__combined_without_length_correlated_and_duplicate_features,10,6,L2SCA,12,0.532772164497352,0.042206840508213515
8,classifier__combined_without_length_correlated_and_duplicate_features,10,7,ERRANT,49,0.3260255334043932,0.025828128057303668
8,classifier__combined_without_length_correlated_and_duplicate_features,11,1,TAALES,334,7.282758689920473,0.46815748268649826
8,classifier__combined_without_length_correlated_and_duplicate_features,11,2,TAASSC,126,3.0479783031754626,0.19593314984781832
8,classifier__combined_without_length_correlated_and_duplicate_features,11,3,POLKE,579,2.9824001299915746,0.19171758898906857
8,classifier__combined_without_length_correlated_and_duplicate_features,11,4,TAALES_COVERAGE,46,0.9904969314964446,0.06367210143868436
8,classifier__combined_without_length_correlated_and_duplicate_features,11,5,LCA,12,0.7496060172057291,0.048186913910437175
8,classifier__combined_without_length_correlated_and_duplicate_features,11,6,L2SCA,12,0.3129295375466262,0.020116045415432864
8,classifier__combined_without_length_correlated_and_duplicate_features,11,7,ERRANT,49,0.1900458934657111,0.01221671771206047
8,classifier__combined_without_length_correlated_and_duplicate_features,12,1,TAALES,334,6.9667082405795,0.3726507229370699
8,classifier__combined_without_length_correlated_and_duplicate_features,12,2,POLKE,579,4.345271784395881,0.2324295227954722
8,classifier__combined_without_length_correlated_and_duplicate_features,12,3,TAASSC,126,3.4535520369763417,0.18473124161906518
8,classifier__combined_without_length_correlated_and_duplicate_features,12,4,TAALES_COVERAGE,46,1.9551669712602149,0.10458230202018551
8,classifier__combined_without_length_correlated_and_duplicate_features,12,5,LCA,12,1.0527048657470672,0.056309409797730296
8,classifier__combined_without_length_correlated_and_duplicate_features,12,6,L2SCA,12,0.7057336786637681,0.03774984633678515
8,classifier__combined_without_length_correlated_and_duplicate_features,12,7,ERRANT,49,0.21587040645130942,0.01154695449369186
8,classifier__combined_without_length_correlated_and_duplicate_features,13,1,TAALES,334,11.900477422013953,0.4870037320245365
8,classifier__combined_without_length_correlated_and_duplicate_features,13,2,TAASSC,126,5.15684370145496,0.21103372906956688
8,classifier__combined_without_length_correlated_and_duplicate_features,13,3,POLKE,579,4.053681463306571,0.16588897495970306
8,classifier__combined_without_length_correlated_and_duplicate_features,13,4,TAALES_COVERAGE,46,1.5872018815021085,0.06495312854743272
8,classifier__combined_without_length_correlated_and_duplicate_features,13,5,L2SCA,12,0.8267619646751867,0.033833614233656065
8,classifier__combined_without_length_correlated_and_duplicate_features,13,6,LCA,12,0.6354325074130516,0.02600383090407936
8,classifier__combined_without_length_correlated_and_duplicate_features,13,7,ERRANT,49,0.27571240634223804,0.011282990261025343
8,classifier__combined_without_length_correlated_and_duplicate_features,14,1,TAALES,334,23.057534809033868,0.5275214185039804
8,classifier__combined_without_length_correlated_and_duplicate_features,14,2,TAASSC,126,7.860545234061565,0.1798373506287512
8,classifier__combined_without_length_correlated_and_duplicate_features,14,3,POLKE,579,6.135142109954148,0.14036274455925346
8,classifier__combined_without_length_correlated_and_duplicate_features,14,4,TAALES_COVERAGE,46,2.893421523316313,0.06619709517739743
8,classifier__combined_without_length_correlated_and_duplicate_features,14,5,LCA,12,1.8320296098946087,0.04191405831356489
8,classifier__combined_without_length_correlated_and_duplicate_features,14,6,L2SCA,12,1.3803720061243827,0.0315808174969608
8,classifier__combined_without_length_correlated_and_duplicate_features,14,7,ERRANT,49,0.5501464110035256,0.012586515320091753
8,classifier__combined_without_length_correlated_and_duplicate_features,15,1,TAALES,334,26.84520510669171,0.5542763715064848
8,classifier__combined_without_length_correlated_and_duplicate_features,15,2,TAASSC,126,8.988849542549227,0.18559392221667068
8,classifier__combined_without_length_correlated_and_duplicate_features,15,3,POLKE,579,5.665941509084899,0.11698541651450158
8,classifier__combined_without_length_correlated_and_duplicate_features,15,4,TAALES_COVERAGE,46,4.862169099713807,0.10038982513002075
8,classifier__combined_without_length_correlated_and_duplicate_features,15,5,LCA,12,0.9134792243438788,0.018860721976367872
8,classifier__combined_without_length_correlated_and_duplicate_features,15,6,L2SCA,12,0.5871294076685565,0.012122535715182845
8,classifier__combined_without_length_correlated_and_duplicate_features,15,7,ERRANT,49,0.5701135406863133,0.011771206940771516
9,classifier__combined_without_length_correlated_features,overall,1,TAALES,484,7.928046884894721,0.43280702824412925
9,classifier__combined_without_length_correlated_features,overall,2,TAASSC,134,3.5576410616347136,0.19421833369567118
9,classifier__combined_without_length_correlated_features,overall,3,POLKE,615,3.1578139468777904,0.17239101760359862
9,classifier__combined_without_length_correlated_features,overall,4,TAALES_COVERAGE,352,2.1810978616355396,0.11907024485471852
9,classifier__combined_without_length_correlated_features,overall,5,LCA,14,0.7569170273908914,0.041321527736750026
9,classifier__combined_without_length_correlated_features,overall,6,L2SCA,14,0.46100545531873477,0.025167157058693764
9,classifier__combined_without_length_correlated_features,overall,7,ERRANT,62,0.2752183891923848,0.015024690806438642
9,classifier__combined_without_length_correlated_features,1,1,POLKE,615,3.231855850859003,0.33789772818829317
9,classifier__combined_without_length_correlated_features,1,2,TAASSC,134,2.3365717501600956,0.24429378120877243
9,classifier__combined_without_length_correlated_features,1,3,TAALES,484,2.282492555802344,0.2386396809768947
9,classifier__combined_without_length_correlated_features,1,4,TAALES_COVERAGE,352,0.9529498674476587,0.099633031343992
9,classifier__combined_without_length_correlated_features,1,5,LCA,14,0.4460279513908933,0.046633215848226404
9,classifier__combined_without_length_correlated_features,1,6,L2SCA,14,0.21660154229595346,0.02264617372845699
9,classifier__combined_without_length_correlated_features,1,7,ERRANT,62,0.09809823233746262,0.010256388705364352
9,classifier__combined_without_length_correlated_features,2,1,TAALES,484,2.590207835041871,0.3353480941671996
9,classifier__combined_without_length_correlated_features,2,2,POLKE,615,1.973062132039825,0.25544769678388796
9,classifier__combined_without_length_correlated_features,2,3,TAASSC,134,1.7046588330254788,0.22069815523167696
9,classifier__combined_without_length_correlated_features,2,4,TAALES_COVERAGE,352,0.7874809411115453,0.10195329858172579
9,classifier__combined_without_length_correlated_features,2,5,LCA,14,0.47873766518170785,0.06198103544156155
9,classifier__combined_without_length_correlated_features,2,6,L2SCA,14,0.09791083897319806,0.012676285201431632
9,classifier__combined_without_length_correlated_features,2,7,ERRANT,62,0.0918795974054419,0.011895434592516565
9,classifier__combined_without_length_correlated_features,3,1,TAALES,484,3.1379558971617487,0.3798479047495184
9,classifier__combined_without_length_correlated_features,3,2,POLKE,615,2.096451020249722,0.25377428923463274
9,classifier__combined_without_length_correlated_features,3,3,TAASSC,134,1.3276564253794059,0.16071210939062083
9,classifier__combined_without_length_correlated_features,3,4,TAALES_COVERAGE,352,0.7854037620046126,0.09507271075724225
9,classifier__combined_without_length_correlated_features,3,5,LCA,14,0.5115108545376661,0.061918118902979914
9,classifier__combined_without_length_correlated_features,3,6,L2SCA,14,0.21989250644789943,0.02661787181900892
9,classifier__combined_without_length_correlated_features,3,7,ERRANT,62,0.18221471574969159,0.022056995145997023
9,classifier__combined_without_length_correlated_features,4,1,TAALES,484,2.4942577748135957,0.30546635142662587
9,classifier__combined_without_length_correlated_features,4,2,POLKE,615,2.04850243683075,0.2508756599201162
9,classifier__combined_without_length_correlated_features,4,3,TAASSC,134,1.7654714576690853,0.2162134684584978
9,classifier__combined_without_length_correlated_features,4,4,TAALES_COVERAGE,352,0.761463196303585,0.09325474963705217
9,classifier__combined_without_length_correlated_features,4,5,LCA,14,0.7425161723528976,0.09093434862034414
9,classifier__combined_without_length_correlated_features,4,6,L2SCA,14,0.17766814199582118,0.021758632827862823
9,classifier__combined_without_length_correlated_features,4,7,ERRANT,62,0.175530080873017,0.021496789109500987
9,classifier__combined_without_length_correlated_features,5,1,TAALES,484,2.826656351671181,0.3621133307074644
9,classifier__combined_without_length_correlated_features,5,2,TAASSC,134,1.6003050435869666,0.20500963590378513
9,classifier__combined_without_length_correlated_features,5,3,POLKE,615,1.4957793637215517,0.19161920658677611
9,classifier__combined_without_length_correlated_features,5,4,TAALES_COVERAGE,352,0.8490613989876125,0.10877036785202725
9,classifier__combined_without_length_correlated_features,5,5,LCA,14,0.5037002717203602,0.06452732853892112
9,classifier__combined_without_length_correlated_features,5,6,ERRANT,62,0.31842974687420383,0.0407929517745517
9,classifier__combined_without_length_correlated_features,5,7,L2SCA,14,0.21206697334159408,0.027167178636474297
9,classifier__combined_without_length_correlated_features,6,1,TAALES,484,1.7276370651393271,0.29456851397326433
9,classifier__combined_without_length_correlated_features,6,2,POLKE,615,1.4643841626886822,0.24968291974819404
9,classifier__combined_without_length_correlated_features,6,3,TAASSC,134,1.0664199154716536,0.18182854264396411
9,classifier__combined_without_length_correlated_features,6,4,TAALES_COVERAGE,352,0.8690594265000969,0.148177848799479
9,classifier__combined_without_length_correlated_features,6,5,LCA,14,0.3267165301475717,0.055706377640323435
9,classifier__combined_without_length_correlated_features,6,6,L2SCA,14,0.22996641977008814,0.03921012572739851
9,classifier__combined_without_length_correlated_features,6,7,ERRANT,62,0.1807918024452572,0.030825671467376477
9,classifier__combined_without_length_correlated_features,7,1,TAALES,484,2.3047026156098176,0.3314629806929056
9,classifier__combined_without_length_correlated_features,7,2,POLKE,615,1.6697927697231827,0.24015006745044237
9,classifier__combined_without_length_correlated_features,7,3,TAASSC,134,1.205413441838809,0.1733629014403085
9,classifier__combined_without_length_correlated_features,7,4,TAALES_COVERAGE,352,0.9287226797459697,0.1335691579385174
9,classifier__combined_without_length_correlated_features,7,5,LCA,14,0.46784358670692117,0.06728539669180013
9,classifier__combined_without_length_correlated_features,7,6,L2SCA,14,0.22553003485464385,0.03243579326997693
9,classifier__combined_without_length_correlated_features,7,7,ERRANT,62,0.15111708985092143,0.021733702516049107
9,classifier__combined_without_length_correlated_features,8,1,TAALES,484,2.4412921422501346,0.32227834959051305
9,classifier__combined_without_length_correlated_features,8,2,POLKE,615,1.7708506775381834,0.23377244527655264
9,classifier__combined_without_length_correlated_features,8,3,TAASSC,134,1.4169141424299492,0.1870487941328055
9,classifier__combined_without_length_correlated_features,8,4,TAALES_COVERAGE,352,1.0845809644878177,0.1431770320246282
9,classifier__combined_without_length_correlated_features,8,5,LCA,14,0.35612706344549055,0.04701282581688214
9,classifier__combined_without_length_correlated_features,8,6,L2SCA,14,0.3542606844011874,0.04676644253988771
9,classifier__combined_without_length_correlated_features,8,7,ERRANT,62,0.15107871999325903,0.019944110618730717
9,classifier__combined_without_length_correlated_features,9,1,TAALES,484,3.0222260515793704,0.3241074279689121
9,classifier__combined_without_length_correlated_features,9,2,TAASSC,134,1.9190993095341236,0.20580669037148128
9,classifier__combined_without_length_correlated_features,9,3,POLKE,615,1.6833907901507168,0.18052900410185443
9,classifier__combined_without_length_correlated_features,9,4,TAALES_COVERAGE,352,1.5037525190867524,0.1612643637322508
9,classifier__combined_without_length_correlated_features,9,5,LCA,14,0.674426523642194,0.07232637208505832
9,classifier__combined_without_length_correlated_features,9,6,L2SCA,14,0.3074579804081166,0.032972191205391646
9,classifier__combined_without_length_correlated_features,9,7,ERRANT,62,0.21441321715843392,0.02299395053505143
9,classifier__combined_without_length_correlated_features,10,1,TAALES,484,4.267906217994785,0.29389917641844654
9,classifier__combined_without_length_correlated_features,10,2,TAASSC,134,3.4276710782926383,0.23603838872936683
9,classifier__combined_without_length_correlated_features,10,3,POLKE,615,3.045454168383754,0.20971793338248182
9,classifier__combined_without_length_correlated_features,10,4,TAALES_COVERAGE,352,1.948547821816584,0.1341820955740016
9,classifier__combined_without_length_correlated_features,10,5,LCA,14,0.89839496085306,0.061865824975238355
9,classifier__combined_without_length_correlated_features,10,6,L2SCA,14,0.5647301230607069,0.03888879220598481
9,classifier__combined_without_length_correlated_features,10,7,ERRANT,62,0.3689634682257023,0.025407788714480153
9,classifier__combined_without_length_correlated_features,11,1,TAALES,484,8.161613040150085,0.45154631031141856
9,classifier__combined_without_length_correlated_features,11,2,TAASSC,134,3.657987195330928,0.20238041341736054
9,classifier__combined_without_length_correlated_features,11,3,POLKE,615,3.2703013082633112,0.18093145093849589
9,classifier__combined_without_length_correlated_features,11,4,TAALES_COVERAGE,352,1.6570286902992941,0.09167614140783246
9,classifier__combined_without_length_correlated_features,11,5,LCA,14,0.7697554392386884,0.04258719774148756
9,classifier__combined_without_length_correlated_features,11,6,L2SCA,14,0.3411470900019301,0.018874174627741998
9,classifier__combined_without_length_correlated_features,11,7,ERRANT,62,0.21697563127722835,0.012004311555662976
9,classifier__combined_without_length_correlated_features,12,1,TAALES,484,8.239962862641216,0.35681039888122695
9,classifier__combined_without_length_correlated_features,12,2,POLKE,615,4.91418851119847,0.21279629436293698
9,classifier__combined_without_length_correlated_features,12,3,TAASSC,134,3.9833610023884827,0.172489203148493
9,classifier__combined_without_length_correlated_features,12,4,TAALES_COVERAGE,352,3.8034218487282336,0.16469740089620905
9,classifier__combined_without_length_correlated_features,12,5,LCA,14,1.1038640093700853,0.04779999182759915
9,classifier__combined_without_length_correlated_features,12,6,L2SCA,14,0.7786539870781336,0.0337176082406215
9,classifier__combined_without_length_correlated_features,12,7,ERRANT,62,0.2699410442554653,0.011689102642913377
9,classifier__combined_without_length_correlated_features,13,1,TAALES,484,13.820624417450027,0.47063444771690854
9,classifier__combined_without_length_correlated_features,13,2,TAASSC,134,6.211574618672156,0.21152307607896886
9,classifier__combined_without_length_correlated_features,13,3,POLKE,615,4.556969633339245,0.15517872578473849
9,classifier__combined_without_length_correlated_features,13,4,TAALES_COVERAGE,352,2.892060465750813,0.09848348663205113
9,classifier__combined_without_length_correlated_features,13,5,LCA,14,0.7802902673594809,0.02657126537451802
9,classifier__combined_without_length_correlated_features,13,6,L2SCA,14,0.7783749089793266,0.026506041575202144
9,classifier__combined_without_length_correlated_features,13,7,ERRANT,62,0.3260487988505823,0.011102956837612801
9,classifier__combined_without_length_correlated_features,14,1,TAALES,484,28.481917524390965,0.5036600115687457
9,classifier__combined_without_length_correlated_features,14,2,TAASSC,134,10.470700104840642,0.18515863376897665
9,classifier__combined_without_length_correlated_features,14,3,POLKE,615,7.3081509151384765,0.12923369261611864
9,classifier__combined_without_length_correlated_features,14,4,TAALES_COVERAGE,352,5.829869980814797,0.10309251051889108
9,classifier__combined_without_length_correlated_features,14,5,LCA,14,2.2066288720466853,0.03902092344278449
9,classifier__combined_without_length_correlated_features,14,6,L2SCA,14,1.6450399666384667,0.029090065579982262
9,classifier__combined_without_length_correlated_features,14,7,ERRANT,62,0.6075811922584708,0.010744162504501083
9,classifier__combined_without_length_correlated_features,15,1,TAALES,484,33.12125092172435,0.5348917366858901
9,classifier__combined_without_length_correlated_features,15,2,TAASSC,134,11.270811605900294,0.182018004331632
9,classifier__combined_without_length_correlated_features,15,3,TAALES_COVERAGE,352,8.063064361447715,0.13021448101394173
9,classifier__combined_without_length_correlated_features,15,4,POLKE,615,6.838075463041983,0.11043151928832028
9,classifier__combined_without_length_correlated_features,15,5,LCA,14,1.087215242869668,0.01755798568068251
9,classifier__combined_without_length_correlated_features,15,6,ERRANT,62,0.7752125003306346,0.012519296495848552
9,classifier__combined_without_length_correlated_features,15,7,L2SCA,14,0.7657806315339556,0.012366976503684849
10,classifier__complexity_without_length_correlated_features,overall,1,TAALES,484,7.848118359140317,0.4383351386856663
10,classifier__complexity_without_length_correlated_features,overall,2,TAASSC,134,3.537327941828755,0.19756775611728103
10,classifier__complexity_without_length_correlated_features,overall,3,POLKE,615,3.132282489245016,0.17494505262230722
10,classifier__complexity_without_length_correlated_features,overall,4,TAALES_COVERAGE,352,2.1814367934811485,0.12183817262273255
10,classifier__complexity_without_length_correlated_features,overall,5,LCA,14,0.7425837834678483,0.0414749817493529
10,classifier__complexity_without_length_correlated_features,overall,6,L2SCA,14,0.46262942088627146,0.02583889820265995
10,classifier__complexity_without_length_correlated_features,1,1,POLKE,615,3.199000409810848,0.34070780675850226
10,classifier__complexity_without_length_correlated_features,1,2,TAASSC,134,2.297057354869622,0.24464684998974126
10,classifier__complexity_without_length_correlated_features,1,3,TAALES,484,2.283427516411936,0.24319521142378514
10,classifier__complexity_without_length_correlated_features,1,4,TAALES_COVERAGE,352,0.9328423026377292,0.0993518644163113
10,classifier__complexity_without_length_correlated_features,1,5,LCA,14,0.45080446084740244,0.04801268504412266
10,classifier__complexity_without_length_correlated_features,1,6,L2SCA,14,0.22614623538373732,0.02408558236753742
10,classifier__complexity_without_length_correlated_features,2,1,TAALES,484,2.5781436216675235,0.3395958557573378
10,classifier__complexity_without_length_correlated_features,2,2,POLKE,615,1.9873285790483763,0.2617730617491491
10,classifier__complexity_without_length_correlated_features,2,3,TAASSC,134,1.6840650960835053,0.22182686901113746
10,classifier__complexity_without_length_correlated_features,2,4,TAALES_COVERAGE,352,0.7674557024181222,0.10109009204458551
10,classifier__complexity_without_length_correlated_features,2,5,LCA,14,0.4715123752914623,0.06210811812094177
10,classifier__complexity_without_length_correlated_features,2,6,L2SCA,14,0.10329404812520865,0.013606003316848398
10,classifier__complexity_without_length_correlated_features,3,1,TAALES,484,3.121839186431782,0.38897456843499806
10,classifier__complexity_without_length_correlated_features,3,2,POLKE,615,2.0934740077840637,0.26084243936934964
10,classifier__complexity_without_length_correlated_features,3,3,TAASSC,134,1.300756532921434,0.1620715164416991
10,classifier__complexity_without_length_correlated_features,3,4,TAALES_COVERAGE,352,0.7879725069823724,0.09817970995246504
10,classifier__complexity_without_length_correlated_features,3,5,LCA,14,0.5088299691252451,0.0633991393623025
10,classifier__complexity_without_length_correlated_features,3,6,L2SCA,14,0.21294603724368488,0.026532626439185532
10,classifier__complexity_without_length_correlated_features,4,1,TAALES,484,2.4346519490914265,0.3073943707956231
10,classifier__complexity_without_length_correlated_features,4,2,POLKE,615,2.059279885389609,0.26000063167043297
10,classifier__complexity_without_length_correlated_features,4,3,TAASSC,134,1.7704326534811072,0.22353134777886632
10,classifier__complexity_without_length_correlated_features,4,4,TAALES_COVERAGE,352,0.7530420830939862,0.09507761362016703
10,classifier__complexity_without_length_correlated_features,4,5,LCA,14,0.7296765323959862,0.09212752510431764
10,classifier__complexity_without_length_correlated_features,4,6,L2SCA,14,0.173204905693473,0.0218685110305929
10,classifier__complexity_without_length_correlated_features,5,1,TAALES,484,2.802516234264746,0.3756307005222316
10,classifier__complexity_without_length_correlated_features,5,2,TAASSC,134,1.5624240788489163,0.20941696753624534
10,classifier__complexity_without_length_correlated_features,5,3,POLKE,615,1.4846143616357603,0.19898786877604402
10,classifier__complexity_without_length_correlated_features,5,4,TAALES_COVERAGE,352,0.8698666685290736,0.1165911626364726
10,classifier__complexity_without_length_correlated_features,5,5,LCA,14,0.49217710027631184,0.06596815629376541
10,classifier__complexity_without_length_correlated_features,5,6,L2SCA,14,0.24923005200869536,0.033405144235241054
10,classifier__complexity_without_length_correlated_features,6,1,TAALES,484,1.697380674125855,0.30156188876327916
10,classifier__complexity_without_length_correlated_features,6,2,POLKE,615,1.4715237674171608,0.26143545371217797
10,classifier__complexity_without_length_correlated_features,6,3,TAASSC,134,1.0624237654761408,0.18875348486513085
10,classifier__complexity_without_length_correlated_features,6,4,TAALES_COVERAGE,352,0.837670349306765,0.14882309934866958
10,classifier__complexity_without_length_correlated_features,6,5,LCA,14,0.32584724538593324,0.057891027195475106
10,classifier__complexity_without_length_correlated_features,6,6,L2SCA,14,0.23378545897861353,0.04153504611526726
10,classifier__complexity_without_length_correlated_features,7,1,TAALES,484,2.2807974868171326,0.3356269557259426
10,classifier__complexity_without_length_correlated_features,7,2,POLKE,615,1.6690149864545998,0.24560112074941315
10,classifier__complexity_without_length_correlated_features,7,3,TAASSC,134,1.199796690936191,0.1765540839098879
10,classifier__complexity_without_length_correlated_features,7,4,TAALES_COVERAGE,352,0.9500863038340346,0.13980836776426014
10,classifier__complexity_without_length_correlated_features,7,5,LCA,14,0.46615120204898103,0.06859570380797785
10,classifier__complexity_without_length_correlated_features,7,6,L2SCA,14,0.2297859449470681,0.033813768042518434
10,classifier__complexity_without_length_correlated_features,8,1,TAALES,484,2.4722103319785314,0.3342719786737064
10,classifier__complexity_without_length_correlated_features,8,2,POLKE,615,1.7441335114527785,0.2358274101531838
10,classifier__complexity_without_length_correlated_features,8,3,TAASSC,134,1.3941946073007907,0.18851154532052714
10,classifier__complexity_without_length_correlated_features,8,4,TAALES_COVERAGE,352,1.0723215554413041,0.14499051455098602
10,classifier__complexity_without_length_correlated_features,8,5,LCA,14,0.36176596144202106,0.04891502239262961
10,classifier__complexity_without_length_correlated_features,8,6,L2SCA,14,0.3511789149461951,0.04748352890896715
10,classifier__complexity_without_length_correlated_features,9,1,TAALES,484,2.9639883604948425,0.33127672652804263
10,classifier__complexity_without_length_correlated_features,9,2,TAASSC,134,1.9212527477587515,0.21473307034318695
10,classifier__complexity_without_length_correlated_features,9,3,POLKE,615,1.6877606742150253,0.1886363113866515
10,classifier__complexity_without_length_correlated_features,9,4,TAALES_COVERAGE,352,1.444759038918895,0.16147669519017507
10,classifier__complexity_without_length_correlated_features,9,5,LCA,14,0.6465280737783871,0.07226064270172344
10,classifier__complexity_without_length_correlated_features,9,6,L2SCA,14,0.2828786030131178,0.031616553850220296
10,classifier__complexity_without_length_correlated_features,10,1,TAALES,484,4.07899657704703,0.29121417072347355
10,classifier__complexity_without_length_correlated_features,10,2,TAASSC,134,3.492404754345235,0.24933528017413625
10,classifier__complexity_without_length_correlated_features,10,3,POLKE,615,3.016314788920075,0.21534551287420245
10,classifier__complexity_without_length_correlated_features,10,4,TAALES_COVERAGE,352,1.9461538829433984,0.13894289402221663
10,classifier__complexity_without_length_correlated_features,10,5,LCA,14,0.8625780416538869,0.06158253490527955
10,classifier__complexity_without_length_correlated_features,10,6,L2SCA,14,0.6104135268107194,0.04357960730069151
10,classifier__complexity_without_length_correlated_features,11,1,TAALES,484,8.398652219285617,0.46539083496205985
10,classifier__complexity_without_length_correlated_features,11,2,TAASSC,134,3.642270510809741,0.2018275396963176
10,classifier__complexity_without_length_correlated_features,11,3,POLKE,615,3.2544721190972186,0.1803386373577247
10,classifier__complexity_without_length_correlated_features,11,4,TAALES_COVERAGE,352,1.6613440678293139,0.09205933079487782
10,classifier__complexity_without_length_correlated_features,11,5,LCA,14,0.742162136098617,0.04112510521664872
10,classifier__complexity_without_length_correlated_features,11,6,L2SCA,14,0.34754848637311436,0.019258551972371318
10,classifier__complexity_without_length_correlated_features,12,1,TAALES,484,8.245514146157122,0.3638702983435019
10,classifier__complexity_without_length_correlated_features,12,2,POLKE,615,4.865133509999285,0.2146958395055884
10,classifier__complexity_without_length_correlated_features,12,3,TAASSC,134,3.876843610160268,0.17108311453416972
10,classifier__complexity_without_length_correlated_features,12,4,TAALES_COVERAGE,352,3.8467139990878736,0.16975351029414845
10,classifier__complexity_without_length_correlated_features,12,5,LCA,14,1.0580551459454837,0.04669142939964393
10,classifier__complexity_without_length_correlated_features,12,6,L2SCA,14,0.7683254723957423,0.03390580792294762
10,classifier__complexity_without_length_correlated_features,13,1,TAALES,484,13.703589151406142,0.4731422620511205
10,classifier__complexity_without_length_correlated_features,13,2,TAASSC,134,6.252162093823013,0.2158676886104798
10,classifier__complexity_without_length_correlated_features,13,3,POLKE,615,4.572543193265668,0.15787567810774422
10,classifier__complexity_without_length_correlated_features,13,4,TAALES_COVERAGE,352,2.8565950953122625,0.09862933354372298
10,classifier__complexity_without_length_correlated_features,13,5,L2SCA,14,0.7946492165644414,0.027436763004812542
10,classifier__complexity_without_length_correlated_features,13,6,LCA,14,0.7833974540581312,0.027048274682119993
10,classifier__complexity_without_length_correlated_features,14,1,TAALES,484,28.11015752632653,0.5074261350496294
10,classifier__complexity_without_length_correlated_features,14,2,TAASSC,134,10.505668297885862,0.1896414367481591
10,classifier__complexity_without_length_correlated_features,14,3,POLKE,615,7.250814276358543,0.1308869457871053
10,classifier__complexity_without_length_correlated_features,14,4,TAALES_COVERAGE,352,5.80379782966171,0.10476635353453762
10,classifier__complexity_without_length_correlated_features,14,5,LCA,14,2.1359233951846743,0.038556288849167356
10,classifier__complexity_without_length_correlated_features,14,6,L2SCA,14,1.5911745614111865,0.028722840031401273
10,classifier__complexity_without_length_correlated_features,15,1,TAALES,484,32.54991040559854,0.5394768606264053
10,classifier__complexity_without_length_correlated_features,15,2,TAASSC,134,11.098166332730747,0.18393918315859506
10,classifier__complexity_without_length_correlated_features,15,3,TAALES_COVERAGE,352,8.190930516220385,0.13575513497387584
10,classifier__complexity_without_length_correlated_features,15,4,POLKE,615,6.628829267826232,0.10986512584748143
10,classifier__complexity_without_length_correlated_features,15,5,LCA,14,1.1033476584852009,0.018286702591866814
10,classifier__complexity_without_length_correlated_features,15,6,L2SCA,14,0.7648798493990745,0.012676992801775509
11,classifier__training_mutual_information_features,overall,1,TAALES,73,4.267472318322771,0.3597754064120691
11,classifier__training_mutual_information_features,overall,2,LCA,15,2.23179295246914,0.18815452253894283
11,classifier__training_mutual_information_features,overall,3,TAASSC,28,1.7463177099740521,0.1472258322878682
11,classifier__training_mutual_information_features,overall,4,POLKE,20,1.737809917079411,0.1465085705417997
11,classifier__training_mutual_information_features,overall,5,L2SCA,13,1.01033615028474,0.08517784579897648
11,classifier__training_mutual_information_features,overall,6,TAALES_COVERAGE,51,0.8677607654204487,0.07315782242034377
11,classifier__training_mutual_information_features,1,1,LCA,15,5.559019810636348,0.34232861952976096
11,classifier__training_mutual_information_features,1,2,TAALES,73,3.5844024909987673,0.22073020035562407
11,classifier__training_mutual_information_features,1,3,POLKE,20,3.559512094950063,0.21919743105291375
11,classifier__training_mutual_information_features,1,4,TAASSC,28,1.9866902792435952,0.12234188110382058
11,classifier__training_mutual_information_features,1,5,L2SCA,13,0.8130879943532692,0.050070570018586495
11,classifier__training_mutual_information_features,1,6,TAALES_COVERAGE,51,0.7361277115321252,0.04533129793929409
11,classifier__training_mutual_information_features,2,1,LCA,15,3.6614767789186327,0.33934749276602616
11,classifier__training_mutual_information_features,2,2,TAALES,73,2.7069320397268952,0.2508798105885135
11,classifier__training_mutual_information_features,2,3,L2SCA,13,1.567052724246834,0.14523522750904533
11,classifier__training_mutual_information_features,2,4,POLKE,20,1.4423644729214402,0.13367905823104462
11,classifier__training_mutual_information_features,2,5,TAASSC,28,1.027004708034603,0.09518330820423102
11,classifier__training_mutual_information_features,2,6,TAALES_COVERAGE,51,0.38492566737725087,0.03567510270113944
11,classifier__training_mutual_information_features,3,1,TAALES,73,3.9084132257321484,0.3376961329772248
11,classifier__training_mutual_information_features,3,2,LCA,15,3.413680427185261,0.2949500508008736
11,classifier__training_mutual_information_features,3,3,POLKE,20,1.2756357328966204,0.11021793991756355
11,classifier__training_mutual_information_features,3,4,L2SCA,13,1.238426904134468,0.10700300923856997
11,classifier__training_mutual_information_features,3,5,TAASSC,28,1.190985384809056,0.10290394992895595
11,classifier__training_mutual_information_features,3,6,TAALES_COVERAGE,51,0.5466160442736653,0.04722891713681213
11,classifier__training_mutual_information_features,4,1,TAALES,73,2.3727884411546976,0.3065662244670682
11,classifier__training_mutual_information_features,4,2,LCA,15,2.017496489853531,0.2606622111952694
11,classifier__training_mutual_information_features,4,3,POLKE,20,1.7405028730709933,0.22487440734994366
11,classifier__training_mutual_information_features,4,4,TAASSC,28,0.9140041918231735,0.11809009576005265
11,classifier__training_mutual_information_features,4,5,TAALES_COVERAGE,51,0.48544752044698597,0.06272022020130438
11,classifier__training_mutual_information_features,4,6,L2SCA,13,0.20964913341798957,0.027086841026361632
11,classifier__training_mutual_information_features,5,1,TAALES,73,1.993190113311227,0.30292329537560914
11,classifier__training_mutual_information_features,5,2,TAASSC,28,1.380231817680553,0.20976642810026574
11,classifier__training_mutual_information_features,5,3,POLKE,20,0.9605814747963898,0.14598833492038774
11,classifier__training_mutual_information_features,5,4,L2SCA,13,0.8569979531889053,0.1302458016304635
11,classifier__training_mutual_information_features,5,5,LCA,15,0.8269913519232611,0.12568542453562112
11,classifier__training_mutual_information_features,5,6,TAALES_COVERAGE,51,0.5618581745846348,0.08539071543765278
11,classifier__training_mutual_information_features,6,1,TAALES,73,1.2016752878170587,0.252125890308954
11,classifier__training_mutual_information_features,6,2,TAASSC,28,0.9602130460195156,0.20146421547348914
11,classifier__training_mutual_information_features,6,3,POLKE,20,0.9288140982829288,0.19487633958629152
11,classifier__training_mutual_information_features,6,4,LCA,15,0.7385145508077272,0.15494921175150445
11,classifier__training_mutual_information_features,6,5,TAALES_COVERAGE,51,0.46951065927743996,0.09850896842100149
11,classifier__training_mutual_information_features,6,6,L2SCA,13,0.4674440759974182,0.09807537445875933
11,classifier__training_mutual_information_features,7,1,TAALES,73,1.626635911560237,0.3283878297005125
11,classifier__training_mutual_information_features,7,2,POLKE,20,0.7941386362174206,0.1603219634925085
11,classifier__training_mutual_information_features,7,3,TAASSC,28,0.7886085586658562,0.1592055426927907
11,classifier__training_mutual_information_features,7,4,LCA,15,0.7811681685694299,0.1577034649761202
11,classifier__training_mutual_information_features,7,5,TAALES_COVERAGE,51,0.6464298617446599,0.13050228255954138
11,classifier__training_mutual_information_features,7,6,L2SCA,13,0.31641775455855164,0.06387891657852676
11,classifier__training_mutual_information_features,8,1,TAALES,73,1.352147972426811,0.3023254000989956
11,classifier__training_mutual_information_features,8,2,LCA,15,0.8789284082061892,0.19651871547194327
11,classifier__training_mutual_information_features,8,3,TAASSC,28,0.7713625978081085,0.1724681845176969
11,classifier__training_mutual_information_features,8,4,POLKE,20,0.5975189246593903,0.13359865314160332
11,classifier__training_mutual_information_features,8,5,TAALES_COVERAGE,51,0.4583130836878792,0.10247375969351792
11,classifier__training_mutual_information_features,8,6,L2SCA,13,0.41422114250030917,0.09261528707624302
11,classifier__training_mutual_information_features,9,1,TAALES,73,2.4364000763907776,0.43014446353972213
11,classifier__training_mutual_information_features,9,2,TAASSC,28,0.9311720854798543,0.1643976787938884
11,classifier__training_mutual_information_features,9,3,POLKE,20,0.7375536223318422,0.1302144956749805
11,classifier__training_mutual_information_features,9,4,TAALES_COVERAGE,51,0.6556303064367445,0.11575100049265644
11,classifier__training_mutual_information_features,9,5,LCA,15,0.575089504779734,0.10153158708123716
11,classifier__training_mutual_information_features,9,6,L2SCA,13,0.328298158382463,0.05796077441751545
11,classifier__training_mutual_information_features,10,1,TAALES,73,3.664136997526884,0.389504363925494
11,classifier__training_mutual_information_features,10,2,TAASSC,28,2.529425618102103,0.26888250006500486
11,classifier__training_mutual_information_features,10,3,POLKE,20,1.4065770381945357,0.1495216731645002
11,classifier__training_mutual_information_features,10,4,L2SCA,13,0.6544039790325775,0.0695643219059323
11,classifier__training_mutual_information_features,10,5,TAALES_COVERAGE,51,0.5869955204229226,0.06239868131670949
11,classifier__training_mutual_information_features,10,6,LCA,15,0.565639140178493,0.060128459622359076
11,classifier__training_mutual_information_features,11,1,TAALES,73,3.110465655019146,0.3366216756672293
11,classifier__training_mutual_information_features,11,2,LCA,15,2.083970167457888,0.22553199668937435
11,classifier__training_mutual_information_features,11,3,TAASSC,28,1.3016268178094035,0.14086501800699283
11,classifier__training_mutual_information_features,11,4,POLKE,20,1.1319893014994065,0.12250645972998571
11,classifier__training_mutual_information_features,11,5,TAALES_COVERAGE,51,0.8383561711969818,0.09072881377066787
11,classifier__training_mutual_information_features,11,6,L2SCA,13,0.773833617897356,0.08374603613574991
11,classifier__training_mutual_information_features,12,1,TAALES,73,4.176267928796354,0.4289082404481432
11,classifier__training_mutual_information_features,12,2,TAALES_COVERAGE,51,1.4310522263970025,0.14697095657611153
11,classifier__training_mutual_information_features,12,3,POLKE,20,1.4179664692183833,0.14562703200467467
11,classifier__training_mutual_information_features,12,4,TAASSC,28,1.2291722371688338,0.12623761464550903
11,classifier__training_mutual_information_features,12,5,LCA,15,0.8448384510808732,0.08676602643654321
11,classifier__training_mutual_information_features,12,6,L2SCA,13,0.6376756222320306,0.06549012988901841
11,classifier__training_mutual_information_features,13,1,TAALES,73,5.153711057681122,0.4284529971879124
11,classifier__training_mutual_information_features,13,2,TAASSC,28,1.898165873900575,0.15780373574114223
11,classifier__training_mutual_information_features,13,3,LCA,15,1.6369265738322933,0.13608564564163841
11,classifier__training_mutual_information_features,13,4,POLKE,20,1.4184135590411273,0.11791959887184404
11,classifier__training_mutual_information_features,13,5,TAALES_COVERAGE,51,0.994827027989741,0.08270479603051904
11,classifier__training_mutual_information_features,13,6,L2SCA,13,0.926605704631458,0.07703322652694393
11,classifier__training_mutual_information_features,14,1,TAALES,73,12.989899993551774,0.4003073445955697
11,classifier__training_mutual_information_features,14,2,LCA,15,5.362859545095847,0.16526625031770817
11,classifier__training_mutual_information_features,14,3,TAASSC,28,5.0019296883947115,0.15414354170617053
11,classifier__training_mutual_information_features,14,4,POLKE,20,3.8779175915622868,0.11950506889270447
11,classifier__training_mutual_information_features,14,5,L2SCA,13,3.7802480566618875,0.11649520490735651
11,classifier__training_mutual_information_features,14,6,TAALES_COVERAGE,51,1.4369619190655152,0.04428258958049057
11,classifier__training_mutual_information_features,15,1,TAALES,73,13.735017583147673,0.42548056013706365
11,classifier__training_mutual_information_features,15,2,POLKE,20,4.777662866548339,0.1480014612503449
11,classifier__training_mutual_information_features,15,3,LCA,15,4.530294918511587,0.14033854764623194
11,classifier__training_mutual_information_features,15,4,TAASSC,28,4.284172744670841,0.13271422537988115
11,classifier__training_mutual_information_features,15,5,TAALES_COVERAGE,51,2.7833595868731815,0.08622234292140364
11,classifier__training_mutual_information_features,15,6,L2SCA,13,2.1706794330355828,0.06724286266507458
12,classifier__training_information_gain_features,overall,1,TAALES,66,3.727698850475552,0.33136089793720463
12,classifier__training_information_gain_features,overall,2,LCA,15,2.2392919276271397,0.19905411183830002
12,classifier__training_information_gain_features,overall,3,TAASSC,33,1.7174174698556401,0.15266388669562386
12,classifier__training_information_gain_features,overall,4,POLKE,27,1.6791790888653852,0.14926481805600472
12,classifier__training_information_gain_features,overall,5,L2SCA,12,1.041256275363704,0.0925588756568277
12,classifier__training_information_gain_features,overall,6,TAALES_COVERAGE,47,0.844820647178446,0.07509740981603906
12,classifier__training_information_gain_features,1,1,LCA,15,5.610184636932509,0.3394319256787284
12,classifier__training_information_gain_features,1,2,POLKE,27,3.685202053465701,0.22296507342885072
12,classifier__training_information_gain_features,1,3,TAALES,66,3.3715233154015674,0.20398662886845947
12,classifier__training_information_gain_features,1,4,TAASSC,33,2.0719826011738762,0.1253607661429504
12,classifier__training_information_gain_features,1,5,L2SCA,12,1.0616291192353964,0.06423154309868001
12,classifier__training_information_gain_features,1,6,TAALES_COVERAGE,47,0.7276366835055889,0.044024062782330974
12,classifier__training_information_gain_features,2,1,LCA,15,3.528096822407144,0.3277317911868189
12,classifier__training_information_gain_features,2,2,TAALES,66,2.7987272690147877,0.25997923160504505
12,classifier__training_information_gain_features,2,3,L2SCA,12,1.6039880781146338,0.14899757924561535
12,classifier__training_information_gain_features,2,4,POLKE,27,1.2657509416370043,0.11757807230927146
12,classifier__training_information_gain_features,2,5,TAASSC,33,1.1094234493344035,0.10305650681858305
12,classifier__training_information_gain_features,2,6,TAALES_COVERAGE,47,0.45920899659927694,0.04265681883466615
12,classifier__training_information_gain_features,3,1,LCA,15,4.005574692047387,0.35121681546072436
12,classifier__training_information_gain_features,3,2,TAALES,66,3.388993801774311,0.2971537674827175
12,classifier__training_information_gain_features,3,3,TAASSC,33,1.2336492826187029,0.10816884111460283
12,classifier__training_information_gain_features,3,4,POLKE,27,1.1919987571759951,0.10451683958351252
12,classifier__training_information_gain_features,3,5,L2SCA,12,1.1564872573100489,0.10140312011651224
12,classifier__training_information_gain_features,3,6,TAALES_COVERAGE,47,0.4281450537762074,0.03754061624193056
12,classifier__training_information_gain_features,4,1,LCA,15,2.042078911681722,0.27168714569100405
12,classifier__training_information_gain_features,4,2,TAALES,66,2.0118894041778645,0.26767060104298873
12,classifier__training_information_gain_features,4,3,POLKE,27,1.7496717855415465,0.232784017596258
12,classifier__training_information_gain_features,4,4,TAASSC,33,0.8717140750494301,0.11597666845979661
12,classifier__training_information_gain_features,4,5,TAALES_COVERAGE,47,0.6311850603943673,0.08397563212683391
12,classifier__training_information_gain_features,4,6,L2SCA,12,0.20974905308478317,0.027905935083118606
12,classifier__training_information_gain_features,5,1,TAALES,66,2.304071886422422,0.3354598598167471
12,classifier__training_information_gain_features,5,2,TAASSC,33,1.4123846287528992,0.20563522881417212
12,classifier__training_information_gain_features,5,3,L2SCA,12,0.9749030049088355,0.1419403740347035
12,classifier__training_information_gain_features,5,4,LCA,15,0.8809332964846214,0.12825891496184708
12,classifier__training_information_gain_features,5,5,POLKE,27,0.8008004456582404,0.1165920242440087
12,classifier__training_information_gain_features,5,6,TAALES_COVERAGE,47,0.4953049052350324,0.07211359812852158
12,classifier__training_information_gain_features,6,1,TAALES,66,1.1734676378734172,0.24455754199597385
12,classifier__training_information_gain_features,6,2,POLKE,27,0.8967209907920868,0.1868819167111646
12,classifier__training_information_gain_features,6,3,TAASSC,33,0.8287816906722013,0.17272296787781108
12,classifier__training_information_gain_features,6,4,LCA,15,0.8036755258228236,0.1674906957926291
12,classifier__training_information_gain_features,6,5,L2SCA,12,0.5545825546312918,0.11557825884339115
12,classifier__training_information_gain_features,6,6,TAALES_COVERAGE,47,0.5411009761745768,0.11276861877903024
12,classifier__training_information_gain_features,7,1,TAALES,66,1.719723364981461,0.3513744721011992
12,classifier__training_information_gain_features,7,2,LCA,15,0.8571867777194805,0.17514069858355236
12,classifier__training_information_gain_features,7,3,TAASSC,33,0.7365971469333102,0.15050178355734065
12,classifier__training_information_gain_features,7,4,TAALES_COVERAGE,47,0.6659316788389327,0.1360633907012235
12,classifier__training_information_gain_features,7,5,POLKE,27,0.618583215991863,0.12638913641331265
12,classifier__training_information_gain_features,7,6,L2SCA,12,0.2962530162847787,0.06053051864337161
12,classifier__training_information_gain_features,8,1,TAALES,66,1.3391574071853454,0.3119997943563062
12,classifier__training_information_gain_features,8,2,LCA,15,0.7488999463820794,0.17448033219318063
12,classifier__training_information_gain_features,8,3,TAASSC,33,0.6559949627439854,0.15283512780254435
12,classifier__training_information_gain_features,8,4,TAALES_COVERAGE,47,0.6120338888751548,0.14259298155956784
12,classifier__training_information_gain_features,8,5,POLKE,27,0.527920129933165,0.12299597574708795
12,classifier__training_information_gain_features,8,6,L2SCA,12,0.40816767079008526,0.09509578834131299
12,classifier__training_information_gain_features,9,1,TAALES,66,2.38521923296562,0.41941994597288906
12,classifier__training_information_gain_features,9,2,TAASSC,33,1.0154417956141306,0.17855656082630245
12,classifier__training_information_gain_features,9,3,POLKE,27,0.7632500051982266,0.13421083962417543
12,classifier__training_information_gain_features,9,4,TAALES_COVERAGE,47,0.6183721616730536,0.10873533763920859
12,classifier__training_information_gain_features,9,5,LCA,15,0.5846304543522793,0.1028021534413281
12,classifier__training_information_gain_features,9,6,L2SCA,12,0.3200338973212087,0.05627516249609632
12,classifier__training_information_gain_features,10,1,TAALES,66,3.156380798420248,0.3800365627356016
12,classifier__training_information_gain_features,10,2,TAASSC,33,2.4769885255736273,0.29823594341521337
12,classifier__training_information_gain_features,10,3,POLKE,27,0.7716454535108711,0.09290814528766546
12,classifier__training_information_gain_features,10,4,L2SCA,12,0.7664889980870859,0.09228729447139657
12,classifier__training_information_gain_features,10,5,LCA,15,0.5733640484936506,0.06903454180647443
12,classifier__training_information_gain_features,10,6,TAALES_COVERAGE,47,0.5605983018572464,0.06749751228364856
12,classifier__training_information_gain_features,11,1,TAALES,66,3.406658412453006,0.3829728993420558
12,classifier__training_information_gain_features,11,2,LCA,15,2.0975977053914083,0.2358096931440063
12,classifier__training_information_gain_features,11,3,TAASSC,33,1.2208208347101555,0.13724337401632178
12,classifier__training_information_gain_features,11,4,POLKE,27,0.8291837019541632,0.09321594594390392
12,classifier__training_information_gain_features,11,5,L2SCA,12,0.735386171652773,0.08267132779277507
12,classifier__training_information_gain_features,11,6,TAALES_COVERAGE,47,0.6056520795981877,0.06808675976093718
12,classifier__training_information_gain_features,12,1,TAALES,66,3.2750174594973855,0.3664570232004441
12,classifier__training_information_gain_features,12,2,TAALES_COVERAGE,47,1.680441265129255,0.18803243381089116
12,classifier__training_information_gain_features,12,3,POLKE,27,1.2402496026787095,0.13877732960022904
12,classifier__training_information_gain_features,12,4,TAASSC,33,1.2043561320033764,0.13476104126629337
12,classifier__training_information_gain_features,12,5,LCA,15,0.8663867753975614,0.09694406902525265
12,classifier__training_information_gain_features,12,6,L2SCA,12,0.670524323559985,0.07502810309688968
12,classifier__training_information_gain_features,13,1,TAALES,66,4.589820763166034,0.40859099927846376
12,classifier__training_information_gain_features,13,2,TAASSC,33,1.8865385192189792,0.1679417777990282
12,classifier__training_information_gain_features,13,3,POLKE,27,1.5563020523213908,0.13854375661904647
12,classifier__training_information_gain_features,13,4,LCA,15,1.4550341130648032,0.1295287709298933
12,classifier__training_information_gain_features,13,5,L2SCA,12,0.9114231408906093,0.08113591164399436
12,classifier__training_information_gain_features,13,6,TAALES_COVERAGE,47,0.8341703757824795,0.07425878372957403
12,classifier__training_information_gain_features,14,1,TAALES,66,11.120776305856666,0.36720337844541767
12,classifier__training_information_gain_features,14,2,LCA,15,5.281278240165648,0.17438559673912132
12,classifier__training_information_gain_features,14,3,POLKE,27,4.363890739861535,0.14409384549889018
12,classifier__training_information_gain_features,14,4,TAASSC,33,4.207206708987844,0.13892020438761585
12,classifier__training_information_gain_features,14,5,L2SCA,12,3.943103469841522,0.1301996259850241
12,classifier__training_information_gain_features,14,6,TAALES_COVERAGE,47,1.3688044193686912,0.04519734894393083
12,classifier__training_information_gain_features,15,1,TAALES,66,9.874055697943138,0.34848469760087114
12,classifier__training_information_gain_features,15,2,POLKE,27,4.926516457260279,0.17387137062551639
12,classifier__training_information_gain_features,15,3,TAASSC,33,4.829381694447682,0.17044319688609424
12,classifier__training_information_gain_features,15,4,LCA,15,4.254456968063976,0.15015239890539978
12,classifier__training_information_gain_features,15,5,TAALES_COVERAGE,47,2.4437238608686376,0.08624625956406516
12,classifier__training_information_gain_features,15,6,L2SCA,12,2.0061243747425226,0.07080207641805329
13,classifier__polke,overall,1,POLKE,618,8.419250652947913,1.0
13,classifier__polke,1,1,POLKE,618,15.542430242685487,1.0
13,classifier__polke,2,1,POLKE,618,7.684373168548375,1.0
13,classifier__polke,3,1,POLKE,618,7.599042366165783,1.0
13,classifier__polke,4,1,POLKE,618,5.251196524731711,1.0
13,classifier__polke,5,1,POLKE,618,3.8753842818147044,1.0
13,classifier__polke,6,1,POLKE,618,3.197904114195753,1.0
13,classifier__polke,7,1,POLKE,618,3.0682184435109017,1.0
13,classifier__polke,8,1,POLKE,618,2.593802787668087,1.0
13,classifier__polke,9,1,POLKE,618,3.447473846723848,1.0
13,classifier__polke,10,1,POLKE,618,5.845366933989474,1.0
13,classifier__polke,11,1,POLKE,618,7.0561888700885245,1.0
13,classifier__polke,12,1,POLKE,618,7.498600894590244,1.0
13,classifier__polke,13,1,POLKE,618,8.947251263581402,1.0
13,classifier__polke,14,1,POLKE,618,21.759262958636263,1.0
13,classifier__polke,15,1,POLKE,618,22.922263097288127,1.0
14,regressor__complexity,overall,1,TAALES,485,0.6878835228690717,0.2718568995433975
14,regressor__complexity,overall,2,TAASSC,139,0.5395760553523657,0.21324463895302595
14,regressor__complexity,overall,3,POLKE,618,0.5254503021224172,0.20766203179768655
14,regressor__complexity,overall,4,LCA,33,0.4736599442709059,0.18719408098381782
14,regressor__complexity,overall,5,TAALES_COVERAGE,352,0.2011352144380267,0.07949019560470828
14,regressor__complexity,overall,6,L2SCA,23,0.10260971118684215,0.04055215311736402
14,regressor__complexity,numerical_level,1,TAALES,485,0.6878835228690717,0.2718568995433975
14,regressor__complexity,numerical_level,2,TAASSC,139,0.5395760553523657,0.21324463895302595
14,regressor__complexity,numerical_level,3,POLKE,618,0.5254503021224172,0.20766203179768655
14,regressor__complexity,numerical_level,4,LCA,33,0.4736599442709059,0.18719408098381782
14,regressor__complexity,numerical_level,5,TAALES_COVERAGE,352,0.2011352144380267,0.07949019560470828
14,regressor__complexity,numerical_level,6,L2SCA,23,0.10260971118684215,0.04055215311736402
15,regressor__combined_plus_error_composition,overall,1,TAALES,485,0.6793691124249515,0.2679849235601494
15,regressor__combined_plus_error_composition,overall,2,POLKE,618,0.5504672995948698,0.21713812786946352
15,regressor__combined_plus_error_composition,overall,3,TAASSC,139,0.5209802164011664,0.2055066103465804
15,regressor__combined_plus_error_composition,overall,4,LCA,33,0.4450515758218363,0.17555568886731515
15,regressor__combined_plus_error_composition,overall,5,TAALES_COVERAGE,352,0.20314319413922807,0.08013215843571256
15,regressor__combined_plus_error_composition,overall,6,L2SCA,23,0.11230602552969647,0.0443003974076678
15,regressor__combined_plus_error_composition,overall,7,ERRANT,72,0.02378456391506496,0.009382093513111082
15,regressor__combined_plus_error_composition,numerical_level,1,TAALES,485,0.6793691124249515,0.2679849235601494
15,regressor__combined_plus_error_composition,numerical_level,2,POLKE,618,0.5504672995948698,0.21713812786946352
15,regressor__combined_plus_error_composition,numerical_level,3,TAASSC,139,0.5209802164011664,0.2055066103465804
15,regressor__combined_plus_error_composition,numerical_level,4,LCA,33,0.4450515758218363,0.17555568886731515
15,regressor__combined_plus_error_composition,numerical_level,5,TAALES_COVERAGE,352,0.20314319413922807,0.08013215843571256
15,regressor__combined_plus_error_composition,numerical_level,6,L2SCA,23,0.11230602552969647,0.0443003974076678
15,regressor__combined_plus_error_composition,numerical_level,7,ERRANT,72,0.02378456391506496,0.009382093513111082
16,regressor__combined,overall,1,TAALES,485,0.6674737227209094,0.26466866446228665
16,regressor__combined,overall,2,POLKE,618,0.560266215187305,0.22215842492269386
16,regressor__combined,overall,3,TAASSC,139,0.5325077518394433,0.2111515565296503
16,regressor__combined,overall,4,LCA,33,0.43576037260273154,0.17278899815293125
16,regressor__combined,overall,5,TAALES_COVERAGE,352,0.1998324765591554,0.079238167566362
16,regressor__combined,overall,6,L2SCA,23,0.1062659857748312,0.04213690453332339
16,regressor__combined,overall,7,ERRANT,69,0.0198154568126803,0.007857283832752632
16,regressor__combined,numerical_level,1,TAALES,485,0.6674737227209094,0.26466866446228665
16,regressor__combined,numerical_level,2,POLKE,618,0.560266215187305,0.2221584249226938
16,regressor__combined,numerical_level,3,TAASSC,139,0.5325077518394433,0.21115155652965026
16,regressor__combined,numerical_level,4,LCA,33,0.43576037260273154,0.17278899815293122
16,regressor__combined,numerical_level,5,TAALES_COVERAGE,352,0.1998324765591554,0.07923816756636198
16,regressor__combined,numerical_level,6,L2SCA,23,0.1062659857748312,0.04213690453332338
16,regressor__combined,numerical_level,7,ERRANT,69,0.0198154568126803,0.00785728383275263
17,regressor__complexity_without_length_features,overall,1,TAALES,484,0.5951813342946446,0.23591711386657566
17,regressor__complexity_without_length_features,overall,2,POLKE,617,0.594053757193686,0.23547016649105784
17,regressor__complexity_without_length_features,overall,3,TAASSC,138,0.5824250222934159,0.23086078542092983
17,regressor__complexity_without_length_features,overall,4,LCA,28,0.38570998674084145,0.15288716500031754
17,regressor__complexity_without_length_features,overall,5,TAALES_COVERAGE,352,0.2059151917781504,0.08162036499876972
17,regressor__complexity_without_length_features,overall,6,L2SCA,22,0.15955556710064017,0.06324440422234942
17,regressor__complexity_without_length_features,numerical_level,1,TAALES,484,0.5951813342946446,0.23591711386657566
17,regressor__complexity_without_length_features,numerical_level,2,POLKE,617,0.594053757193686,0.23547016649105784
17,regressor__complexity_without_length_features,numerical_level,3,TAASSC,138,0.5824250222934159,0.23086078542092983
17,regressor__complexity_without_length_features,numerical_level,4,LCA,28,0.38570998674084145,0.15288716500031754
17,regressor__complexity_without_length_features,numerical_level,5,TAALES_COVERAGE,352,0.2059151917781504,0.08162036499876972
17,regressor__complexity_without_length_features,numerical_level,6,L2SCA,22,0.15955556710064017,0.06324440422234942
18,regressor__combined_without_length_features,overall,1,POLKE,617,0.5944654153023357,0.23486813759993072
18,regressor__combined_without_length_features,overall,2,TAALES,484,0.5940644203393434,0.23470970796261187
18,regressor__combined_without_length_features,overall,3,TAASSC,138,0.5759834701159151,0.22756608110779497
18,regressor__combined_without_length_features,overall,4,LCA,28,0.37843937529942145,0.1495181199495881
18,regressor__combined_without_length_features,overall,5,TAALES_COVERAGE,352,0.20864352950658896,0.08243325168473632
18,regressor__combined_without_length_features,overall,6,L2SCA,22,0.14955115835436014,0.059086367574027784
18,regressor__combined_without_length_features,overall,7,ERRANT,69,0.02991291612987436,0.011818334121310343
18,regressor__combined_without_length_features,numerical_level,1,POLKE,617,0.5944654153023357,0.23486813759993067
18,regressor__combined_without_length_features,numerical_level,2,TAALES,484,0.5940644203393434,0.2347097079626118
18,regressor__combined_without_length_features,numerical_level,3,TAASSC,138,0.5759834701159151,0.22756608110779492
18,regressor__combined_without_length_features,numerical_level,4,LCA,28,0.37843937529942145,0.1495181199495881
18,regressor__combined_without_length_features,numerical_level,5,TAALES_COVERAGE,352,0.20864352950658896,0.08243325168473631
18,regressor__combined_without_length_features,numerical_level,6,L2SCA,22,0.14955115835436014,0.05908636757402778
18,regressor__combined_without_length_features,numerical_level,7,ERRANT,69,0.02991291612987436,0.011818334121310342
19,regressor__combined_without_duplicate_features,overall,1,POLKE,581,0.5896732861745113,0.23495404745922652
19,regressor__combined_without_duplicate_features,overall,2,TAALES,334,0.5694177823940482,0.2268832857202641
19,regressor__combined_without_duplicate_features,overall,3,TAASSC,130,0.5445546556390679,0.21697662655740424
19,regressor__combined_without_duplicate_features,overall,4,LCA,22,0.47585239674366514,0.18960235986510338
19,regressor__combined_without_duplicate_features,overall,5,TAALES_COVERAGE,46,0.165566571711353,0.06596964295245047
19,regressor__combined_without_duplicate_features,overall,6,L2SCA,19,0.14003210980710243,0.055795491749132106
19,regressor__combined_without_duplicate_features,overall,7,ERRANT,52,0.02464198497055813,0.009818545696419108
19,regressor__combined_without_duplicate_features,numerical_level,1,POLKE,581,0.5896732861745113,0.23495404745922654
19,regressor__combined_without_duplicate_features,numerical_level,2,TAALES,334,0.5694177823940482,0.22688328572026414
19,regressor__combined_without_duplicate_features,numerical_level,3,TAASSC,130,0.5445546556390679,0.2169766265574043
19,regressor__combined_without_duplicate_features,numerical_level,4,LCA,22,0.47585239674366514,0.1896023598651034
19,regressor__combined_without_duplicate_features,numerical_level,5,TAALES_COVERAGE,46,0.165566571711353,0.06596964295245049
19,regressor__combined_without_duplicate_features,numerical_level,6,L2SCA,19,0.14003210980710243,0.05579549174913211
19,regressor__combined_without_duplicate_features,numerical_level,7,ERRANT,52,0.02464198497055813,0.00981854569641911
20,regressor__combined_without_length_and_duplicate_features,overall,1,POLKE,581,0.6393305987197226,0.2566678142750291
20,regressor__combined_without_length_and_duplicate_features,overall,2,TAASSC,130,0.5807642036656806,0.2331555521705857
20,regressor__combined_without_length_and_duplicate_features,overall,3,TAALES,334,0.5683619774777674,0.2281765126968443
20,regressor__combined_without_length_and_duplicate_features,overall,4,LCA,20,0.30973282951924386,0.12434638436064595
20,regressor__combined_without_length_and_duplicate_features,overall,5,L2SCA,19,0.18759378976790675,0.07531203431795418
20,regressor__combined_without_length_and_duplicate_features,overall,6,TAALES_COVERAGE,46,0.17765105103220308,0.07132038895589714
20,regressor__combined_without_length_and_duplicate_features,overall,7,ERRANT,52,0.027452849129014,0.011021313223043753
20,regressor__combined_without_length_and_duplicate_features,numerical_level,1,POLKE,581,0.6393305987197226,0.2566678142750291
20,regressor__combined_without_length_and_duplicate_features,numerical_level,2,TAASSC,130,0.5807642036656806,0.2331555521705857
20,regressor__combined_without_length_and_duplicate_features,numerical_level,3,TAALES,334,0.5683619774777674,0.2281765126968443
20,regressor__combined_without_length_and_duplicate_features,numerical_level,4,LCA,20,0.30973282951924386,0.12434638436064595
20,regressor__combined_without_length_and_duplicate_features,numerical_level,5,L2SCA,19,0.18759378976790675,0.07531203431795418
20,regressor__combined_without_length_and_duplicate_features,numerical_level,6,TAALES_COVERAGE,46,0.17765105103220308,0.07132038895589714
20,regressor__combined_without_length_and_duplicate_features,numerical_level,7,ERRANT,52,0.027452849129014,0.011021313223043753
21,regressor__combined_without_length_correlated_features,overall,1,TAASSC,134,0.810288600973408,0.31919673312524305
21,regressor__combined_without_length_correlated_features,overall,2,TAALES,484,0.6982144405163414,0.27504739442953063
21,regressor__combined_without_length_correlated_features,overall,3,POLKE,615,0.6012604772845278,0.2368543502598824
21,regressor__combined_without_length_correlated_features,overall,4,TAALES_COVERAGE,352,0.23645615261818675,0.09314709765436532
21,regressor__combined_without_length_correlated_features,overall,5,LCA,14,0.1300322458442605,0.051223561610721155
21,regressor__combined_without_length_correlated_features,overall,6,L2SCA,14,0.04105326472907176,0.01617209963203656
21,regressor__combined_without_length_correlated_features,overall,7,ERRANT,62,0.021218922087222262,0.008358763288220916
21,regressor__combined_without_length_correlated_features,numerical_level,1,TAASSC,134,0.810288600973408,0.31919673312524305
21,regressor__combined_without_length_correlated_features,numerical_level,2,TAALES,484,0.6982144405163414,0.27504739442953063
21,regressor__combined_without_length_correlated_features,numerical_level,3,POLKE,615,0.6012604772845278,0.2368543502598824
21,regressor__combined_without_length_correlated_features,numerical_level,4,TAALES_COVERAGE,352,0.23645615261818675,0.09314709765436532
21,regressor__combined_without_length_correlated_features,numerical_level,5,LCA,14,0.1300322458442605,0.051223561610721155
21,regressor__combined_without_length_correlated_features,numerical_level,6,L2SCA,14,0.04105326472907176,0.01617209963203656
21,regressor__combined_without_length_correlated_features,numerical_level,7,ERRANT,62,0.021218922087222262,0.008358763288220916
22,regressor__complexity_without_length_correlated_features,overall,1,TAASSC,134,0.8144589301496596,0.32519982960071775
22,regressor__complexity_without_length_correlated_features,overall,2,TAALES,484,0.6828716996918254,0.2726592491755576
22,regressor__complexity_without_length_correlated_features,overall,3,POLKE,615,0.602992038445193,0.2407646363665427
22,regressor__complexity_without_length_correlated_features,overall,4,TAALES_COVERAGE,352,0.23083817408757723,0.09216982231974157
22,regressor__complexity_without_length_correlated_features,overall,5,LCA,14,0.12773332313841962,0.051001779686195556
22,regressor__complexity_without_length_correlated_features,overall,6,L2SCA,14,0.045593401869070405,0.018204682851244856
22,regressor__complexity_without_length_correlated_features,numerical_level,1,TAASSC,134,0.8144589301496596,0.32519982960071775
22,regressor__complexity_without_length_correlated_features,numerical_level,2,TAALES,484,0.6828716996918254,0.2726592491755576
22,regressor__complexity_without_length_correlated_features,numerical_level,3,POLKE,615,0.602992038445193,0.2407646363665427
22,regressor__complexity_without_length_correlated_features,numerical_level,4,TAALES_COVERAGE,352,0.23083817408757723,0.09216982231974157
22,regressor__complexity_without_length_correlated_features,numerical_level,5,LCA,14,0.12773332313841962,0.051001779686195556
22,regressor__complexity_without_length_correlated_features,numerical_level,6,L2SCA,14,0.045593401869070405,0.018204682851244856
23,regressor__combined_without_length_correlated_and_duplicate_features,overall,1,TAASSC,126,0.7917621400551443,0.3190989812815359
23,regressor__combined_without_length_correlated_and_duplicate_features,overall,2,TAALES,334,0.6692181878480359,0.2697108527852958
23,regressor__combined_without_length_correlated_and_duplicate_features,overall,3,POLKE,579,0.6347780618062328,0.255830662537273
23,regressor__combined_without_length_correlated_and_duplicate_features,overall,4,TAALES_COVERAGE,46,0.19960560920404458,0.08044580983709938
23,regressor__combined_without_length_correlated_and_duplicate_features,overall,5,LCA,12,0.12314241761711346,0.04962932429609426
23,regressor__combined_without_length_correlated_and_duplicate_features,overall,6,L2SCA,12,0.04243317264849884,0.0171015782135484
23,regressor__combined_without_length_correlated_and_duplicate_features,overall,7,ERRANT,49,0.02030349368926869,0.008182791049153345
23,regressor__combined_without_length_correlated_and_duplicate_features,numerical_level,1,TAASSC,126,0.7917621400551443,0.3190989812815359
23,regressor__combined_without_length_correlated_and_duplicate_features,numerical_level,2,TAALES,334,0.6692181878480359,0.2697108527852958
23,regressor__combined_without_length_correlated_and_duplicate_features,numerical_level,3,POLKE,579,0.6347780618062328,0.255830662537273
23,regressor__combined_without_length_correlated_and_duplicate_features,numerical_level,4,TAALES_COVERAGE,46,0.19960560920404458,0.08044580983709938
23,regressor__combined_without_length_correlated_and_duplicate_features,numerical_level,5,LCA,12,0.12314241761711346,0.04962932429609426
23,regressor__combined_without_length_correlated_and_duplicate_features,numerical_level,6,L2SCA,12,0.04243317264849884,0.0171015782135484
23,regressor__combined_without_length_correlated_and_duplicate_features,numerical_level,7,ERRANT,49,0.02030349368926869,0.008182791049153345
24,regressor__training_information_gain_features,overall,1,TAALES,66,0.7271152940577715,0.29050720392132934
24,regressor__training_information_gain_features,overall,2,TAASSC,33,0.5990044458395598,0.2393225780277286
24,regressor__training_information_gain_features,overall,3,LCA,15,0.44581534129533534,0.17811833876052516
24,regressor__training_information_gain_features,overall,4,POLKE,27,0.36839735768136433,0.14718723039748874
24,regressor__training_information_gain_features,overall,5,TAALES_COVERAGE,47,0.18391439368267584,0.0734800336429118
24,regressor__training_information_gain_features,overall,6,L2SCA,12,0.17866973626847693,0.0713846152500164
24,regressor__training_information_gain_features,numerical_level,1,TAALES,66,0.7271152940577715,0.29050720392132934
24,regressor__training_information_gain_features,numerical_level,2,TAASSC,33,0.5990044458395598,0.2393225780277286
24,regressor__training_information_gain_features,numerical_level,3,LCA,15,0.44581534129533534,0.17811833876052516
24,regressor__training_information_gain_features,numerical_level,4,POLKE,27,0.36839735768136433,0.14718723039748874
24,regressor__training_information_gain_features,numerical_level,5,TAALES_COVERAGE,47,0.18391439368267584,0.0734800336429118
24,regressor__training_information_gain_features,numerical_level,6,L2SCA,12,0.17866973626847693,0.0713846152500164
25,regressor__polke,overall,1,POLKE,618,2.131770676035071,1.0
25,regressor__polke,numerical_level,1,POLKE,618,2.131770676035071,1.0
26,regressor__training_mutual_information_features,overall,1,TAALES,73,0.8036879477846433,0.3233520435111187
26,regressor__training_mutual_information_features,overall,2,TAASSC,28,0.5121923633431591,0.2060730757681825
26,regressor__training_mutual_information_features,overall,3,LCA,15,0.4540856810252146,0.18269470544304553
26,regressor__training_mutual_information_features,overall,4,POLKE,20,0.4139019459386326,0.16652736973523488
26,regressor__training_mutual_information_features,overall,5,TAALES_COVERAGE,51,0.17633567769367722,0.07094607040374236
26,regressor__training_mutual_information_features,overall,6,L2SCA,13,0.12528538579263246,0.050406735138676
26,regressor__training_mutual_information_features,numerical_level,1,TAALES,73,0.8036879477846433,0.3233520435111187
26,regressor__training_mutual_information_features,numerical_level,2,TAASSC,28,0.5121923633431591,0.2060730757681825
26,regressor__training_mutual_information_features,numerical_level,3,LCA,15,0.4540856810252146,0.18269470544304553
26,regressor__training_mutual_information_features,numerical_level,4,POLKE,20,0.4139019459386326,0.16652736973523488
26,regressor__training_mutual_information_features,numerical_level,5,TAALES_COVERAGE,51,0.17633567769367722,0.07094607040374236
26,regressor__training_mutual_information_features,numerical_level,6,L2SCA,13,0.12528538579263246,0.050406735138676
27,classifier__length_only,overall,1,LCA,5,3.2107653266356437,0.5681308272901036
27,classifier__length_only,overall,2,POLKE,1,0.8806184733028835,0.15582157238777536
27,classifier__length_only,overall,3,TAALES,1,0.6795293863480496,0.1202397413573614
27,classifier__length_only,overall,4,L2SCA,1,0.49172883520018823,0.08700925839304863
27,classifier__length_only,overall,5,TAASSC,1,0.3888121373211619,0.06879860057171105
27,classifier__length_only,1,1,LCA,5,6.774275255722111,0.6075663294061627
27,classifier__length_only,1,2,POLKE,1,2.072810247746606,0.18590471544762174
27,classifier__length_only,1,3,TAALES,1,1.577091808657076,0.14144507643278023
27,classifier__length_only,1,4,L2SCA,1,0.4838679260391893,0.04339679871919606
27,classifier__length_only,1,5,TAASSC,1,0.24180775375988225,0.021687079994239238
27,classifier__length_only,2,1,LCA,5,5.047601943964866,0.750345969003877
27,classifier__length_only,2,2,TAALES,1,0.6905898710638672,0.10265891243806184
27,classifier__length_only,2,3,POLKE,1,0.3961783364334692,0.05889347477269785
27,classifier__length_only,2,4,TAASSC,1,0.37582248020897463,0.055867496331205614
27,classifier__length_only,2,5,L2SCA,1,0.21684016716669555,0.032234147454157765
27,classifier__length_only,3,1,LCA,5,6.750486859612505,0.7569667895344696
27,classifier__length_only,3,2,TAALES,1,0.9748576372295312,0.10931579769776134
27,classifier__length_only,3,3,POLKE,1,0.6885139945121654,0.07720661321387187
27,classifier__length_only,3,4,TAASSC,1,0.2887450170656461,0.03237846293279123
27,classifier__length_only,3,5,L2SCA,1,0.21520762007631417,0.024132336621105956
27,classifier__length_only,4,1,LCA,5,2.14845340773175,0.5843599596684301
27,classifier__length_only,4,2,POLKE,1,0.6017401037095678,0.16366788382245612
27,classifier__length_only,4,3,TAALES,1,0.5699516219927158,0.15502170335276094
27,classifier__length_only,4,4,TAASSC,1,0.19733649327532765,0.0536737472809454
27,classifier__length_only,4,5,L2SCA,1,0.15911080948492748,0.043276705875407315
27,classifier__length_only,5,1,LCA,5,1.2596005764697569,0.4188823347002601
27,classifier__length_only,5,2,POLKE,1,0.769457857522651,0.2558845318377694
27,classifier__length_only,5,3,TAALES,1,0.5904761840411095,0.19636386897285535
27,classifier__length_only,5,4,TAASSC,1,0.203426530437952,0.06764984202265392
27,classifier__length_only,5,5,L2SCA,1,0.1840899303740735,0.0612194224664613
27,classifier__length_only,6,1,POLKE,1,1.0770680190761284,0.3454546235065119
27,classifier__length_only,6,2,LCA,5,0.8240594631692016,0.2643056395270926
27,classifier__length_only,6,3,TAALES,1,0.6500226113492317,0.20848573395297967
27,classifier__length_only,6,4,L2SCA,1,0.31893844913993974,0.1022950824998928
27,classifier__length_only,6,5,TAASSC,1,0.24773922909679807,0.0794589205135231
27,classifier__length_only,7,1,LCA,5,1.050624668192196,0.5052761896991778
27,classifier__length_only,7,2,POLKE,1,0.3609238405293261,0.1735788511686558
27,classifier__length_only,7,3,TAALES,1,0.3215230262340891,0.15462984500035562
27,classifier__length_only,7,4,TAASSC,1,0.18395608188062398,0.08846987029589533
27,classifier__length_only,7,5,L2SCA,1,0.16228007588860496,0.07804524383591548
27,classifier__length_only,8,1,LCA,5,0.930049261174376,0.4896901463581278
27,classifier__length_only,8,2,POLKE,1,0.3453652386205132,0.18184193172041022
27,classifier__length_only,8,3,TAALES,1,0.25045838520780045,0.13187151307895392
27,classifier__length_only,8,4,L2SCA,1,0.2274896945276657,0.11977802301305414
27,classifier__length_only,8,5,TAASSC,1,0.1458981429719061,0.0768183858294539
27,classifier__length_only,9,1,LCA,5,0.6108995990456332,0.39571161614413625
27,classifier__length_only,9,2,POLKE,1,0.4144612460371803,0.2684682225274043
27,classifier__length_only,9,3,TAALES,1,0.20476194286513807,0.13263501803333894
27,classifier__length_only,9,4,L2SCA,1,0.1823567508415791,0.11812200352242262
27,classifier__length_only,9,5,TAASSC,1,0.13132047647996195,0.08506313977269786
27,classifier__length_only,10,1,POLKE,1,0.6003902912455387,0.2622679325319432
27,classifier__length_only,10,2,TAALES,1,0.5797485375405093,0.25325101445883325
27,classifier__length_only,10,3,LCA,5,0.3794040863133576,0.1657347341595851
27,classifier__length_only,10,4,L2SCA,1,0.3737269023230859,0.16325477515717832
27,classifier__length_only,10,5,TAASSC,1,0.35595511926477813,0.15549154369246027
27,classifier__length_only,11,1,LCA,5,2.4881790523621454,0.7222680099403503
27,classifier__length_only,11,2,TAALES,1,0.3606651205105183,0.10469378343119107
27,classifier__length_only,11,3,POLKE,1,0.2158329832109451,0.06265194585384254
27,classifier__length_only,11,4,TAASSC,1,0.2129525571542248,0.061815816478911635
27,classifier__length_only,11,5,L2SCA,1,0.16732287793069345,0.04857044429570439
27,classifier__length_only,12,1,LCA,5,0.7515465315903245,0.4285727722055679
27,classifier__length_only,12,2,TAASSC,1,0.30628952103789875,0.17466296977108933
27,classifier__length_only,12,3,TAALES,1,0.26626817661377405,0.15184061904990906
27,classifier__length_only,12,4,L2SCA,1,0.232153628121271,0.1323866451368964
27,classifier__length_only,12,5,POLKE,1,0.1973452185452496,0.11253699383653723
27,classifier__length_only,13,1,LCA,5,2.1188110010441887,0.7066592937378259
27,classifier__length_only,13,2,TAASSC,1,0.28499016225815044,0.09504903773121993
27,classifier__length_only,13,3,TAALES,1,0.25445433145104385,0.08486482185674438
27,classifier__length_only,13,4,POLKE,1,0.20727625309555672,0.06913013503750172
27,classifier__length_only,13,5,L2SCA,1,0.13281698940021333,0.04429671163670801
27,classifier__length_only,14,1,LCA,5,8.780402645865555,0.540009889140745
27,classifier__length_only,14,2,POLKE,1,2.709272524106914,0.1666249276260631
27,classifier__length_only,14,3,L2SCA,1,2.159644660365503,0.13282186713573113
27,classifier__length_only,14,4,TAALES,1,1.3429234807964248,0.08259210758755502
27,classifier__length_only,14,5,TAASSC,1,1.2674638209642213,0.07795120850990576
27,classifier__length_only,15,1,LCA,5,8.247085547276685,0.5184420575847148
27,classifier__length_only,15,2,POLKE,1,2.552640945151441,0.16046837592418453
27,classifier__length_only,15,3,L2SCA,1,2.1600860463230673,0.13579093462727135
27,classifier__length_only,15,4,TAALES,1,1.559148059667915,0.09801376783345869
27,classifier__length_only,15,5,TAASSC,1,1.388478673961082,0.08728486403037058
28,classifier__accuracy,overall,1,ERRANT,69,2.3939203791939647,1.0
28,classifier__accuracy,1,1,ERRANT,69,4.033082385174445,1.0
28,classifier__accuracy,2,1,ERRANT,69,3.2959624321006746,1.0
28,classifier__accuracy,3,1,ERRANT,69,3.2994464269772816,1.0
28,classifier__accuracy,4,1,ERRANT,69,1.8738527296470568,1.0
28,classifier__accuracy,5,1,ERRANT,69,1.6037062206000892,1.0
28,classifier__accuracy,6,1,ERRANT,69,1.5169852858479818,1.0
28,classifier__accuracy,7,1,ERRANT,69,0.9375490272535238,1.0
28,classifier__accuracy,8,1,ERRANT,69,1.033420687583899,1.0
28,classifier__accuracy,9,1,ERRANT,69,1.1240024941228475,1.0
28,classifier__accuracy,10,1,ERRANT,69,1.670147533082718,1.0
28,classifier__accuracy,11,1,ERRANT,69,1.961688620652965,1.0
28,classifier__accuracy,12,1,ERRANT,69,2.1229309090150954,1.0
28,classifier__accuracy,13,1,ERRANT,69,3.489434669867353,1.0
28,classifier__accuracy,14,1,ERRANT,69,3.768966703021823,1.0
28,classifier__accuracy,15,1,ERRANT,69,4.177629562961718,1.0
29,regressor__length_only,overall,1,LCA,5,1.3435579647655456,0.6225061029938805
29,regressor__length_only,overall,2,POLKE,1,0.3159022222233559,0.14636589298005037
29,regressor__length_only,overall,3,TAALES,1,0.3006984122941793,0.1393215638793532
29,regressor__length_only,overall,4,L2SCA,1,0.1072606329687491,0.04969670113613934
29,regressor__length_only,overall,5,TAASSC,1,0.0908856555297333,0.04210973901057653
29,regressor__length_only,numerical_level,1,LCA,5,1.3435579647655456,0.6225061029938805
29,regressor__length_only,numerical_level,2,POLKE,1,0.3159022222233559,0.14636589298005037
29,regressor__length_only,numerical_level,3,TAALES,1,0.3006984122941793,0.1393215638793532
29,regressor__length_only,numerical_level,4,L2SCA,1,0.1072606329687491,0.04969670113613934
29,regressor__length_only,numerical_level,5,TAASSC,1,0.0908856555297333,0.04210973901057653
30,regressor__accuracy,overall,1,ERRANT,69,1.737700509623619,1.0
30,regressor__accuracy,numerical_level,1,ERRANT,69,1.737700509623619,1.0
