source,feature,is_text_length_feature,mean,standard_deviation,minimum,maximum
L2SCA,C,yes,8.133528869975521,4.074613276178536,0.0,41.0
L2SCA,C/S,no,1.4121402140559722,0.9663572726770223,0.0,12.0
L2SCA,C/T,no,1.3270047886775442,0.7026321463302864,0.0,13.0
L2SCA,CN,yes,4.568932823066429,3.887826768403837,0.0,39.0
L2SCA,CN/C,no,0.6038955171870034,0.5794950749707062,0.0,17.0
L2SCA,CN/T,no,0.8237689370095795,0.8863809906249908,0.0,17.0
L2SCA,CP,yes,1.573789224305648,1.5388692175052008,0.0,15.0
L2SCA,CP/C,no,0.22883419133038768,0.29451359787016906,0.0,7.0
L2SCA,CP/T,no,0.2771419206919131,0.3466450917972402,0.0,10.0
L2SCA,CT,yes,1.1576089365663371,1.4480548164113658,0.0,13.0
L2SCA,CT/T,no,0.19071178145211204,0.24229843752159666,0.0,1.0
L2SCA,DC,yes,1.4116859001827307,1.8351299857589887,0.0,23.0
L2SCA,DC/C,no,0.1467180731021606,0.16431873973496278,0.0,1.0
L2SCA,DC/T,no,0.2607130662312689,0.46764810456025646,0.0,10.0
L2SCA,MLC,no,8.338143004516581,4.25267798519326,0.0,115.0
L2SCA,MLS,no,11.033960041816309,7.062945503362894,0.7879,66.0
L2SCA,MLT,no,10.69072421477508,6.178020555311185,0.0,114.0
L2SCA,S,yes,6.837305633129916,3.47625605949574,1.0,66.0
L2SCA,T,yes,6.617097881604287,3.1852464386954766,0.0,38.0
L2SCA,T/S,no,1.0669031086385954,0.5629804450111198,0.0,12.0
L2SCA,VP,yes,9.567610364919643,5.3680067531495474,0.0,49.0
L2SCA,VP/T,no,1.561150863661198,0.9248389194719366,0.0,20.0
L2SCA,W,yes,62.48768907211214,32.2470158196937,8.0,352.0
LCA,adjv,no,0.12220855435870141,0.09317318863354489,0.0,0.8
LCA,advv,no,0.026203904822413394,0.03421322612678952,0.0,0.33
LCA,cttr,yes,3.676391659401652,0.7211726917360157,1.21,7.12
LCA,cvs1,no,0.16156495806059276,0.2232589789192199,0.0,1.75
LCA,cvv1,yes,1.4741020829335174,0.6329948951258485,0.0,4.14
LCA,ld,no,0.48374893489172455,0.08428452662086112,0.0,1.0
LCA,lextokens,yes,29.831690727031834,15.534562006302405,0.0,144.0
LCA,lextypes,yes,24.948416744241026,12.14193974451993,0.0,112.0
LCA,logttr,yes,0.908194216646625,0.03481403651623869,0.65,1.0
LCA,ls1,no,0.36170131654773674,0.14632059468172962,0.0,1.0
LCA,ls2,no,0.24206877274897684,0.0990889868663097,0.0,1.0
LCA,lv,yes,0.858832789081445,0.10701022770273282,0.0,1.0
LCA,modv,no,0.14835096610862608,0.10343202119271915,0.0,0.82
LCA,msttr,no,0.735541272022503,0.09319804572840121,0.27,1.0
LCA,ndw,yes,41.3751175928799,18.13525908524971,8.0,152.0
LCA,ndwerz,yes,31.835246587959382,6.621551826581595,8.0,50.0
LCA,ndwesz,yes,31.467581797853523,6.515303181790193,8.0,50.0
LCA,ndwz,yes,31.653801636203337,6.637719967968363,8.0,50.0
LCA,nv,no,0.865705187877705,0.12389378783414978,0.0,1.0
LCA,rttr,yes,5.199219725066555,1.0199454981089027,1.72,10.07
LCA,slextokens,yes,10.190756583969936,5.780503778755997,0.0,77.0
LCA,slextypes,yes,8.871455590525585,4.776738977728325,0.0,69.0
LCA,svv1,yes,5.1495568657007285,3.7905439371552183,0.0,34.23
LCA,swordtokens,yes,10.871103427555399,5.826176480935108,0.0,77.0
LCA,swordtypes,yes,9.517098374139909,4.825714232187551,0.0,69.0
LCA,ttr,yes,0.6959248587653958,0.1091518652977489,0.25,1.0
LCA,uber,no,22.471636351099207,15.420616226243698,0.0,444.02
LCA,vs1,no,0.08646236289039642,0.14711401019169099,0.0,1.0
LCA,vs2,no,0.15140710039354874,0.3137479716334888,0.0,6.12
LCA,vv1,no,0.8159622668460033,0.24658399547232226,0.0,1.0
LCA,vv2,no,0.19770281385601157,0.09898464215407789,0.0,0.88
LCA,wordtokens,yes,62.359388467770934,32.19002205020568,8.0,260.0
LCA,wordtypes,yes,41.3751175928799,18.13525908524971,8.0,152.0
POLKE,polke_1001_per_100_words,no,0.0005861186956671642,0.026047814121404885,0.0,2.94117647
POLKE,polke_1006_per_100_words,no,0.0004880686832306397,0.02593196251883807,0.0,3.38983051
POLKE,polke_100_per_100_words,no,1.0555386535356956,1.7620746155637428,0.0,26.08695652
POLKE,polke_1010_per_100_words,no,0.00032046904790401467,0.02206237685586866,0.0,4.16666667
POLKE,polke_1011_per_100_words,no,0.001068224340765696,0.04571125562930912,0.0,5.12820513
POLKE,polke_1012_per_100_words,no,9.038434623284129e-05,0.010011679693365643,0.0,2.04081633
POLKE,polke_1015_per_100_words,no,1.2092514221966105e-05,0.004237042515687881,0.0,2.08333333
POLKE,polke_1018_per_100_words,no,1.8200869965670268e-05,0.0044783836356667986,0.0,1.25
POLKE,polke_1019_per_100_words,no,9.026349156040211e-05,0.011695707856557101,0.0,3.27868852
POLKE,polke_101_per_100_words,no,0.6727362299827023,1.3724755101676684,0.0,16.43835616
POLKE,polke_1020_per_100_words,no,0.0,0.0,0.0,0.0
POLKE,polke_1025_per_100_words,no,0.0005514541928572483,0.02577027077320492,0.0,3.7037037
POLKE,polke_1026_per_100_words,no,0.008586214796090256,0.11596297617837159,0.0,5.95238095
POLKE,polke_1029_per_100_words,no,1.4317896035580773e-06,0.0009123792071759477,0.0,0.58139535
POLKE,polke_102_per_100_words,no,0.3215565214123703,1.222046384224473,0.0,28.0
POLKE,polke_1035_per_100_words,no,0.00029712505671547696,0.022572742761033972,0.0,4.76190476
POLKE,polke_1036_per_100_words,no,1.5391738207465856e-06,0.0009808076457525257,0.0,0.625
POLKE,polke_103_per_100_words,no,0.03336588659987888,0.2659634958489491,0.0,13.33333333
POLKE,polke_1040_per_100_words,no,0.0,0.0,0.0,0.0
POLKE,polke_1045_per_100_words,no,0.0,0.0,0.0,0.0
POLKE,polke_1049_per_100_words,no,2.0352711654870437e-06,0.0012969357283643733,0.0,0.82644628
POLKE,polke_104_per_100_words,no,0.0,0.0,0.0,0.0
POLKE,polke_1051_per_100_words,no,0.004891194083588224,0.10410397921400275,0.0,12.5
POLKE,polke_1054_per_100_words,no,0.013300601876462209,0.15302559639261296,0.0,7.5
POLKE,polke_1057_per_100_words,no,0.13555464682787283,0.5500462293802086,0.0,10.0
POLKE,polke_1058_per_100_words,no,0.7221970114785571,2.2569220549826885,0.0,62.96296296
POLKE,polke_105_per_100_words,no,0.0,0.0,0.0,0.0
POLKE,polke_1065_per_100_words,no,7.463283515817782e-05,0.008515928710312272,0.0,2.3255814
POLKE,polke_1066_per_100_words,no,0.016703050842851584,0.19326383558870258,0.0,7.0
POLKE,polke_106_per_100_words,no,1.2401484050408538,2.293047408255436,0.0,32.0
POLKE,polke_1070_per_100_words,no,0.0011401827270712355,0.04162599799464221,0.0,4.76190476
POLKE,polke_1076_per_100_words,no,8.333612741404022e-05,0.011929159620383217,0.0,3.8961039
POLKE,polke_1078_per_100_words,no,0.00040374889253365245,0.028128377855906248,0.0,5.26315789
POLKE,polke_1079_per_100_words,no,0.0003112445450202186,0.02412853806723253,0.0,8.0
POLKE,polke_107_per_100_words,no,0.10213816968293012,0.45106464929046625,0.0,16.12903226
POLKE,polke_1081_per_100_words,no,0.004616171582098304,0.08309634668179423,0.0,4.87804878
POLKE,polke_1082_per_100_words,no,1.8537682422881234e-05,0.006339931710684513,0.0,2.77777778
POLKE,polke_1083_per_100_words,no,0.0006919363172126425,0.044538869284901535,0.0,16.0
POLKE,polke_1086_per_100_words,no,9.109021228285336e-05,0.011400545797791251,0.0,3.22580645
POLKE,polke_1089_per_100_words,no,0.0003422791187798908,0.039163203520797926,0.0,13.63636364
POLKE,polke_108_per_100_words,no,0.22463874973365974,0.7367006202909346,0.0,13.04347826
POLKE,polke_1091_per_100_words,no,0.0008382873013234435,0.032963623561276356,0.0,3.44827586
POLKE,polke_1092_per_100_words,no,0.018048146142805765,0.16105063276659107,0.0,5.08474576
POLKE,polke_1095_per_100_words,no,0.00038471573562657923,0.02024142257403277,0.0,2.12765957
POLKE,polke_1097_per_100_words,no,0.0005824994679383936,0.03421034669593393,0.0,5.0
POLKE,polke_109_per_100_words,no,0.0922940281261484,0.4746947646458182,0.0,12.5
POLKE,polke_1104_per_100_words,no,0.0006919363172126425,0.044538869284901535,0.0,16.0
POLKE,polke_1105_per_100_words,no,0.0008622738809098118,0.03442759605617055,0.0,5.0
POLKE,polke_110_per_100_words,no,0.08152225288694874,0.4057914121679319,0.0,13.33333333
POLKE,polke_1111_per_100_words,no,0.004031068335697506,0.09230098202636655,0.0,7.8125
POLKE,polke_1115_per_100_words,no,5.337685353468189e-06,0.0024332504037783403,0.0,1.25
POLKE,polke_111_per_100_words,no,0.0,0.0,0.0,0.0
POLKE,polke_1121_per_100_words,no,0.021791632445291597,0.21553789597325168,0.0,7.5
POLKE,polke_1123_per_100_words,no,1.2355663667124724e-05,0.005205163824392422,0.0,2.94117647
POLKE,polke_1127_per_100_words,no,0.0014040103086720747,0.049166873831245635,0.0,5.0
POLKE,polke_1128_per_100_words,no,0.00014818061855086166,0.017627984500347554,0.0,4.34782609
POLKE,polke_112_per_100_words,no,0.011328508694583577,0.12174522482561635,0.0,5.08474576
POLKE,polke_1137_per_100_words,no,1.8269144588757383e-05,0.006064380147187143,0.0,2.56410256
POLKE,polke_1138_per_100_words,no,0.03809584570880803,0.3694501294618237,0.0,12.5
POLKE,polke_1139_per_100_words,no,0.0003335601049347144,0.02829648009650094,0.0,5.0
POLKE,polke_113_per_100_words,no,0.0302509915970714,0.22747925974368835,0.0,10.0
POLKE,polke_1143_per_100_words,no,8.040388364338451e-06,0.00269678011477654,0.0,1.17647059
POLKE,polke_1146_per_100_words,no,3.940349343203748e-05,0.008307185471602016,0.0,2.5
POLKE,polke_1147_per_100_words,no,0.0,0.0,0.0,0.0
POLKE,polke_114_per_100_words,no,0.023893306395796732,0.25175710306887367,0.0,11.76470588
POLKE,polke_1150_per_100_words,no,0.0014653538478852986,0.04083006581802887,0.0,3.125
POLKE,polke_1152_per_100_words,no,0.0,0.0,0.0,0.0
POLKE,polke_1159_per_100_words,no,2.8103258369411567e-06,0.001267170300759995,0.0,0.59171598
POLKE,polke_115_per_100_words,no,0.007607454010028029,0.11397430283868787,0.0,7.14285714
POLKE,polke_1160_per_100_words,no,8.243755589047978e-05,0.009531434265018703,0.0,1.92307692
POLKE,polke_1161_per_100_words,no,0.0,0.0,0.0,0.0
POLKE,polke_1162_per_100_words,no,0.0,0.0,0.0,0.0
POLKE,polke_1163_per_100_words,no,0.0002813360755500392,0.02029623725247248,0.0,4.34782609
POLKE,polke_1164_per_100_words,no,9.488813530938625e-06,0.004674341199090954,0.0,2.77777778
POLKE,polke_1166_per_100_words,no,0.0,0.0,0.0,0.0
POLKE,polke_1167_per_100_words,no,0.0,0.0,0.0,0.0
POLKE,polke_1168_per_100_words,no,0.0,0.0,0.0,0.0
POLKE,polke_116_per_100_words,no,0.0036843471313247745,0.08430952800666419,0.0,6.06060606
POLKE,polke_1172_per_100_words,no,0.0,0.0,0.0,0.0
POLKE,polke_1174_per_100_words,no,0.004945048960799093,0.104494277337712,0.0,12.5
POLKE,polke_1176_per_100_words,no,0.0,0.0,0.0,0.0
POLKE,polke_1178_per_100_words,no,6.005665243238718e-06,0.0027456395723317946,0.0,1.42857143
POLKE,polke_117_per_100_words,no,0.0263412504156508,0.20492547157578703,0.0,8.0
POLKE,polke_1182_per_100_words,no,0.0,0.0,0.0,0.0
POLKE,polke_1184_per_100_words,no,0.0,0.0,0.0,0.0
POLKE,polke_1185_per_100_words,no,0.0,0.0,0.0,0.0
POLKE,polke_118_per_100_words,no,0.029627120424639625,0.24311211287772932,0.0,10.34482759
POLKE,polke_1191_per_100_words,no,3.353198516482705e-05,0.007713608215078153,0.0,3.33333333
POLKE,polke_1192_per_100_words,no,0.0007258415741192233,0.04724090580330693,0.0,8.57142857
POLKE,polke_1193_per_100_words,no,5.697324246051095e-05,0.009552837998248128,0.0,3.7037037
POLKE,polke_1194_per_100_words,no,3.80561440124907e-05,0.007289765779066414,0.0,1.81818182
POLKE,polke_1196_per_100_words,no,0.0019267408649910611,0.05046088592617367,0.0,4.34782609
POLKE,polke_1197_per_100_words,no,0.00025846342588077683,0.02453601191333166,0.0,6.25
POLKE,polke_119_per_100_words,no,0.011631809196797528,0.1804828075780822,0.0,11.76470588
POLKE,polke_11_per_100_words,no,0.26530741563014587,0.7840010331897787,0.0,12.5
POLKE,polke_1200_per_100_words,no,6.708674857534071e-06,0.003127833313600457,0.0,1.72413793
POLKE,polke_1201_per_100_words,no,0.0007436005510488546,0.029972167257542055,0.0,4.34782609
POLKE,polke_1203_per_100_words,no,0.018048146142805765,0.16105063276659107,0.0,5.08474576
POLKE,polke_120_per_100_words,no,0.06660034526449164,0.35348499822096424,0.0,9.30232558
POLKE,polke_121_per_100_words,no,0.21845249649957207,0.7367735433495669,0.0,31.37254902
POLKE,polke_122_per_100_words,no,0.051233202439898276,0.3386100833173365,0.0,14.28571429
POLKE,polke_123_per_100_words,no,0.009075523546995293,0.12942060153388985,0.0,6.25
POLKE,polke_125_per_100_words,no,0.4271682496958267,1.2018604846598542,0.0,18.75
POLKE,polke_126_per_100_words,no,0.020936997176170133,0.20097501444274635,0.0,9.52380952
POLKE,polke_12_per_100_words,no,0.0010714534129763436,0.04219086804555343,0.0,4.34782609
POLKE,polke_130_per_100_words,no,0.0,0.0,0.0,0.0
POLKE,polke_131_per_100_words,no,0.0023000025118824225,0.059405683468467134,0.0,4.76190476
POLKE,polke_132_per_100_words,no,0.04407883443306679,0.2856874156614646,0.0,7.01754386
POLKE,polke_133_per_100_words,no,0.0008484347927410101,0.034931081142081266,0.0,4.54545455
POLKE,polke_134_per_100_words,no,0.00841759867650753,0.12289383154813532,0.0,7.01754386
POLKE,polke_135_per_100_words,no,0.0018176163727952877,0.05258085818921497,0.0,4.76190476
POLKE,polke_136_per_100_words,no,0.03740817609874851,0.2352887825793024,0.0,9.30232558
POLKE,polke_137_per_100_words,no,0.017972024391275217,0.1524278712620272,0.0,4.76190476
POLKE,polke_13_per_100_words,no,0.2114818053671822,0.7753552479693964,0.0,19.04761905
POLKE,polke_148_per_100_words,no,0.4511771680302386,1.0211835327150425,0.0,14.28571429
POLKE,polke_149_per_100_words,no,0.015967290568484626,0.17627076818188114,0.0,7.69230769
POLKE,polke_14_per_100_words,no,0.010497576948421674,0.13772210580589575,0.0,7.69230769
POLKE,polke_150_per_100_words,no,0.5244439061845539,1.3233493573257216,0.0,19.23076923
POLKE,polke_151_per_100_words,no,0.6862756213534265,1.3581039380250373,0.0,16.66666667
POLKE,polke_152_per_100_words,no,1.5644126659268438,2.195302335649438,0.0,29.03225806
POLKE,polke_153_per_100_words,no,0.0,0.0,0.0,0.0
POLKE,polke_154_per_100_words,no,0.03515729645716668,0.2676386264776466,0.0,10.0
POLKE,polke_155_per_100_words,no,0.136641135639507,0.5261744030417999,0.0,11.11111111
POLKE,polke_156_per_100_words,no,0.2786067181609914,0.7706840089070542,0.0,12.5
POLKE,polke_157_per_100_words,no,0.15465248576394608,0.6141148429538676,0.0,14.28571429
POLKE,polke_158_per_100_words,no,0.0019282436609680301,0.06563240311150403,0.0,9.09090909
POLKE,polke_15_per_100_words,no,0.6685767160332581,1.3392144615881145,0.0,16.66666667
POLKE,polke_160_per_100_words,no,0.0036538192368406803,0.07096845960077917,0.0,5.0
POLKE,polke_161_per_100_words,no,0.1307517213883342,0.5473186809414143,0.0,12.5
POLKE,polke_162_per_100_words,no,0.7289277415893249,1.665859161639969,0.0,23.4375
POLKE,polke_168_per_100_words,no,0.005581079147814869,0.09420969675485913,0.0,5.81395349
POLKE,polke_169_per_100_words,no,0.03055673312762581,0.280881732142286,0.0,10.0
POLKE,polke_16_per_100_words,no,0.12437565715831465,0.6334136506071797,0.0,16.36363636
POLKE,polke_170_per_100_words,no,0.023158816251138976,0.23448417852197118,0.0,11.66666667
POLKE,polke_171_per_100_words,no,0.010876253632524101,0.17081281487511416,0.0,10.71428571
POLKE,polke_172_per_100_words,no,0.00999891566243578,0.16579510246818854,0.0,5.26315789
POLKE,polke_173_per_100_words,no,0.0,0.0,0.0,0.0
POLKE,polke_174_per_100_words,no,0.0019804032480754174,0.05220250837134271,0.0,4.16666667
POLKE,polke_175_per_100_words,no,0.0,0.0,0.0,0.0
POLKE,polke_176_per_100_words,no,0.0,0.0,0.0,0.0
POLKE,polke_177_per_100_words,no,0.0,0.0,0.0,0.0
POLKE,polke_178_per_100_words,no,0.0,0.0,0.0,0.0
POLKE,polke_179_per_100_words,no,0.0,0.0,0.0,0.0
POLKE,polke_17_per_100_words,no,0.5302101529969373,1.1094267738526182,0.0,15.0
POLKE,polke_180_per_100_words,no,0.0,0.0,0.0,0.0
POLKE,polke_181_per_100_words,no,0.0,0.0,0.0,0.0
POLKE,polke_182_per_100_words,no,0.0,0.0,0.0,0.0
POLKE,polke_183_per_100_words,no,0.7961126319036149,1.467856913755461,0.0,32.14285714
POLKE,polke_187_per_100_words,no,0.3129324757145629,0.7835939537754701,0.0,11.62790698
POLKE,polke_189_per_100_words,no,0.03740817609874851,0.2352887825793024,0.0,9.30232558
POLKE,polke_18_per_100_words,no,0.008854003916175367,0.121336327629965,0.0,8.0
POLKE,polke_190_per_100_words,no,0.0006549356215553291,0.04434222387314204,0.0,12.82051282
POLKE,polke_194_per_100_words,no,0.028446779639611702,0.21863343344312122,0.0,12.5
POLKE,polke_197_per_100_words,no,0.03507166983069091,0.3943118398404842,0.0,21.73913043
POLKE,polke_19_per_100_words,no,0.07771590340943019,0.4049978007221925,0.0,10.71428571
POLKE,polke_1_per_100_words,no,0.07345232164307441,0.4542323388763545,0.0,23.80952381
POLKE,polke_200_per_100_words,no,0.004832314234648899,0.10761155582318924,0.0,20.0
POLKE,polke_203_per_100_words,no,0.48111963206898684,1.2435685937810037,0.0,21.73913043
POLKE,polke_204_per_100_words,no,0.007580089267648785,0.10292599869948137,0.0,5.40540541
POLKE,polke_205_per_100_words,no,0.044988237393969344,0.28436680420280863,0.0,22.72727273
POLKE,polke_206_per_100_words,no,0.20447903628248731,0.796748902569018,0.0,23.33333333
POLKE,polke_207_per_100_words,no,0.6004539423205125,1.5236987332437792,0.0,35.0
POLKE,polke_208_per_100_words,no,0.001404935159556915,0.04880045642016305,0.0,4.16666667
POLKE,polke_209_per_100_words,no,0.0013671462484546699,0.05194680933893413,0.0,5.55555556
POLKE,polke_20_per_100_words,no,0.048121809513670316,0.3059703405650216,0.0,9.52380952
POLKE,polke_210_per_100_words,no,0.0023498266392078053,0.05851107226210181,0.0,4.16666667
POLKE,polke_211_per_100_words,no,0.02476929615713855,0.18883354440362643,0.0,9.52380952
POLKE,polke_212_per_100_words,no,0.0047786097794918015,0.09686578023788886,0.0,7.69230769
POLKE,polke_214_per_100_words,no,0.0006037746677847227,0.037004989594006436,0.0,6.52173913
POLKE,polke_215_per_100_words,no,0.002786462758568891,0.06320223798259125,0.0,5.0
POLKE,polke_216_per_100_words,no,0.0023054431152631865,0.0660194189830928,0.0,5.0
POLKE,polke_21_per_100_words,no,0.05149672635878265,0.34543303626420113,0.0,10.0
POLKE,polke_222_per_100_words,no,0.13219733034189293,0.6854355064413375,0.0,11.76470588
POLKE,polke_223_per_100_words,no,0.0009866073507001397,0.04180343398271272,0.0,4.34782609
POLKE,polke_228_per_100_words,no,0.053281077560077016,0.29896425318819764,0.0,6.4516129
POLKE,polke_22_per_100_words,no,1.2311296732122632,2.0292806076588756,0.0,30.90909091
POLKE,polke_231_per_100_words,no,0.006336776822037033,0.09025069008448401,0.0,4.54545455
POLKE,polke_234_per_100_words,no,0.05012701640909516,0.3157707664351005,0.0,9.75609756
POLKE,polke_235_per_100_words,no,0.001791243372736184,0.05190342781579326,0.0,5.88235294
POLKE,polke_236_per_100_words,no,0.00013409359085558362,0.01296549247548981,0.0,3.57142857
POLKE,polke_238_per_100_words,no,0.013065442708379515,0.15176709266845978,0.0,10.52631579
POLKE,polke_23_per_100_words,no,0.4330698884852701,1.0830879294490585,0.0,36.36363636
POLKE,polke_240_per_100_words,no,0.0036307894418832593,0.0675487018701233,0.0,4.54545455
POLKE,polke_242_per_100_words,no,0.038520450815515785,0.2844279421032151,0.0,10.71428571
POLKE,polke_243_per_100_words,no,0.0029077206509597053,0.06499868000428045,0.0,4.65116279
POLKE,polke_245_per_100_words,no,0.001025590892055893,0.04687413869679776,0.0,6.66666667
POLKE,polke_246_per_100_words,no,0.00027571621486374004,0.024038910193080274,0.0,4.0
POLKE,polke_249_per_100_words,no,0.09277344879791781,0.4744781237092036,0.0,20.0
POLKE,polke_24_per_100_words,no,0.20822991301559599,0.6733751344805404,0.0,18.75
POLKE,polke_250_per_100_words,no,0.01690904534583388,0.20126903220729891,0.0,7.89473684
POLKE,polke_251_per_100_words,no,0.0013924611190901885,0.05084013184700159,0.0,5.0
POLKE,polke_255_per_100_words,no,0.011283290691446136,0.13282258141134298,0.0,8.33333333
POLKE,polke_256_per_100_words,no,0.001690695816328541,0.05579519480011447,0.0,5.0
POLKE,polke_25_per_100_words,no,0.0689500173014222,0.42604001037477324,0.0,17.94871795
POLKE,polke_260_per_100_words,no,0.1049707341228678,0.5238837023768607,0.0,17.74193548
POLKE,polke_261_per_100_words,no,0.0017523443226157582,0.0465621425229967,0.0,3.33333333
POLKE,polke_262_per_100_words,no,0.005416134761908278,0.11114088822583763,0.0,5.71428571
POLKE,polke_267_per_100_words,no,0.022780816846146627,0.1964242397958654,0.0,6.06060606
POLKE,polke_268_per_100_words,no,0.053394203803754134,0.3325715687518603,0.0,20.68965517
POLKE,polke_269_per_100_words,no,0.04425542835003016,0.2860557481024438,0.0,14.28571429
POLKE,polke_26_per_100_words,no,0.09135910543690387,0.492297849511765,0.0,10.0
POLKE,polke_270_per_100_words,no,0.21666020509567346,1.0091147998574839,0.0,30.76923077
POLKE,polke_271_per_100_words,no,0.22915296666134333,0.6694129941734436,0.0,20.0
POLKE,polke_272_per_100_words,no,0.0,0.0,0.0,0.0
POLKE,polke_273_per_100_words,no,0.44167459726942704,1.2037067091095706,0.0,20.0
POLKE,polke_274_per_100_words,no,0.07902915828661672,0.4203499588539946,0.0,9.30232558
POLKE,polke_275_per_100_words,no,0.2947433077405885,0.9104638540480646,0.0,25.0
POLKE,polke_276_per_100_words,no,0.10268795969315027,0.44241650830004464,0.0,20.0
POLKE,polke_277_per_100_words,no,19.53617715809353,6.785427608360751,0.0,100.0
POLKE,polke_278_per_100_words,no,0.18297493915677773,0.8087663203520261,0.0,28.0
POLKE,polke_279_per_100_words,no,13.320170975990576,6.5871389292996385,0.0,87.80487805
POLKE,polke_27_per_100_words,no,0.9278483334370475,1.5655816614164437,0.0,20.0
POLKE,polke_280_per_100_words,no,2.155742759208285,2.756554473215602,0.0,33.33333333
POLKE,polke_281_per_100_words,no,0.18258668594162802,0.7804715960481202,0.0,23.80952381
POLKE,polke_282_per_100_words,no,0.0882475510188347,0.5538525940754464,0.0,18.51851852
POLKE,polke_284_per_100_words,no,0.0,0.0,0.0,0.0
POLKE,polke_285_per_100_words,no,0.0,0.0,0.0,0.0
POLKE,polke_286_per_100_words,no,0.027825646040506143,0.22927448380976911,0.0,9.25925926
POLKE,polke_287_per_100_words,no,0.0325750768707734,0.25642420015000855,0.0,9.30232558
POLKE,polke_28_per_100_words,no,0.03872168128756214,0.35659198002326,0.0,10.0
POLKE,polke_290_per_100_words,no,0.7205624214966164,1.9767159541317858,0.0,23.33333333
POLKE,polke_291_per_100_words,no,0.017741858373622726,0.16723500626854715,0.0,9.83606557
POLKE,polke_292_per_100_words,no,0.006711851834325794,0.11853473595244739,0.0,7.75862069
POLKE,polke_293_per_100_words,no,0.025200373478754468,0.19925409105706632,0.0,6.77966102
POLKE,polke_296_per_100_words,no,0.033782898477375374,0.2445935604754659,0.0,8.33333333
POLKE,polke_297_per_100_words,no,0.002329422425565555,0.05779234146966314,0.0,4.76190476
POLKE,polke_298_per_100_words,no,0.0024032015340021973,0.06432466696256245,0.0,5.81395349
POLKE,polke_299_per_100_words,no,0.006107618187542788,0.08969668198515171,0.0,5.0
POLKE,polke_2_per_100_words,no,0.26530741563014587,0.7840010331897787,0.0,12.5
POLKE,polke_301_per_100_words,no,7.2402475627617315,4.284533518199462,0.0,50.0
POLKE,polke_302_per_100_words,no,0.06849622256741592,0.35891698644759884,0.0,14.28571429
POLKE,polke_303_per_100_words,no,0.008051276286650807,0.10166032064755313,0.0,4.34782609
POLKE,polke_304_per_100_words,no,0.09786431587417685,0.44415338769853596,0.0,15.38461538
POLKE,polke_305_per_100_words,no,0.0006142969783924623,0.03436557503954971,0.0,5.0
POLKE,polke_306_per_100_words,no,0.0033898127837128336,0.07673591508188639,0.0,5.0
POLKE,polke_307_per_100_words,no,0.0030290124388393886,0.0721993788217807,0.0,5.55555556
POLKE,polke_30_per_100_words,no,1.1605859805553789,1.9475779240448183,0.0,39.13043478
POLKE,polke_312_per_100_words,no,6.13287435398918,4.310243244878323,0.0,50.0
POLKE,polke_313_per_100_words,no,0.0007538931038609868,0.03545531855242846,0.0,5.71428571
POLKE,polke_314_per_100_words,no,0.2199197437501398,0.726857224802065,0.0,13.04347826
POLKE,polke_315_per_100_words,no,0.0713473773321071,0.4570919679857355,0.0,18.75
POLKE,polke_316_per_100_words,no,0.0411343247413941,0.3042088863094084,0.0,18.18181818
POLKE,polke_31_per_100_words,no,1.2998047694247583,1.8572523089056285,0.0,40.0
POLKE,polke_320_per_100_words,no,0.0013266310767321248,0.041090326071290144,0.0,4.0
POLKE,polke_321_per_100_words,no,0.0016724028548596032,0.05152425759122886,0.0,5.55555556
POLKE,polke_322_per_100_words,no,0.0020807902144253845,0.06465569625084462,0.0,5.0
POLKE,polke_323_per_100_words,no,0.0007901301654427157,0.03936769992216669,0.0,4.16666667
POLKE,polke_324_per_100_words,no,0.04335059023735296,0.32216842782317073,0.0,7.40740741
POLKE,polke_325_per_100_words,no,0.432765267263464,1.2302126217008271,0.0,33.33333333
POLKE,polke_326_per_100_words,no,0.08248138824681947,0.49293108006668873,0.0,14.70588235
POLKE,polke_32_per_100_words,no,1.8299024280733787,2.911592157190882,0.0,71.42857143
POLKE,polke_330_per_100_words,no,0.021934433039708198,0.1882122527526521,0.0,12.5
POLKE,polke_334_per_100_words,no,0.010561736982332747,0.13556365200732154,0.0,5.66037736
POLKE,polke_335_per_100_words,no,0.009224771509006016,0.14696094807993576,0.0,8.57142857
POLKE,polke_336_per_100_words,no,0.0007263118336116161,0.03562010459949432,0.0,5.0
POLKE,polke_337_per_100_words,no,0.031207107719757095,0.24518662535561092,0.0,13.79310345
POLKE,polke_338_per_100_words,no,0.0,0.0,0.0,0.0
POLKE,polke_339_per_100_words,no,0.004006952720643645,0.08234570464834365,0.0,13.79310345
POLKE,polke_33_per_100_words,no,0.1397819256054734,0.5894687654885641,0.0,19.04761905
POLKE,polke_341_per_100_words,no,0.07071906497916598,0.35177996420473234,0.0,10.0
POLKE,polke_342_per_100_words,no,0.010042308284055147,0.12762493059057797,0.0,5.88235294
POLKE,polke_343_per_100_words,no,0.0016037760042062544,0.05049906395979419,0.0,4.54545455
POLKE,polke_346_per_100_words,no,0.002296693719924544,0.06264034638516437,0.0,5.0
POLKE,polke_349_per_100_words,no,0.007113291291477658,0.13519073542941365,0.0,9.25925926
POLKE,polke_350_per_100_words,no,0.0017075213156611559,0.05705172984748537,0.0,6.25
POLKE,polke_351_per_100_words,no,0.06281750483601034,0.44804360679940014,0.0,10.0
POLKE,polke_352_per_100_words,no,0.012006434174756562,0.17934742253748678,0.0,10.71428571
POLKE,polke_353_per_100_words,no,0.0002736223237584408,0.019975720879147656,0.0,4.76190476
POLKE,polke_354_per_100_words,no,0.0027427421400180274,0.07382401164313623,0.0,5.55555556
POLKE,polke_355_per_100_words,no,0.002096265576956229,0.05520930472094962,0.0,5.10204082
POLKE,polke_357_per_100_words,no,0.08603664070326698,0.5511551323665738,0.0,14.81481481
POLKE,polke_358_per_100_words,no,0.006144113210371817,0.11204330863101919,0.0,8.33333333
POLKE,polke_359_per_100_words,no,0.014081858980402005,0.1817087786308071,0.0,7.0
POLKE,polke_360_per_100_words,no,0.00019251325373957675,0.01525212584169253,0.0,2.7027027
POLKE,polke_361_per_100_words,no,0.0004058701352995355,0.021075503632115758,0.0,2.7027027
POLKE,polke_363_per_100_words,no,0.0793768250723047,0.37847623512634804,0.0,8.33333333
POLKE,polke_364_per_100_words,no,0.44229801369166416,1.0155757478498417,0.0,20.0
POLKE,polke_365_per_100_words,no,0.07035255344639503,0.40989273464430753,0.0,18.51851852
POLKE,polke_366_per_100_words,no,0.2731495411141117,0.7458152154786614,0.0,12.0
POLKE,polke_367_per_100_words,no,0.006845236669080101,0.10218310833539297,0.0,5.0
POLKE,polke_368_per_100_words,no,0.44498795561117593,1.0457029524536314,0.0,18.75
POLKE,polke_369_per_100_words,no,0.9594018179849885,1.7664291511409722,0.0,22.22222222
POLKE,polke_36_per_100_words,no,0.24855604669530318,0.8151123609630397,0.0,18.18181818
POLKE,polke_370_per_100_words,no,0.0930458088835697,0.46822940274462027,0.0,20.0
POLKE,polke_371_per_100_words,no,0.06491437991875638,0.36391062725905604,0.0,11.76470588
POLKE,polke_372_per_100_words,no,0.6935624114692943,1.3374563565761044,0.0,15.2173913
POLKE,polke_373_per_100_words,no,0.3129433233640677,1.1010457810773773,0.0,20.0
POLKE,polke_375_per_100_words,no,0.0030810150490072946,0.07798089183568846,0.0,5.0
POLKE,polke_376_per_100_words,no,0.0002385761180558634,0.02761156684637494,0.0,7.89473684
POLKE,polke_377_per_100_words,no,0.0,0.0,0.0,0.0
POLKE,polke_378_per_100_words,no,1.0779777250811058,1.8365625165164834,0.0,22.22222222
POLKE,polke_379_per_100_words,no,0.07894225682220973,0.367549420532965,0.0,7.40740741
POLKE,polke_37_per_100_words,no,3.763722328597342,3.661441955321458,0.0,38.70967742
POLKE,polke_380_per_100_words,no,0.0019467781392989254,0.05725359680408331,0.0,6.55737705
POLKE,polke_385_per_100_words,no,0.0,0.0,0.0,0.0
POLKE,polke_386_per_100_words,no,0.0,0.0,0.0,0.0
POLKE,polke_388_per_100_words,no,0.009116219129591053,0.11773057780748918,0.0,5.0
POLKE,polke_389_per_100_words,no,0.017010342896725112,0.16151206064501158,0.0,6.89655172
POLKE,polke_38_per_100_words,no,0.8836748438646851,1.6681999137378365,0.0,30.43478261
POLKE,polke_390_per_100_words,no,0.03697934000573799,0.27270410419076957,0.0,10.16949153
POLKE,polke_391_per_100_words,no,0.16070529246348947,0.6192008169798021,0.0,12.5
POLKE,polke_392_per_100_words,no,0.0129109445947417,0.14853755043092914,0.0,5.26315789
POLKE,polke_393_per_100_words,no,0.02176005863419873,0.2217924131125883,0.0,16.66666667
POLKE,polke_394_per_100_words,no,0.01040187767525649,0.13817766799062547,0.0,5.55555556
POLKE,polke_395_per_100_words,no,0.03291420928794128,0.24360586461621322,0.0,15.38461538
POLKE,polke_396_per_100_words,no,0.007747551973393228,0.1086864760201131,0.0,4.41176471
POLKE,polke_397_per_100_words,no,0.004696977589259769,0.09538430164270909,0.0,5.0
POLKE,polke_39_per_100_words,no,0.022782783131836994,0.18632030414128642,0.0,6.25
POLKE,polke_3_per_100_words,no,1.7896565395286177,3.073699669208975,0.0,50.0
POLKE,polke_401_per_100_words,no,0.04710291188744575,0.40150395144531625,0.0,14.81481481
POLKE,polke_402_per_100_words,no,0.0012138295506597518,0.043273706673072024,0.0,4.0
POLKE,polke_403_per_100_words,no,0.009347799310179235,0.1381599944916948,0.0,8.57142857
POLKE,polke_404_per_100_words,no,0.00042347016566435675,0.028172955639580752,0.0,4.0
POLKE,polke_405_per_100_words,no,0.000992756259561348,0.036669658680104,0.0,3.84615385
POLKE,polke_40_per_100_words,no,0.21588130667223174,0.8638279673257706,0.0,16.0
POLKE,polke_410_per_100_words,no,0.20842113214575292,0.6960151371640029,0.0,30.0
POLKE,polke_411_per_100_words,no,0.007867034964291173,0.10957313128437936,0.0,6.25
POLKE,polke_412_per_100_words,no,9.859307489989215e-05,0.010464888928921128,0.0,2.94117647
POLKE,polke_413_per_100_words,no,0.0015613898796489208,0.04947437660065906,0.0,4.76190476
POLKE,polke_414_per_100_words,no,0.001705751740029848,0.0522265235727863,0.0,4.76190476
POLKE,polke_415_per_100_words,no,0.09991693625020293,0.4425853885216655,0.0,14.81481481
POLKE,polke_416_per_100_words,no,0.009846927206928998,0.11071932748060513,0.0,4.25531915
POLKE,polke_417_per_100_words,no,0.019497975777492092,0.1696601190818952,0.0,5.55555556
POLKE,polke_41_per_100_words,no,0.7568020894005081,1.4550762118588705,0.0,20.68965517
POLKE,polke_420_per_100_words,no,0.001331802032891529,0.039904694977622016,0.0,3.84615385
POLKE,polke_421_per_100_words,no,0.001374696811028858,0.042074122587408766,0.0,3.44827586
POLKE,polke_422_per_100_words,no,0.011066408563815376,0.13868592233639604,0.0,7.01754386
POLKE,polke_433_per_100_words,no,0.12977938829656474,0.530333774631484,0.0,10.71428571
POLKE,polke_434_per_100_words,no,0.08671970131575996,0.4427875877561275,0.0,10.71428571
POLKE,polke_436_per_100_words,no,0.19858708806866765,0.6876470734846747,0.0,17.14285714
POLKE,polke_437_per_100_words,no,0.002240660617836686,0.06485850048901001,0.0,10.0
POLKE,polke_43_per_100_words,no,0.1873104955158549,0.6411449965744298,0.0,20.83333333
POLKE,polke_442_per_100_words,no,0.0015613898796489208,0.04947437660065906,0.0,4.76190476
POLKE,polke_443_per_100_words,no,0.00043833442097512197,0.02336095657741978,0.0,3.125
POLKE,polke_444_per_100_words,no,0.0031560512573203105,0.06638242259474096,0.0,4.34782609
POLKE,polke_445_per_100_words,no,0.0003889390932172919,0.021366925953288582,0.0,3.92156863
POLKE,polke_446_per_100_words,no,0.040870787000605764,0.29392532529542004,0.0,12.5
POLKE,polke_448_per_100_words,no,0.0004995357991883013,0.026146891047557092,0.0,3.38983051
POLKE,polke_449_per_100_words,no,0.004974041906235995,0.09461036578878643,0.0,16.66666667
POLKE,polke_454_per_100_words,no,0.04538359676817838,0.4434986195238192,0.0,18.18181818
POLKE,polke_455_per_100_words,no,0.03141827656879984,0.2563326082172563,0.0,9.52380952
POLKE,polke_456_per_100_words,no,4.378327743054017e-05,0.01087313480635999,0.0,5.26315789
POLKE,polke_457_per_100_words,no,0.0007088085770892131,0.031708352752759704,0.0,5.0
POLKE,polke_458_per_100_words,no,0.0020128840516719123,0.05163249641909744,0.0,4.76190476
POLKE,polke_459_per_100_words,no,0.0012537032681216168,0.04259237096903851,0.0,3.84615385
POLKE,polke_460_per_100_words,no,0.26553451620818463,0.7340774231915961,0.0,14.28571429
POLKE,polke_461_per_100_words,no,8.746621720328421e-05,0.010830311959036398,0.0,3.03030303
POLKE,polke_462_per_100_words,no,0.01844373976348437,0.17679431979548738,0.0,11.11111111
POLKE,polke_46_per_100_words,no,2.815800856215876,3.191041518498409,0.0,28.57142857
POLKE,polke_470_per_100_words,no,1.8360447460434437,2.9215145767168584,0.0,71.42857143
POLKE,polke_471_per_100_words,no,0.0008786897163979884,0.0371263808258237,0.0,5.55555556
POLKE,polke_473_per_100_words,no,0.0022936317734976444,0.06797233610451914,0.0,6.77966102
POLKE,polke_475_per_100_words,no,0.20419148246572894,0.6542338826578585,0.0,18.03278689
POLKE,polke_476_per_100_words,no,0.03459026988060936,0.23425092235487188,0.0,6.97674419
POLKE,polke_477_per_100_words,no,2.820686679123593,2.8078581468062502,0.0,27.02702703
POLKE,polke_47_per_100_words,no,1.3618097824743478,3.1514854642630294,0.0,50.0
POLKE,polke_483_per_100_words,no,0.03194687436425962,0.2380984143259558,0.0,9.52380952
POLKE,polke_484_per_100_words,no,0.005384207124429274,0.09823915756066755,0.0,7.69230769
POLKE,polke_485_per_100_words,no,0.006220594384872263,0.09969639609902295,0.0,5.0
POLKE,polke_487_per_100_words,no,0.018217905836891878,0.14919441211799492,0.0,4.54545455
POLKE,polke_488_per_100_words,no,0.0,0.0,0.0,0.0
POLKE,polke_489_per_100_words,no,0.0030511446168565394,0.06915626062057202,0.0,4.76190476
POLKE,polke_48_per_100_words,no,2.2375502386522754,2.518410474040916,0.0,33.33333333
POLKE,polke_490_per_100_words,no,0.0020784994398146102,0.07057670687304707,0.0,13.63636364
POLKE,polke_491_per_100_words,no,0.001401557741428649,0.04168663276523394,0.0,3.84615385
POLKE,polke_492_per_100_words,no,0.0517334074993228,0.308259985741053,0.0,20.0
POLKE,polke_493_per_100_words,no,0.004148390407302335,0.08973054034148974,0.0,7.54716981
POLKE,polke_494_per_100_words,no,3.4617828410439785e-05,0.008010916633705513,0.0,4.16666667
POLKE,polke_49_per_100_words,no,0.40515327026433534,1.1012243481895416,0.0,16.66666667
POLKE,polke_4_per_100_words,no,0.33933121777895703,1.0881549115379483,0.0,18.75
POLKE,polke_500_per_100_words,no,0.0002491002648117775,0.018664183047935955,0.0,2.77777778
POLKE,polke_501_per_100_words,no,0.0011374414713516655,0.038391611244084155,0.0,3.84615385
POLKE,polke_502_per_100_words,no,0.00010183091983490205,0.012546864465048728,0.0,3.27868852
POLKE,polke_510_per_100_words,no,0.0006676803643286001,0.03175423797794985,0.0,4.54545455
POLKE,polke_511_per_100_words,no,0.00017470588695814925,0.015675745670778316,0.0,3.33333333
POLKE,polke_514_per_100_words,no,0.000880897109406938,0.03365803805598124,0.0,4.34782609
POLKE,polke_515_per_100_words,no,0.00020722617981983044,0.016812037496436952,0.0,2.94117647
POLKE,polke_516_per_100_words,no,0.006709129875979535,0.10217841375654704,0.0,5.95238095
POLKE,polke_519_per_100_words,no,0.003371342426033464,0.06318835927062734,0.0,3.57142857
POLKE,polke_51_per_100_words,no,0.4403967717220677,1.1003774475929888,0.0,15.0
POLKE,polke_520_per_100_words,no,0.010105766568652082,0.1113415846369278,0.0,4.16666667
POLKE,polke_525_per_100_words,no,0.053388895956898254,0.3265544269808093,0.0,9.75609756
POLKE,polke_526_per_100_words,no,0.0007524476666124876,0.029971852092125058,0.0,3.84615385
POLKE,polke_527_per_100_words,no,0.00022363933552019147,0.016616319919382352,0.0,3.44827586
POLKE,polke_529_per_100_words,no,0.0003305651250547946,0.028931365941188582,0.0,7.40740741
POLKE,polke_52_per_100_words,no,0.00832812183183849,0.12960484486959814,0.0,7.54716981
POLKE,polke_530_per_100_words,no,0.00015794432121203167,0.013183036135511101,0.0,1.61290323
POLKE,polke_533_per_100_words,no,7.378421053927725e-05,0.008505642435796514,0.0,2.17391304
POLKE,polke_536_per_100_words,no,0.00011838509296609877,0.012894606763487472,0.0,2.56410256
POLKE,polke_537_per_100_words,no,0.04456228752350624,0.307039167356894,0.0,11.53846154
POLKE,polke_538_per_100_words,no,0.00046430768769301246,0.026215066953821628,0.0,4.34782609
POLKE,polke_53_per_100_words,no,0.023995254943284517,0.2598959869513662,0.0,13.95348837
POLKE,polke_543_per_100_words,no,0.0003282612561382252,0.019300789763425384,0.0,2.81690141
POLKE,polke_548_per_100_words,no,0.0004001761204692879,0.022821959399221173,0.0,3.03030303
POLKE,polke_549_per_100_words,no,2.157135875802217e-05,0.004747497615605883,0.0,1.42857143
POLKE,polke_555_per_100_words,no,0.0030591359548295593,0.06251554006141442,0.0,4.59770115
POLKE,polke_556_per_100_words,no,3.757423693918663e-06,0.001698922523847098,0.0,0.82644628
POLKE,polke_561_per_100_words,no,0.0004323454101836666,0.02333155387961431,0.0,4.34782609
POLKE,polke_562_per_100_words,no,4.0252416207377204e-05,0.007239284501487927,0.0,3.22580645
POLKE,polke_563_per_100_words,no,0.00852043500620595,0.1327361380626799,0.0,5.71428571
POLKE,polke_564_per_100_words,no,0.0003303685092916845,0.021564877884553163,0.0,4.76190476
POLKE,polke_574_per_100_words,no,0.21666020509567346,1.0091147998574839,0.0,30.76923077
POLKE,polke_575_per_100_words,no,0.0958020196530331,0.4121527934108006,0.0,14.81481481
POLKE,polke_577_per_100_words,no,0.24843209362431934,0.7054505093489458,0.0,18.75
POLKE,polke_580_per_100_words,no,0.003939239999852242,0.07108216403427876,0.0,4.16666667
POLKE,polke_581_per_100_words,no,0.00013524586058286664,0.016034774786496845,0.0,4.34782609
POLKE,polke_582_per_100_words,no,2.2793401500263507e-05,0.004874024152164744,0.0,1.5625
POLKE,polke_583_per_100_words,no,0.3183338109256964,1.031483396793495,0.0,50.0
POLKE,polke_584_per_100_words,no,0.02812468404022042,0.20779588375027735,0.0,7.14285714
POLKE,polke_586_per_100_words,no,0.8000845174171659,1.5702890225826782,0.0,50.0
POLKE,polke_587_per_100_words,no,1.9702770932608082,2.285849384683664,0.0,29.41176471
POLKE,polke_588_per_100_words,no,0.5920438079370652,1.286759263383523,0.0,24.35897436
POLKE,polke_589_per_100_words,no,0.016847083342888525,0.1690085558441385,0.0,10.52631579
POLKE,polke_58_per_100_words,no,0.4198120010000345,1.1276910013914698,0.0,16.66666667
POLKE,polke_591_per_100_words,no,0.0022824597187621593,0.05343443506896958,0.0,5.08474576
POLKE,polke_592_per_100_words,no,0.06681869353470665,0.37509060994286453,0.0,9.67741935
POLKE,polke_593_per_100_words,no,0.0005168977951642852,0.027648842042539007,0.0,7.69230769
POLKE,polke_594_per_100_words,no,0.11120938754035072,0.5525502046272756,0.0,15.38461538
POLKE,polke_595_per_100_words,no,0.002671625409641878,0.06742856424727971,0.0,6.66666667
POLKE,polke_596_per_100_words,no,0.0,0.0,0.0,0.0
POLKE,polke_599_per_100_words,no,0.0063013798754377424,0.09401869176277719,0.0,4.81927711
POLKE,polke_5_per_100_words,no,0.0021491222217296865,0.05888463503743247,0.0,6.25
POLKE,polke_600_per_100_words,no,0.0015907514640621386,0.04399853199050335,0.0,3.7037037
POLKE,polke_601_per_100_words,no,7.485478308731179e-05,0.009888052542750405,0.0,2.04081633
POLKE,polke_602_per_100_words,no,0.0008094260239323058,0.03167898639872851,0.0,4.76190476
POLKE,polke_605_per_100_words,no,0.0004759585712034124,0.02261470417633661,0.0,3.7037037
POLKE,polke_609_per_100_words,no,0.011378355418482889,0.13497555118894794,0.0,7.74193548
POLKE,polke_60_per_100_words,no,0.05019131183523706,0.3460716388912696,0.0,15.06849315
POLKE,polke_610_per_100_words,no,0.00037525171099487273,0.019631012231331412,0.0,2.1978022
POLKE,polke_611_per_100_words,no,0.0008285433809861547,0.03254314118271808,0.0,4.0
POLKE,polke_613_per_100_words,no,0.5544171719249381,1.614024534053262,0.0,20.0
POLKE,polke_614_per_100_words,no,0.01759613210049202,0.16648578499812614,0.0,9.83606557
POLKE,polke_615_per_100_words,no,0.0069786948945973785,0.12098956405358156,0.0,7.75862069
POLKE,polke_620_per_100_words,no,0.006655753811363783,0.09876494300658571,0.0,5.0
POLKE,polke_621_per_100_words,no,0.00015529797476740006,0.014423179110691148,0.0,3.84615385
POLKE,polke_626_per_100_words,no,0.0957593052106327,0.429913708022851,0.0,10.90909091
POLKE,polke_627_per_100_words,no,0.005017343349907158,0.08538138124235171,0.0,5.0
POLKE,polke_628_per_100_words,no,4.7158394013722045e-05,0.007412329332515168,0.0,1.49253731
POLKE,polke_629_per_100_words,no,0.011344996394466858,0.12381061646952196,0.0,5.0
POLKE,polke_633_per_100_words,no,0.019366686353832645,0.1804860191029911,0.0,5.71428571
POLKE,polke_634_per_100_words,no,0.016873639927277105,0.15102109619421872,0.0,8.82352941
POLKE,polke_635_per_100_words,no,0.071820451153691,0.3511176929457697,0.0,13.51351351
POLKE,polke_636_per_100_words,no,0.8879284948203001,1.5877937334375856,0.0,25.75757576
POLKE,polke_63_per_100_words,no,5.1995842336022,4.530174783738385,0.0,38.70967742
POLKE,polke_641_per_100_words,no,0.07707820856975063,0.47737425932077787,0.0,18.75
POLKE,polke_645_per_100_words,no,0.0002404716001004773,0.01754130051054234,0.0,2.77777778
POLKE,polke_646_per_100_words,no,2.438295161822579e-06,0.0015537546864960125,0.0,0.99009901
POLKE,polke_647_per_100_words,no,0.0020807902144253845,0.06465569625084462,0.0,5.0
POLKE,polke_64_per_100_words,no,1.2064954406518857,1.8960458472987092,0.0,30.43478261
POLKE,polke_650_per_100_words,no,0.02046239546012678,0.2284635861085995,0.0,5.71428571
POLKE,polke_651_per_100_words,no,0.0054103767950214494,0.0888069478996734,0.0,5.0
POLKE,polke_653_per_100_words,no,0.015885509443878017,0.16655883496798166,0.0,11.11111111
POLKE,polke_655_per_100_words,no,0.005502638235318745,0.13600705304983693,0.0,20.68965517
POLKE,polke_657_per_100_words,no,0.0009357597595687357,0.051667325197607715,0.0,10.0
POLKE,polke_659_per_100_words,no,0.002361878699632077,0.060720747081538365,0.0,5.0
POLKE,polke_65_per_100_words,no,0.7054056731102514,1.5352107761689744,0.0,30.0
POLKE,polke_661_per_100_words,no,0.004070707625535016,0.07962424900799042,0.0,6.66666667
POLKE,polke_662_per_100_words,no,0.001968919671552621,0.051434787038514375,0.0,3.77358491
POLKE,polke_663_per_100_words,no,0.0005427941034866598,0.0315077101526918,0.0,5.55555556
POLKE,polke_664_per_100_words,no,0.0021350466982135736,0.056173976530647755,0.0,5.35714286
POLKE,polke_665_per_100_words,no,0.002038607050598186,0.05352930049160208,0.0,5.71428571
POLKE,polke_666_per_100_words,no,0.00022279387120686,0.016471239744766077,0.0,2.5
POLKE,polke_669_per_100_words,no,0.002440712195354404,0.05754790812443634,0.0,3.84615385
POLKE,polke_66_per_100_words,no,3.7701486117734926,4.831490647026536,0.0,96.2962963
POLKE,polke_670_per_100_words,no,0.045149882410543185,0.2847648149882215,0.0,10.81081081
POLKE,polke_673_per_100_words,no,0.007454695002585815,0.10931011506234707,0.0,5.0
POLKE,polke_674_per_100_words,no,0.07175462983719254,0.4127667087592719,0.0,17.39130435
POLKE,polke_676_per_100_words,no,0.04648026999537018,0.35797174839425744,0.0,23.86363636
POLKE,polke_678_per_100_words,no,0.0001366583524683423,0.015077994290906256,0.0,3.125
POLKE,polke_679_per_100_words,no,0.001781527702198187,0.04928740916062666,0.0,5.20833333
POLKE,polke_67_per_100_words,no,14.986565007380426,7.3687815821624625,0.0,200.0
POLKE,polke_680_per_100_words,no,0.00024441340647487326,0.03366094877095768,0.0,6.81818182
POLKE,polke_682_per_100_words,no,4.684197723500351e-05,0.0072975864364905555,0.0,1.88679245
POLKE,polke_683_per_100_words,no,0.0013940449642172875,0.04210454631923055,0.0,3.57142857
POLKE,polke_684_per_100_words,no,0.014649878733592393,0.1962338448059407,0.0,5.40540541
POLKE,polke_685_per_100_words,no,8.390975321502628e-05,0.011301020807818911,0.0,3.7037037
POLKE,polke_687_per_100_words,no,0.00425053150193813,0.08301743109591586,0.0,5.0
POLKE,polke_688_per_100_words,no,2.162985180066103,2.3210389189318783,0.0,18.18181818
POLKE,polke_689_per_100_words,no,0.1065432526967802,0.45329597320703474,0.0,8.69565217
POLKE,polke_68_per_100_words,no,4.3941505124121925,5.045553198075434,0.0,50.0
POLKE,polke_690_per_100_words,no,0.002075016233801735,0.054132677666537586,0.0,4.0
POLKE,polke_691_per_100_words,no,0.0165832964597032,0.20405420437265856,0.0,8.33333333
POLKE,polke_692_per_100_words,no,0.0029175882481000445,0.06453950414815679,0.0,4.76190476
POLKE,polke_693_per_100_words,no,0.006845236669080101,0.10218310833539297,0.0,5.0
POLKE,polke_694_per_100_words,no,0.003364887880865485,0.06528994963124368,0.0,4.59770115
POLKE,polke_695_per_100_words,no,0.6935624114692943,1.3374563565761044,0.0,15.2173913
POLKE,polke_697_per_100_words,no,0.035997901589141505,0.2537674462287342,0.0,10.0
POLKE,polke_698_per_100_words,no,0.014989450289783343,0.1655797881969262,0.0,5.19480519
POLKE,polke_699_per_100_words,no,0.0007423954420260946,0.03476666168218883,0.0,4.54545455
POLKE,polke_69_per_100_words,no,2.993286973407694,4.1727148532992375,0.0,130.0
POLKE,polke_700_per_100_words,no,0.015282194770650773,0.14936151028170008,0.0,5.0
POLKE,polke_701_per_100_words,no,0.0027348747044047463,0.08245622025370271,0.0,12.90322581
POLKE,polke_702_per_100_words,no,0.007350872470829579,0.12371695240756704,0.0,12.5
POLKE,polke_703_per_100_words,no,0.005377786249341237,0.08892087538919699,0.0,8.33333333
POLKE,polke_704_per_100_words,no,0.008606294687855556,0.12266787197769118,0.0,6.89655172
POLKE,polke_705_per_100_words,no,0.0008056308214755384,0.03456785690761501,0.0,5.55555556
POLKE,polke_706_per_100_words,no,0.0012751426977407393,0.049947609346592224,0.0,7.47663551
POLKE,polke_707_per_100_words,no,0.00015693330737670603,0.013744778152038055,0.0,3.22580645
POLKE,polke_708_per_100_words,no,0.0001859350231245475,0.014676868757809148,0.0,3.22580645
POLKE,polke_709_per_100_words,no,8.830891001866709e-05,0.009916044785679513,0.0,2.27272727
POLKE,polke_70_per_100_words,no,3.7888393727012795,4.185922381394904,0.0,200.0
POLKE,polke_710_per_100_words,no,2.6060848712758145e-05,0.00545705811656534,0.0,1.61290323
POLKE,polke_718_per_100_words,no,0.006977977458097532,0.10368586489210971,0.0,6.25
POLKE,polke_719_per_100_words,no,0.0,0.0,0.0,0.0
POLKE,polke_71_per_100_words,no,11.07506970171196,5.226747048613063,0.0,35.0
POLKE,polke_720_per_100_words,no,0.0005337645484925948,0.02786279921995984,0.0,2.75229358
POLKE,polke_722_per_100_words,no,0.0004213456181568333,0.025263889496823896,0.0,3.7037037
POLKE,polke_723_per_100_words,no,3.446416731927636e-05,0.0060508453404775064,0.0,1.63934426
POLKE,polke_724_per_100_words,no,0.0,0.0,0.0,0.0
POLKE,polke_728_per_100_words,no,0.0011375993466761233,0.03659922626107501,0.0,3.7037037
POLKE,polke_729_per_100_words,no,0.0023068218359019073,0.05794714323752705,0.0,4.0
POLKE,polke_72_per_100_words,no,5.09634858405505,3.3837156186167627,0.0,42.42424242
POLKE,polke_730_per_100_words,no,0.015975569445330996,0.2004306284790219,0.0,6.89655172
POLKE,polke_732_per_100_words,no,0.01434590659771169,0.1550195161083498,0.0,5.26315789
POLKE,polke_733_per_100_words,no,0.009293690907570764,0.1253118595730798,0.0,10.71428571
POLKE,polke_734_per_100_words,no,0.008852280449512641,0.12846394319105944,0.0,12.5
POLKE,polke_739_per_100_words,no,0.0016328347444725187,0.04255721372153529,0.0,2.85714286
POLKE,polke_73_per_100_words,no,5.442558618372824,3.433786533983363,0.0,30.76923077
POLKE,polke_740_per_100_words,no,0.20842113214575292,0.6960151371640029,0.0,30.0
POLKE,polke_744_per_100_words,no,0.0005541180661573847,0.025307993508267304,0.0,3.03030303
POLKE,polke_745_per_100_words,no,1.1024676354842363e-05,0.0031982628681831208,0.0,1.04166667
POLKE,polke_747_per_100_words,no,0.005805903838108472,0.09666962788540913,0.0,8.62068966
POLKE,polke_749_per_100_words,no,0.015461399384133451,0.15329973419155724,0.0,7.84313725
POLKE,polke_74_per_100_words,no,1.2401484050408538,2.293047408255436,0.0,32.0
POLKE,polke_750_per_100_words,no,0.0022121328297402872,0.053754188904420463,0.0,4.16666667
POLKE,polke_753_per_100_words,no,0.41215430315431134,1.1525550025315336,0.0,27.02702703
POLKE,polke_754_per_100_words,no,0.0010494578474961954,0.03978894188332332,0.0,4.34782609
POLKE,polke_755_per_100_words,no,0.0046229397961641315,0.0992432927296034,0.0,7.14285714
POLKE,polke_757_per_100_words,no,0.00015765735828518796,0.016316093946224058,0.0,4.34782609
POLKE,polke_758_per_100_words,no,0.0006558190329063049,0.025491158182057157,0.0,2.94117647
POLKE,polke_75_per_100_words,no,0.6035355701485533,1.3794465603969082,0.0,17.85714286
POLKE,polke_760_per_100_words,no,0.0005541180661573847,0.025307993508267304,0.0,3.03030303
POLKE,polke_761_per_100_words,no,0.0001493072174446267,0.012788061159055463,0.0,2.04081633
POLKE,polke_762_per_100_words,no,0.00018414026239835295,0.01323286529916195,0.0,2.56410256
POLKE,polke_763_per_100_words,no,0.00038845214656875053,0.02148473656914012,0.0,3.92156863
POLKE,polke_768_per_100_words,no,0.0,0.0,0.0,0.0
POLKE,polke_76_per_100_words,no,0.04373565616794969,0.27805728273530106,0.0,10.52631579
POLKE,polke_770_per_100_words,no,0.005435824460008571,0.08676996805902538,0.0,4.80769231
POLKE,polke_771_per_100_words,no,0.0005968104860095256,0.02709248006196828,0.0,3.17460317
POLKE,polke_779_per_100_words,no,0.003949138052070866,0.08262744284186703,0.0,6.89655172
POLKE,polke_780_per_100_words,no,0.007566393957917763,0.10538723038451363,0.0,10.0
POLKE,polke_782_per_100_words,no,0.003700256496150836,0.07085927098456234,0.0,8.69565217
POLKE,polke_784_per_100_words,no,0.0062926553178332435,0.10076599607928065,0.0,12.5
POLKE,polke_785_per_100_words,no,0.0032619203125384805,0.06934052256447806,0.0,4.76190476
POLKE,polke_786_per_100_words,no,0.0003890023465382134,0.023686945719037678,0.0,4.76190476
POLKE,polke_787_per_100_words,no,1.074309002073575e-05,0.0036113636928119873,0.0,1.66666667
POLKE,polke_789_per_100_words,no,0.00023062534093315796,0.01655518424191396,0.0,3.33333333
POLKE,polke_78_per_100_words,no,5.757765529559974,4.128441165068802,0.0,50.0
POLKE,polke_790_per_100_words,no,8.162112805433654e-06,0.0033987258270056155,0.0,1.92307692
POLKE,polke_791_per_100_words,no,0.017116026805487808,0.16432635908502885,0.0,5.63380282
POLKE,polke_797_per_100_words,no,9.003560909417773e-06,0.0031306129178053574,0.0,1.53846154
POLKE,polke_798_per_100_words,no,0.0,0.0,0.0,0.0
POLKE,polke_79_per_100_words,no,6.343090826662698,4.1224763067938115,0.0,31.03448276
POLKE,polke_800_per_100_words,no,0.00033715275004802224,0.02005746014304233,0.0,3.22580645
POLKE,polke_801_per_100_words,no,0.0,0.0,0.0,0.0
POLKE,polke_805_per_100_words,no,0.002510592684048249,0.05706238662263976,0.0,3.84615385
POLKE,polke_807_per_100_words,no,0.015338589440085506,0.15405799523351538,0.0,6.4516129
POLKE,polke_809_per_100_words,no,0.009097354329314246,0.11986272558677225,0.0,5.95238095
POLKE,polke_80_per_100_words,no,0.45744987384846597,1.3475127213558604,0.0,21.42857143
POLKE,polke_813_per_100_words,no,2.673878099896075e-05,0.004711133645228268,0.0,1.2195122
POLKE,polke_814_per_100_words,no,1.202072533258468e-05,0.0035863805539224306,0.0,1.42857143
POLKE,polke_816_per_100_words,no,0.0004182046919189681,0.019866053864252838,0.0,2.43902439
POLKE,polke_817_per_100_words,no,0.0010805031382153463,0.034462861330103255,0.0,3.03030303
POLKE,polke_82_per_100_words,no,7.421890243615176,5.364145679515875,0.0,33.33333333
POLKE,polke_831_per_100_words,no,0.00025211442257586276,0.01852765840896111,0.0,3.84615385
POLKE,polke_836_per_100_words,no,8.148873979835592e-05,0.009533714355831436,0.0,1.92307692
POLKE,polke_837_per_100_words,no,5.530961968861898e-05,0.009009356515793165,0.0,2.56410256
POLKE,polke_838_per_100_words,no,0.00046430768769301246,0.026215066953821628,0.0,4.34782609
POLKE,polke_83_per_100_words,no,0.18142094771613562,0.6720380579313786,0.0,13.04347826
POLKE,polke_844_per_100_words,no,0.00029285194911121947,0.02209336384267,0.0,3.33333333
POLKE,polke_846_per_100_words,no,0.00015136830584984556,0.012449900948055344,0.0,2.24719101
POLKE,polke_848_per_100_words,no,0.012428096704444136,0.15478394280928837,0.0,7.14285714
POLKE,polke_849_per_100_words,no,0.0002174599766045579,0.019826290141817828,0.0,3.77358491
POLKE,polke_84_per_100_words,no,0.01276371511264289,0.1508228433534208,0.0,7.40740741
POLKE,polke_852_per_100_words,no,0.0008798235997458516,0.03208019246156225,0.0,3.84615385
POLKE,polke_855_per_100_words,no,0.00035493158529978185,0.021936447627077516,0.0,3.84615385
POLKE,polke_856_per_100_words,no,0.0037533286620762356,0.07668679952507577,0.0,8.69565217
POLKE,polke_857_per_100_words,no,0.20842113214575292,0.6960151371640029,0.0,30.0
POLKE,polke_858_per_100_words,no,0.0007535000570848785,0.035618483348794416,0.0,4.54545455
POLKE,polke_859_per_100_words,no,0.06237853021972023,0.33026873962817477,0.0,9.52380952
POLKE,polke_860_per_100_words,no,8.770505253246716,6.879098203725696,0.0,85.71428571
POLKE,polke_861_per_100_words,no,0.014720736481793418,0.14428471882959723,0.0,5.55555556
POLKE,polke_862_per_100_words,no,0.0001376877424876004,0.013317676413813144,0.0,3.03030303
POLKE,polke_863_per_100_words,no,0.00010332810930350537,0.01084880988785144,0.0,2.94117647
POLKE,polke_864_per_100_words,no,0.0007912839738020303,0.0328815639895933,0.0,4.87804878
POLKE,polke_865_per_100_words,no,2.08769806581261e-05,0.004416086561580669,0.0,1.28205128
POLKE,polke_866_per_100_words,no,0.0005670408958237905,0.028126411885878885,0.0,5.0
POLKE,polke_867_per_100_words,no,0.00046087467953169703,0.0261337715004078,0.0,7.69230769
POLKE,polke_868_per_100_words,no,4.983034905999576e-06,0.0018673936887898081,0.0,0.84033613
POLKE,polke_869_per_100_words,no,0.004127997807182156,0.07320828281629714,0.0,4.87804878
POLKE,polke_86_per_100_words,no,0.08480249286596654,0.41903093026284977,0.0,9.52380952
POLKE,polke_870_per_100_words,no,0.00033160152639252137,0.02437999625053447,0.0,5.0
POLKE,polke_871_per_100_words,no,0.02186698236138818,0.18148782974717154,0.0,6.55737705
POLKE,polke_872_per_100_words,no,0.01128786168927405,0.13370292359181432,0.0,8.33333333
POLKE,polke_873_per_100_words,no,0.0010967472246356468,0.039649303189232044,0.0,3.84615385
POLKE,polke_876_per_100_words,no,6.686711413527983e-06,0.0026041120762427955,0.0,1.33333333
POLKE,polke_879_per_100_words,no,0.000825933085144633,0.03204200510527299,0.0,4.76190476
POLKE,polke_87_per_100_words,no,0.5735763151542435,1.2286052541293893,0.0,14.28571429
POLKE,polke_883_per_100_words,no,9.930981648122703e-06,0.003169034150686504,0.0,1.06382979
POLKE,polke_884_per_100_words,no,1.1288125310913111e-05,0.0033143169058753807,0.0,1.2987013
POLKE,polke_88_per_100_words,no,0.27313835011785975,0.75097301784681,0.0,13.88888889
POLKE,polke_890_per_100_words,no,0.00020401140303697465,0.015855312857272357,0.0,3.03030303
POLKE,polke_891_per_100_words,no,0.00012225556001300294,0.012902285754460853,0.0,3.22580645
POLKE,polke_892_per_100_words,no,0.0010426526348193133,0.03622050072346684,0.0,4.0
POLKE,polke_897_per_100_words,no,0.011778733457747832,0.13262737237498262,0.0,9.52380952
POLKE,polke_898_per_100_words,no,0.011020999155621556,0.19094030456791927,0.0,20.0
POLKE,polke_899_per_100_words,no,0.0806189936278699,0.39860337541585766,0.0,9.72222222
POLKE,polke_89_per_100_words,no,0.003953208536134877,0.1078113288942732,0.0,9.09090909
POLKE,polke_900_per_100_words,no,0.0,0.0,0.0,0.0
POLKE,polke_903_per_100_words,no,5.910518915830587e-05,0.00822408191132109,0.0,2.5
POLKE,polke_904_per_100_words,no,5.0266478715073065e-05,0.008299495136263239,0.0,3.44827586
POLKE,polke_907_per_100_words,no,0.0004357152867788662,0.024242635020123648,0.0,4.76190476
POLKE,polke_908_per_100_words,no,0.002869014189286366,0.060358613714332404,0.0,3.77358491
POLKE,polke_90_per_100_words,no,0.0744294968422804,0.4561364498164966,0.0,13.95348837
POLKE,polke_912_per_100_words,no,0.00014704225369524854,0.011326883919032851,0.0,2.3255814
POLKE,polke_915_per_100_words,no,0.00010172498965675192,0.013641115788927568,0.0,3.7037037
POLKE,polke_916_per_100_words,no,1.2517618319369949e-05,0.003862588843230849,0.0,1.58730159
POLKE,polke_917_per_100_words,no,0.00011039533992345996,0.014044620232678216,0.0,3.7037037
POLKE,polke_918_per_100_words,no,0.0009174225216838809,0.03978938226125057,0.0,4.34782609
POLKE,polke_919_per_100_words,no,8.036904534282943e-05,0.01177839244074191,0.0,3.8961039
POLKE,polke_91_per_100_words,no,0.08426958317742124,0.5345384424045824,0.0,14.81481481
POLKE,polke_920_per_100_words,no,0.0001209133049140279,0.014403541769318165,0.0,3.44827586
POLKE,polke_922_per_100_words,no,1.77668223325502e-05,0.0042689711632755405,0.0,1.4084507
POLKE,polke_923_per_100_words,no,0.0,0.0,0.0,0.0
POLKE,polke_924_per_100_words,no,0.0023373806724835125,0.0563666249801999,0.0,4.54545455
POLKE,polke_929_per_100_words,no,0.000373348612650285,0.019786541885070157,0.0,2.17391304
POLKE,polke_92_per_100_words,no,4.788924683966694,3.9921565069229263,0.0,33.33333333
POLKE,polke_930_per_100_words,no,1.3035959500954672,1.953146020769343,0.0,36.36363636
POLKE,polke_931_per_100_words,no,0.005928138375716026,0.10695222544360468,0.0,7.14285714
POLKE,polke_932_per_100_words,no,0.0,0.0,0.0,0.0
POLKE,polke_935_per_100_words,no,0.0020781007984002446,0.05450457849996369,0.0,8.0
POLKE,polke_936_per_100_words,no,0.00014298907588003803,0.012038031476863094,0.0,2.04081633
POLKE,polke_937_per_100_words,no,6.679970937935586e-05,0.009034262143945815,0.0,1.85185185
POLKE,polke_938_per_100_words,no,0.015529907006910275,0.15384503490297988,0.0,6.0
POLKE,polke_93_per_100_words,no,0.04507684727425857,0.28453010153160313,0.0,10.81081081
POLKE,polke_946_per_100_words,no,0.023800628932133507,0.25535785124320304,0.0,5.26315789
POLKE,polke_947_per_100_words,no,0.00425053150193813,0.08301743109591586,0.0,5.0
POLKE,polke_948_per_100_words,no,0.00886632480241934,0.1293856736717543,0.0,5.12820513
POLKE,polke_949_per_100_words,no,0.09256107814644078,0.44043692760888276,0.0,12.0
POLKE,polke_94_per_100_words,no,0.007000051279632179,0.10011526365456358,0.0,5.55555556
POLKE,polke_950_per_100_words,no,0.059751348351655825,0.3313321958448028,0.0,10.34482759
POLKE,polke_951_per_100_words,no,0.05065098480953648,0.28931545448714197,0.0,12.0
POLKE,polke_952_per_100_words,no,0.018048146142805765,0.16105063276659107,0.0,5.08474576
POLKE,polke_953_per_100_words,no,0.02113616057050401,0.2278240918643466,0.0,11.76470588
POLKE,polke_954_per_100_words,no,0.0,0.0,0.0,0.0
POLKE,polke_955_per_100_words,no,0.018190602183435045,0.17268933485378335,0.0,8.33333333
POLKE,polke_956_per_100_words,no,0.5018439742138483,1.229951593108821,0.0,20.0
POLKE,polke_958_per_100_words,no,0.00012508917074239895,0.01478209496439287,0.0,4.44444444
POLKE,polke_959_per_100_words,no,1.649239171691559,2.4907423905538892,0.0,32.0
POLKE,polke_95_per_100_words,no,0.026992295879693238,0.27296107344516446,0.0,13.95348837
POLKE,polke_964_per_100_words,no,3.972061483221774e-06,0.0025311165117486963,0.0,1.61290323
POLKE,polke_965_per_100_words,no,4.8668580413828425e-06,0.002196170171821795,0.0,1.04166667
POLKE,polke_966_per_100_words,no,0.0,0.0,0.0,0.0
POLKE,polke_967_per_100_words,no,4.567148014342637e-05,0.007691022697657768,0.0,1.58730159
POLKE,polke_96_per_100_words,no,0.006152486755347709,0.10773633321864375,0.0,5.0
POLKE,polke_976_per_100_words,no,0.00013270312612359688,0.01225218160559535,0.0,2.5
POLKE,polke_977_per_100_words,no,0.0002524206096359669,0.016215209264864677,0.0,2.5
POLKE,polke_97_per_100_words,no,0.0,0.0,0.0,0.0
POLKE,polke_982_per_100_words,no,0.06349426050775515,0.45473381819307224,0.0,50.0
POLKE,polke_983_per_100_words,no,0.009721234832488641,0.12225833876930743,0.0,5.45454545
POLKE,polke_984_per_100_words,no,0.029673788187862926,0.2132462927981002,0.0,10.0
POLKE,polke_98_per_100_words,no,1.2170957979337647,2.1900388105148885,0.0,33.33333333
POLKE,polke_990_per_100_words,no,0.0,0.0,0.0,0.0
POLKE,polke_991_per_100_words,no,0.0021707608826484633,0.0543095969256754,0.0,7.27272727
POLKE,polke_992_per_100_words,no,0.22918565839443059,0.7419931789779526,0.0,17.14285714
POLKE,polke_995_per_100_words,no,7.497462604232852e-06,0.0028982493252832755,0.0,1.38888889
POLKE,polke_99_per_100_words,no,0.2593708663407772,0.9046143023179608,0.0,18.51851852
POLKE,total_annotations,yes,130.48969369209627,67.54729992938668,0.0,586.0
POLKE,unique_constructs,yes,45.4544404549059,17.959226677950344,0.0,130.0
POLKE,word_count,yes,60.910617097881605,31.924212685566534,2.0,253.0
TAALES,AWL_Sublist_10_Normed,no,0.00014072467682451977,0.0014751004753465803,0.0,0.05
TAALES,AWL_Sublist_1_Normed,no,0.002027868962671944,0.007059812253689881,0.0,0.384615384615
TAALES,AWL_Sublist_2_Normed,no,0.0038447136469368453,0.009889035204302553,0.0,0.18
TAALES,AWL_Sublist_3_Normed,no,0.0010141646169081902,0.004751483276191159,0.0,0.137254901961
TAALES,AWL_Sublist_4_Normed,no,0.004261081448103732,0.010968756032553316,0.0,0.190476190476
TAALES,AWL_Sublist_5_Normed,no,0.0008455188059270696,0.00414952290208199,0.0,0.132075471698
TAALES,AWL_Sublist_6_Normed,no,0.0011335970019958964,0.005976763210305935,0.0,0.222222222222
TAALES,AWL_Sublist_7_Normed,no,0.0006627191746770194,0.0034749037756686574,0.0,0.131578947368
TAALES,AWL_Sublist_8_Normed,no,0.0003679260880206084,0.0024675699639253737,0.0,0.0882352941176
TAALES,AWL_Sublist_9_Normed,no,0.0008864816174932632,0.00450103361710951,0.0,0.135135135135
TAALES,All_AFL_Normed,no,0.017337054036093192,0.04304345951815503,0.0,0.96
TAALES,All_AWL_Normed,no,0.015140695349910865,0.02653684113363566,0.0,0.428571428571
TAALES,BG_Mean,no,3744.9225413767927,520.9581884632576,0.0,7732.5325
TAALES,BG_Mean_CW,no,3387.4618641434668,547.5296092885708,0.0,7146.0
TAALES,BG_Mean_FW,no,4703.729920742382,1617.6887620529872,0.0,14646.0
TAALES,BNC_Spoken_Bigram_Normed_Freq,no,0.22821801411709622,0.14775820135135695,0.0,3.960565675
TAALES,BNC_Spoken_Bigram_Normed_Freq_Log,no,-1.4500199865654775,0.276951160075232,-2.73047514787,0.597757219255
TAALES,BNC_Spoken_Bigram_Proportion,no,0.4691038055534777,0.13763303902202098,0.0,1.0
TAALES,BNC_Spoken_Freq_AW,no,7.316741238863957,2.0525409314351886,0.0,21.6534862191
TAALES,BNC_Spoken_Freq_AW_Log,no,-0.07617390719681359,0.26243158247352827,-2.31325265846,1.26664521553
TAALES,BNC_Spoken_Freq_CW,no,1.3013157814990257,0.5442823933219187,0.0,6.76408471529
TAALES,BNC_Spoken_Freq_CW_Log,no,-0.7051954825075991,0.27619805231125694,-2.36317924354,0.701939486096
TAALES,BNC_Spoken_Freq_FW,no,18.386363551803434,4.299868716974828,0.0,43.97269532
TAALES,BNC_Spoken_Freq_FW_Log,no,1.0868634136312472,0.17716780116007347,-2.28390897114,1.64318308665
TAALES,BNC_Spoken_Range_AW,no,69.2568710461557,8.486165897415725,0.0,99.6322106256
TAALES,BNC_Spoken_Range_CW,no,53.825223242819746,10.10998669920071,0.0,98.43205261
TAALES,BNC_Spoken_Range_FW,no,97.51598354868221,6.674033704603509,0.0,100.0
TAALES,BNC_Spoken_Trigram_Normed_Freq,no,0.023429667992708663,0.02787346819987119,0.0,0.765927748
TAALES,BNC_Spoken_Trigram_Normed_Freq_Log,no,-1.9456992841581324,0.5981690138511901,-2.83961971736,0.0
TAALES,BNC_Spoken_Trigram_Proportion,no,0.11871666570340608,0.07319291667750447,0.0,0.6
TAALES,BNC_Written_Bigram_Freq_Normed,no,0.19576981045406988,0.20823355753023895,0.0,8.296461369
TAALES,BNC_Written_Bigram_Freq_Normed_Log,no,-1.5956102474506257,0.2597027884998352,-2.71051160674,0.918892895314
TAALES,BNC_Written_Bigram_Proportion,no,0.4491177374764756,0.13255667055006956,0.0,0.9
TAALES,BNC_Written_Freq_AW,no,6.618955410779202,2.7685852621993847,0.0,29.4495755345
TAALES,BNC_Written_Freq_AW_Log,no,-0.23424538468288975,0.2619246186977408,-3.06210554118,1.23594050922
TAALES,BNC_Written_Freq_CW,no,0.8767671249313075,0.4644182173025046,0.0,5.922301788
TAALES,BNC_Written_Freq_CW_Log,no,-0.8584517668416694,0.2587360056053796,-3.25112484326,0.668170803127
TAALES,BNC_Written_Freq_FW,no,17.402785054427184,6.869322415713843,0.0,64.01511974
TAALES,BNC_Written_Freq_FW_Log,no,0.9604308895762195,0.19707406342171346,-2.16683388413,1.80628256217
TAALES,BNC_Written_Range_AW,no,69.25155704969788,7.80791414918946,0.0,99.6396009656
TAALES,BNC_Written_Range_CW,no,55.21007688399904,8.901710325320597,0.0,99.02692413
TAALES,BNC_Written_Range_FW,no,95.9910874842526,6.53895587437252,0.0,100.0
TAALES,BNC_Written_Trigram_Freq_Normed,no,0.010011454487871335,0.01278339547786061,0.0,0.368295017
TAALES,BNC_Written_Trigram_Freq_Normed_Log,no,-2.1880081168312384,0.6469759612005944,-3.00881868554,0.0
TAALES,BNC_Written_Trigram_Proportion,no,0.10757736756944992,0.06751236719983557,0.0,0.6
TAALES,Brown_Freq_AW,no,1647.981166713533,432.6288219525987,0.0,4429.11111111
TAALES,Brown_Freq_AW_Log,no,2.3739719948164537,0.2680624855309983,0.0,3.55668296618
TAALES,Brown_Freq_CW,no,302.0496372004389,128.8085657097861,0.0,1838.75
TAALES,Brown_Freq_CW_Log,no,1.736116661520246,0.3039137341595431,0.0,3.06479464362
TAALES,Brown_Freq_FW,no,3810.0008868097766,854.2237283273126,0.0,6833.0
TAALES,Brown_Freq_FW_Log,no,3.3883304423076877,0.27715102940422737,0.0,3.83461142072
TAALES,Brysbaert_Concreteness_Combined_AW,no,2.878650465804591,0.34607174420050996,0.0,4.94
TAALES,Brysbaert_Concreteness_Combined_CW,no,3.20661743264654,0.39824505689493156,0.0,4.94
TAALES,Brysbaert_Concreteness_Combined_FW,no,2.359077601685209,0.3805656564270118,0.0,4.33
TAALES,COCA_Academic_Bigram_Frequency,no,169.18860752579678,210.48800427475567,0.0,9256.99816594
TAALES,COCA_Academic_Bigram_Frequency_Log,no,1.0471834468196168,0.2635037644601576,-0.172555337838,3.96647017768
TAALES,COCA_Academic_Bigram_Range,no,0.10390951229432466,0.057950219835694594,0.0,0.929803071705
TAALES,COCA_Academic_Bigram_Range_Log,no,-1.5648281909344262,0.2404175793082295,-2.89550439574,0.0
TAALES,COCA_Academic_Frequency_AW,no,6352.510955447253,2793.930594730651,0.0,29869.5469967
TAALES,COCA_Academic_Frequency_CW,no,759.9371069873533,438.72772761917804,0.0,5342.08154341
TAALES,COCA_Academic_Frequency_FW,no,16931.716424588627,7246.215210950939,0.0,64073.8891122
TAALES,COCA_Academic_Frequency_Log_AW,no,2.5920211105285507,0.27567347448107926,-0.155976549214,4.2538593708
TAALES,COCA_Academic_Frequency_Log_CW,no,1.94539496252247,0.28950560793634156,-0.155976549214,3.71948692549
TAALES,COCA_Academic_Frequency_Log_FW,no,3.8187447471183407,0.33994298427145364,0.0,4.8066810853
TAALES,COCA_Academic_Range_AW,no,0.4977322300598019,0.08153905933531182,0.0,0.987415852676
TAALES,COCA_Academic_Range_CW,no,0.30355745730252703,0.08014601273215971,0.0,0.991142937906
TAALES,COCA_Academic_Range_FW,no,0.8664778502978692,0.08666128092176699,0.0,0.999717327806
TAALES,COCA_Academic_Range_Log_AW,no,-0.6411474870449875,0.18519046945237938,-2.69739201551,0.0
TAALES,COCA_Academic_Range_Log_CW,no,-0.9326165870848347,0.2300855773941789,-2.69739201551,0.0
TAALES,COCA_Academic_Range_Log_FW,no,-0.07691578654996764,0.047123946762797034,-2.27378971641,0.0
TAALES,COCA_Academic_Trigram_Frequency,no,5.814184630143638,9.741784913040131,0.0,374.508520579
TAALES,COCA_Academic_Trigram_Frequency_Log,no,0.25948548360862267,0.3408601702296829,-0.411425498125,2.57346170294
TAALES,COCA_Academic_Trigram_Range,no,0.015661867994634215,0.022876761805212826,0.0,0.536606049185
TAALES,COCA_Academic_Trigram_Range_Log,no,-2.0602016796054934,0.6617689713631001,-3.4237781729,0.0
TAALES,COCA_Fiction_Bigram_Frequency,no,149.884463486236,118.48507606275852,0.0,2874.89260263
TAALES,COCA_Fiction_Bigram_Frequency_Log,no,1.2073707521013892,0.24727535217990937,-0.228274845903,3.06737579211
TAALES,COCA_Fiction_Bigram_Range,no,0.14122812745211566,0.04888163629817661,0.0,0.702721864841
TAALES,COCA_Fiction_Bigram_Range_Log,no,-1.3445734068003488,0.20430112084190866,-3.28501691763,0.0
TAALES,COCA_Fiction_Trigram_Frequency,no,8.753256588664447,8.32799616767199,0.0,296.268039746
TAALES,COCA_Fiction_Trigram_Frequency_Log,no,0.4672871130171538,0.2745957171717361,-0.325097607709,2.47168480399
TAALES,COCA_Fiction_Trigram_Range,no,0.02660997665711153,0.020039423668927088,0.0,0.476395517742
TAALES,COCA_Fiction_Trigram_Range_Log,no,-1.8663006669301698,0.4243156654964514,-3.50686566725,0.0
TAALES,COCA_Magazine_Bigram_Frequency,no,137.6887956039027,128.73748897288382,0.0,4480.04102436
TAALES,COCA_Magazine_Bigram_Frequency_Log,no,1.1612466397218084,0.238127956588126,-0.171797595699,3.65128199091
TAALES,COCA_Magazine_Bigram_Range,no,0.08084208471328337,0.040664980581671686,0.0,0.921839166886
TAALES,COCA_Magazine_Bigram_Range_Log,no,-1.7160937535645622,0.22131065638861672,-3.02875704174,0.0
TAALES,COCA_Magazine_Trigram_Frequency,no,6.745083060963129,7.915302932774251,0.0,386.225898795
TAALES,COCA_Magazine_Trigram_Frequency_Log,no,0.3458249622920114,0.2812797432479369,-0.413059328837,2.58684139251
TAALES,COCA_Magazine_Trigram_Range,no,0.00960011950646408,0.010230257081219635,0.0,0.378585661115
TAALES,COCA_Magazine_Trigram_Range_Log,no,-2.351116033182566,0.5307125519421207,-3.57976726945,0.0
TAALES,COCA_News_Bigram_Frequency,no,140.0806392220169,135.97428388308842,0.0,4766.36245552
TAALES,COCA_News_Bigram_Frequency_Log,no,1.1523308353964794,0.2408004632178677,-0.174504261381,3.67818706496
TAALES,COCA_News_Bigram_Range,no,0.08258911963017149,0.04482373388038502,0.0,0.979837649245
TAALES,COCA_News_Bigram_Range_Log,no,-1.7499620922555579,0.2342153819220841,-3.32479291051,0.0
TAALES,COCA_News_Trigram_Frequency,no,7.334587790195254,9.754984233759451,0.0,413.462200026
TAALES,COCA_News_Trigram_Frequency_Log,no,0.34519726407802026,0.29882391658095464,-0.393864145461,2.61643581118
TAALES,COCA_News_Trigram_Range,no,0.009558852178610203,0.011588887789770031,0.0,0.41224117678
TAALES,COCA_News_Trigram_Range_Log,no,-2.3869172377019536,0.5639357397326212,-3.64741470256,0.0
TAALES,COCA_academic_bi_AC,no,8705.263478059353,11566.941329496462,-95170.2531146,519249.46476
TAALES,COCA_academic_bi_DP,no,0.03504005752576878,0.021046675372784776,-0.0451659637296,0.681815610174
TAALES,COCA_academic_bi_MI,no,1.6271355065895037,0.5172326704287911,-5.3011607755,11.3242627685
TAALES,COCA_academic_bi_MI2,no,8.36884386280491,0.9557162805412497,-1.0670542709,17.4980488724
TAALES,COCA_academic_bi_T,no,32.71184778525367,28.547559977278233,-1832.81793458,591.60348203
TAALES,COCA_academic_bi_prop_100k,no,0.4333264497717723,0.13443343868703111,0.0,0.923076923077
TAALES,COCA_academic_bi_prop_10k,no,0.2282620037172503,0.09897341240979401,0.0,0.69387755102
TAALES,COCA_academic_bi_prop_20k,no,0.28424160074592947,0.11019856464572683,0.0,0.775510204082
TAALES,COCA_academic_bi_prop_30k,no,0.3175516990254444,0.11768961511359183,0.0,0.836734693878
TAALES,COCA_academic_bi_prop_40k,no,0.34328847931942885,0.12247480313756874,0.0,0.857142857143
TAALES,COCA_academic_bi_prop_50k,no,0.3711301355987017,0.12751364132547593,0.0,0.92
TAALES,COCA_academic_bi_prop_60k,no,0.3902777293332129,0.127920297754698,0.0,0.92
TAALES,COCA_academic_bi_prop_70k,no,0.4052515574773243,0.1291299759481504,0.0,0.92
TAALES,COCA_academic_bi_prop_80k,no,0.4154170949476395,0.13131335799113208,0.0,0.92
TAALES,COCA_academic_bi_prop_90k,no,0.42496800399760304,0.13319491014949794,0.0,0.923076923077
TAALES,COCA_academic_tri_2_AC,no,374.5736621631775,663.4440025587463,-29646.3564419,28686.0438302
TAALES,COCA_academic_tri_2_DP,no,0.12242295617340454,0.0998440745012091,-0.0650800186196,0.990553530846
TAALES,COCA_academic_tri_2_MI,no,2.491248634377926,1.2190934665657018,-4.95169284887,13.534060548
TAALES,COCA_academic_tri_2_MI2,no,7.126247406254166,2.3339622034855383,-0.605359829655,17.9502083981
TAALES,COCA_academic_tri_2_T,no,11.689579023356583,10.846202309479892,-2034.794409,168.452395674
TAALES,COCA_academic_tri_AC,no,394.9736495795186,738.022351284024,-20990.1500742,28971.150779
TAALES,COCA_academic_tri_DP,no,0.005232195839333749,0.011115173610285342,-0.00799502326662,0.41454114343
TAALES,COCA_academic_tri_MI,no,2.803117768516906,1.3273910226078687,-3.56635471943,12.1937375234
TAALES,COCA_academic_tri_MI2,no,7.439639162483387,2.446229642609673,0.0,16.7372436119
TAALES,COCA_academic_tri_T,no,12.059182370804571,11.320222829684868,-1102.64674389,168.826891022
TAALES,COCA_academic_tri_prop_100k,no,0.09604829091753556,0.06536587854452741,0.0,0.567567567568
TAALES,COCA_academic_tri_prop_10k,no,0.03592908401314753,0.03749289764515233,0.0,0.421052631579
TAALES,COCA_academic_tri_prop_20k,no,0.049089480290812566,0.04562393287477276,0.0,0.458333333333
TAALES,COCA_academic_tri_prop_30k,no,0.05806251210372129,0.050381839357179735,0.0,0.473684210526
TAALES,COCA_academic_tri_prop_40k,no,0.06426522161233263,0.05445719045515865,0.0,0.5
TAALES,COCA_academic_tri_prop_50k,no,0.0702802204628066,0.057225828420391006,0.0,0.5
TAALES,COCA_academic_tri_prop_60k,no,0.07466086496946087,0.059718676972147666,0.0,0.513513513514
TAALES,COCA_academic_tri_prop_70k,no,0.08192872344069473,0.061260008126202865,0.0,0.526315789474
TAALES,COCA_academic_tri_prop_80k,no,0.08601869418361775,0.06292498958924513,0.0,0.540540540541
TAALES,COCA_academic_tri_prop_90k,no,0.09028293894438127,0.06424801831105875,0.0,0.56
TAALES,COCA_fiction_Frequency_AW,no,6636.291745611514,2250.7302189004054,0.0,24423.0721128
TAALES,COCA_fiction_Frequency_CW,no,935.2995118936085,441.5402210055863,0.0,4582.00083321
TAALES,COCA_fiction_Frequency_FW,no,17693.637742145205,5149.267147618886,0.0,53402.6526891
TAALES,COCA_fiction_Frequency_Log_AW,no,2.761553483950804,0.3067494788424075,0.0,4.1906577493
TAALES,COCA_fiction_Frequency_Log_CW,no,2.109211772452732,0.31232163613434444,-0.0505920574437,3.35158692809
TAALES,COCA_fiction_Frequency_Log_FW,no,4.039319089571364,0.3063759062551272,0.0,4.72756283043
TAALES,COCA_fiction_Range_AW,no,0.5616092405917652,0.08721360789454238,0.0,0.965720181688
TAALES,COCA_fiction_Range_CW,no,0.37151621534322465,0.09162728891078457,0.0,0.837881303175
TAALES,COCA_fiction_Range_FW,no,0.9339901401373414,0.06799453738823825,0.0,0.996679809089
TAALES,COCA_fiction_Range_Log_AW,no,-0.5393657243230048,0.18406235124705178,-2.21448345706,0.0
TAALES,COCA_fiction_Range_Log_CW,no,-0.7915215405648017,0.2249556721946079,-2.50476949225,0.0
TAALES,COCA_fiction_Range_Log_FW,no,-0.03241925711225943,0.02480340231800694,-1.80934572931,0.0
TAALES,COCA_fiction_bi_AC,no,9364.962707974308,7953.754994305936,-35090.4959299,193446.985538
TAALES,COCA_fiction_bi_DP,no,0.03816287699373017,0.020201922100620818,-0.041322546395,0.739655076957
TAALES,COCA_fiction_bi_MI,no,1.5925527145067115,0.4211319280859592,-4.73235663072,8.26522401625
TAALES,COCA_fiction_bi_MI2,no,8.805208873056278,0.7653493938387321,-0.689305362889,15.7897852425
TAALES,COCA_fiction_bi_T,no,42.22823175571544,24.35520066559429,-1263.52927439,332.025738656
TAALES,COCA_fiction_bi_prop_100k,no,0.5240163396954833,0.14657403365463925,0.0,1.0
TAALES,COCA_fiction_bi_prop_10k,no,0.31923069001387744,0.1155396087373646,0.0,0.814814814815
TAALES,COCA_fiction_bi_prop_20k,no,0.3764028021600907,0.12834667109238337,0.0,0.888888888889
TAALES,COCA_fiction_bi_prop_30k,no,0.4157055646185342,0.13455251838281676,0.0,0.931818181818
TAALES,COCA_fiction_bi_prop_40k,no,0.44121812246207126,0.1389091413292529,0.0,0.9375
TAALES,COCA_fiction_bi_prop_50k,no,0.460082306912095,0.14155588369503685,0.0,0.96
TAALES,COCA_fiction_bi_prop_60k,no,0.47875232423399056,0.1438083261507861,0.0,0.970149253731
TAALES,COCA_fiction_bi_prop_70k,no,0.49349075150655086,0.1444822977107445,0.0,0.970149253731
TAALES,COCA_fiction_bi_prop_80k,no,0.5037782503241893,0.14567036774463668,0.0,0.972972972973
TAALES,COCA_fiction_bi_prop_90k,no,0.5142123433697975,0.14562891365006433,0.0,1.0
TAALES,COCA_fiction_tri_2_AC,no,641.8491155548447,655.6297983974247,-11832.2560567,21998.1532611
TAALES,COCA_fiction_tri_2_DP,no,0.11704724046555277,0.08353577751896724,-0.0538755500663,0.992526970098
TAALES,COCA_fiction_tri_2_MI,no,2.5095021144266463,0.9599601531338076,-4.90604940865,11.32881086
TAALES,COCA_fiction_tri_2_MI2,no,7.883560544704328,1.82638193404958,-0.428712594176,16.5136719231
TAALES,COCA_fiction_tri_2_T,no,16.441023635404978,9.417618861424119,-1258.01280489,138.895770187
TAALES,COCA_fiction_tri_AC,no,669.3862477960841,680.8403349188987,-9656.72758058,23929.5698336
TAALES,COCA_fiction_tri_DP,no,0.004535610868286205,0.006075251701184023,-0.00434877878564,0.293271822753
TAALES,COCA_fiction_tri_MI,no,2.660861072050547,0.9586830901571742,-3.1670477413,12.3561664243
TAALES,COCA_fiction_tri_MI2,no,8.0232035317758,1.8305405953484009,0.0,16.3264583378
TAALES,COCA_fiction_tri_T,no,17.053937655238865,9.243258721844759,-929.648840905,150.698893732
TAALES,COCA_fiction_tri_prop_100k,no,0.15603208239187907,0.0859626979591851,0.0,0.653846153846
TAALES,COCA_fiction_tri_prop_10k,no,0.06236911459294278,0.04937157730070051,0.0,0.456140350877
TAALES,COCA_fiction_tri_prop_20k,no,0.08948092588404621,0.05921452491971436,0.0,0.5
TAALES,COCA_fiction_tri_prop_30k,no,0.10195702485087463,0.06489859624169377,0.0,0.55
TAALES,COCA_fiction_tri_prop_40k,no,0.11324628055606889,0.06937388073397358,0.0,0.55
TAALES,COCA_fiction_tri_prop_50k,no,0.12300428265514106,0.07355270318898072,0.0,0.576923076923
TAALES,COCA_fiction_tri_prop_60k,no,0.1319326277332225,0.07675969799285495,0.0,0.615384615385
TAALES,COCA_fiction_tri_prop_70k,no,0.13885667095976192,0.07955996887503318,0.0,0.615384615385
TAALES,COCA_fiction_tri_prop_80k,no,0.14462563783350663,0.08178646624338987,0.0,0.615384615385
TAALES,COCA_fiction_tri_prop_90k,no,0.15082980954308384,0.08389991760381361,0.0,0.628571428571
TAALES,COCA_magazine_Frequency_AW,no,6236.592489890943,2309.3842555921274,0.0,25133.7253084
TAALES,COCA_magazine_Frequency_CW,no,902.9687394927578,422.0322015125058,0.0,4910.65751936
TAALES,COCA_magazine_Frequency_FW,no,16332.956345960323,5706.676540833729,0.0,53828.3896111
TAALES,COCA_magazine_Frequency_Log_AW,no,2.7989984533198395,0.2534643748925067,-0.316581019014,4.21434535673
TAALES,COCA_magazine_Frequency_Log_CW,no,2.188126900606521,0.2531026403300511,-0.316581019014,3.6728908596
TAALES,COCA_magazine_Frequency_Log_FW,no,3.9594148251785217,0.30769169906288324,0.0,4.73101138718
TAALES,COCA_magazine_Range_AW,no,0.4821489830328609,0.07730313675370132,0.0,0.961573325647
TAALES,COCA_magazine_Range_CW,no,0.2779875451649429,0.07201658480761915,0.0,0.910053009512
TAALES,COCA_magazine_Range_FW,no,0.8713967688082919,0.07770225818849665,0.0,0.998608970262
TAALES,COCA_magazine_Range_Log_AW,no,-0.6517672651142963,0.1754725232405179,-3.34924356023,0.0
TAALES,COCA_magazine_Range_Log_CW,no,-0.9511379002159265,0.2083638798091635,-3.34924356023,0.0
TAALES,COCA_magazine_Range_Log_FW,no,-0.07025238884075731,0.03992399372576918,-2.61195195282,0.0
TAALES,COCA_magazine_bi_AC,no,9048.197936918832,8916.60971134861,-33836.155807,321357.147875
TAALES,COCA_magazine_bi_DP,no,0.03788416926681879,0.021098271534023483,-0.0240102630535,0.596671987575
TAALES,COCA_magazine_bi_MI,no,1.6488318085540188,0.4304780927913605,-3.58005848872,7.97662110134
TAALES,COCA_magazine_bi_MI2,no,8.82280543479438,0.7788568929040872,0.0,15.2810843094
TAALES,COCA_magazine_bi_T,no,41.24302564519215,24.033090380503122,-1377.89954974,495.696413058
TAALES,COCA_magazine_bi_prop_100k,no,0.5214080402273176,0.13839279113147288,0.0,1.0
TAALES,COCA_magazine_bi_prop_10k,no,0.31819313693248763,0.11082685559246097,0.0,0.777777777778
TAALES,COCA_magazine_bi_prop_20k,no,0.3755932777229648,0.12041791382046932,0.0,0.877551020408
TAALES,COCA_magazine_bi_prop_30k,no,0.4123769794298693,0.12704405148153713,0.0,0.888888888889
TAALES,COCA_magazine_bi_prop_40k,no,0.43640160247688986,0.13160249752715023,0.0,0.90625
TAALES,COCA_magazine_bi_prop_50k,no,0.45652629096749103,0.1343104894265691,0.0,0.923076923077
TAALES,COCA_magazine_bi_prop_60k,no,0.47546603581340646,0.1345168159928875,0.0,0.925925925926
TAALES,COCA_magazine_bi_prop_70k,no,0.489941158563074,0.13664530954498655,0.0,1.0
TAALES,COCA_magazine_bi_prop_80k,no,0.501305478106554,0.1373172400518545,0.0,1.0
TAALES,COCA_magazine_bi_prop_90k,no,0.512692906021251,0.13786353496375128,0.0,1.0
TAALES,COCA_magazine_tri_2_AC,no,524.9427566963183,627.4933638837815,-10052.877183,31572.2020721
TAALES,COCA_magazine_tri_2_DP,no,0.11310207649831241,0.0787769915206067,-0.0543058254445,0.986590338589
TAALES,COCA_magazine_tri_2_MI,no,2.470332401160363,0.9446390081134605,-4.85193420204,13.1672545716
TAALES,COCA_magazine_tri_2_MI2,no,7.6093498115096825,1.8085369009002044,-0.482486349572,18.0500564942
TAALES,COCA_magazine_tri_2_T,no,14.732662055928923,8.823378782903662,-1128.69140771,168.667910519
TAALES,COCA_magazine_tri_AC,no,553.218491900237,695.3353616441125,-7584.82567907,33604.6799081
TAALES,COCA_magazine_tri_DP,no,0.004604283325142421,0.007466966251780354,-0.00518056667584,0.355191979632
TAALES,COCA_magazine_tri_MI,no,2.733213146977817,0.9966131506739132,-2.72302035114,12.9639697272
TAALES,COCA_magazine_tri_MI2,no,7.873506152475354,1.8533128568582204,0.0,16.989321418
TAALES,COCA_magazine_tri_T,no,15.224450423801551,9.104074575776966,-602.949971261,179.12785132
TAALES,COCA_magazine_tri_prop_100k,no,0.149406409858513,0.08143115457126329,0.0,0.631578947368
TAALES,COCA_magazine_tri_prop_10k,no,0.06128456228386405,0.048570168435879135,0.0,0.473684210526
TAALES,COCA_magazine_tri_prop_20k,no,0.08144529135549383,0.05794608154228464,0.0,0.473684210526
TAALES,COCA_magazine_tri_prop_30k,no,0.09741978968341805,0.06348443189154766,0.0,0.52
TAALES,COCA_magazine_tri_prop_40k,no,0.10769923819852517,0.06685429075666864,0.0,0.526315789474
TAALES,COCA_magazine_tri_prop_50k,no,0.11939437909608983,0.07031160663628538,0.0,0.543859649123
TAALES,COCA_magazine_tri_prop_60k,no,0.1274351715240994,0.07291721528813229,0.0,0.543859649123
TAALES,COCA_magazine_tri_prop_70k,no,0.13437800218193532,0.07582756480424269,0.0,0.631578947368
TAALES,COCA_magazine_tri_prop_80k,no,0.13975488274751852,0.07769626047296276,0.0,0.631578947368
TAALES,COCA_magazine_tri_prop_90k,no,0.1452346447107358,0.07978336171854743,0.0,0.631578947368
TAALES,COCA_news_Frequency_AW,no,5997.059900306111,2325.3310885063865,0.0,25324.8686502
TAALES,COCA_news_Frequency_CW,no,855.7607366784624,407.3668991646203,0.0,4847.12983354
TAALES,COCA_news_Frequency_FW,no,15718.100428821128,5769.001118480135,0.0,53804.6756635
TAALES,COCA_news_Frequency_Log_AW,no,2.769171062214551,0.25893109113731727,0.0,4.19486514494
TAALES,COCA_news_Frequency_Log_CW,no,2.164878755920909,0.2549735792839138,0.0,3.67215400349
TAALES,COCA_news_Frequency_Log_FW,no,3.919379778382619,0.31240463885431535,0.0,4.7308200178
TAALES,COCA_news_Range_AW,no,0.49416435880134274,0.08179666211821691,0.0,0.974817516115
TAALES,COCA_news_Range_CW,no,0.284313221241981,0.07559675244962334,0.0,0.946473341866
TAALES,COCA_news_Range_FW,no,0.8945201924565346,0.07577703687450837,0.0,0.996686361485
TAALES,COCA_news_Range_Log_AW,no,-0.6640321882112963,0.18755493507147705,-2.77385226411,0.0
TAALES,COCA_news_Range_Log_CW,no,-0.9747410345461959,0.2206623566006399,-2.85951330666,0.0
TAALES,COCA_news_Range_Log_FW,no,-0.0589824946649316,0.044036288016353474,-2.81663742205,0.0
TAALES,COCA_news_bi_AC,no,8963.0174398894,9095.433901483118,-52953.465912,328729.046038
TAALES,COCA_news_bi_DP,no,0.03975388686255182,0.022098687239757428,-0.0243998997487,0.656626619227
TAALES,COCA_news_bi_MI,no,1.7071602952210563,0.45400428938825393,-4.45325950057,8.28223064448
TAALES,COCA_news_bi_MI2,no,8.81111656879078,0.842713233703532,0.0,15.8381357381
TAALES,COCA_news_bi_T,no,41.170454631131975,24.06679330793692,-1817.17772999,502.148392755
TAALES,COCA_news_bi_prop_100k,no,0.5098437801485153,0.13996487840578165,0.0,1.0
TAALES,COCA_news_bi_prop_10k,no,0.2995390241853871,0.10848382709011813,0.0,0.764705882353
TAALES,COCA_news_bi_prop_20k,no,0.3694001397694267,0.11899879144717987,0.0,0.828571428571
TAALES,COCA_news_bi_prop_30k,no,0.4036389837135679,0.12499673458580632,0.0,0.877551020408
TAALES,COCA_news_bi_prop_40k,no,0.4277633965165586,0.12918803564488351,0.0,0.892857142857
TAALES,COCA_news_bi_prop_50k,no,0.44592650628397207,0.1324278370121248,0.0,0.923076923077
TAALES,COCA_news_bi_prop_60k,no,0.4631883411809615,0.13466861661427226,0.0,0.941176470588
TAALES,COCA_news_bi_prop_70k,no,0.47727675307942635,0.13570534832537223,0.0,0.962962962963
TAALES,COCA_news_bi_prop_80k,no,0.49015292246880143,0.1376532380955052,0.0,1.0
TAALES,COCA_news_bi_prop_90k,no,0.4998369252036826,0.13951118668192422,0.0,1.0
TAALES,COCA_news_tri_2_AC,no,548.2678441299742,752.9517742576119,-9203.92067393,32440.838511
TAALES,COCA_news_tri_2_DP,no,0.11945826673542154,0.08534250615275729,-0.0541888422889,0.988484980499
TAALES,COCA_news_tri_2_MI,no,2.544959918513912,1.0078761275760661,-5.00499316654,13.0729936688
TAALES,COCA_news_tri_2_MI2,no,7.626685695925382,1.8984528487972814,-0.877858781499,18.2028923838
TAALES,COCA_news_tri_2_T,no,14.61250751911402,9.400686466150791,-1166.58201376,171.241330057
TAALES,COCA_news_tri_AC,no,582.3655921093768,825.988816266285,-11895.3716835,34703.1201994
TAALES,COCA_news_tri_DP,no,0.004949979872706324,0.008003118579541033,-0.00555454098534,0.609195238967
TAALES,COCA_news_tri_MI,no,2.8146508565336674,1.046245108853933,-3.33346159253,13.5662332362
TAALES,COCA_news_tri_MI2,no,7.899252202435454,1.9393931562802478,0.0,17.5365251498
TAALES,COCA_news_tri_T,no,15.231738975317775,9.77358154582301,-666.757875489,182.84546073
TAALES,COCA_news_tri_prop_100k,no,0.13962566592494643,0.07963066234438124,0.0,0.631578947368
TAALES,COCA_news_tri_prop_10k,no,0.05480622253090259,0.04764121185627482,0.0,0.456140350877
TAALES,COCA_news_tri_prop_20k,no,0.07489305086790811,0.05601247901784775,0.0,0.491228070175
TAALES,COCA_news_tri_prop_30k,no,0.09224477371237559,0.061320338412200824,0.0,0.52
TAALES,COCA_news_tri_prop_40k,no,0.10188609954437171,0.06508259489591925,0.0,0.56
TAALES,COCA_news_tri_prop_50k,no,0.10955902139555355,0.06805414503913919,0.0,0.56
TAALES,COCA_news_tri_prop_60k,no,0.11698491382797077,0.0711451096691949,0.0,0.56
TAALES,COCA_news_tri_prop_70k,no,0.12471983165576868,0.07358855190948387,0.0,0.578947368421
TAALES,COCA_news_tri_prop_80k,no,0.1300450685600125,0.07576673764418401,0.0,0.578947368421
TAALES,COCA_news_tri_prop_90k,no,0.13454492811758514,0.07773524688943818,0.0,0.604166666667
TAALES,COCA_spoken_Bigram_Frequency,no,189.446824916543,132.76422002092036,0.0,2450.86924142
TAALES,COCA_spoken_Bigram_Frequency_Log,no,1.2346625830400382,0.2811271376764798,-0.259416687805,3.38932014143
TAALES,COCA_spoken_Bigram_Range,no,0.13010817414197481,0.05591187046124139,0.0,0.790451484422
TAALES,COCA_spoken_Bigram_Range_Log,no,-1.5325893507221122,0.25325582264451774,-3.46769915503,0.0
TAALES,COCA_spoken_Frequency_AW,no,6684.295003401583,2029.0407892999644,0.0,21855.7442759
TAALES,COCA_spoken_Frequency_CW,no,1186.2658574109068,584.9462283281098,0.0,6749.57861105
TAALES,COCA_spoken_Frequency_FW,no,17398.80586970544,4393.531139455765,0.0,45422.4629842
TAALES,COCA_spoken_Frequency_Log_AW,no,2.7710159839442468,0.30750662534402035,0.0,4.25542830961
TAALES,COCA_spoken_Frequency_Log_CW,no,2.1217653618494903,0.3063241416450547,0.0,3.74750048764
TAALES,COCA_spoken_Frequency_Log_FW,no,4.0472367672828735,0.30579775036733353,0.0,4.65727067967
TAALES,COCA_spoken_Range_AW,no,0.5296277862493912,0.0924501285131311,0.0,0.988249235007
TAALES,COCA_spoken_Range_CW,no,0.32164054983204726,0.08899383196665721,0.0,0.95807457485
TAALES,COCA_spoken_Range_FW,no,0.9389602706012565,0.07428869287285117,0.0,0.999895186437
TAALES,COCA_spoken_Range_Log_AW,no,-0.6416384794058021,0.20344721067710775,-2.87676098213,0.0
TAALES,COCA_spoken_Range_Log_CW,no,-0.9433507574835776,0.23670681433437576,-2.87676098213,0.0
TAALES,COCA_spoken_Range_Log_FW,no,-0.03477837309939585,0.039254401254532126,-2.43242339468,0.0
TAALES,COCA_spoken_Trigram_Frequency,no,17.800211586869125,25.631810165939577,0.0,880.037143649
TAALES,COCA_spoken_Trigram_Frequency_Log,no,0.5955151496973814,0.33480262293687996,-0.259416687805,2.94450100277
TAALES,COCA_spoken_Trigram_Range,no,0.027626841652029128,0.030123828136970586,0.0,0.621098970207
TAALES,COCA_spoken_Trigram_Range_Log,no,-1.96353402204712,0.5063449866971464,-3.00185891072,0.0
TAALES,COCA_spoken_bi_AC,no,13641.369116577389,10233.744187803286,-37360.7859915,220072.436281
TAALES,COCA_spoken_bi_DP,no,0.04373838824436728,0.024071409551541197,-0.0338259839559,0.921835541803
TAALES,COCA_spoken_bi_MI,no,1.630418747720919,0.47526748584460854,-3.97321025058,9.30882065928
TAALES,COCA_spoken_bi_MI2,no,8.988825571018673,0.9427262674981391,0.0,16.0205610543
TAALES,COCA_spoken_bi_T,no,51.90784627149018,27.15342140952189,-1315.95908405,460.336827898
TAALES,COCA_spoken_bi_prop_100k,no,0.5147314923761859,0.14440205429052835,0.0,0.962962962963
TAALES,COCA_spoken_bi_prop_10k,no,0.3159163396556209,0.11697709553450476,0.0,0.816326530612
TAALES,COCA_spoken_bi_prop_20k,no,0.36597448536983346,0.12828359911852985,0.0,0.888888888889
TAALES,COCA_spoken_bi_prop_30k,no,0.4019243393069082,0.13347435317160847,0.0,0.897959183673
TAALES,COCA_spoken_bi_prop_40k,no,0.4303379740555169,0.1364929091244321,0.0,0.92
TAALES,COCA_spoken_bi_prop_50k,no,0.4515740462347176,0.13880122884139098,0.0,0.96
TAALES,COCA_spoken_bi_prop_60k,no,0.47178707334367964,0.1407674076365521,0.0,0.96
TAALES,COCA_spoken_bi_prop_70k,no,0.48608897872836987,0.1431041131811078,0.0,0.96
TAALES,COCA_spoken_bi_prop_80k,no,0.4967501600288856,0.1441070039218667,0.0,0.96
TAALES,COCA_spoken_bi_prop_90k,no,0.5062604971617046,0.14438216138345528,0.0,0.962962962963
TAALES,COCA_spoken_tri_2_AC,no,1427.589671578123,2179.115172606119,-8488.45435176,79369.2519732
TAALES,COCA_spoken_tri_2_DP,no,0.13470703658297475,0.10594739030629645,-0.0449054073689,0.999932458183
TAALES,COCA_spoken_tri_2_MI,no,2.4693960474541425,1.0202612258740509,-3.87209573947,14.1289247353
TAALES,COCA_spoken_tri_2_MI2,no,8.175742610470932,2.0743101974525446,0.0,18.2878078187
TAALES,COCA_spoken_tri_2_T,no,21.404343195398543,15.299362831760575,-572.194564936,277.594501633
TAALES,COCA_spoken_tri_AC,no,1516.8469528889007,2310.6736435165394,-11033.063383,81487.7028965
TAALES,COCA_spoken_tri_DP,no,0.006256114063290995,0.00929848069431834,-0.00464469072885,0.526643878666
TAALES,COCA_spoken_tri_MI,no,2.6457393750636315,1.080474790155932,-3.5662870006,12.2089339638
TAALES,COCA_spoken_tri_MI2,no,8.352085938080247,2.1325785150563323,0.0,17.6700303701
TAALES,COCA_spoken_tri_T,no,22.478490036325045,15.218101389537477,-499.459348944,279.234393326
TAALES,COCA_spoken_tri_prop_100k,no,0.15155000668090424,0.08492273520001295,0.0,0.65
TAALES,COCA_spoken_tri_prop_10k,no,0.06854163152576402,0.05194533174791997,0.0,0.52
TAALES,COCA_spoken_tri_prop_20k,no,0.08732534061762597,0.05962843790885464,0.0,0.56
TAALES,COCA_spoken_tri_prop_30k,no,0.10155616539248212,0.0651284880094151,0.0,0.56
TAALES,COCA_spoken_tri_prop_40k,no,0.11235644817953297,0.06993842937516373,0.0,0.56
TAALES,COCA_spoken_tri_prop_50k,no,0.12117189852186876,0.07336719654264322,0.0,0.56
TAALES,COCA_spoken_tri_prop_60k,no,0.12975361845441472,0.07609477586858795,0.0,0.6
TAALES,COCA_spoken_tri_prop_70k,no,0.13645845102682697,0.07895990698194803,0.0,0.625
TAALES,COCA_spoken_tri_prop_80k,no,0.14211461552260865,0.08106176206230019,0.0,0.625
TAALES,COCA_spoken_tri_prop_90k,no,0.14705898231185588,0.0829779600159758,0.0,0.65
TAALES,Core_AFL_Normed,no,0.008272067261304335,0.032742399207708044,0.0,0.96
TAALES,Freq_HAL,no,3178034.683511228,996337.2096328259,0.0,11005815.125
TAALES,Freq_HAL_CW,no,608462.9910978121,313218.5276595922,0.0,3995679.57143
TAALES,Freq_HAL_FW,no,7876112.943866191,2272258.360716921,0.0,23099033.0
TAALES,Freq_N,no,8.737683621521409,0.538984394269442,0.0,11.17625
TAALES,Freq_N_CW,no,7.857669726411946,0.5020827508778224,0.0,10.7584615385
TAALES,Freq_N_FW,no,10.04208474060441,1.081520732114609,0.0,13.12
TAALES,Freq_N_OG,no,9.454595589950312,0.7185618964404945,0.0,12.504
TAALES,Freq_N_OGH,no,9.449804075394978,0.7199649721422089,0.0,12.504
TAALES,Freq_N_OGH_CW,no,8.507781257528539,0.742787439933181,0.0,12.614
TAALES,Freq_N_OGH_FW,no,10.741028732075367,1.2313380090368755,0.0,13.78
TAALES,Freq_N_OG_CW,no,8.490800479254855,0.7441187777585925,0.0,12.614
TAALES,Freq_N_OG_FW,no,10.771241913127096,1.2295721727909372,0.0,13.78
TAALES,Freq_N_P,no,8.007078543135993,0.3227609597317361,0.0,9.38956521739
TAALES,Freq_N_PH,no,8.013869826541974,0.3145836947003401,0.0,9.36130434783
TAALES,Freq_N_PH_CW,no,7.395238404257697,0.3560241194169438,0.0,9.21714285714
TAALES,Freq_N_PH_FW,no,8.960134853249675,0.662553194971405,0.0,10.7466666667
TAALES,Freq_N_P_CW,no,7.382498885706032,0.3636529767681854,0.0,9.21714285714
TAALES,Freq_N_P_FW,no,8.958973763162346,0.6654781091717331,0.0,10.7466666667
TAALES,KF_Freq_AW,no,7296.431415606189,3092.8699271668734,0.0,31900.5151515
TAALES,KF_Freq_AW_Log,no,2.8912584235824696,0.23281945391023406,0.0,4.25546664124
TAALES,KF_Freq_CW,no,947.8709210807012,503.98514259449985,0.0,7111.30769231
TAALES,KF_Freq_CW_Log,no,2.279395286031766,0.23300573904421468,0.0,3.64276120327
TAALES,KF_Freq_FW,no,18297.95960828506,7545.31182202128,0.0,69971.0
TAALES,KF_Freq_FW_Log,no,3.952471049343231,0.3188486579091773,0.0,4.84491808073
TAALES,KF_Ncats_AW,no,13.423177071400568,0.770702472423529,0.0,15.0
TAALES,KF_Ncats_CW,no,12.549084309123351,1.0611349756288355,0.0,15.0
TAALES,KF_Ncats_FW,no,14.915468825591349,0.9611768373787615,0.0,15.0
TAALES,KF_Nsamp_AW,no,262.33899946849215,39.34041739343159,0.0,491.111111111
TAALES,KF_Nsamp_CW,no,160.85420487425222,38.35954489803128,0.0,453.0
TAALES,KF_Nsamp_FW,no,439.21221112742006,41.16633140195496,0.0,500.0
TAALES,Kuperman_AoA_AW,no,4.637055533774672,0.536085398971989,0.0,8.83814814815
TAALES,Kuperman_AoA_CW,no,5.042273616273968,0.7783367844380809,0.0,9.955
TAALES,Kuperman_AoA_FW,no,4.005102228907536,0.41391308316348924,0.0,8.66
TAALES,LD_Mean_Accuracy,no,0.9639118338218865,0.010150906860947512,0.0,1.0
TAALES,LD_Mean_Accuracy_CW,no,0.9703440262192181,0.009584583325779947,0.0,1.0
TAALES,LD_Mean_Accuracy_FW,no,0.9493737880936804,0.06489766725009768,0.0,1.0
TAALES,LD_Mean_RT,no,617.4991841675313,11.445552502562762,0.0,731.55
TAALES,LD_Mean_RT_CW,no,614.78938072358,14.888865831339393,0.0,744.87
TAALES,LD_Mean_RT_FW,no,620.1352017894072,43.69643527630644,0.0,944.5
TAALES,LD_Mean_RT_SD,no,202.68654352428896,12.262639191579062,0.0,297.17875
TAALES,LD_Mean_RT_SD_CW,no,197.76782128089928,14.55745293056727,0.0,304.967142857
TAALES,LD_Mean_RT_SD_FW,no,211.3642051147722,24.87173471389287,0.0,412.08
TAALES,LD_Mean_RT_Zscore,no,-0.5936983760407485,0.03684909326528828,-0.83,0.0
TAALES,LD_Mean_RT_Zscore_CW,no,-0.6009183272310991,0.048429580810903566,-0.83,0.0
TAALES,LD_Mean_RT_Zscore_FW,no,-0.5774900908724464,0.07146428451730394,-0.9,0.58
TAALES,Log_Freq_HAL,no,12.836477507766705,0.5768765557674917,0.0,15.8144444444
TAALES,Log_Freq_HAL_CW,no,11.439552935328074,0.6312487657745884,0.0,14.91
TAALES,Log_Freq_HAL_FW,no,15.364088431792544,1.0581874566643656,0.0,16.96
TAALES,MRC_Concreteness_AW,no,343.54740077464567,35.78888366857766,0.0,622.5
TAALES,MRC_Concreteness_CW,no,388.24630370233547,48.50397029092196,0.0,622.5
TAALES,MRC_Concreteness_FW,no,280.89796868733475,40.23043264377131,0.0,511.0
TAALES,MRC_Familiarity_AW,no,599.6822059495195,7.856106512669381,0.0,626.0
TAALES,MRC_Familiarity_CW,no,588.0629823902188,11.07065643202533,0.0,626.444444444
TAALES,MRC_Familiarity_FW,no,612.9902969597164,39.796579121315034,0.0,632.0
TAALES,MRC_Imageability_AW,no,371.2646643649033,35.097073679240005,0.0,613.375
TAALES,MRC_Imageability_CW,no,425.22523730967373,44.10952902189652,0.0,629.0
TAALES,MRC_Imageability_FW,no,294.3165970924465,39.639265875895376,0.0,474.0
TAALES,MRC_Meaningfulness_AW,no,385.5465456303424,27.861518656401152,0.0,563.0
TAALES,MRC_Meaningfulness_FW,no,336.77859113203766,47.6837142638943,0.0,521.0
TAALES,McD_CD,no,0.8722294397027193,0.19130204540514384,0.0,2.38782352941
TAALES,McD_CD_CW,no,0.7388192603570577,0.1740155044139522,0.0,2.635
TAALES,McD_CD_FW,no,1.0858613823998498,0.4063665266893775,0.0,3.685
TAALES,OG_N,no,4.173796669274512,0.7614280782084258,0.0,12.6666666667
TAALES,OG_N_CW,no,4.097038007198349,1.052336607505919,0.0,12.6666666667
TAALES,OG_N_FW,no,4.321727712559573,1.194716823076329,0.0,15.0
TAALES,OG_N_H,no,9.449804075394978,0.7199649721422089,0.0,12.504
TAALES,OG_N_H_CW,no,8.507781257528539,0.742787439933181,0.0,12.614
TAALES,OG_N_H_FW,no,10.741028732075367,1.2313380090368755,0.0,13.78
TAALES,OLD,no,1.663022666779648,0.12052884820268245,0.0,3.15
TAALES,OLDF,no,8.574212677868408,0.26313106823157195,0.0,9.81846153846
TAALES,OLDF_CW,no,8.101123359410883,0.3116486226994316,0.0,9.64888888889
TAALES,OLDF_FW,no,9.336099221451796,0.6550194821624059,0.0,11.9
TAALES,OLD_CW,no,1.7995747546134333,0.17449082154555332,0.0,3.15
TAALES,OLD_FW,no,1.4267403508873533,0.14269738283566466,0.0,2.8
TAALES,Ortho_N,no,8.543887914350124,1.1434697260002626,0.0,16.8333333333
TAALES,Ortho_N_CW,no,7.9233607069937655,1.5968694947309654,0.0,23.0
TAALES,Ortho_N_FW,no,9.643184417637144,1.6777529683355794,0.0,22.0
TAALES,PLD,no,1.4543890505849384,0.15306349832832752,0.0,2.82142857143
TAALES,PLDF,no,9.002663829599328,0.2855448710688787,0.0,10.192
TAALES,PLDF_CW,no,8.42694994648759,0.34917641023607315,0.0,10.79
TAALES,PLDF_FW,no,9.934906099950657,0.7073437111668568,0.0,12.29
TAALES,PLD_CW,no,1.609400107217575,0.21547621803463873,0.0,3.375
TAALES,PLD_FW,no,1.188372950024535,0.15435778626848365,0.0,2.96666666667
TAALES,Phono_N,no,20.291801557148688,3.2932540143765014,0.0,43.0
TAALES,Phono_N_CW,no,18.94271998441989,3.944670331970697,0.0,43.0
TAALES,Phono_N_FW,no,22.511236591222993,5.63667859752496,0.0,56.0
TAALES,Phono_N_H,no,21.778233101783723,3.590700380204238,0.0,46.0
TAALES,Phono_N_H_CW,no,20.227920190858008,4.186295922676915,0.0,46.0
TAALES,Phono_N_H_FW,no,24.384484332681488,6.283661394645139,0.0,62.0
TAALES,SUBTLEXus_Freq_AW,no,376412.4704304141,112828.25528655078,0.0,916149.823529
TAALES,SUBTLEXus_Freq_AW_Log,no,4.62996187867836,0.2971273173365275,0.0,5.73447777778
TAALES,SUBTLEXus_Freq_CW,no,72716.60565006107,32365.26352280562,0.0,455196.142857
TAALES,SUBTLEXus_Freq_CW_Log,no,3.997943380704951,0.3329545611402545,0.0,5.4243
TAALES,SUBTLEXus_Freq_FW,no,909146.879355343,250514.90058326817,0.0,2134713.0
TAALES,SUBTLEXus_Freq_FW_Log,no,5.727630213357933,0.40829290336220553,0.0,6.3293
TAALES,SUBTLEXus_Range_AW,no,5778.48934759217,824.7279837019669,0.0,8374.44444444
TAALES,SUBTLEXus_Range_AW_Log,no,3.5640406644627682,0.15247228627469334,0.0,3.92297777778
TAALES,SUBTLEXus_Range_CW,no,4392.612724570765,1016.6651275116784,0.0,8362.0
TAALES,SUBTLEXus_Range_CW_Log,no,3.3684751115409544,0.20630541521644308,0.0,3.9224
TAALES,SUBTLEXus_Range_FW,no,8213.48264095248,577.0571506177635,0.0,8388.0
TAALES,SUBTLEXus_Range_FW_Log,no,3.896182071835183,0.2512037426534737,0.0,3.9237
TAALES,Sem_D,no,2.0210592677410033,0.0825474003452569,0.0,2.36444444444
TAALES,Sem_D_CW,no,1.8894743986517897,0.09763923622564649,0.0,2.35
TAALES,Sem_D_FW,no,2.2956818300880233,0.1716389484650473,0.0,2.39
TAALES,Spoken_AFL_Normed,no,0.00833964163880745,0.027410168177392037,0.0,0.848484848485
TAALES,TL_Freq_AW,no,33255.649731592064,11263.238176891806,0.0,114148.09375
TAALES,TL_Freq_AW_Log,no,3.7435370315307157,0.21055322079284283,0.0,4.92716036778
TAALES,TL_Freq_CW,no,5872.03389139091,2547.4210090268234,0.0,25557.0
TAALES,TL_Freq_CW_Log,no,3.231663086970964,0.24316526695493834,0.0,4.40106590347
TAALES,TL_Freq_FW,no,83918.22964153538,27090.02817220956,0.0,236472.0
TAALES,TL_Freq_FW_Log,no,4.672538358498974,0.3633281868155371,0.0,5.3737797245
TAALES,USF,no,23.382087497916892,9.16243584199796,0.0,133.0
TAALES,USF_CW,no,32.98209695339769,10.641444452583661,0.0,191.666666667
TAALES,USF_FW,no,10.20746823714992,4.138892233394666,0.0,120.0
TAALES,WN_Mean_Accuracy,no,0.9921338056634923,0.004928818650576442,0.0,1.0
TAALES,WN_Mean_Accuracy_CW,no,0.9910257775736373,0.005890547720112831,0.0,1.0
TAALES,WN_Mean_Accuracy_FW,no,0.9901550699867532,0.06367362248492231,0.0,1.0
TAALES,WN_Mean_RT,no,599.3047554969422,8.906561380790025,0.0,699.645555556
TAALES,WN_Mean_RT_CW,no,603.3840419988536,12.518456668816214,0.0,724.94
TAALES,WN_Mean_RT_FW,no,589.8863604762238,38.95838963284527,0.0,778.59
TAALES,WN_SD,no,123.27748489368972,8.533722872291083,0.0,218.904444444
TAALES,WN_SD_CW,no,123.1408911792476,11.398224047371402,0.0,240.48
TAALES,WN_SD_FW,no,123.91164522886085,14.858580532104792,0.0,278.28
TAALES,WN_Zscore,no,-0.5737044781482993,0.03833863280198517,-0.760909090909,0.0
TAALES,WN_Zscore_CW,no,-0.5572510345085177,0.05439870773400385,-0.778888888889,0.0
TAALES,WN_Zscore_FW,no,-0.6000081439552392,0.05772716792639818,-0.92,0.25
TAALES,Word Count,yes,60.8615482364762,31.97636798520225,2.0,254.0
TAALES,Written_AFL_Normed,no,0.0008880821899848749,0.0069687382605620254,0.0,0.363636363636
TAALES,aoe_index_above_threshold_40,no,1.3543470546992533,0.814327827691799,0.0,8.0
TAALES,aoe_inflection_point_polynomial,no,3.6570213395770614,0.9049759350524254,0.0,8.9259923732
TAALES,aoe_inverse_average,no,0.2799667628867557,0.07423187000855572,0.0,0.75025
TAALES,aoe_inverse_linear_regression_slope,no,0.9868160077970806,0.13034045921039358,0.0,2.881359786
TAALES,content_poly,no,10.031101123507261,2.3378296365314313,0.0,29.3333333333
TAALES,eat_tokens,no,87.92531518629013,6.537041129145036,0.0,99.0
TAALES,eat_tokens_CW,no,85.68565202038222,6.902819612094582,0.0,99.0
TAALES,eat_tokens_FW,no,90.3341459334111,9.321402358689415,0.0,99.0
TAALES,eat_types,no,37.04848000428286,2.909810346500115,0.0,53.4444444444
TAALES,eat_types_CW,no,39.2303926535497,2.7984316162450202,0.0,57.5
TAALES,eat_types_FW,no,34.10882314467436,4.4578230717677325,0.0,59.0
TAALES,hyper_noun_S1_P1,no,7.837753490590404,0.7975025663886764,0.0,14.2
TAALES,hyper_noun_Sav_P1,no,6.970384795415434,0.5799067347325789,0.0,12.0
TAALES,hyper_noun_Sav_Pav,no,7.168630569800559,0.5703320123854506,0.0,12.0
TAALES,hyper_verb_S1_P1,no,1.7943844355979033,0.6286420904085531,0.0,10.0
TAALES,hyper_verb_Sav_P1,no,1.5278681328973354,0.4066195300721555,0.0,9.0
TAALES,hyper_verb_Sav_Pav,no,1.529730257184188,0.4072252521597254,0.0,9.0
TAALES,hyper_verb_noun_Sav_P1,no,4.796152391701807,0.8513037822657008,0.0,10.0
TAALES,hyper_verb_noun_Sav_Pav,no,4.913083476839795,0.8606948960572786,0.0,9.5
TAALES,hyper_verb_noun_s1_p1,no,5.428038224799165,0.9932498351841536,0.0,12.0
TAALES,lsa_average_all_cosine,no,0.18201704025441842,0.03834332763731765,0.0,0.44728191075
TAALES,lsa_average_top_three_cosine,no,0.20158747419751935,0.04312806749225323,0.0,0.495714285714
TAALES,lsa_max_similarity_cosine,no,0.33259235365951695,0.06119398745238828,0.0,0.7375
TAALES,poly_adj,no,5.332035342117662,4.0359131462152975,0.0,28.0
TAALES,poly_adv,no,2.3007949429560446,2.3256018512877663,0.0,16.0
TAALES,poly_noun,no,4.530737997720121,1.411460212986391,0.0,18.4
TAALES,poly_verb,no,12.932385990530388,4.289587123326081,0.0,49.0
TAALES_COVERAGE,BG_Mean,no,0.8505645102220253,0.08780494562712966,0.0,1.0
TAALES_COVERAGE,BG_Mean_CW,no,0.8823993141282338,0.10002994289809843,0.0,1.0
TAALES_COVERAGE,BG_Mean_FW,no,0.7939412217290873,0.16407331050416074,0.0,1.0
TAALES_COVERAGE,BNC_Spoken_Bigram_Normed_Freq,no,0.4691038055534775,0.13763303902202056,0.0,1.0
TAALES_COVERAGE,BNC_Spoken_Bigram_Normed_Freq_Log,no,0.4691038055534775,0.13763303902202056,0.0,1.0
TAALES_COVERAGE,BNC_Spoken_Freq_AW,no,0.9165654152921089,0.0788962032599709,0.0,1.0
TAALES_COVERAGE,BNC_Spoken_Freq_AW_Log,no,0.9165654152921089,0.0788962032599709,0.0,1.0
TAALES_COVERAGE,BNC_Spoken_Freq_CW,no,0.8817656424522116,0.09804740555110855,0.0,1.0
TAALES_COVERAGE,BNC_Spoken_Freq_CW_Log,no,0.8817656424522116,0.09804740555110855,0.0,1.0
TAALES_COVERAGE,BNC_Spoken_Freq_FW,no,0.9957989907926352,0.06394893365968174,0.0,1.0
TAALES_COVERAGE,BNC_Spoken_Freq_FW_Log,no,0.9957989907926352,0.06394893365968174,0.0,1.0
TAALES_COVERAGE,BNC_Spoken_Range_AW,no,0.9165654152921089,0.0788962032599709,0.0,1.0
TAALES_COVERAGE,BNC_Spoken_Range_CW,no,0.8817656424522116,0.09804740555110855,0.0,1.0
TAALES_COVERAGE,BNC_Spoken_Range_FW,no,0.9957989907926352,0.06394893365968174,0.0,1.0
TAALES_COVERAGE,BNC_Spoken_Trigram_Normed_Freq,no,0.11871666570340596,0.0731929166775047,0.0,0.6
TAALES_COVERAGE,BNC_Spoken_Trigram_Normed_Freq_Log,no,0.11871666570340596,0.0731929166775047,0.0,0.6
TAALES_COVERAGE,BNC_Written_Bigram_Freq_Normed,no,0.4491177374764755,0.13255667055006926,0.0,0.9
TAALES_COVERAGE,BNC_Written_Bigram_Freq_Normed_Log,no,0.4491177374764755,0.13255667055006926,0.0,0.9
TAALES_COVERAGE,BNC_Written_Freq_AW,no,0.9356125989766321,0.07206362623726803,0.0,1.0
TAALES_COVERAGE,BNC_Written_Freq_AW_Log,no,0.9356125989766321,0.07206362623726803,0.0,1.0
TAALES_COVERAGE,BNC_Written_Freq_CW,no,0.9092511398517189,0.08968098309957673,0.0,1.0
TAALES_COVERAGE,BNC_Written_Freq_CW_Log,no,0.9092511398517189,0.08968098309957673,0.0,1.0
TAALES_COVERAGE,BNC_Written_Freq_FW,no,0.9958054296946068,0.06394469582152504,0.0,1.0
TAALES_COVERAGE,BNC_Written_Freq_FW_Log,no,0.9958054296946068,0.06394469582152504,0.0,1.0
TAALES_COVERAGE,BNC_Written_Range_AW,no,0.9356125989766321,0.07206362623726803,0.0,1.0
TAALES_COVERAGE,BNC_Written_Range_CW,no,0.9092511398517189,0.08968098309957673,0.0,1.0
TAALES_COVERAGE,BNC_Written_Range_FW,no,0.9958054296946068,0.06394469582152504,0.0,1.0
TAALES_COVERAGE,BNC_Written_Trigram_Freq_Normed,no,0.10757736756944987,0.06751236719983532,0.0,0.6
TAALES_COVERAGE,BNC_Written_Trigram_Freq_Normed_Log,no,0.10757736756944987,0.06751236719983532,0.0,0.6
TAALES_COVERAGE,Brown_Freq_AW,no,0.8384788665752672,0.09672457968013493,0.0,1.0
TAALES_COVERAGE,Brown_Freq_AW_Log,no,0.8384789727012151,0.09672462141206124,0.0,1.0
TAALES_COVERAGE,Brown_Freq_CW,no,0.7672471050903731,0.11736355337159736,0.0,1.0
TAALES_COVERAGE,Brown_Freq_CW_Log,no,0.7672472814622908,0.11736360737105743,0.0,1.0
TAALES_COVERAGE,Brown_Freq_FW,no,0.9956811270090132,0.06408688657096946,0.0,1.0
TAALES_COVERAGE,Brown_Freq_FW_Log,no,0.9956811270090132,0.06408688657096946,0.0,1.0
TAALES_COVERAGE,COCA_Academic_Bigram_Frequency,no,0.4731998728794846,0.138305956124747,0.0,0.962962962963
TAALES_COVERAGE,COCA_Academic_Bigram_Frequency_Log,no,0.4731998728794846,0.138305956124747,0.0,0.962962962963
TAALES_COVERAGE,COCA_Academic_Bigram_Range,no,0.4731998728794846,0.138305956124747,0.0,0.962962962963
TAALES_COVERAGE,COCA_Academic_Bigram_Range_Log,no,0.4731998728794846,0.138305956124747,0.0,0.962962962963
TAALES_COVERAGE,COCA_Academic_Frequency_AW,no,0.9324179541819826,0.06426958438151516,0.0,1.0
TAALES_COVERAGE,COCA_Academic_Frequency_CW,no,0.9041804920419294,0.08281580550047707,0.0,1.0
TAALES_COVERAGE,COCA_Academic_Frequency_FW,no,0.9958039355328887,0.06394519298379059,0.0,1.0
TAALES_COVERAGE,COCA_Academic_Frequency_Log_AW,no,0.9324179541819826,0.06426958438151516,0.0,1.0
TAALES_COVERAGE,COCA_Academic_Frequency_Log_CW,no,0.9041804920419294,0.08281580550047707,0.0,1.0
TAALES_COVERAGE,COCA_Academic_Frequency_Log_FW,no,0.9958039355328887,0.06394519298379059,0.0,1.0
TAALES_COVERAGE,COCA_Academic_Range_AW,no,0.9324179541819826,0.06426958438151516,0.0,1.0
TAALES_COVERAGE,COCA_Academic_Range_CW,no,0.9041804920419294,0.08281580550047707,0.0,1.0
TAALES_COVERAGE,COCA_Academic_Range_FW,no,0.9958039355328887,0.06394519298379059,0.0,1.0
TAALES_COVERAGE,COCA_Academic_Range_Log_AW,no,0.9324179541819826,0.06426958438151516,0.0,1.0
TAALES_COVERAGE,COCA_Academic_Range_Log_CW,no,0.9041804920419294,0.08281580550047707,0.0,1.0
TAALES_COVERAGE,COCA_Academic_Range_Log_FW,no,0.9958039355328887,0.06394519298379059,0.0,1.0
TAALES_COVERAGE,COCA_Academic_Trigram_Frequency,no,0.11235340482664473,0.0724575223379451,0.0,0.6
TAALES_COVERAGE,COCA_Academic_Trigram_Frequency_Log,no,0.11235340482664473,0.0724575223379451,0.0,0.6
TAALES_COVERAGE,COCA_Academic_Trigram_Range,no,0.11235340482664473,0.0724575223379451,0.0,0.6
TAALES_COVERAGE,COCA_Academic_Trigram_Range_Log,no,0.11235340482664473,0.0724575223379451,0.0,0.6
TAALES_COVERAGE,COCA_Fiction_Bigram_Frequency,no,0.5644841156064325,0.14808525936777897,0.0,1.0
TAALES_COVERAGE,COCA_Fiction_Bigram_Frequency_Log,no,0.5644841156064325,0.14808525936777897,0.0,1.0
TAALES_COVERAGE,COCA_Fiction_Bigram_Range,no,0.5644841156064325,0.14808525936777897,0.0,1.0
TAALES_COVERAGE,COCA_Fiction_Bigram_Range_Log,no,0.5644841156064325,0.14808525936777897,0.0,1.0
TAALES_COVERAGE,COCA_Fiction_Trigram_Frequency,no,0.17862900952822464,0.09378678535804481,0.0,0.714285714286
TAALES_COVERAGE,COCA_Fiction_Trigram_Frequency_Log,no,0.17862900952822464,0.09378678535804481,0.0,0.714285714286
TAALES_COVERAGE,COCA_Fiction_Trigram_Range,no,0.17862900952822464,0.09378678535804481,0.0,0.714285714286
TAALES_COVERAGE,COCA_Fiction_Trigram_Range_Log,no,0.17862900952822464,0.09378678535804481,0.0,0.714285714286
TAALES_COVERAGE,COCA_Magazine_Bigram_Frequency,no,0.5560732420053629,0.14193543589842542,0.0,1.0
TAALES_COVERAGE,COCA_Magazine_Bigram_Frequency_Log,no,0.5560732420053629,0.14193543589842542,0.0,1.0
TAALES_COVERAGE,COCA_Magazine_Bigram_Range,no,0.5560732420053629,0.14193543589842542,0.0,1.0
TAALES_COVERAGE,COCA_Magazine_Bigram_Range_Log,no,0.5560732420053629,0.14193543589842542,0.0,1.0
TAALES_COVERAGE,COCA_Magazine_Trigram_Frequency,no,0.16817563184313686,0.08816817943190583,0.0,0.640449438202
TAALES_COVERAGE,COCA_Magazine_Trigram_Frequency_Log,no,0.16817563184313686,0.08816817943190583,0.0,0.640449438202
TAALES_COVERAGE,COCA_Magazine_Trigram_Range,no,0.16817563184313686,0.08816817943190583,0.0,0.640449438202
TAALES_COVERAGE,COCA_Magazine_Trigram_Range_Log,no,0.16817563184313686,0.08816817943190583,0.0,0.640449438202
TAALES_COVERAGE,COCA_News_Bigram_Frequency,no,0.5455888173737241,0.1420655568916306,0.0,1.0
TAALES_COVERAGE,COCA_News_Bigram_Frequency_Log,no,0.5455888173737241,0.1420655568916306,0.0,1.0
TAALES_COVERAGE,COCA_News_Bigram_Range,no,0.5455888173737241,0.1420655568916306,0.0,1.0
TAALES_COVERAGE,COCA_News_Bigram_Range_Log,no,0.5455888173737241,0.1420655568916306,0.0,1.0
TAALES_COVERAGE,COCA_News_Trigram_Frequency,no,0.16009165711287673,0.0851068875521501,0.0,0.631578947368
TAALES_COVERAGE,COCA_News_Trigram_Frequency_Log,no,0.16009165711287673,0.0851068875521501,0.0,0.631578947368
TAALES_COVERAGE,COCA_News_Trigram_Range,no,0.16009165711287673,0.0851068875521501,0.0,0.631578947368
TAALES_COVERAGE,COCA_News_Trigram_Range_Log,no,0.16009165711287673,0.0851068875521501,0.0,0.631578947368
TAALES_COVERAGE,COCA_academic_bi_AC,no,0.4731998728794846,0.138305956124747,0.0,0.962962962963
TAALES_COVERAGE,COCA_academic_bi_DP,no,0.4731998728794846,0.138305956124747,0.0,0.962962962963
TAALES_COVERAGE,COCA_academic_bi_MI,no,0.4731998728794846,0.138305956124747,0.0,0.962962962963
TAALES_COVERAGE,COCA_academic_bi_MI2,no,0.4731998728794846,0.138305956124747,0.0,0.962962962963
TAALES_COVERAGE,COCA_academic_bi_T,no,0.4731998728794846,0.138305956124747,0.0,0.962962962963
TAALES_COVERAGE,COCA_academic_tri_2_AC,no,0.11166870470882861,0.07223859182754976,0.0,0.6
TAALES_COVERAGE,COCA_academic_tri_2_DP,no,0.11166870470882861,0.07223859182754976,0.0,0.6
TAALES_COVERAGE,COCA_academic_tri_2_MI,no,0.11166870470882861,0.07223859182754976,0.0,0.6
TAALES_COVERAGE,COCA_academic_tri_2_MI2,no,0.11166870470882861,0.07223859182754976,0.0,0.6
TAALES_COVERAGE,COCA_academic_tri_2_T,no,0.11166870470882861,0.07223859182754976,0.0,0.6
TAALES_COVERAGE,COCA_academic_tri_AC,no,0.11156490807886521,0.07188190772315815,0.0,0.6
TAALES_COVERAGE,COCA_academic_tri_DP,no,0.11156490807886521,0.07188190772315815,0.0,0.6
TAALES_COVERAGE,COCA_academic_tri_MI,no,0.11156490807886521,0.07188190772315815,0.0,0.6
TAALES_COVERAGE,COCA_academic_tri_MI2,no,0.11156490807886521,0.07188190772315815,0.0,0.6
TAALES_COVERAGE,COCA_academic_tri_T,no,0.11156490807886521,0.07188190772315815,0.0,0.6
TAALES_COVERAGE,COCA_fiction_Frequency_AW,no,0.9504767199076108,0.05557697331031034,0.0,1.0
TAALES_COVERAGE,COCA_fiction_Frequency_CW,no,0.9300203277632616,0.0712086464290214,0.0,1.0
TAALES_COVERAGE,COCA_fiction_Frequency_FW,no,0.9958047378206434,0.06394438076831147,0.0,1.0
TAALES_COVERAGE,COCA_fiction_Frequency_Log_AW,no,0.9504767199076108,0.05557697331031034,0.0,1.0
TAALES_COVERAGE,COCA_fiction_Frequency_Log_CW,no,0.9300203277632616,0.0712086464290214,0.0,1.0
TAALES_COVERAGE,COCA_fiction_Frequency_Log_FW,no,0.9958047378206434,0.06394438076831147,0.0,1.0
TAALES_COVERAGE,COCA_fiction_Range_AW,no,0.9504767199076108,0.05557697331031034,0.0,1.0
TAALES_COVERAGE,COCA_fiction_Range_CW,no,0.9300203277632616,0.0712086464290214,0.0,1.0
TAALES_COVERAGE,COCA_fiction_Range_FW,no,0.9958047378206434,0.06394438076831147,0.0,1.0
TAALES_COVERAGE,COCA_fiction_Range_Log_AW,no,0.9504767199076108,0.05557697331031034,0.0,1.0
TAALES_COVERAGE,COCA_fiction_Range_Log_CW,no,0.9300203277632616,0.0712086464290214,0.0,1.0
TAALES_COVERAGE,COCA_fiction_Range_Log_FW,no,0.9958047378206434,0.06394438076831147,0.0,1.0
TAALES_COVERAGE,COCA_fiction_bi_AC,no,0.5644841156064325,0.14808525936777897,0.0,1.0
TAALES_COVERAGE,COCA_fiction_bi_DP,no,0.5644841156064325,0.14808525936777897,0.0,1.0
TAALES_COVERAGE,COCA_fiction_bi_MI,no,0.5644841156064325,0.14808525936777897,0.0,1.0
TAALES_COVERAGE,COCA_fiction_bi_MI2,no,0.5644841156064325,0.14808525936777897,0.0,1.0
TAALES_COVERAGE,COCA_fiction_bi_T,no,0.5644841156064325,0.14808525936777897,0.0,1.0
TAALES_COVERAGE,COCA_fiction_tri_2_AC,no,0.17788766881942294,0.09399059895503657,0.0,0.714285714286
TAALES_COVERAGE,COCA_fiction_tri_2_DP,no,0.17788766881942294,0.09399059895503657,0.0,0.714285714286
TAALES_COVERAGE,COCA_fiction_tri_2_MI,no,0.17788766881942294,0.09399059895503657,0.0,0.714285714286
TAALES_COVERAGE,COCA_fiction_tri_2_MI2,no,0.17788766881942294,0.09399059895503657,0.0,0.714285714286
TAALES_COVERAGE,COCA_fiction_tri_2_T,no,0.17788766881942294,0.09399059895503657,0.0,0.714285714286
TAALES_COVERAGE,COCA_fiction_tri_AC,no,0.17856493517623165,0.09375550470674662,0.0,0.714285714286
TAALES_COVERAGE,COCA_fiction_tri_DP,no,0.17856493517623165,0.09375550470674662,0.0,0.714285714286
TAALES_COVERAGE,COCA_fiction_tri_MI,no,0.17856493517623165,0.09375550470674662,0.0,0.714285714286
TAALES_COVERAGE,COCA_fiction_tri_MI2,no,0.17856493517623165,0.09375550470674662,0.0,0.714285714286
TAALES_COVERAGE,COCA_fiction_tri_T,no,0.17856493517623165,0.09375550470674662,0.0,0.714285714286
TAALES_COVERAGE,COCA_magazine_Frequency_AW,no,0.933403850743588,0.06451534836011759,0.0,1.0
TAALES_COVERAGE,COCA_magazine_Frequency_CW,no,0.9056991085164692,0.0830593709735756,0.0,1.0
TAALES_COVERAGE,COCA_magazine_Frequency_FW,no,0.995804800966236,0.06394437225075393,0.0,1.0
TAALES_COVERAGE,COCA_magazine_Frequency_Log_AW,no,0.933403850743588,0.06451534836011759,0.0,1.0
TAALES_COVERAGE,COCA_magazine_Frequency_Log_CW,no,0.9056991085164692,0.0830593709735756,0.0,1.0
TAALES_COVERAGE,COCA_magazine_Frequency_Log_FW,no,0.995804800966236,0.06394437225075393,0.0,1.0
TAALES_COVERAGE,COCA_magazine_Range_AW,no,0.933403850743588,0.06451534836011759,0.0,1.0
TAALES_COVERAGE,COCA_magazine_Range_CW,no,0.9056991085164692,0.0830593709735756,0.0,1.0
TAALES_COVERAGE,COCA_magazine_Range_FW,no,0.995804800966236,0.06394437225075393,0.0,1.0
TAALES_COVERAGE,COCA_magazine_Range_Log_AW,no,0.933403850743588,0.06451534836011759,0.0,1.0
TAALES_COVERAGE,COCA_magazine_Range_Log_CW,no,0.9056991085164692,0.0830593709735756,0.0,1.0
TAALES_COVERAGE,COCA_magazine_Range_Log_FW,no,0.995804800966236,0.06394437225075393,0.0,1.0
TAALES_COVERAGE,COCA_magazine_bi_AC,no,0.5560732420053629,0.14193543589842542,0.0,1.0
TAALES_COVERAGE,COCA_magazine_bi_DP,no,0.5560732420053629,0.14193543589842542,0.0,1.0
TAALES_COVERAGE,COCA_magazine_bi_MI,no,0.5560732420053629,0.14193543589842542,0.0,1.0
TAALES_COVERAGE,COCA_magazine_bi_MI2,no,0.5560732420053629,0.14193543589842542,0.0,1.0
TAALES_COVERAGE,COCA_magazine_bi_T,no,0.5560732420053629,0.14193543589842542,0.0,1.0
TAALES_COVERAGE,COCA_magazine_tri_2_AC,no,0.16786780449414773,0.08812342648257317,0.0,0.640449438202
TAALES_COVERAGE,COCA_magazine_tri_2_DP,no,0.16786780449414773,0.08812342648257317,0.0,0.640449438202
TAALES_COVERAGE,COCA_magazine_tri_2_MI,no,0.16786780449414773,0.08812342648257317,0.0,0.640449438202
TAALES_COVERAGE,COCA_magazine_tri_2_MI2,no,0.16786780449414773,0.08812342648257317,0.0,0.640449438202
TAALES_COVERAGE,COCA_magazine_tri_2_T,no,0.16786780449414773,0.08812342648257317,0.0,0.640449438202
TAALES_COVERAGE,COCA_magazine_tri_AC,no,0.1677626518556541,0.08799070602194739,0.0,0.640449438202
TAALES_COVERAGE,COCA_magazine_tri_DP,no,0.1677626518556541,0.08799070602194739,0.0,0.640449438202
TAALES_COVERAGE,COCA_magazine_tri_MI,no,0.1677626518556541,0.08799070602194739,0.0,0.640449438202
TAALES_COVERAGE,COCA_magazine_tri_MI2,no,0.1677626518556541,0.08799070602194739,0.0,0.640449438202
TAALES_COVERAGE,COCA_magazine_tri_T,no,0.1677626518556541,0.08799070602194739,0.0,0.640449438202
TAALES_COVERAGE,COCA_news_Frequency_AW,no,0.9337141207878619,0.06390444116184857,0.0,1.0
TAALES_COVERAGE,COCA_news_Frequency_CW,no,0.9060870573441805,0.0822824983405273,0.0,1.0
TAALES_COVERAGE,COCA_news_Frequency_FW,no,0.9958038723872961,0.063945201500384,0.0,1.0
TAALES_COVERAGE,COCA_news_Frequency_Log_AW,no,0.9337141207878619,0.06390444116184857,0.0,1.0
TAALES_COVERAGE,COCA_news_Frequency_Log_CW,no,0.9060870573441805,0.0822824983405273,0.0,1.0
TAALES_COVERAGE,COCA_news_Frequency_Log_FW,no,0.9958038723872961,0.063945201500384,0.0,1.0
TAALES_COVERAGE,COCA_news_Range_AW,no,0.9337141207878619,0.06390444116184857,0.0,1.0
TAALES_COVERAGE,COCA_news_Range_CW,no,0.9060870573441805,0.0822824983405273,0.0,1.0
TAALES_COVERAGE,COCA_news_Range_FW,no,0.9958038723872961,0.063945201500384,0.0,1.0
TAALES_COVERAGE,COCA_news_Range_Log_AW,no,0.9337141207878619,0.06390444116184857,0.0,1.0
TAALES_COVERAGE,COCA_news_Range_Log_CW,no,0.9060870573441805,0.0822824983405273,0.0,1.0
TAALES_COVERAGE,COCA_news_Range_Log_FW,no,0.9958038723872961,0.063945201500384,0.0,1.0
TAALES_COVERAGE,COCA_news_bi_AC,no,0.5455888173737241,0.1420655568916306,0.0,1.0
TAALES_COVERAGE,COCA_news_bi_DP,no,0.5455888173737241,0.1420655568916306,0.0,1.0
TAALES_COVERAGE,COCA_news_bi_MI,no,0.5455888173737241,0.1420655568916306,0.0,1.0
TAALES_COVERAGE,COCA_news_bi_MI2,no,0.5455888173737241,0.1420655568916306,0.0,1.0
TAALES_COVERAGE,COCA_news_bi_T,no,0.5455888173737241,0.1420655568916306,0.0,1.0
TAALES_COVERAGE,COCA_news_tri_2_AC,no,0.1597527090889448,0.08503337152957635,0.0,0.631578947368
TAALES_COVERAGE,COCA_news_tri_2_DP,no,0.1597527090889448,0.08503337152957635,0.0,0.631578947368
TAALES_COVERAGE,COCA_news_tri_2_MI,no,0.1597527090889448,0.08503337152957635,0.0,0.631578947368
TAALES_COVERAGE,COCA_news_tri_2_MI2,no,0.1597527090889448,0.08503337152957635,0.0,0.631578947368
TAALES_COVERAGE,COCA_news_tri_2_T,no,0.1597527090889448,0.08503337152957635,0.0,0.631578947368
TAALES_COVERAGE,COCA_news_tri_AC,no,0.1593655609334374,0.08500745025960996,0.0,0.631578947368
TAALES_COVERAGE,COCA_news_tri_DP,no,0.1593655609334374,0.08500745025960996,0.0,0.631578947368
TAALES_COVERAGE,COCA_news_tri_MI,no,0.1593655609334374,0.08500745025960996,0.0,0.631578947368
TAALES_COVERAGE,COCA_news_tri_MI2,no,0.1593655609334374,0.08500745025960996,0.0,0.631578947368
TAALES_COVERAGE,COCA_news_tri_T,no,0.1593655609334374,0.08500745025960996,0.0,0.631578947368
TAALES_COVERAGE,COCA_spoken_Bigram_Frequency,no,0.5597733860924272,0.14587735118403272,0.0,1.0
TAALES_COVERAGE,COCA_spoken_Bigram_Frequency_Log,no,0.5597733860924272,0.14587735118403272,0.0,1.0
TAALES_COVERAGE,COCA_spoken_Bigram_Range,no,0.5597733860924272,0.14587735118403272,0.0,1.0
TAALES_COVERAGE,COCA_spoken_Bigram_Range_Log,no,0.5597733860924272,0.14587735118403272,0.0,1.0
TAALES_COVERAGE,COCA_spoken_Frequency_AW,no,0.9499514125942338,0.05649568092176866,0.0,1.0
TAALES_COVERAGE,COCA_spoken_Frequency_CW,no,0.9293756622124381,0.07238767905289316,0.0,1.0
TAALES_COVERAGE,COCA_spoken_Frequency_FW,no,0.9958045145519813,0.06394444923330493,0.0,1.0
TAALES_COVERAGE,COCA_spoken_Frequency_Log_AW,no,0.9499514125942338,0.05649568092176866,0.0,1.0
TAALES_COVERAGE,COCA_spoken_Frequency_Log_CW,no,0.9293756622124381,0.07238767905289316,0.0,1.0
TAALES_COVERAGE,COCA_spoken_Frequency_Log_FW,no,0.9958045145519813,0.06394444923330493,0.0,1.0
TAALES_COVERAGE,COCA_spoken_Range_AW,no,0.9499514125942338,0.05649568092176866,0.0,1.0
TAALES_COVERAGE,COCA_spoken_Range_CW,no,0.9293756622124381,0.07238767905289316,0.0,1.0
TAALES_COVERAGE,COCA_spoken_Range_FW,no,0.9958045145519813,0.06394444923330493,0.0,1.0
TAALES_COVERAGE,COCA_spoken_Range_Log_AW,no,0.9499514125942338,0.05649568092176866,0.0,1.0
TAALES_COVERAGE,COCA_spoken_Range_Log_CW,no,0.9293756622124381,0.07238767905289316,0.0,1.0
TAALES_COVERAGE,COCA_spoken_Range_Log_FW,no,0.9958045145519813,0.06394444923330493,0.0,1.0
TAALES_COVERAGE,COCA_spoken_Trigram_Frequency,no,0.1675248432867158,0.09070473710667344,0.0,0.7
TAALES_COVERAGE,COCA_spoken_Trigram_Frequency_Log,no,0.1675248432867158,0.09070473710667344,0.0,0.7
TAALES_COVERAGE,COCA_spoken_Trigram_Range,no,0.1675248432867158,0.09070473710667344,0.0,0.7
TAALES_COVERAGE,COCA_spoken_Trigram_Range_Log,no,0.1675248432867158,0.09070473710667344,0.0,0.7
TAALES_COVERAGE,COCA_spoken_bi_AC,no,0.5597733860924272,0.14587735118403272,0.0,1.0
TAALES_COVERAGE,COCA_spoken_bi_DP,no,0.5597733860924272,0.14587735118403272,0.0,1.0
TAALES_COVERAGE,COCA_spoken_bi_MI,no,0.5597733860924272,0.14587735118403272,0.0,1.0
TAALES_COVERAGE,COCA_spoken_bi_MI2,no,0.5597733860924272,0.14587735118403272,0.0,1.0
TAALES_COVERAGE,COCA_spoken_bi_T,no,0.5597733860924272,0.14587735118403272,0.0,1.0
TAALES_COVERAGE,COCA_spoken_tri_2_AC,no,0.1675248432867158,0.09070473710667344,0.0,0.7
TAALES_COVERAGE,COCA_spoken_tri_2_DP,no,0.1675248432867158,0.09070473710667344,0.0,0.7
TAALES_COVERAGE,COCA_spoken_tri_2_MI,no,0.1675248432867158,0.09070473710667344,0.0,0.7
TAALES_COVERAGE,COCA_spoken_tri_2_MI2,no,0.1675248432867158,0.09070473710667344,0.0,0.7
TAALES_COVERAGE,COCA_spoken_tri_2_T,no,0.1675248432867158,0.09070473710667344,0.0,0.7
TAALES_COVERAGE,COCA_spoken_tri_AC,no,0.1675248432867158,0.09070473710667344,0.0,0.7
TAALES_COVERAGE,COCA_spoken_tri_DP,no,0.1675248432867158,0.09070473710667344,0.0,0.7
TAALES_COVERAGE,COCA_spoken_tri_MI,no,0.1675248432867158,0.09070473710667344,0.0,0.7
TAALES_COVERAGE,COCA_spoken_tri_MI2,no,0.1675248432867158,0.09070473710667344,0.0,0.7
TAALES_COVERAGE,COCA_spoken_tri_T,no,0.1675248432867158,0.09070473710667344,0.0,0.7
TAALES_COVERAGE,Freq_HAL,no,0.9172318392652595,0.07985377757553977,0.0,1.0
TAALES_COVERAGE,Freq_HAL_CW,no,0.8828092206708893,0.09978197364358991,0.0,1.0
TAALES_COVERAGE,Freq_HAL_FW,no,0.9958019738342115,0.0639461401098838,0.0,1.0
TAALES_COVERAGE,Freq_N,no,0.8114150134004796,0.08536851984696309,0.0,1.0
TAALES_COVERAGE,Freq_N_CW,no,0.7327306141675152,0.1086677221365214,0.0,1.0
TAALES_COVERAGE,Freq_N_FW,no,0.9772806899552208,0.0729194188700762,0.0,1.0
TAALES_COVERAGE,Freq_N_OG,no,0.722007170448904,0.09702636641031659,0.0,1.0
TAALES_COVERAGE,Freq_N_OGH,no,0.7239260177739378,0.0969186270229978,0.0,1.0
TAALES_COVERAGE,Freq_N_OGH_CW,no,0.63519265059941,0.11498371634624048,0.0,1.0
TAALES_COVERAGE,Freq_N_OGH_FW,no,0.9063190264082494,0.11313526872877898,0.0,1.0
TAALES_COVERAGE,Freq_N_OG_CW,no,0.6324199877866541,0.11496847657578607,0.0,1.0
TAALES_COVERAGE,Freq_N_OG_FW,no,0.9063177016003416,0.11313553171106795,0.0,1.0
TAALES_COVERAGE,Freq_N_P,no,0.8379629889897411,0.0857050402079822,0.0,1.0
TAALES_COVERAGE,Freq_N_PH,no,0.8405732921701845,0.08473159132685908,0.0,1.0
TAALES_COVERAGE,Freq_N_PH_CW,no,0.770156563924382,0.10870364151516405,0.0,1.0
TAALES_COVERAGE,Freq_N_PH_FW,no,0.9885964283418698,0.0680540942878499,0.0,1.0
TAALES_COVERAGE,Freq_N_P_CW,no,0.7662963839086443,0.10997329407223766,0.0,1.0
TAALES_COVERAGE,Freq_N_P_FW,no,0.9885964283418698,0.0680540942878499,0.0,1.0
TAALES_COVERAGE,KF_Freq_AW,no,0.8857620715804871,0.08690745961051702,0.0,1.0
TAALES_COVERAGE,KF_Freq_AW_Log,no,0.8857620715804871,0.08690745961051702,0.0,1.0
TAALES_COVERAGE,KF_Freq_CW,no,0.8367648711209486,0.10767098041116098,0.0,1.0
TAALES_COVERAGE,KF_Freq_CW_Log,no,0.8367648711209486,0.10767098041116098,0.0,1.0
TAALES_COVERAGE,KF_Freq_FW,no,0.995801556960092,0.0639462261426699,0.0,1.0
TAALES_COVERAGE,KF_Freq_FW_Log,no,0.995801556960092,0.0639462261426699,0.0,1.0
TAALES_COVERAGE,KF_Ncats_AW,no,0.8857620715804871,0.08690745961051702,0.0,1.0
TAALES_COVERAGE,KF_Ncats_CW,no,0.8367648711209486,0.10767098041116098,0.0,1.0
TAALES_COVERAGE,KF_Ncats_FW,no,0.995801556960092,0.0639462261426699,0.0,1.0
TAALES_COVERAGE,KF_Nsamp_AW,no,0.8857620715804871,0.08690745961051702,0.0,1.0
TAALES_COVERAGE,KF_Nsamp_CW,no,0.8367648711209486,0.10767098041116098,0.0,1.0
TAALES_COVERAGE,KF_Nsamp_FW,no,0.995801556960092,0.0639462261426699,0.0,1.0
TAALES_COVERAGE,Kuperman_AoA_AW,no,0.838378342313961,0.1057878872189524,0.0,1.0
TAALES_COVERAGE,Kuperman_AoA_CW,no,0.7696785366264043,0.13340187904702308,0.0,1.0
TAALES_COVERAGE,Kuperman_AoA_FW,no,0.9929201308351816,0.06527120288161599,0.0,1.0
TAALES_COVERAGE,LD_Mean_Accuracy,no,0.9112291039091055,0.08169764293223004,0.0,1.0
TAALES_COVERAGE,LD_Mean_Accuracy_CW,no,0.8741043335034369,0.1020522300912103,0.0,1.0
TAALES_COVERAGE,LD_Mean_Accuracy_FW,no,0.9958002321521842,0.06394653754449303,0.0,1.0
TAALES_COVERAGE,LD_Mean_RT,no,0.9103137990430219,0.08243084258021773,0.0,1.0
TAALES_COVERAGE,LD_Mean_RT_CW,no,0.8728311704708112,0.10297688262974093,0.0,1.0
TAALES_COVERAGE,LD_Mean_RT_FW,no,0.9958002321521842,0.06394653754449303,0.0,1.0
TAALES_COVERAGE,LD_Mean_RT_SD,no,0.9103025039995407,0.08244283734398988,0.0,1.0
TAALES_COVERAGE,LD_Mean_RT_SD_CW,no,0.8728155243097968,0.10299372641743519,0.0,1.0
TAALES_COVERAGE,LD_Mean_RT_SD_FW,no,0.9958002321521842,0.06394653754449303,0.0,1.0
TAALES_COVERAGE,LD_Mean_RT_Zscore,no,0.9103137990430219,0.08243084258021773,0.0,1.0
TAALES_COVERAGE,LD_Mean_RT_Zscore_CW,no,0.8728311704708112,0.10297688262974093,0.0,1.0
TAALES_COVERAGE,LD_Mean_RT_Zscore_FW,no,0.9958002321521842,0.06394653754449303,0.0,1.0
TAALES_COVERAGE,Log_Freq_HAL,no,0.9172318392652595,0.07985377757553977,0.0,1.0
TAALES_COVERAGE,Log_Freq_HAL_CW,no,0.8828092206708893,0.09978197364358991,0.0,1.0
TAALES_COVERAGE,Log_Freq_HAL_FW,no,0.9958019738342115,0.0639461401098838,0.0,1.0
TAALES_COVERAGE,MRC_Concreteness_AW,no,0.73894139992483,0.10083373587524129,0.0,1.0
TAALES_COVERAGE,MRC_Concreteness_CW,no,0.6251543694148473,0.12230786939860673,0.0,1.0
TAALES_COVERAGE,MRC_Concreteness_FW,no,0.9814739529771727,0.07305294045105216,0.0,1.0
TAALES_COVERAGE,MRC_Familiarity_AW,no,0.7556073201907862,0.10436048333125995,0.0,1.0
TAALES_COVERAGE,MRC_Familiarity_CW,no,0.6499205837543566,0.12735107760377523,0.0,1.0
TAALES_COVERAGE,MRC_Familiarity_FW,no,0.9834066994733945,0.07167869636011558,0.0,1.0
TAALES_COVERAGE,MRC_Imageability_AW,no,0.7546782215370801,0.10416587812044169,0.0,1.0
TAALES_COVERAGE,MRC_Imageability_CW,no,0.6484587798412171,0.12719173275023896,0.0,1.0
TAALES_COVERAGE,MRC_Imageability_FW,no,0.9834066994733945,0.07167869636011558,0.0,1.0
TAALES_COVERAGE,MRC_Meaningfulness_AW,no,0.7016940785623097,0.10186212573825365,0.0,1.0
TAALES_COVERAGE,MRC_Meaningfulness_FW,no,0.9813301557725704,0.07316125935736323,0.0,1.0
TAALES_COVERAGE,McD_CD,no,0.868362838586911,0.09088999950015933,0.0,1.0
TAALES_COVERAGE,McD_CD_CW,no,0.8111152394579908,0.11340113480533208,0.0,1.0
TAALES_COVERAGE,McD_CD_FW,no,0.9957724419021328,0.06395668427093774,0.0,1.0
TAALES_COVERAGE,OG_N,no,0.9172318392652595,0.07985377757553977,0.0,1.0
TAALES_COVERAGE,OG_N_CW,no,0.8828092206708893,0.09978197364358991,0.0,1.0
TAALES_COVERAGE,OG_N_FW,no,0.9958019738342115,0.0639461401098838,0.0,1.0
TAALES_COVERAGE,OG_N_H,no,0.7239260177739378,0.0969186270229978,0.0,1.0
TAALES_COVERAGE,OG_N_H_CW,no,0.63519265059941,0.11498371634624048,0.0,1.0
TAALES_COVERAGE,OG_N_H_FW,no,0.9063190264082494,0.11313526872877898,0.0,1.0
TAALES_COVERAGE,OLD,no,0.8773336959755801,0.09340691027046148,0.0,1.0
TAALES_COVERAGE,OLDF,no,0.8773336959755801,0.09340691027046148,0.0,1.0
TAALES_COVERAGE,OLDF_CW,no,0.8249479722987859,0.1175827765119106,0.0,1.0
TAALES_COVERAGE,OLDF_FW,no,0.9958002321521842,0.06394653754449303,0.0,1.0
TAALES_COVERAGE,OLD_CW,no,0.8249479722987859,0.1175827765119106,0.0,1.0
TAALES_COVERAGE,OLD_FW,no,0.9958002321521842,0.06394653754449303,0.0,1.0
TAALES_COVERAGE,Ortho_N,no,0.9172318392652595,0.07985377757553977,0.0,1.0
TAALES_COVERAGE,Ortho_N_CW,no,0.8828092206708893,0.09978197364358991,0.0,1.0
TAALES_COVERAGE,Ortho_N_FW,no,0.9958019738342115,0.0639461401098838,0.0,1.0
TAALES_COVERAGE,PLD,no,0.8773336959755801,0.09340691027046148,0.0,1.0
TAALES_COVERAGE,PLDF,no,0.8773336959755801,0.09340691027046148,0.0,1.0
TAALES_COVERAGE,PLDF_CW,no,0.8249479722987859,0.1175827765119106,0.0,1.0
TAALES_COVERAGE,PLDF_FW,no,0.9958002321521842,0.06394653754449303,0.0,1.0
TAALES_COVERAGE,PLD_CW,no,0.8249479722987859,0.1175827765119106,0.0,1.0
TAALES_COVERAGE,PLD_FW,no,0.9958002321521842,0.06394653754449303,0.0,1.0
TAALES_COVERAGE,Phono_N,no,0.9172318392652595,0.07985377757553977,0.0,1.0
TAALES_COVERAGE,Phono_N_CW,no,0.8828092206708893,0.09978197364358991,0.0,1.0
TAALES_COVERAGE,Phono_N_FW,no,0.9958019738342115,0.0639461401098838,0.0,1.0
TAALES_COVERAGE,Phono_N_H,no,0.9172318392652595,0.07985377757553977,0.0,1.0
TAALES_COVERAGE,Phono_N_H_CW,no,0.8828092206708893,0.09978197364358991,0.0,1.0
TAALES_COVERAGE,Phono_N_H_FW,no,0.9958019738342115,0.0639461401098838,0.0,1.0
TAALES_COVERAGE,SUBTLEXus_Freq_AW,no,0.8910284792950915,0.08872004490118605,0.0,1.0
TAALES_COVERAGE,SUBTLEXus_Freq_AW_Log,no,0.8910284792950915,0.08872004490118605,0.0,1.0
TAALES_COVERAGE,SUBTLEXus_Freq_CW,no,0.8450176319909224,0.1120166819697793,0.0,1.0
TAALES_COVERAGE,SUBTLEXus_Freq_CW_Log,no,0.8450176319909224,0.1120166819697793,0.0,1.0
TAALES_COVERAGE,SUBTLEXus_Freq_FW,no,0.9958054928401994,0.06394468730332642,0.0,1.0
TAALES_COVERAGE,SUBTLEXus_Freq_FW_Log,no,0.9958054928401994,0.06394468730332642,0.0,1.0
TAALES_COVERAGE,SUBTLEXus_Range_AW,no,0.8910284792950915,0.08872004490118605,0.0,1.0
TAALES_COVERAGE,SUBTLEXus_Range_AW_Log,no,0.8910284792950915,0.08872004490118605,0.0,1.0
TAALES_COVERAGE,SUBTLEXus_Range_CW,no,0.8450176319909224,0.1120166819697793,0.0,1.0
TAALES_COVERAGE,SUBTLEXus_Range_CW_Log,no,0.8450176319909224,0.1120166819697793,0.0,1.0
TAALES_COVERAGE,SUBTLEXus_Range_FW,no,0.9958054928401994,0.06394468730332642,0.0,1.0
TAALES_COVERAGE,SUBTLEXus_Range_FW_Log,no,0.9958054928401994,0.06394468730332642,0.0,1.0
TAALES_COVERAGE,Sem_D,no,0.8056144706269578,0.10283257221699839,0.0,1.0
TAALES_COVERAGE,Sem_D_CW,no,0.8173616645429553,0.11938401790705207,0.0,1.0
TAALES_COVERAGE,Sem_D_FW,no,0.7939410089544322,0.1640731943897455,0.0,1.0
TAALES_COVERAGE,TL_Freq_AW,no,0.7915253372741919,0.11941279827509996,0.0,1.0
TAALES_COVERAGE,TL_Freq_AW_Log,no,0.7915253820501577,0.11941276395593882,0.0,1.0
TAALES_COVERAGE,TL_Freq_CW,no,0.7661477378413137,0.14016244344868012,0.0,1.0
TAALES_COVERAGE,TL_Freq_CW_Log,no,0.7661477913777945,0.1401623957633327,0.0,1.0
TAALES_COVERAGE,TL_Freq_FW,no,0.8576846687929756,0.15091682513862445,0.0,1.0
TAALES_COVERAGE,TL_Freq_FW_Log,no,0.8576846687929756,0.15091682513862445,0.0,1.0
TAALES_COVERAGE,WN_Mean_Accuracy,no,0.9103138900818745,0.08243072358812312,0.0,1.0
TAALES_COVERAGE,WN_Mean_Accuracy_CW,no,0.8728312810060739,0.1029767839238087,0.0,1.0
TAALES_COVERAGE,WN_Mean_Accuracy_FW,no,0.9958002321521842,0.06394653754449303,0.0,1.0
TAALES_COVERAGE,WN_Mean_RT,no,0.9103138900818745,0.08243072358812312,0.0,1.0
TAALES_COVERAGE,WN_Mean_RT_CW,no,0.8728312810060739,0.1029767839238087,0.0,1.0
TAALES_COVERAGE,WN_Mean_RT_FW,no,0.9958002321521842,0.06394653754449303,0.0,1.0
TAALES_COVERAGE,WN_SD,no,0.9103138649525059,0.08243071024529648,0.0,1.0
TAALES_COVERAGE,WN_SD_CW,no,0.8728312406343016,0.10297676298911496,0.0,1.0
TAALES_COVERAGE,WN_SD_FW,no,0.9958002321521842,0.06394653754449303,0.0,1.0
TAALES_COVERAGE,WN_Zscore,no,0.9103138900818745,0.08243072358812312,0.0,1.0
TAALES_COVERAGE,WN_Zscore_CW,no,0.8728312810060739,0.1029767839238087,0.0,1.0
TAALES_COVERAGE,WN_Zscore_FW,no,0.9958002321521842,0.06394653754449303,0.0,1.0
TAALES_COVERAGE,aoe_index_above_threshold_40,no,0.38209185611718355,0.08529576356466731,0.0,1.0
TAALES_COVERAGE,aoe_inflection_point_polynomial,no,0.38209185611718355,0.08529576356466731,0.0,1.0
TAALES_COVERAGE,aoe_inverse_average,no,0.38209185611718355,0.08529576356466731,0.0,1.0
TAALES_COVERAGE,aoe_inverse_linear_regression_slope,no,0.38209185611718355,0.08529576356466731,0.0,1.0
TAALES_COVERAGE,content_poly,no,0.8662154389218005,0.10012629775627954,0.0,1.0
TAALES_COVERAGE,cw_percentage,no,0.6750675898526565,0.09048830509511639,0.318181818182,1.0
TAALES_COVERAGE,fw_percentage,no,0.32493241014724594,0.0904883050951156,0.0,0.681818181818
TAALES_COVERAGE,hyper_noun_S1_P1,no,0.853050324107071,0.1313438751584473,0.0,1.0
TAALES_COVERAGE,hyper_noun_Sav_P1,no,0.853050324107071,0.1313438751584473,0.0,1.0
TAALES_COVERAGE,hyper_noun_Sav_Pav,no,0.853050324107071,0.1313438751584473,0.0,1.0
TAALES_COVERAGE,hyper_verb_S1_P1,no,0.8629396632398464,0.1751906516357355,0.0,1.0
TAALES_COVERAGE,hyper_verb_Sav_P1,no,0.8629396632398464,0.1751906516357355,0.0,1.0
TAALES_COVERAGE,hyper_verb_Sav_Pav,no,0.8629396632398464,0.1751906516357355,0.0,1.0
TAALES_COVERAGE,lsa_average_all_cosine,no,0.43144907106132313,0.08638745448461084,0.0,1.0
TAALES_COVERAGE,lsa_average_top_three_cosine,no,0.4335432758194294,0.08837614977891417,0.0,1.0
TAALES_COVERAGE,lsa_max_similarity_cosine,no,0.4335432758194294,0.08837614977891417,0.0,1.0
TAALES_COVERAGE,poly_adj,no,0.8257046113304278,0.34077676971701354,0.0,1.0
TAALES_COVERAGE,poly_adv,no,0.6385695990273325,0.44235079193826704,0.0,1.0
TAALES_COVERAGE,poly_noun,no,0.853050324107071,0.1313438751584473,0.0,1.0
TAALES_COVERAGE,poly_verb,no,0.8629396632398464,0.1751906516357355,0.0,1.0
TAASSC,ability_willingness_adj,no,0.0,0.0,0.0,0.0
TAASSC,activity_verb,no,363.2510274690347,300.83392503134985,0.0,3000.0
TAASSC,adverbial_subordinator_causitive,no,26.322115477793435,80.40774593025647,0.0,1250.0
TAASSC,adverbial_subordinator_conditional,no,14.075896147278424,49.668181287330675,0.0,937.5
TAASSC,adverbial_subordinator_other,no,14.832432791933039,50.2056379055928,0.0,1153.8461538461538
TAASSC,agentless_passive,no,29.590058205119597,84.91770362157979,0.0,1964.2857142857142
TAASSC,all_clauses,no,1207.8393223141568,494.49078009881345,0.0,8429.752066115701
TAASSC,all_phrasal_verbs,no,7.41958391046958,36.02571148023894,0.0,888.8888888888889
TAASSC,amod_dep,no,337.70294574809594,402.34657176438543,0.0,5094.33962264151
TAASSC,amod_nominal,no,31.704866266272425,53.01992135470402,0.0,1470.5882352941178
TAASSC,amplifiers_adverb,no,47.399135613496746,108.06603204684396,0.0,2608.695652173913
TAASSC,aspectual_verb,no,18.372506200122316,64.13053878122076,0.0,1923.076923076923
TAASSC,attitudinal_adj,no,0.0,0.0,0.0,0.0
TAASSC,attitudinal_adverb,no,1.0638514898661269,12.409454664598892,0.0,476.19047619047615
TAASSC,be_mv,no,476.55283577617087,396.6499512251508,0.0,3448.2758620689656
TAASSC,by_passive,no,1.2024837914507431,12.580646100568645,0.0,810.8108108108108
TAASSC,causation_verb,no,20.09434526809807,62.93060180056674,0.0,1964.2857142857142
TAASSC,cc_clause,no,44.18376181134863,95.05459839826122,0.0,1794.871794871795
TAASSC,cc_dep,no,139.6166746141665,211.39104033526294,0.0,3913.04347826087
TAASSC,cc_nominal,no,12.98572239887155,24.37692198145901,0.0,588.2352941176471
TAASSC,cc_phrase,no,275.92840479224463,267.93773164992956,0.0,3913.04347826087
TAASSC,ccomp_c,no,21.52069344887743,46.78774497872792,0.0,588.2352941176471
TAASSC,certainty_adj,no,0.0,0.0,0.0,0.0
TAASSC,color_attributive_adj,no,0.6198462953805454,12.216935632531374,0.0,1153.8461538461538
TAASSC,communication_verb,no,73.44019708441996,128.77035431672275,0.0,1956.521739130435
TAASSC,complementizer_that0,no,19.19755611649925,62.93429122104353,0.0,1224.4897959183672
TAASSC,conjuncts_adverb,no,3.737608181998028,23.283910262295418,0.0,857.1428571428571
TAASSC,contraction,no,235.05875088271608,300.2142468635254,0.0,2592.5925925925926
TAASSC,copular_phrasal_verb,no,0.05631235514785479,2.2342715944676868,0.0,263.1578947368421
TAASSC,dc_c,no,37.6797078700341,59.50047743592805,0.0,625.0
TAASSC,det_dep,no,621.9975511327465,482.4014392320463,0.0,3888.888888888889
TAASSC,det_nominal,no,54.10066085067922,51.53879566703177,0.0,769.2307692307693
TAASSC,discourse_particle,no,4.1180944280923235,27.358920629413735,0.0,740.7407407407406
TAASSC,downtoners_adverb,no,9.948771207974119,43.818323983570494,0.0,2264.1509433962265
TAASSC,ease_difficulty_adj,no,0.0,0.0,0.0,0.0
TAASSC,emphatics,no,29.876061902830465,77.87891615645277,0.0,2083.3333333333335
TAASSC,evaluative_adj,no,0.0,0.0,0.0,0.0
TAASSC,evaluative_attributive_adj,no,0.26238603367505553,6.305745183126229,0.0,500.0
TAASSC,existence_verb,no,63.25743076616474,117.46156918194195,0.0,1428.5714285714284
TAASSC,factive_adverb,no,24.667812818231493,80.11191431315595,0.0,1818.1818181818182
TAASSC,finite_clause,no,744.8700804671992,403.75821881803944,0.0,3333.333333333333
TAASSC,finite_compl_clause,no,100.70555569961078,162.68068821897768,0.0,2068.965517241379
TAASSC,finite_dep_clause,no,181.18329764599457,217.05200038101606,0.0,2962.9629629629626
TAASSC,finite_ind_clause,no,563.6867828212239,356.23108204878287,0.0,3333.333333333333
TAASSC,finite_relative_clause,no,25.214621606439987,68.54172124916307,0.0,1590.909090909091
TAASSC,hedges_adverb,no,3.8911603388470968,25.968583242566762,0.0,909.0909090909091
TAASSC,infinitive_prop,no,19.709996372213006,49.58627711268257,0.0,625.0
TAASSC,intransitive_activity_phrasal_verb,no,5.305367473066942,31.737901268502107,0.0,888.8888888888889
TAASSC,intransitive_aspectual_phrasal_verb,no,0.1440373241698216,4.609583778009353,0.0,434.7826086956522
TAASSC,intransitive_occurence_phrasal_verb,no,0.0809550832960977,3.095732491942642,0.0,357.1428571428571
TAASSC,jj_attributive,no,370.4874681583878,420.61814634331085,0.0,5849.056603773584
TAASSC,jj_predicative,no,203.5482803210764,249.97340480322467,0.0,2333.3333333333335
TAASSC,likelihood_adj,no,0.0,0.0,0.0,0.0
TAASSC,likelihood_adverb,no,0.5730213680900762,8.658499328432121,0.0,540.5405405405405
TAASSC,mattr,yes,155.79213273592725,89.7872475904629,3.519854012037038,1250.0
TAASSC,mean_nominal_deps,yes,272.08806530952273,195.30070368782182,0.0,3529.4117647058824
TAASSC,mean_verbal_deps,yes,1049.9210399864385,820.2019117218988,0.0,11153.846153846154
TAASSC,mental_verb,no,268.3194137203813,280.1481392721966,0.0,3043.4782608695655
TAASSC,mlc,yes,2911.6988588854942,2760.5818527274887,0.0,10000.0
TAASSC,mltu,no,3508.0508621378194,3029.1335023199385,0.0,10000.0
TAASSC,modal_necessity,no,0.0,0.0,0.0,0.0
TAASSC,modal_possibility,no,0.0,0.0,0.0,0.0
TAASSC,modal_predictive,no,0.0,0.0,0.0,0.0
TAASSC,nn_abstract,no,269.9075466932853,302.9287077124342,0.0,3333.333333333333
TAASSC,nn_all,no,2914.731484377821,1001.1008695154154,0.0,10000.0
TAASSC,nn_animate,no,259.7243468753027,341.61293577139986,0.0,3414.6341463414637
TAASSC,nn_cognitive,no,11.852231340814205,49.52596087455967,0.0,1052.6315789473683
TAASSC,nn_concrete,no,270.701847505976,392.2309746016223,0.0,6000.0
TAASSC,nn_group,no,65.05225724950456,146.3161984386284,0.0,2608.695652173913
TAASSC,nn_place,no,104.33375956361708,215.00806502818887,0.0,3478.2608695652175
TAASSC,nn_quantity,no,123.62119894500539,208.88106712335352,0.0,3809.523809523809
TAASSC,nn_technical,no,15.751063761911206,61.48530155106001,0.0,1875.0
TAASSC,nominalization,no,104.7634887428866,192.50351572374632,0.0,5238.0952380952385
TAASSC,non_past_tense,no,917.6182561439499,472.2543400229786,0.0,8374.65564738292
TAASSC,nonfactive_adverb,no,0.41635211825274737,7.642117373985104,0.0,425.531914893617
TAASSC,nonfinite_clause,no,462.969241847012,365.98568484167384,0.0,8209.366391184572
TAASSC,nonfinite_prop,no,77.27772001121087,87.80771730742973,0.0,1250.0
TAASSC,np,no,2140.249714350566,804.047811495443,0.0,9600.0
TAASSC,np_deps,no,2850.3203932115434,1662.7910319004718,0.0,19722.222222222223
TAASSC,nwords,yes,62.4166826740744,32.188334686138404,8.0,363.0
TAASSC,occurrence_verb,no,9.359163109192599,41.554385226715226,0.0,1000.0
TAASSC,past_participial_clause,no,5.574227090105552,32.146394685098116,0.0,952.3809523809523
TAASSC,past_tense,no,82.2078217678708,217.93483062702978,0.0,2537.313432835821
TAASSC,perfect_aspect,no,11.24951531175183,46.21020963209918,0.0,1200.0
TAASSC,personal_affect_adj,no,0.0,0.0,0.0,0.0
TAASSC,place_adverbials,no,13.9580045300578,55.609983176477485,0.0,1333.3333333333333
TAASSC,poss_dep,no,330.13442889412556,333.86991702882733,0.0,3181.818181818182
TAASSC,poss_nominal,no,38.87898097539931,52.46430262278151,0.0,625.0
TAASSC,pp1,no,909.1234183232602,666.3963318121017,0.0,4117.647058823529
TAASSC,pp2,no,204.93869175558956,304.3571401168596,0.0,2758.6206896551726
TAASSC,pp3,no,113.52177894215473,269.6714470067357,0.0,3333.333333333333
TAASSC,pp3_it,no,77.0762139586135,150.85882673927014,0.0,2500.0
TAASSC,pp_all,no,1304.6601029796252,640.7500063624329,0.0,4117.647058823529
TAASSC,pp_demonstrative,no,24.37902288917731,76.17698931127126,0.0,2857.142857142857
TAASSC,pp_indefinite,no,12.663446870368194,47.786656470444,0.0,1290.3225806451612
TAASSC,prep_dep,no,179.28366840829148,222.81360160639895,0.0,2758.6206896551726
TAASSC,prep_nominal,no,14.619139071792748,23.691366308570082,0.0,538.4615384615385
TAASSC,prep_phrase,no,752.7419529109994,436.4291026220354,0.0,4848.484848484849
TAASSC,pv_do,no,5.955250799261382,37.11112913776456,0.0,967.741935483871
TAASSC,relational_attributive_adj,no,0.8846345422066223,11.506116428102112,0.0,476.19047619047615
TAASSC,relcl_c,no,5.123017412574179,21.954845586209792,0.0,625.0
TAASSC,relcl_dep,no,31.701895498948677,79.76468137266421,0.0,1777.7777777777778
TAASSC,relcl_nominal,no,2.498819424295753,9.319367709203604,0.0,434.7826086956522
TAASSC,size_attributive_adj,no,3.1505726440781627,27.42119891203647,0.0,1000.0
TAASSC,split_aux,no,5.971238882041301,30.826338729423185,0.0,800.0
TAASSC,that_adjective_clause,no,1.7856648939207767,15.503539080001111,0.0,487.8048780487805
TAASSC,that_adjective_clause_attitudinal,no,0.10529052069213306,3.6213276411715225,0.0,333.3333333333333
TAASSC,that_adjective_clause_likelihood,no,0.0020636277675262884,0.5295529220934365,0.0,175.43859649122805
TAASSC,that_complement_clause,no,14.239335010056383,50.61963221621064,0.0,869.5652173913044
TAASSC,that_noun_clause,no,0.8865796886650169,10.897000197889952,0.0,540.5405405405405
TAASSC,that_noun_clause_attitudinal,no,0.019581614039180725,1.8848523727115183,0.0,400.0
TAASSC,that_noun_clause_factive,no,0.11160565047998951,3.307325868374665,0.0,312.5
TAASSC,that_noun_clause_likelihood,no,0.06540002555007236,2.6530185694246353,0.0,303.03030303030306
TAASSC,that_noun_clause_nonfactive,no,0.015764870826049528,1.3847262224196668,0.0,238.09523809523807
TAASSC,that_relative_clause,no,6.254624517661309,31.38783336102956,0.0,1458.3333333333335
TAASSC,that_verb_clause,no,8.918134688038442,39.21464764663449,0.0,789.4736842105262
TAASSC,that_verb_clause_attitudinal,no,1.498793946575842,16.055189205242172,0.0,750.0
TAASSC,that_verb_clause_factive,no,2.6022116707718923,19.461812357447275,0.0,571.4285714285714
TAASSC,that_verb_clause_likelihood,no,2.4920489519136213,19.862993800498373,0.0,789.4736842105262
TAASSC,that_verb_clause_nonfactive,no,1.5121582408707988,14.234211863670069,0.0,566.0377358490566
TAASSC,time_adverbials,no,42.6123761492478,101.89330205992373,0.0,2105.2631578947367
TAASSC,time_attributive_adj,no,33.5775581869001,97.68943303645526,0.0,1200.0
TAASSC,to_clause,no,119.32276960152839,175.70344110660514,0.0,1904.7619047619046
TAASSC,to_clause_adjective,no,20.167711659887814,73.26928691326373,0.0,1250.0
TAASSC,to_clause_adjective_ability_willingness,no,0.5994751699669906,9.525613008506205,0.0,500.0
TAASSC,to_clause_adjective_certainty,no,0.060963753799796315,2.748354398735209,0.0,465.1162790697674
TAASSC,to_clause_adjective_ease_difficulty,no,0.9384432249240503,11.517342370310162,0.0,540.5405405405405
TAASSC,to_clause_adjective_evaluative,no,13.664733179366303,65.54325596843834,0.0,909.0909090909091
TAASSC,to_clause_adjective_personal_affect,no,2.3472760941744655,21.432552477669343,0.0,967.741935483871
TAASSC,to_clause_noun,no,18.56223327052908,57.54788954252541,0.0,972.2222222222223
TAASSC,to_clause_verb,no,59.72644795095203,119.87887013413439,0.0,1521.7391304347827
TAASSC,to_clause_verb_cognition,no,1.3379575956081609,15.429415593954786,0.0,1428.5714285714284
TAASSC,to_clause_verb_desire,no,30.85918300505633,86.16497716083283,0.0,1521.7391304347827
TAASSC,to_clause_verb_probability,no,0.09500258836635915,3.189535197690018,0.0,333.3333333333333
TAASSC,to_clause_verb_to_causative,no,3.741837471499572,23.883694745953306,0.0,689.6551724137931
TAASSC,to_clause_verb_to_speech_act,no,0.2915924011813832,6.269547613478084,0.0,476.19047619047615
TAASSC,topical__attributive_adj,no,0.12335697477834386,4.305436568832813,0.0,454.54545454545456
TAASSC,transitive_activity_phrasal_verb,no,0.774223586750017,10.264672457688807,0.0,476.19047619047615
TAASSC,transitive_communication_phrasal_verb,no,0.010075161022967294,1.0840120886887528,0.0,370.3703703703703
TAASSC,transitive_mental_phrasal_verb,no,0.27705758246866663,5.940580675138693,0.0,422.53521126760563
TAASSC,verb,no,1207.9288809172424,494.5234897072313,0.0,8429.752066115701
TAASSC,vp_deps,no,4242.578221287931,1811.7835208334254,0.0,26956.521739130436
TAASSC,wh_clause,no,3.6802174486662023,24.110141636271546,0.0,714.2857142857142
TAASSC,wh_question,no,17.53464094386094,87.38287267424127,0.0,2272.7272727272725
TAASSC,wh_relative_clause,no,6.362141440066947,31.522192765757573,0.0,1346.1538461538462
TAASSC,wh_relative_obj_clause,no,0.5977393764112287,9.448264313012809,0.0,500.0
TAASSC,wh_relative_prep_clause,no,0.25405862548656777,5.4505407691739824,0.0,454.54545454545456
TAASSC,wh_relative_subj_clause,no,5.510343438169174,29.211975183043656,0.0,1346.1538461538462
TAASSC,wrd_length,no,4.005515363431719,0.4717055908696555,1.6198347107438016,17.25
