column,group,source,original_feature,measure_type
complexity__LCA__wordtypes,complexity,LCA,wordtypes,complexity_measure
complexity__LCA__swordtypes,complexity,LCA,swordtypes,complexity_measure
complexity__LCA__lextypes,complexity,LCA,lextypes,complexity_measure
complexity__LCA__slextypes,complexity,LCA,slextypes,complexity_measure
complexity__LCA__wordtokens,complexity,LCA,wordtokens,complexity_measure
complexity__LCA__swordtokens,complexity,LCA,swordtokens,complexity_measure
complexity__LCA__lextokens,complexity,LCA,lextokens,complexity_measure
complexity__LCA__slextokens,complexity,LCA,slextokens,complexity_measure
complexity__LCA__ld,complexity,LCA,ld,complexity_measure
complexity__LCA__ls1,complexity,LCA,ls1,complexity_measure
complexity__LCA__ls2,complexity,LCA,ls2,complexity_measure
complexity__LCA__vs1,complexity,LCA,vs1,complexity_measure
complexity__LCA__vs2,complexity,LCA,vs2,complexity_measure
complexity__LCA__cvs1,complexity,LCA,cvs1,complexity_measure
complexity__LCA__ndw,complexity,LCA,ndw,complexity_measure
complexity__LCA__ndwz,complexity,LCA,ndwz,complexity_measure
complexity__LCA__ndwerz,complexity,LCA,ndwerz,complexity_measure
complexity__LCA__ndwesz,complexity,LCA,ndwesz,complexity_measure
complexity__LCA__ttr,complexity,LCA,ttr,complexity_measure
complexity__LCA__msttr,complexity,LCA,msttr,complexity_measure
complexity__LCA__cttr,complexity,LCA,cttr,complexity_measure
complexity__LCA__rttr,complexity,LCA,rttr,complexity_measure
complexity__LCA__logttr,complexity,LCA,logttr,complexity_measure
complexity__LCA__uber,complexity,LCA,uber,complexity_measure
complexity__LCA__lv,complexity,LCA,lv,complexity_measure
complexity__LCA__vv1,complexity,LCA,vv1,complexity_measure
complexity__LCA__svv1,complexity,LCA,svv1,complexity_measure
complexity__LCA__cvv1,complexity,LCA,cvv1,complexity_measure
complexity__LCA__vv2,complexity,LCA,vv2,complexity_measure
complexity__LCA__nv,complexity,LCA,nv,complexity_measure
complexity__LCA__adjv,complexity,LCA,adjv,complexity_measure
complexity__LCA__advv,complexity,LCA,advv,complexity_measure
complexity__LCA__modv,complexity,LCA,modv,complexity_measure
complexity__L2SCA__W,complexity,L2SCA,W,complexity_measure
complexity__L2SCA__S,complexity,L2SCA,S,complexity_measure
complexity__L2SCA__VP,complexity,L2SCA,VP,complexity_measure
complexity__L2SCA__C,complexity,L2SCA,C,complexity_measure
complexity__L2SCA__T,complexity,L2SCA,T,complexity_measure
complexity__L2SCA__DC,complexity,L2SCA,DC,complexity_measure
complexity__L2SCA__CT,complexity,L2SCA,CT,complexity_measure
complexity__L2SCA__CP,complexity,L2SCA,CP,complexity_measure
complexity__L2SCA__CN,complexity,L2SCA,CN,complexity_measure
complexity__L2SCA__MLS,complexity,L2SCA,MLS,complexity_measure
complexity__L2SCA__MLT,complexity,L2SCA,MLT,complexity_measure
complexity__L2SCA__MLC,complexity,L2SCA,MLC,complexity_measure
complexity__L2SCA__C/S,complexity,L2SCA,C/S,complexity_measure
complexity__L2SCA__VP/T,complexity,L2SCA,VP/T,complexity_measure
complexity__L2SCA__C/T,complexity,L2SCA,C/T,complexity_measure
complexity__L2SCA__DC/C,complexity,L2SCA,DC/C,complexity_measure
complexity__L2SCA__DC/T,complexity,L2SCA,DC/T,complexity_measure
complexity__L2SCA__T/S,complexity,L2SCA,T/S,complexity_measure
complexity__L2SCA__CT/T,complexity,L2SCA,CT/T,complexity_measure
complexity__L2SCA__CP/T,complexity,L2SCA,CP/T,complexity_measure
complexity__L2SCA__CP/C,complexity,L2SCA,CP/C,complexity_measure
complexity__L2SCA__CN/T,complexity,L2SCA,CN/T,complexity_measure
complexity__L2SCA__CN/C,complexity,L2SCA,CN/C,complexity_measure
complexity__TAASSC__wrd_length,complexity,TAASSC,wrd_length,complexity_measure
complexity__TAASSC__nwords,complexity,TAASSC,nwords,complexity_measure
complexity__TAASSC__mattr,complexity,TAASSC,mattr,complexity_measure
complexity__TAASSC__pp1,complexity,TAASSC,pp1,complexity_measure
complexity__TAASSC__pp2,complexity,TAASSC,pp2,complexity_measure
complexity__TAASSC__pp3,complexity,TAASSC,pp3,complexity_measure
complexity__TAASSC__pp3_it,complexity,TAASSC,pp3_it,complexity_measure
complexity__TAASSC__pp_all,complexity,TAASSC,pp_all,complexity_measure
complexity__TAASSC__pp_indefinite,complexity,TAASSC,pp_indefinite,complexity_measure
complexity__TAASSC__pp_demonstrative,complexity,TAASSC,pp_demonstrative,complexity_measure
complexity__TAASSC__nn_all,complexity,TAASSC,nn_all,complexity_measure
complexity__TAASSC__nominalization,complexity,TAASSC,nominalization,complexity_measure
complexity__TAASSC__nn_animate,complexity,TAASSC,nn_animate,complexity_measure
complexity__TAASSC__nn_cognitive,complexity,TAASSC,nn_cognitive,complexity_measure
complexity__TAASSC__nn_concrete,complexity,TAASSC,nn_concrete,complexity_measure
complexity__TAASSC__nn_technical,complexity,TAASSC,nn_technical,complexity_measure
complexity__TAASSC__nn_quantity,complexity,TAASSC,nn_quantity,complexity_measure
complexity__TAASSC__nn_place,complexity,TAASSC,nn_place,complexity_measure
complexity__TAASSC__nn_group,complexity,TAASSC,nn_group,complexity_measure
complexity__TAASSC__nn_abstract,complexity,TAASSC,nn_abstract,complexity_measure
complexity__TAASSC__prep_phrase,complexity,TAASSC,prep_phrase,complexity_measure
complexity__TAASSC__verb,complexity,TAASSC,verb,complexity_measure
complexity__TAASSC__modal_possibility,complexity,TAASSC,modal_possibility,complexity_measure
complexity__TAASSC__modal_necessity,complexity,TAASSC,modal_necessity,complexity_measure
complexity__TAASSC__modal_predictive,complexity,TAASSC,modal_predictive,complexity_measure
complexity__TAASSC__activity_verb,complexity,TAASSC,activity_verb,complexity_measure
complexity__TAASSC__communication_verb,complexity,TAASSC,communication_verb,complexity_measure
complexity__TAASSC__mental_verb,complexity,TAASSC,mental_verb,complexity_measure
complexity__TAASSC__causation_verb,complexity,TAASSC,causation_verb,complexity_measure
complexity__TAASSC__occurrence_verb,complexity,TAASSC,occurrence_verb,complexity_measure
complexity__TAASSC__existence_verb,complexity,TAASSC,existence_verb,complexity_measure
complexity__TAASSC__aspectual_verb,complexity,TAASSC,aspectual_verb,complexity_measure
complexity__TAASSC__all_phrasal_verbs,complexity,TAASSC,all_phrasal_verbs,complexity_measure
complexity__TAASSC__intransitive_activity_phrasal_verb,complexity,TAASSC,intransitive_activity_phrasal_verb,complexity_measure
complexity__TAASSC__intransitive_occurence_phrasal_verb,complexity,TAASSC,intransitive_occurence_phrasal_verb,complexity_measure
complexity__TAASSC__copular_phrasal_verb,complexity,TAASSC,copular_phrasal_verb,complexity_measure
complexity__TAASSC__intransitive_aspectual_phrasal_verb,complexity,TAASSC,intransitive_aspectual_phrasal_verb,complexity_measure
complexity__TAASSC__transitive_activity_phrasal_verb,complexity,TAASSC,transitive_activity_phrasal_verb,complexity_measure
complexity__TAASSC__transitive_mental_phrasal_verb,complexity,TAASSC,transitive_mental_phrasal_verb,complexity_measure
complexity__TAASSC__transitive_communication_phrasal_verb,complexity,TAASSC,transitive_communication_phrasal_verb,complexity_measure
complexity__TAASSC__pv_do,complexity,TAASSC,pv_do,complexity_measure
complexity__TAASSC__split_aux,complexity,TAASSC,split_aux,complexity_measure
complexity__TAASSC__be_mv,complexity,TAASSC,be_mv,complexity_measure
complexity__TAASSC__past_tense,complexity,TAASSC,past_tense,complexity_measure
complexity__TAASSC__non_past_tense,complexity,TAASSC,non_past_tense,complexity_measure
complexity__TAASSC__perfect_aspect,complexity,TAASSC,perfect_aspect,complexity_measure
complexity__TAASSC__jj_attributive,complexity,TAASSC,jj_attributive,complexity_measure
complexity__TAASSC__jj_predicative,complexity,TAASSC,jj_predicative,complexity_measure
complexity__TAASSC__size_attributive_adj,complexity,TAASSC,size_attributive_adj,complexity_measure
complexity__TAASSC__time_attributive_adj,complexity,TAASSC,time_attributive_adj,complexity_measure
complexity__TAASSC__color_attributive_adj,complexity,TAASSC,color_attributive_adj,complexity_measure
complexity__TAASSC__evaluative_attributive_adj,complexity,TAASSC,evaluative_attributive_adj,complexity_measure
complexity__TAASSC__relational_attributive_adj,complexity,TAASSC,relational_attributive_adj,complexity_measure
complexity__TAASSC__topical__attributive_adj,complexity,TAASSC,topical__attributive_adj,complexity_measure
complexity__TAASSC__attitudinal_adj,complexity,TAASSC,attitudinal_adj,complexity_measure
complexity__TAASSC__likelihood_adj,complexity,TAASSC,likelihood_adj,complexity_measure
complexity__TAASSC__certainty_adj,complexity,TAASSC,certainty_adj,complexity_measure
complexity__TAASSC__ability_willingness_adj,complexity,TAASSC,ability_willingness_adj,complexity_measure
complexity__TAASSC__personal_affect_adj,complexity,TAASSC,personal_affect_adj,complexity_measure
complexity__TAASSC__ease_difficulty_adj,complexity,TAASSC,ease_difficulty_adj,complexity_measure
complexity__TAASSC__evaluative_adj,complexity,TAASSC,evaluative_adj,complexity_measure
complexity__TAASSC__attitudinal_adverb,complexity,TAASSC,attitudinal_adverb,complexity_measure
complexity__TAASSC__factive_adverb,complexity,TAASSC,factive_adverb,complexity_measure
complexity__TAASSC__likelihood_adverb,complexity,TAASSC,likelihood_adverb,complexity_measure
complexity__TAASSC__nonfactive_adverb,complexity,TAASSC,nonfactive_adverb,complexity_measure
complexity__TAASSC__discourse_particle,complexity,TAASSC,discourse_particle,complexity_measure
complexity__TAASSC__place_adverbials,complexity,TAASSC,place_adverbials,complexity_measure
complexity__TAASSC__time_adverbials,complexity,TAASSC,time_adverbials,complexity_measure
complexity__TAASSC__conjuncts_adverb,complexity,TAASSC,conjuncts_adverb,complexity_measure
complexity__TAASSC__downtoners_adverb,complexity,TAASSC,downtoners_adverb,complexity_measure
complexity__TAASSC__hedges_adverb,complexity,TAASSC,hedges_adverb,complexity_measure
complexity__TAASSC__amplifiers_adverb,complexity,TAASSC,amplifiers_adverb,complexity_measure
complexity__TAASSC__emphatics,complexity,TAASSC,emphatics,complexity_measure
complexity__TAASSC__wh_question,complexity,TAASSC,wh_question,complexity_measure
complexity__TAASSC__wh_clause,complexity,TAASSC,wh_clause,complexity_measure
complexity__TAASSC__wh_relative_clause,complexity,TAASSC,wh_relative_clause,complexity_measure
complexity__TAASSC__wh_relative_subj_clause,complexity,TAASSC,wh_relative_subj_clause,complexity_measure
complexity__TAASSC__wh_relative_obj_clause,complexity,TAASSC,wh_relative_obj_clause,complexity_measure
complexity__TAASSC__wh_relative_prep_clause,complexity,TAASSC,wh_relative_prep_clause,complexity_measure
complexity__TAASSC__that_relative_clause,complexity,TAASSC,that_relative_clause,complexity_measure
complexity__TAASSC__that_complement_clause,complexity,TAASSC,that_complement_clause,complexity_measure
complexity__TAASSC__that_verb_clause,complexity,TAASSC,that_verb_clause,complexity_measure
complexity__TAASSC__that_verb_clause_nonfactive,complexity,TAASSC,that_verb_clause_nonfactive,complexity_measure
complexity__TAASSC__that_verb_clause_attitudinal,complexity,TAASSC,that_verb_clause_attitudinal,complexity_measure
complexity__TAASSC__that_verb_clause_factive,complexity,TAASSC,that_verb_clause_factive,complexity_measure
complexity__TAASSC__that_verb_clause_likelihood,complexity,TAASSC,that_verb_clause_likelihood,complexity_measure
complexity__TAASSC__that_adjective_clause,complexity,TAASSC,that_adjective_clause,complexity_measure
complexity__TAASSC__that_adjective_clause_attitudinal,complexity,TAASSC,that_adjective_clause_attitudinal,complexity_measure
complexity__TAASSC__that_adjective_clause_likelihood,complexity,TAASSC,that_adjective_clause_likelihood,complexity_measure
complexity__TAASSC__that_noun_clause,complexity,TAASSC,that_noun_clause,complexity_measure
complexity__TAASSC__that_noun_clause_nonfactive,complexity,TAASSC,that_noun_clause_nonfactive,complexity_measure
complexity__TAASSC__that_noun_clause_attitudinal,complexity,TAASSC,that_noun_clause_attitudinal,complexity_measure
complexity__TAASSC__that_noun_clause_factive,complexity,TAASSC,that_noun_clause_factive,complexity_measure
complexity__TAASSC__that_noun_clause_likelihood,complexity,TAASSC,that_noun_clause_likelihood,complexity_measure
complexity__TAASSC__adverbial_subordinator_causitive,complexity,TAASSC,adverbial_subordinator_causitive,complexity_measure
complexity__TAASSC__adverbial_subordinator_conditional,complexity,TAASSC,adverbial_subordinator_conditional,complexity_measure
complexity__TAASSC__adverbial_subordinator_other,complexity,TAASSC,adverbial_subordinator_other,complexity_measure
complexity__TAASSC__agentless_passive,complexity,TAASSC,agentless_passive,complexity_measure
complexity__TAASSC__by_passive,complexity,TAASSC,by_passive,complexity_measure
complexity__TAASSC__contraction,complexity,TAASSC,contraction,complexity_measure
complexity__TAASSC__cc_phrase,complexity,TAASSC,cc_phrase,complexity_measure
complexity__TAASSC__cc_clause,complexity,TAASSC,cc_clause,complexity_measure
complexity__TAASSC__to_clause,complexity,TAASSC,to_clause,complexity_measure
complexity__TAASSC__to_clause_noun,complexity,TAASSC,to_clause_noun,complexity_measure
complexity__TAASSC__to_clause_verb,complexity,TAASSC,to_clause_verb,complexity_measure
complexity__TAASSC__to_clause_verb_to_speech_act,complexity,TAASSC,to_clause_verb_to_speech_act,complexity_measure
complexity__TAASSC__to_clause_verb_cognition,complexity,TAASSC,to_clause_verb_cognition,complexity_measure
complexity__TAASSC__to_clause_verb_desire,complexity,TAASSC,to_clause_verb_desire,complexity_measure
complexity__TAASSC__to_clause_verb_to_causative,complexity,TAASSC,to_clause_verb_to_causative,complexity_measure
complexity__TAASSC__to_clause_verb_probability,complexity,TAASSC,to_clause_verb_probability,complexity_measure
complexity__TAASSC__to_clause_adjective,complexity,TAASSC,to_clause_adjective,complexity_measure
complexity__TAASSC__to_clause_adjective_certainty,complexity,TAASSC,to_clause_adjective_certainty,complexity_measure
complexity__TAASSC__to_clause_adjective_ability_willingness,complexity,TAASSC,to_clause_adjective_ability_willingness,complexity_measure
complexity__TAASSC__to_clause_adjective_personal_affect,complexity,TAASSC,to_clause_adjective_personal_affect,complexity_measure
complexity__TAASSC__to_clause_adjective_ease_difficulty,complexity,TAASSC,to_clause_adjective_ease_difficulty,complexity_measure
complexity__TAASSC__to_clause_adjective_evaluative,complexity,TAASSC,to_clause_adjective_evaluative,complexity_measure
complexity__TAASSC__past_participial_clause,complexity,TAASSC,past_participial_clause,complexity_measure
complexity__TAASSC__complementizer_that0,complexity,TAASSC,complementizer_that0,complexity_measure
complexity__TAASSC__np,complexity,TAASSC,np,complexity_measure
complexity__TAASSC__np_deps,complexity,TAASSC,np_deps,complexity_measure
complexity__TAASSC__relcl_dep,complexity,TAASSC,relcl_dep,complexity_measure
complexity__TAASSC__amod_dep,complexity,TAASSC,amod_dep,complexity_measure
complexity__TAASSC__det_dep,complexity,TAASSC,det_dep,complexity_measure
complexity__TAASSC__prep_dep,complexity,TAASSC,prep_dep,complexity_measure
complexity__TAASSC__poss_dep,complexity,TAASSC,poss_dep,complexity_measure
complexity__TAASSC__cc_dep,complexity,TAASSC,cc_dep,complexity_measure
complexity__TAASSC__all_clauses,complexity,TAASSC,all_clauses,complexity_measure
complexity__TAASSC__finite_clause,complexity,TAASSC,finite_clause,complexity_measure
complexity__TAASSC__finite_ind_clause,complexity,TAASSC,finite_ind_clause,complexity_measure
complexity__TAASSC__finite_dep_clause,complexity,TAASSC,finite_dep_clause,complexity_measure
complexity__TAASSC__finite_compl_clause,complexity,TAASSC,finite_compl_clause,complexity_measure
complexity__TAASSC__finite_relative_clause,complexity,TAASSC,finite_relative_clause,complexity_measure
complexity__TAASSC__nonfinite_clause,complexity,TAASSC,nonfinite_clause,complexity_measure
complexity__TAASSC__vp_deps,complexity,TAASSC,vp_deps,complexity_measure
complexity__TAASSC__mean_nominal_deps,complexity,TAASSC,mean_nominal_deps,complexity_measure
complexity__TAASSC__relcl_nominal,complexity,TAASSC,relcl_nominal,complexity_measure
complexity__TAASSC__amod_nominal,complexity,TAASSC,amod_nominal,complexity_measure
complexity__TAASSC__det_nominal,complexity,TAASSC,det_nominal,complexity_measure
complexity__TAASSC__prep_nominal,complexity,TAASSC,prep_nominal,complexity_measure
complexity__TAASSC__poss_nominal,complexity,TAASSC,poss_nominal,complexity_measure
complexity__TAASSC__cc_nominal,complexity,TAASSC,cc_nominal,complexity_measure
complexity__TAASSC__mean_verbal_deps,complexity,TAASSC,mean_verbal_deps,complexity_measure
complexity__TAASSC__mlc,complexity,TAASSC,mlc,complexity_measure
complexity__TAASSC__mltu,complexity,TAASSC,mltu,complexity_measure
complexity__TAASSC__dc_c,complexity,TAASSC,dc_c,complexity_measure
complexity__TAASSC__ccomp_c,complexity,TAASSC,ccomp_c,complexity_measure
complexity__TAASSC__relcl_c,complexity,TAASSC,relcl_c,complexity_measure
complexity__TAASSC__infinitive_prop,complexity,TAASSC,infinitive_prop,complexity_measure
complexity__TAASSC__nonfinite_prop,complexity,TAASSC,nonfinite_prop,complexity_measure
complexity__TAALES__Word Count,complexity,TAALES,Word Count,complexity_measure
complexity__TAALES__KF_Freq_AW,complexity,TAALES,KF_Freq_AW,complexity_measure
complexity__TAALES__KF_Freq_AW_Log,complexity,TAALES,KF_Freq_AW_Log,complexity_measure
complexity__TAALES__KF_Ncats_AW,complexity,TAALES,KF_Ncats_AW,complexity_measure
complexity__TAALES__KF_Nsamp_AW,complexity,TAALES,KF_Nsamp_AW,complexity_measure
complexity__TAALES__TL_Freq_AW,complexity,TAALES,TL_Freq_AW,complexity_measure
complexity__TAALES__TL_Freq_AW_Log,complexity,TAALES,TL_Freq_AW_Log,complexity_measure
complexity__TAALES__Brown_Freq_AW,complexity,TAALES,Brown_Freq_AW,complexity_measure
complexity__TAALES__Brown_Freq_AW_Log,complexity,TAALES,Brown_Freq_AW_Log,complexity_measure
complexity__TAALES__KF_Freq_CW,complexity,TAALES,KF_Freq_CW,complexity_measure
complexity__TAALES__KF_Freq_CW_Log,complexity,TAALES,KF_Freq_CW_Log,complexity_measure
complexity__TAALES__KF_Ncats_CW,complexity,TAALES,KF_Ncats_CW,complexity_measure
complexity__TAALES__KF_Nsamp_CW,complexity,TAALES,KF_Nsamp_CW,complexity_measure
complexity__TAALES__TL_Freq_CW,complexity,TAALES,TL_Freq_CW,complexity_measure
complexity__TAALES__TL_Freq_CW_Log,complexity,TAALES,TL_Freq_CW_Log,complexity_measure
complexity__TAALES__Brown_Freq_CW,complexity,TAALES,Brown_Freq_CW,complexity_measure
complexity__TAALES__Brown_Freq_CW_Log,complexity,TAALES,Brown_Freq_CW_Log,complexity_measure
complexity__TAALES__KF_Freq_FW,complexity,TAALES,KF_Freq_FW,complexity_measure
complexity__TAALES__KF_Freq_FW_Log,complexity,TAALES,KF_Freq_FW_Log,complexity_measure
complexity__TAALES__KF_Ncats_FW,complexity,TAALES,KF_Ncats_FW,complexity_measure
complexity__TAALES__KF_Nsamp_FW,complexity,TAALES,KF_Nsamp_FW,complexity_measure
complexity__TAALES__TL_Freq_FW,complexity,TAALES,TL_Freq_FW,complexity_measure
complexity__TAALES__TL_Freq_FW_Log,complexity,TAALES,TL_Freq_FW_Log,complexity_measure
complexity__TAALES__Brown_Freq_FW,complexity,TAALES,Brown_Freq_FW,complexity_measure
complexity__TAALES__Brown_Freq_FW_Log,complexity,TAALES,Brown_Freq_FW_Log,complexity_measure
complexity__TAALES__MRC_Familiarity_AW,complexity,TAALES,MRC_Familiarity_AW,complexity_measure
complexity__TAALES__MRC_Concreteness_AW,complexity,TAALES,MRC_Concreteness_AW,complexity_measure
complexity__TAALES__MRC_Imageability_AW,complexity,TAALES,MRC_Imageability_AW,complexity_measure
complexity__TAALES__MRC_Meaningfulness_AW,complexity,TAALES,MRC_Meaningfulness_AW,complexity_measure
complexity__TAALES__MRC_Familiarity_CW,complexity,TAALES,MRC_Familiarity_CW,complexity_measure
complexity__TAALES__MRC_Concreteness_CW,complexity,TAALES,MRC_Concreteness_CW,complexity_measure
complexity__TAALES__MRC_Imageability_CW,complexity,TAALES,MRC_Imageability_CW,complexity_measure
complexity__TAALES__MRC_Familiarity_FW,complexity,TAALES,MRC_Familiarity_FW,complexity_measure
complexity__TAALES__MRC_Concreteness_FW,complexity,TAALES,MRC_Concreteness_FW,complexity_measure
complexity__TAALES__MRC_Imageability_FW,complexity,TAALES,MRC_Imageability_FW,complexity_measure
complexity__TAALES__MRC_Meaningfulness_FW,complexity,TAALES,MRC_Meaningfulness_FW,complexity_measure
complexity__TAALES__Kuperman_AoA_AW,complexity,TAALES,Kuperman_AoA_AW,complexity_measure
complexity__TAALES__Kuperman_AoA_CW,complexity,TAALES,Kuperman_AoA_CW,complexity_measure
complexity__TAALES__Kuperman_AoA_FW,complexity,TAALES,Kuperman_AoA_FW,complexity_measure
complexity__TAALES__Brysbaert_Concreteness_Combined_AW,complexity,TAALES,Brysbaert_Concreteness_Combined_AW,complexity_measure
complexity__TAALES__Brysbaert_Concreteness_Combined_CW,complexity,TAALES,Brysbaert_Concreteness_Combined_CW,complexity_measure
complexity__TAALES__Brysbaert_Concreteness_Combined_FW,complexity,TAALES,Brysbaert_Concreteness_Combined_FW,complexity_measure
complexity__TAALES__SUBTLEXus_Freq_AW,complexity,TAALES,SUBTLEXus_Freq_AW,complexity_measure
complexity__TAALES__SUBTLEXus_Range_AW,complexity,TAALES,SUBTLEXus_Range_AW,complexity_measure
complexity__TAALES__SUBTLEXus_Freq_AW_Log,complexity,TAALES,SUBTLEXus_Freq_AW_Log,complexity_measure
complexity__TAALES__SUBTLEXus_Range_AW_Log,complexity,TAALES,SUBTLEXus_Range_AW_Log,complexity_measure
complexity__TAALES__SUBTLEXus_Freq_CW,complexity,TAALES,SUBTLEXus_Freq_CW,complexity_measure
complexity__TAALES__SUBTLEXus_Range_CW,complexity,TAALES,SUBTLEXus_Range_CW,complexity_measure
complexity__TAALES__SUBTLEXus_Freq_CW_Log,complexity,TAALES,SUBTLEXus_Freq_CW_Log,complexity_measure
complexity__TAALES__SUBTLEXus_Range_CW_Log,complexity,TAALES,SUBTLEXus_Range_CW_Log,complexity_measure
complexity__TAALES__SUBTLEXus_Freq_FW,complexity,TAALES,SUBTLEXus_Freq_FW,complexity_measure
complexity__TAALES__SUBTLEXus_Range_FW,complexity,TAALES,SUBTLEXus_Range_FW,complexity_measure
complexity__TAALES__SUBTLEXus_Freq_FW_Log,complexity,TAALES,SUBTLEXus_Freq_FW_Log,complexity_measure
complexity__TAALES__SUBTLEXus_Range_FW_Log,complexity,TAALES,SUBTLEXus_Range_FW_Log,complexity_measure
complexity__TAALES__BNC_Written_Freq_AW,complexity,TAALES,BNC_Written_Freq_AW,complexity_measure
complexity__TAALES__BNC_Written_Freq_AW_Log,complexity,TAALES,BNC_Written_Freq_AW_Log,complexity_measure
complexity__TAALES__BNC_Written_Range_AW,complexity,TAALES,BNC_Written_Range_AW,complexity_measure
complexity__TAALES__BNC_Spoken_Freq_AW,complexity,TAALES,BNC_Spoken_Freq_AW,complexity_measure
complexity__TAALES__BNC_Spoken_Freq_AW_Log,complexity,TAALES,BNC_Spoken_Freq_AW_Log,complexity_measure
complexity__TAALES__BNC_Spoken_Range_AW,complexity,TAALES,BNC_Spoken_Range_AW,complexity_measure
complexity__TAALES__BNC_Written_Freq_CW,complexity,TAALES,BNC_Written_Freq_CW,complexity_measure
complexity__TAALES__BNC_Written_Freq_CW_Log,complexity,TAALES,BNC_Written_Freq_CW_Log,complexity_measure
complexity__TAALES__BNC_Written_Range_CW,complexity,TAALES,BNC_Written_Range_CW,complexity_measure
complexity__TAALES__BNC_Spoken_Freq_CW,complexity,TAALES,BNC_Spoken_Freq_CW,complexity_measure
complexity__TAALES__BNC_Spoken_Freq_CW_Log,complexity,TAALES,BNC_Spoken_Freq_CW_Log,complexity_measure
complexity__TAALES__BNC_Spoken_Range_CW,complexity,TAALES,BNC_Spoken_Range_CW,complexity_measure
complexity__TAALES__BNC_Written_Freq_FW,complexity,TAALES,BNC_Written_Freq_FW,complexity_measure
complexity__TAALES__BNC_Written_Freq_FW_Log,complexity,TAALES,BNC_Written_Freq_FW_Log,complexity_measure
complexity__TAALES__BNC_Written_Range_FW,complexity,TAALES,BNC_Written_Range_FW,complexity_measure
complexity__TAALES__BNC_Spoken_Freq_FW,complexity,TAALES,BNC_Spoken_Freq_FW,complexity_measure
complexity__TAALES__BNC_Spoken_Freq_FW_Log,complexity,TAALES,BNC_Spoken_Freq_FW_Log,complexity_measure
complexity__TAALES__BNC_Spoken_Range_FW,complexity,TAALES,BNC_Spoken_Range_FW,complexity_measure
complexity__TAALES__BNC_Spoken_Bigram_Normed_Freq,complexity,TAALES,BNC_Spoken_Bigram_Normed_Freq,complexity_measure
complexity__TAALES__BNC_Spoken_Bigram_Normed_Freq_Log,complexity,TAALES,BNC_Spoken_Bigram_Normed_Freq_Log,complexity_measure
complexity__TAALES__BNC_Written_Bigram_Freq_Normed,complexity,TAALES,BNC_Written_Bigram_Freq_Normed,complexity_measure
complexity__TAALES__BNC_Written_Bigram_Freq_Normed_Log,complexity,TAALES,BNC_Written_Bigram_Freq_Normed_Log,complexity_measure
complexity__TAALES__BNC_Spoken_Trigram_Normed_Freq,complexity,TAALES,BNC_Spoken_Trigram_Normed_Freq,complexity_measure
complexity__TAALES__BNC_Spoken_Trigram_Normed_Freq_Log,complexity,TAALES,BNC_Spoken_Trigram_Normed_Freq_Log,complexity_measure
complexity__TAALES__BNC_Written_Trigram_Freq_Normed,complexity,TAALES,BNC_Written_Trigram_Freq_Normed,complexity_measure
complexity__TAALES__BNC_Written_Trigram_Freq_Normed_Log,complexity,TAALES,BNC_Written_Trigram_Freq_Normed_Log,complexity_measure
complexity__TAALES__BNC_Spoken_Bigram_Proportion,complexity,TAALES,BNC_Spoken_Bigram_Proportion,complexity_measure
complexity__TAALES__BNC_Written_Bigram_Proportion,complexity,TAALES,BNC_Written_Bigram_Proportion,complexity_measure
complexity__TAALES__BNC_Spoken_Trigram_Proportion,complexity,TAALES,BNC_Spoken_Trigram_Proportion,complexity_measure
complexity__TAALES__BNC_Written_Trigram_Proportion,complexity,TAALES,BNC_Written_Trigram_Proportion,complexity_measure
complexity__TAALES__COCA_Academic_Range_AW,complexity,TAALES,COCA_Academic_Range_AW,complexity_measure
complexity__TAALES__COCA_Academic_Frequency_AW,complexity,TAALES,COCA_Academic_Frequency_AW,complexity_measure
complexity__TAALES__COCA_Academic_Range_Log_AW,complexity,TAALES,COCA_Academic_Range_Log_AW,complexity_measure
complexity__TAALES__COCA_Academic_Frequency_Log_AW,complexity,TAALES,COCA_Academic_Frequency_Log_AW,complexity_measure
complexity__TAALES__COCA_Academic_Range_CW,complexity,TAALES,COCA_Academic_Range_CW,complexity_measure
complexity__TAALES__COCA_Academic_Frequency_CW,complexity,TAALES,COCA_Academic_Frequency_CW,complexity_measure
complexity__TAALES__COCA_Academic_Range_Log_CW,complexity,TAALES,COCA_Academic_Range_Log_CW,complexity_measure
complexity__TAALES__COCA_Academic_Frequency_Log_CW,complexity,TAALES,COCA_Academic_Frequency_Log_CW,complexity_measure
complexity__TAALES__COCA_Academic_Range_FW,complexity,TAALES,COCA_Academic_Range_FW,complexity_measure
complexity__TAALES__COCA_Academic_Frequency_FW,complexity,TAALES,COCA_Academic_Frequency_FW,complexity_measure
complexity__TAALES__COCA_Academic_Range_Log_FW,complexity,TAALES,COCA_Academic_Range_Log_FW,complexity_measure
complexity__TAALES__COCA_Academic_Frequency_Log_FW,complexity,TAALES,COCA_Academic_Frequency_Log_FW,complexity_measure
complexity__TAALES__COCA_fiction_Range_AW,complexity,TAALES,COCA_fiction_Range_AW,complexity_measure
complexity__TAALES__COCA_fiction_Frequency_AW,complexity,TAALES,COCA_fiction_Frequency_AW,complexity_measure
complexity__TAALES__COCA_fiction_Range_Log_AW,complexity,TAALES,COCA_fiction_Range_Log_AW,complexity_measure
complexity__TAALES__COCA_fiction_Frequency_Log_AW,complexity,TAALES,COCA_fiction_Frequency_Log_AW,complexity_measure
complexity__TAALES__COCA_fiction_Range_CW,complexity,TAALES,COCA_fiction_Range_CW,complexity_measure
complexity__TAALES__COCA_fiction_Frequency_CW,complexity,TAALES,COCA_fiction_Frequency_CW,complexity_measure
complexity__TAALES__COCA_fiction_Range_Log_CW,complexity,TAALES,COCA_fiction_Range_Log_CW,complexity_measure
complexity__TAALES__COCA_fiction_Frequency_Log_CW,complexity,TAALES,COCA_fiction_Frequency_Log_CW,complexity_measure
complexity__TAALES__COCA_fiction_Range_FW,complexity,TAALES,COCA_fiction_Range_FW,complexity_measure
complexity__TAALES__COCA_fiction_Frequency_FW,complexity,TAALES,COCA_fiction_Frequency_FW,complexity_measure
complexity__TAALES__COCA_fiction_Range_Log_FW,complexity,TAALES,COCA_fiction_Range_Log_FW,complexity_measure
complexity__TAALES__COCA_fiction_Frequency_Log_FW,complexity,TAALES,COCA_fiction_Frequency_Log_FW,complexity_measure
complexity__TAALES__COCA_magazine_Range_AW,complexity,TAALES,COCA_magazine_Range_AW,complexity_measure
complexity__TAALES__COCA_magazine_Frequency_AW,complexity,TAALES,COCA_magazine_Frequency_AW,complexity_measure
complexity__TAALES__COCA_magazine_Range_Log_AW,complexity,TAALES,COCA_magazine_Range_Log_AW,complexity_measure
complexity__TAALES__COCA_magazine_Frequency_Log_AW,complexity,TAALES,COCA_magazine_Frequency_Log_AW,complexity_measure
complexity__TAALES__COCA_magazine_Range_CW,complexity,TAALES,COCA_magazine_Range_CW,complexity_measure
complexity__TAALES__COCA_magazine_Frequency_CW,complexity,TAALES,COCA_magazine_Frequency_CW,complexity_measure
complexity__TAALES__COCA_magazine_Range_Log_CW,complexity,TAALES,COCA_magazine_Range_Log_CW,complexity_measure
complexity__TAALES__COCA_magazine_Frequency_Log_CW,complexity,TAALES,COCA_magazine_Frequency_Log_CW,complexity_measure
complexity__TAALES__COCA_magazine_Range_FW,complexity,TAALES,COCA_magazine_Range_FW,complexity_measure
complexity__TAALES__COCA_magazine_Frequency_FW,complexity,TAALES,COCA_magazine_Frequency_FW,complexity_measure
complexity__TAALES__COCA_magazine_Range_Log_FW,complexity,TAALES,COCA_magazine_Range_Log_FW,complexity_measure
complexity__TAALES__COCA_magazine_Frequency_Log_FW,complexity,TAALES,COCA_magazine_Frequency_Log_FW,complexity_measure
complexity__TAALES__COCA_news_Range_AW,complexity,TAALES,COCA_news_Range_AW,complexity_measure
complexity__TAALES__COCA_news_Frequency_AW,complexity,TAALES,COCA_news_Frequency_AW,complexity_measure
complexity__TAALES__COCA_news_Range_Log_AW,complexity,TAALES,COCA_news_Range_Log_AW,complexity_measure
complexity__TAALES__COCA_news_Frequency_Log_AW,complexity,TAALES,COCA_news_Frequency_Log_AW,complexity_measure
complexity__TAALES__COCA_news_Range_CW,complexity,TAALES,COCA_news_Range_CW,complexity_measure
complexity__TAALES__COCA_news_Frequency_CW,complexity,TAALES,COCA_news_Frequency_CW,complexity_measure
complexity__TAALES__COCA_news_Range_Log_CW,complexity,TAALES,COCA_news_Range_Log_CW,complexity_measure
complexity__TAALES__COCA_news_Frequency_Log_CW,complexity,TAALES,COCA_news_Frequency_Log_CW,complexity_measure
complexity__TAALES__COCA_news_Range_FW,complexity,TAALES,COCA_news_Range_FW,complexity_measure
complexity__TAALES__COCA_news_Frequency_FW,complexity,TAALES,COCA_news_Frequency_FW,complexity_measure
complexity__TAALES__COCA_news_Range_Log_FW,complexity,TAALES,COCA_news_Range_Log_FW,complexity_measure
complexity__TAALES__COCA_news_Frequency_Log_FW,complexity,TAALES,COCA_news_Frequency_Log_FW,complexity_measure
complexity__TAALES__COCA_spoken_Range_AW,complexity,TAALES,COCA_spoken_Range_AW,complexity_measure
complexity__TAALES__COCA_spoken_Frequency_AW,complexity,TAALES,COCA_spoken_Frequency_AW,complexity_measure
complexity__TAALES__COCA_spoken_Range_Log_AW,complexity,TAALES,COCA_spoken_Range_Log_AW,complexity_measure
complexity__TAALES__COCA_spoken_Frequency_Log_AW,complexity,TAALES,COCA_spoken_Frequency_Log_AW,complexity_measure
complexity__TAALES__COCA_spoken_Range_CW,complexity,TAALES,COCA_spoken_Range_CW,complexity_measure
complexity__TAALES__COCA_spoken_Frequency_CW,complexity,TAALES,COCA_spoken_Frequency_CW,complexity_measure
complexity__TAALES__COCA_spoken_Range_Log_CW,complexity,TAALES,COCA_spoken_Range_Log_CW,complexity_measure
complexity__TAALES__COCA_spoken_Frequency_Log_CW,complexity,TAALES,COCA_spoken_Frequency_Log_CW,complexity_measure
complexity__TAALES__COCA_spoken_Range_FW,complexity,TAALES,COCA_spoken_Range_FW,complexity_measure
complexity__TAALES__COCA_spoken_Frequency_FW,complexity,TAALES,COCA_spoken_Frequency_FW,complexity_measure
complexity__TAALES__COCA_spoken_Range_Log_FW,complexity,TAALES,COCA_spoken_Range_Log_FW,complexity_measure
complexity__TAALES__COCA_spoken_Frequency_Log_FW,complexity,TAALES,COCA_spoken_Frequency_Log_FW,complexity_measure
complexity__TAALES__COCA_Academic_Bigram_Frequency,complexity,TAALES,COCA_Academic_Bigram_Frequency,complexity_measure
complexity__TAALES__COCA_Academic_Bigram_Range,complexity,TAALES,COCA_Academic_Bigram_Range,complexity_measure
complexity__TAALES__COCA_Academic_Bigram_Frequency_Log,complexity,TAALES,COCA_Academic_Bigram_Frequency_Log,complexity_measure
complexity__TAALES__COCA_Academic_Bigram_Range_Log,complexity,TAALES,COCA_Academic_Bigram_Range_Log,complexity_measure
complexity__TAALES__COCA_academic_bi_MI,complexity,TAALES,COCA_academic_bi_MI,complexity_measure
complexity__TAALES__COCA_academic_bi_MI2,complexity,TAALES,COCA_academic_bi_MI2,complexity_measure
complexity__TAALES__COCA_academic_bi_T,complexity,TAALES,COCA_academic_bi_T,complexity_measure
complexity__TAALES__COCA_academic_bi_DP,complexity,TAALES,COCA_academic_bi_DP,complexity_measure
complexity__TAALES__COCA_academic_bi_AC,complexity,TAALES,COCA_academic_bi_AC,complexity_measure
complexity__TAALES__COCA_academic_bi_prop_10k,complexity,TAALES,COCA_academic_bi_prop_10k,complexity_measure
complexity__TAALES__COCA_academic_bi_prop_20k,complexity,TAALES,COCA_academic_bi_prop_20k,complexity_measure
complexity__TAALES__COCA_academic_bi_prop_30k,complexity,TAALES,COCA_academic_bi_prop_30k,complexity_measure
complexity__TAALES__COCA_academic_bi_prop_40k,complexity,TAALES,COCA_academic_bi_prop_40k,complexity_measure
complexity__TAALES__COCA_academic_bi_prop_50k,complexity,TAALES,COCA_academic_bi_prop_50k,complexity_measure
complexity__TAALES__COCA_academic_bi_prop_60k,complexity,TAALES,COCA_academic_bi_prop_60k,complexity_measure
complexity__TAALES__COCA_academic_bi_prop_70k,complexity,TAALES,COCA_academic_bi_prop_70k,complexity_measure
complexity__TAALES__COCA_academic_bi_prop_80k,complexity,TAALES,COCA_academic_bi_prop_80k,complexity_measure
complexity__TAALES__COCA_academic_bi_prop_90k,complexity,TAALES,COCA_academic_bi_prop_90k,complexity_measure
complexity__TAALES__COCA_academic_bi_prop_100k,complexity,TAALES,COCA_academic_bi_prop_100k,complexity_measure
complexity__TAALES__COCA_Fiction_Bigram_Frequency,complexity,TAALES,COCA_Fiction_Bigram_Frequency,complexity_measure
complexity__TAALES__COCA_Fiction_Bigram_Range,complexity,TAALES,COCA_Fiction_Bigram_Range,complexity_measure
complexity__TAALES__COCA_Fiction_Bigram_Frequency_Log,complexity,TAALES,COCA_Fiction_Bigram_Frequency_Log,complexity_measure
complexity__TAALES__COCA_Fiction_Bigram_Range_Log,complexity,TAALES,COCA_Fiction_Bigram_Range_Log,complexity_measure
complexity__TAALES__COCA_fiction_bi_MI,complexity,TAALES,COCA_fiction_bi_MI,complexity_measure
complexity__TAALES__COCA_fiction_bi_MI2,complexity,TAALES,COCA_fiction_bi_MI2,complexity_measure
complexity__TAALES__COCA_fiction_bi_T,complexity,TAALES,COCA_fiction_bi_T,complexity_measure
complexity__TAALES__COCA_fiction_bi_DP,complexity,TAALES,COCA_fiction_bi_DP,complexity_measure
complexity__TAALES__COCA_fiction_bi_AC,complexity,TAALES,COCA_fiction_bi_AC,complexity_measure
complexity__TAALES__COCA_fiction_bi_prop_10k,complexity,TAALES,COCA_fiction_bi_prop_10k,complexity_measure
complexity__TAALES__COCA_fiction_bi_prop_20k,complexity,TAALES,COCA_fiction_bi_prop_20k,complexity_measure
complexity__TAALES__COCA_fiction_bi_prop_30k,complexity,TAALES,COCA_fiction_bi_prop_30k,complexity_measure
complexity__TAALES__COCA_fiction_bi_prop_40k,complexity,TAALES,COCA_fiction_bi_prop_40k,complexity_measure
complexity__TAALES__COCA_fiction_bi_prop_50k,complexity,TAALES,COCA_fiction_bi_prop_50k,complexity_measure
complexity__TAALES__COCA_fiction_bi_prop_60k,complexity,TAALES,COCA_fiction_bi_prop_60k,complexity_measure
complexity__TAALES__COCA_fiction_bi_prop_70k,complexity,TAALES,COCA_fiction_bi_prop_70k,complexity_measure
complexity__TAALES__COCA_fiction_bi_prop_80k,complexity,TAALES,COCA_fiction_bi_prop_80k,complexity_measure
complexity__TAALES__COCA_fiction_bi_prop_90k,complexity,TAALES,COCA_fiction_bi_prop_90k,complexity_measure
complexity__TAALES__COCA_fiction_bi_prop_100k,complexity,TAALES,COCA_fiction_bi_prop_100k,complexity_measure
complexity__TAALES__COCA_Magazine_Bigram_Frequency,complexity,TAALES,COCA_Magazine_Bigram_Frequency,complexity_measure
complexity__TAALES__COCA_Magazine_Bigram_Range,complexity,TAALES,COCA_Magazine_Bigram_Range,complexity_measure
complexity__TAALES__COCA_Magazine_Bigram_Frequency_Log,complexity,TAALES,COCA_Magazine_Bigram_Frequency_Log,complexity_measure
complexity__TAALES__COCA_Magazine_Bigram_Range_Log,complexity,TAALES,COCA_Magazine_Bigram_Range_Log,complexity_measure
complexity__TAALES__COCA_magazine_bi_MI,complexity,TAALES,COCA_magazine_bi_MI,complexity_measure
complexity__TAALES__COCA_magazine_bi_MI2,complexity,TAALES,COCA_magazine_bi_MI2,complexity_measure
complexity__TAALES__COCA_magazine_bi_T,complexity,TAALES,COCA_magazine_bi_T,complexity_measure
complexity__TAALES__COCA_magazine_bi_DP,complexity,TAALES,COCA_magazine_bi_DP,complexity_measure
complexity__TAALES__COCA_magazine_bi_AC,complexity,TAALES,COCA_magazine_bi_AC,complexity_measure
complexity__TAALES__COCA_magazine_bi_prop_10k,complexity,TAALES,COCA_magazine_bi_prop_10k,complexity_measure
complexity__TAALES__COCA_magazine_bi_prop_20k,complexity,TAALES,COCA_magazine_bi_prop_20k,complexity_measure
complexity__TAALES__COCA_magazine_bi_prop_30k,complexity,TAALES,COCA_magazine_bi_prop_30k,complexity_measure
complexity__TAALES__COCA_magazine_bi_prop_40k,complexity,TAALES,COCA_magazine_bi_prop_40k,complexity_measure
complexity__TAALES__COCA_magazine_bi_prop_50k,complexity,TAALES,COCA_magazine_bi_prop_50k,complexity_measure
complexity__TAALES__COCA_magazine_bi_prop_60k,complexity,TAALES,COCA_magazine_bi_prop_60k,complexity_measure
complexity__TAALES__COCA_magazine_bi_prop_70k,complexity,TAALES,COCA_magazine_bi_prop_70k,complexity_measure
complexity__TAALES__COCA_magazine_bi_prop_80k,complexity,TAALES,COCA_magazine_bi_prop_80k,complexity_measure
complexity__TAALES__COCA_magazine_bi_prop_90k,complexity,TAALES,COCA_magazine_bi_prop_90k,complexity_measure
complexity__TAALES__COCA_magazine_bi_prop_100k,complexity,TAALES,COCA_magazine_bi_prop_100k,complexity_measure
complexity__TAALES__COCA_News_Bigram_Frequency,complexity,TAALES,COCA_News_Bigram_Frequency,complexity_measure
complexity__TAALES__COCA_News_Bigram_Range,complexity,TAALES,COCA_News_Bigram_Range,complexity_measure
complexity__TAALES__COCA_News_Bigram_Frequency_Log,complexity,TAALES,COCA_News_Bigram_Frequency_Log,complexity_measure
complexity__TAALES__COCA_News_Bigram_Range_Log,complexity,TAALES,COCA_News_Bigram_Range_Log,complexity_measure
complexity__TAALES__COCA_news_bi_MI,complexity,TAALES,COCA_news_bi_MI,complexity_measure
complexity__TAALES__COCA_news_bi_MI2,complexity,TAALES,COCA_news_bi_MI2,complexity_measure
complexity__TAALES__COCA_news_bi_T,complexity,TAALES,COCA_news_bi_T,complexity_measure
complexity__TAALES__COCA_news_bi_DP,complexity,TAALES,COCA_news_bi_DP,complexity_measure
complexity__TAALES__COCA_news_bi_AC,complexity,TAALES,COCA_news_bi_AC,complexity_measure
complexity__TAALES__COCA_news_bi_prop_10k,complexity,TAALES,COCA_news_bi_prop_10k,complexity_measure
complexity__TAALES__COCA_news_bi_prop_20k,complexity,TAALES,COCA_news_bi_prop_20k,complexity_measure
complexity__TAALES__COCA_news_bi_prop_30k,complexity,TAALES,COCA_news_bi_prop_30k,complexity_measure
complexity__TAALES__COCA_news_bi_prop_40k,complexity,TAALES,COCA_news_bi_prop_40k,complexity_measure
complexity__TAALES__COCA_news_bi_prop_50k,complexity,TAALES,COCA_news_bi_prop_50k,complexity_measure
complexity__TAALES__COCA_news_bi_prop_60k,complexity,TAALES,COCA_news_bi_prop_60k,complexity_measure
complexity__TAALES__COCA_news_bi_prop_70k,complexity,TAALES,COCA_news_bi_prop_70k,complexity_measure
complexity__TAALES__COCA_news_bi_prop_80k,complexity,TAALES,COCA_news_bi_prop_80k,complexity_measure
complexity__TAALES__COCA_news_bi_prop_90k,complexity,TAALES,COCA_news_bi_prop_90k,complexity_measure
complexity__TAALES__COCA_news_bi_prop_100k,complexity,TAALES,COCA_news_bi_prop_100k,complexity_measure
complexity__TAALES__COCA_spoken_Bigram_Frequency,complexity,TAALES,COCA_spoken_Bigram_Frequency,complexity_measure
complexity__TAALES__COCA_spoken_Bigram_Range,complexity,TAALES,COCA_spoken_Bigram_Range,complexity_measure
complexity__TAALES__COCA_spoken_Bigram_Frequency_Log,complexity,TAALES,COCA_spoken_Bigram_Frequency_Log,complexity_measure
complexity__TAALES__COCA_spoken_Bigram_Range_Log,complexity,TAALES,COCA_spoken_Bigram_Range_Log,complexity_measure
complexity__TAALES__COCA_spoken_bi_MI,complexity,TAALES,COCA_spoken_bi_MI,complexity_measure
complexity__TAALES__COCA_spoken_bi_MI2,complexity,TAALES,COCA_spoken_bi_MI2,complexity_measure
complexity__TAALES__COCA_spoken_bi_T,complexity,TAALES,COCA_spoken_bi_T,complexity_measure
complexity__TAALES__COCA_spoken_bi_DP,complexity,TAALES,COCA_spoken_bi_DP,complexity_measure
complexity__TAALES__COCA_spoken_bi_AC,complexity,TAALES,COCA_spoken_bi_AC,complexity_measure
complexity__TAALES__COCA_spoken_bi_prop_10k,complexity,TAALES,COCA_spoken_bi_prop_10k,complexity_measure
complexity__TAALES__COCA_spoken_bi_prop_20k,complexity,TAALES,COCA_spoken_bi_prop_20k,complexity_measure
complexity__TAALES__COCA_spoken_bi_prop_30k,complexity,TAALES,COCA_spoken_bi_prop_30k,complexity_measure
complexity__TAALES__COCA_spoken_bi_prop_40k,complexity,TAALES,COCA_spoken_bi_prop_40k,complexity_measure
complexity__TAALES__COCA_spoken_bi_prop_50k,complexity,TAALES,COCA_spoken_bi_prop_50k,complexity_measure
complexity__TAALES__COCA_spoken_bi_prop_60k,complexity,TAALES,COCA_spoken_bi_prop_60k,complexity_measure
complexity__TAALES__COCA_spoken_bi_prop_70k,complexity,TAALES,COCA_spoken_bi_prop_70k,complexity_measure
complexity__TAALES__COCA_spoken_bi_prop_80k,complexity,TAALES,COCA_spoken_bi_prop_80k,complexity_measure
complexity__TAALES__COCA_spoken_bi_prop_90k,complexity,TAALES,COCA_spoken_bi_prop_90k,complexity_measure
complexity__TAALES__COCA_spoken_bi_prop_100k,complexity,TAALES,COCA_spoken_bi_prop_100k,complexity_measure
complexity__TAALES__COCA_Academic_Trigram_Frequency,complexity,TAALES,COCA_Academic_Trigram_Frequency,complexity_measure
complexity__TAALES__COCA_Academic_Trigram_Range,complexity,TAALES,COCA_Academic_Trigram_Range,complexity_measure
complexity__TAALES__COCA_Academic_Trigram_Frequency_Log,complexity,TAALES,COCA_Academic_Trigram_Frequency_Log,complexity_measure
complexity__TAALES__COCA_Academic_Trigram_Range_Log,complexity,TAALES,COCA_Academic_Trigram_Range_Log,complexity_measure
complexity__TAALES__COCA_academic_tri_MI,complexity,TAALES,COCA_academic_tri_MI,complexity_measure
complexity__TAALES__COCA_academic_tri_MI2,complexity,TAALES,COCA_academic_tri_MI2,complexity_measure
complexity__TAALES__COCA_academic_tri_T,complexity,TAALES,COCA_academic_tri_T,complexity_measure
complexity__TAALES__COCA_academic_tri_DP,complexity,TAALES,COCA_academic_tri_DP,complexity_measure
complexity__TAALES__COCA_academic_tri_AC,complexity,TAALES,COCA_academic_tri_AC,complexity_measure
complexity__TAALES__COCA_academic_tri_2_MI,complexity,TAALES,COCA_academic_tri_2_MI,complexity_measure
complexity__TAALES__COCA_academic_tri_2_MI2,complexity,TAALES,COCA_academic_tri_2_MI2,complexity_measure
complexity__TAALES__COCA_academic_tri_2_T,complexity,TAALES,COCA_academic_tri_2_T,complexity_measure
complexity__TAALES__COCA_academic_tri_2_DP,complexity,TAALES,COCA_academic_tri_2_DP,complexity_measure
complexity__TAALES__COCA_academic_tri_2_AC,complexity,TAALES,COCA_academic_tri_2_AC,complexity_measure
complexity__TAALES__COCA_academic_tri_prop_10k,complexity,TAALES,COCA_academic_tri_prop_10k,complexity_measure
complexity__TAALES__COCA_academic_tri_prop_20k,complexity,TAALES,COCA_academic_tri_prop_20k,complexity_measure
complexity__TAALES__COCA_academic_tri_prop_30k,complexity,TAALES,COCA_academic_tri_prop_30k,complexity_measure
complexity__TAALES__COCA_academic_tri_prop_40k,complexity,TAALES,COCA_academic_tri_prop_40k,complexity_measure
complexity__TAALES__COCA_academic_tri_prop_50k,complexity,TAALES,COCA_academic_tri_prop_50k,complexity_measure
complexity__TAALES__COCA_academic_tri_prop_60k,complexity,TAALES,COCA_academic_tri_prop_60k,complexity_measure
complexity__TAALES__COCA_academic_tri_prop_70k,complexity,TAALES,COCA_academic_tri_prop_70k,complexity_measure
complexity__TAALES__COCA_academic_tri_prop_80k,complexity,TAALES,COCA_academic_tri_prop_80k,complexity_measure
complexity__TAALES__COCA_academic_tri_prop_90k,complexity,TAALES,COCA_academic_tri_prop_90k,complexity_measure
complexity__TAALES__COCA_academic_tri_prop_100k,complexity,TAALES,COCA_academic_tri_prop_100k,complexity_measure
complexity__TAALES__COCA_Fiction_Trigram_Frequency,complexity,TAALES,COCA_Fiction_Trigram_Frequency,complexity_measure
complexity__TAALES__COCA_Fiction_Trigram_Range,complexity,TAALES,COCA_Fiction_Trigram_Range,complexity_measure
complexity__TAALES__COCA_Fiction_Trigram_Frequency_Log,complexity,TAALES,COCA_Fiction_Trigram_Frequency_Log,complexity_measure
complexity__TAALES__COCA_Fiction_Trigram_Range_Log,complexity,TAALES,COCA_Fiction_Trigram_Range_Log,complexity_measure
complexity__TAALES__COCA_fiction_tri_MI,complexity,TAALES,COCA_fiction_tri_MI,complexity_measure
complexity__TAALES__COCA_fiction_tri_MI2,complexity,TAALES,COCA_fiction_tri_MI2,complexity_measure
complexity__TAALES__COCA_fiction_tri_T,complexity,TAALES,COCA_fiction_tri_T,complexity_measure
complexity__TAALES__COCA_fiction_tri_DP,complexity,TAALES,COCA_fiction_tri_DP,complexity_measure
complexity__TAALES__COCA_fiction_tri_AC,complexity,TAALES,COCA_fiction_tri_AC,complexity_measure
complexity__TAALES__COCA_fiction_tri_2_MI,complexity,TAALES,COCA_fiction_tri_2_MI,complexity_measure
complexity__TAALES__COCA_fiction_tri_2_MI2,complexity,TAALES,COCA_fiction_tri_2_MI2,complexity_measure
complexity__TAALES__COCA_fiction_tri_2_T,complexity,TAALES,COCA_fiction_tri_2_T,complexity_measure
complexity__TAALES__COCA_fiction_tri_2_DP,complexity,TAALES,COCA_fiction_tri_2_DP,complexity_measure
complexity__TAALES__COCA_fiction_tri_2_AC,complexity,TAALES,COCA_fiction_tri_2_AC,complexity_measure
complexity__TAALES__COCA_fiction_tri_prop_10k,complexity,TAALES,COCA_fiction_tri_prop_10k,complexity_measure
complexity__TAALES__COCA_fiction_tri_prop_20k,complexity,TAALES,COCA_fiction_tri_prop_20k,complexity_measure
complexity__TAALES__COCA_fiction_tri_prop_30k,complexity,TAALES,COCA_fiction_tri_prop_30k,complexity_measure
complexity__TAALES__COCA_fiction_tri_prop_40k,complexity,TAALES,COCA_fiction_tri_prop_40k,complexity_measure
complexity__TAALES__COCA_fiction_tri_prop_50k,complexity,TAALES,COCA_fiction_tri_prop_50k,complexity_measure
complexity__TAALES__COCA_fiction_tri_prop_60k,complexity,TAALES,COCA_fiction_tri_prop_60k,complexity_measure
complexity__TAALES__COCA_fiction_tri_prop_70k,complexity,TAALES,COCA_fiction_tri_prop_70k,complexity_measure
complexity__TAALES__COCA_fiction_tri_prop_80k,complexity,TAALES,COCA_fiction_tri_prop_80k,complexity_measure
complexity__TAALES__COCA_fiction_tri_prop_90k,complexity,TAALES,COCA_fiction_tri_prop_90k,complexity_measure
complexity__TAALES__COCA_fiction_tri_prop_100k,complexity,TAALES,COCA_fiction_tri_prop_100k,complexity_measure
complexity__TAALES__COCA_Magazine_Trigram_Frequency,complexity,TAALES,COCA_Magazine_Trigram_Frequency,complexity_measure
complexity__TAALES__COCA_Magazine_Trigram_Range,complexity,TAALES,COCA_Magazine_Trigram_Range,complexity_measure
complexity__TAALES__COCA_Magazine_Trigram_Frequency_Log,complexity,TAALES,COCA_Magazine_Trigram_Frequency_Log,complexity_measure
complexity__TAALES__COCA_Magazine_Trigram_Range_Log,complexity,TAALES,COCA_Magazine_Trigram_Range_Log,complexity_measure
complexity__TAALES__COCA_magazine_tri_MI,complexity,TAALES,COCA_magazine_tri_MI,complexity_measure
complexity__TAALES__COCA_magazine_tri_MI2,complexity,TAALES,COCA_magazine_tri_MI2,complexity_measure
complexity__TAALES__COCA_magazine_tri_T,complexity,TAALES,COCA_magazine_tri_T,complexity_measure
complexity__TAALES__COCA_magazine_tri_DP,complexity,TAALES,COCA_magazine_tri_DP,complexity_measure
complexity__TAALES__COCA_magazine_tri_AC,complexity,TAALES,COCA_magazine_tri_AC,complexity_measure
complexity__TAALES__COCA_magazine_tri_2_MI,complexity,TAALES,COCA_magazine_tri_2_MI,complexity_measure
complexity__TAALES__COCA_magazine_tri_2_MI2,complexity,TAALES,COCA_magazine_tri_2_MI2,complexity_measure
complexity__TAALES__COCA_magazine_tri_2_T,complexity,TAALES,COCA_magazine_tri_2_T,complexity_measure
complexity__TAALES__COCA_magazine_tri_2_DP,complexity,TAALES,COCA_magazine_tri_2_DP,complexity_measure
complexity__TAALES__COCA_magazine_tri_2_AC,complexity,TAALES,COCA_magazine_tri_2_AC,complexity_measure
complexity__TAALES__COCA_magazine_tri_prop_10k,complexity,TAALES,COCA_magazine_tri_prop_10k,complexity_measure
complexity__TAALES__COCA_magazine_tri_prop_20k,complexity,TAALES,COCA_magazine_tri_prop_20k,complexity_measure
complexity__TAALES__COCA_magazine_tri_prop_30k,complexity,TAALES,COCA_magazine_tri_prop_30k,complexity_measure
complexity__TAALES__COCA_magazine_tri_prop_40k,complexity,TAALES,COCA_magazine_tri_prop_40k,complexity_measure
complexity__TAALES__COCA_magazine_tri_prop_50k,complexity,TAALES,COCA_magazine_tri_prop_50k,complexity_measure
complexity__TAALES__COCA_magazine_tri_prop_60k,complexity,TAALES,COCA_magazine_tri_prop_60k,complexity_measure
complexity__TAALES__COCA_magazine_tri_prop_70k,complexity,TAALES,COCA_magazine_tri_prop_70k,complexity_measure
complexity__TAALES__COCA_magazine_tri_prop_80k,complexity,TAALES,COCA_magazine_tri_prop_80k,complexity_measure
complexity__TAALES__COCA_magazine_tri_prop_90k,complexity,TAALES,COCA_magazine_tri_prop_90k,complexity_measure
complexity__TAALES__COCA_magazine_tri_prop_100k,complexity,TAALES,COCA_magazine_tri_prop_100k,complexity_measure
complexity__TAALES__COCA_News_Trigram_Frequency,complexity,TAALES,COCA_News_Trigram_Frequency,complexity_measure
complexity__TAALES__COCA_News_Trigram_Range,complexity,TAALES,COCA_News_Trigram_Range,complexity_measure
complexity__TAALES__COCA_News_Trigram_Frequency_Log,complexity,TAALES,COCA_News_Trigram_Frequency_Log,complexity_measure
complexity__TAALES__COCA_News_Trigram_Range_Log,complexity,TAALES,COCA_News_Trigram_Range_Log,complexity_measure
complexity__TAALES__COCA_news_tri_MI,complexity,TAALES,COCA_news_tri_MI,complexity_measure
complexity__TAALES__COCA_news_tri_MI2,complexity,TAALES,COCA_news_tri_MI2,complexity_measure
complexity__TAALES__COCA_news_tri_T,complexity,TAALES,COCA_news_tri_T,complexity_measure
complexity__TAALES__COCA_news_tri_DP,complexity,TAALES,COCA_news_tri_DP,complexity_measure
complexity__TAALES__COCA_news_tri_AC,complexity,TAALES,COCA_news_tri_AC,complexity_measure
complexity__TAALES__COCA_news_tri_2_MI,complexity,TAALES,COCA_news_tri_2_MI,complexity_measure
complexity__TAALES__COCA_news_tri_2_MI2,complexity,TAALES,COCA_news_tri_2_MI2,complexity_measure
complexity__TAALES__COCA_news_tri_2_T,complexity,TAALES,COCA_news_tri_2_T,complexity_measure
complexity__TAALES__COCA_news_tri_2_DP,complexity,TAALES,COCA_news_tri_2_DP,complexity_measure
complexity__TAALES__COCA_news_tri_2_AC,complexity,TAALES,COCA_news_tri_2_AC,complexity_measure
complexity__TAALES__COCA_news_tri_prop_10k,complexity,TAALES,COCA_news_tri_prop_10k,complexity_measure
complexity__TAALES__COCA_news_tri_prop_20k,complexity,TAALES,COCA_news_tri_prop_20k,complexity_measure
complexity__TAALES__COCA_news_tri_prop_30k,complexity,TAALES,COCA_news_tri_prop_30k,complexity_measure
complexity__TAALES__COCA_news_tri_prop_40k,complexity,TAALES,COCA_news_tri_prop_40k,complexity_measure
complexity__TAALES__COCA_news_tri_prop_50k,complexity,TAALES,COCA_news_tri_prop_50k,complexity_measure
complexity__TAALES__COCA_news_tri_prop_60k,complexity,TAALES,COCA_news_tri_prop_60k,complexity_measure
complexity__TAALES__COCA_news_tri_prop_70k,complexity,TAALES,COCA_news_tri_prop_70k,complexity_measure
complexity__TAALES__COCA_news_tri_prop_80k,complexity,TAALES,COCA_news_tri_prop_80k,complexity_measure
complexity__TAALES__COCA_news_tri_prop_90k,complexity,TAALES,COCA_news_tri_prop_90k,complexity_measure
complexity__TAALES__COCA_news_tri_prop_100k,complexity,TAALES,COCA_news_tri_prop_100k,complexity_measure
complexity__TAALES__COCA_spoken_Trigram_Frequency,complexity,TAALES,COCA_spoken_Trigram_Frequency,complexity_measure
complexity__TAALES__COCA_spoken_Trigram_Range,complexity,TAALES,COCA_spoken_Trigram_Range,complexity_measure
complexity__TAALES__COCA_spoken_Trigram_Frequency_Log,complexity,TAALES,COCA_spoken_Trigram_Frequency_Log,complexity_measure
complexity__TAALES__COCA_spoken_Trigram_Range_Log,complexity,TAALES,COCA_spoken_Trigram_Range_Log,complexity_measure
complexity__TAALES__COCA_spoken_tri_MI,complexity,TAALES,COCA_spoken_tri_MI,complexity_measure
complexity__TAALES__COCA_spoken_tri_MI2,complexity,TAALES,COCA_spoken_tri_MI2,complexity_measure
complexity__TAALES__COCA_spoken_tri_T,complexity,TAALES,COCA_spoken_tri_T,complexity_measure
complexity__TAALES__COCA_spoken_tri_DP,complexity,TAALES,COCA_spoken_tri_DP,complexity_measure
complexity__TAALES__COCA_spoken_tri_AC,complexity,TAALES,COCA_spoken_tri_AC,complexity_measure
complexity__TAALES__COCA_spoken_tri_2_MI,complexity,TAALES,COCA_spoken_tri_2_MI,complexity_measure
complexity__TAALES__COCA_spoken_tri_2_MI2,complexity,TAALES,COCA_spoken_tri_2_MI2,complexity_measure
complexity__TAALES__COCA_spoken_tri_2_T,complexity,TAALES,COCA_spoken_tri_2_T,complexity_measure
complexity__TAALES__COCA_spoken_tri_2_DP,complexity,TAALES,COCA_spoken_tri_2_DP,complexity_measure
complexity__TAALES__COCA_spoken_tri_2_AC,complexity,TAALES,COCA_spoken_tri_2_AC,complexity_measure
complexity__TAALES__COCA_spoken_tri_prop_10k,complexity,TAALES,COCA_spoken_tri_prop_10k,complexity_measure
complexity__TAALES__COCA_spoken_tri_prop_20k,complexity,TAALES,COCA_spoken_tri_prop_20k,complexity_measure
complexity__TAALES__COCA_spoken_tri_prop_30k,complexity,TAALES,COCA_spoken_tri_prop_30k,complexity_measure
complexity__TAALES__COCA_spoken_tri_prop_40k,complexity,TAALES,COCA_spoken_tri_prop_40k,complexity_measure
complexity__TAALES__COCA_spoken_tri_prop_50k,complexity,TAALES,COCA_spoken_tri_prop_50k,complexity_measure
complexity__TAALES__COCA_spoken_tri_prop_60k,complexity,TAALES,COCA_spoken_tri_prop_60k,complexity_measure
complexity__TAALES__COCA_spoken_tri_prop_70k,complexity,TAALES,COCA_spoken_tri_prop_70k,complexity_measure
complexity__TAALES__COCA_spoken_tri_prop_80k,complexity,TAALES,COCA_spoken_tri_prop_80k,complexity_measure
complexity__TAALES__COCA_spoken_tri_prop_90k,complexity,TAALES,COCA_spoken_tri_prop_90k,complexity_measure
complexity__TAALES__COCA_spoken_tri_prop_100k,complexity,TAALES,COCA_spoken_tri_prop_100k,complexity_measure
complexity__TAALES__eat_types,complexity,TAALES,eat_types,complexity_measure
complexity__TAALES__eat_tokens,complexity,TAALES,eat_tokens,complexity_measure
complexity__TAALES__USF,complexity,TAALES,USF,complexity_measure
complexity__TAALES__McD_CD,complexity,TAALES,McD_CD,complexity_measure
complexity__TAALES__Sem_D,complexity,TAALES,Sem_D,complexity_measure
complexity__TAALES__eat_types_CW,complexity,TAALES,eat_types_CW,complexity_measure
complexity__TAALES__eat_tokens_CW,complexity,TAALES,eat_tokens_CW,complexity_measure
complexity__TAALES__USF_CW,complexity,TAALES,USF_CW,complexity_measure
complexity__TAALES__McD_CD_CW,complexity,TAALES,McD_CD_CW,complexity_measure
complexity__TAALES__Sem_D_CW,complexity,TAALES,Sem_D_CW,complexity_measure
complexity__TAALES__eat_types_FW,complexity,TAALES,eat_types_FW,complexity_measure
complexity__TAALES__eat_tokens_FW,complexity,TAALES,eat_tokens_FW,complexity_measure
complexity__TAALES__USF_FW,complexity,TAALES,USF_FW,complexity_measure
complexity__TAALES__McD_CD_FW,complexity,TAALES,McD_CD_FW,complexity_measure
complexity__TAALES__Sem_D_FW,complexity,TAALES,Sem_D_FW,complexity_measure
complexity__TAALES__All_AWL_Normed,complexity,TAALES,All_AWL_Normed,complexity_measure
complexity__TAALES__AWL_Sublist_1_Normed,complexity,TAALES,AWL_Sublist_1_Normed,complexity_measure
complexity__TAALES__AWL_Sublist_2_Normed,complexity,TAALES,AWL_Sublist_2_Normed,complexity_measure
complexity__TAALES__AWL_Sublist_3_Normed,complexity,TAALES,AWL_Sublist_3_Normed,complexity_measure
complexity__TAALES__AWL_Sublist_4_Normed,complexity,TAALES,AWL_Sublist_4_Normed,complexity_measure
complexity__TAALES__AWL_Sublist_5_Normed,complexity,TAALES,AWL_Sublist_5_Normed,complexity_measure
complexity__TAALES__AWL_Sublist_6_Normed,complexity,TAALES,AWL_Sublist_6_Normed,complexity_measure
complexity__TAALES__AWL_Sublist_7_Normed,complexity,TAALES,AWL_Sublist_7_Normed,complexity_measure
complexity__TAALES__AWL_Sublist_8_Normed,complexity,TAALES,AWL_Sublist_8_Normed,complexity_measure
complexity__TAALES__AWL_Sublist_9_Normed,complexity,TAALES,AWL_Sublist_9_Normed,complexity_measure
complexity__TAALES__AWL_Sublist_10_Normed,complexity,TAALES,AWL_Sublist_10_Normed,complexity_measure
complexity__TAALES__All_AFL_Normed,complexity,TAALES,All_AFL_Normed,complexity_measure
complexity__TAALES__Core_AFL_Normed,complexity,TAALES,Core_AFL_Normed,complexity_measure
complexity__TAALES__Spoken_AFL_Normed,complexity,TAALES,Spoken_AFL_Normed,complexity_measure
complexity__TAALES__Written_AFL_Normed,complexity,TAALES,Written_AFL_Normed,complexity_measure
complexity__TAALES__Freq_HAL,complexity,TAALES,Freq_HAL,complexity_measure
complexity__TAALES__Log_Freq_HAL,complexity,TAALES,Log_Freq_HAL,complexity_measure
complexity__TAALES__Ortho_N,complexity,TAALES,Ortho_N,complexity_measure
complexity__TAALES__Phono_N,complexity,TAALES,Phono_N,complexity_measure
complexity__TAALES__Phono_N_H,complexity,TAALES,Phono_N_H,complexity_measure
complexity__TAALES__OG_N,complexity,TAALES,OG_N,complexity_measure
complexity__TAALES__OG_N_H,complexity,TAALES,OG_N_H,complexity_measure
complexity__TAALES__Freq_N,complexity,TAALES,Freq_N,complexity_measure
complexity__TAALES__Freq_N_P,complexity,TAALES,Freq_N_P,complexity_measure
complexity__TAALES__Freq_N_PH,complexity,TAALES,Freq_N_PH,complexity_measure
complexity__TAALES__Freq_N_OG,complexity,TAALES,Freq_N_OG,complexity_measure
complexity__TAALES__Freq_N_OGH,complexity,TAALES,Freq_N_OGH,complexity_measure
complexity__TAALES__OLD,complexity,TAALES,OLD,complexity_measure
complexity__TAALES__OLDF,complexity,TAALES,OLDF,complexity_measure
complexity__TAALES__PLD,complexity,TAALES,PLD,complexity_measure
complexity__TAALES__PLDF,complexity,TAALES,PLDF,complexity_measure
complexity__TAALES__Freq_HAL_CW,complexity,TAALES,Freq_HAL_CW,complexity_measure
complexity__TAALES__Log_Freq_HAL_CW,complexity,TAALES,Log_Freq_HAL_CW,complexity_measure
complexity__TAALES__Ortho_N_CW,complexity,TAALES,Ortho_N_CW,complexity_measure
complexity__TAALES__Phono_N_CW,complexity,TAALES,Phono_N_CW,complexity_measure
complexity__TAALES__Phono_N_H_CW,complexity,TAALES,Phono_N_H_CW,complexity_measure
complexity__TAALES__OG_N_CW,complexity,TAALES,OG_N_CW,complexity_measure
complexity__TAALES__OG_N_H_CW,complexity,TAALES,OG_N_H_CW,complexity_measure
complexity__TAALES__Freq_N_CW,complexity,TAALES,Freq_N_CW,complexity_measure
complexity__TAALES__Freq_N_P_CW,complexity,TAALES,Freq_N_P_CW,complexity_measure
complexity__TAALES__Freq_N_PH_CW,complexity,TAALES,Freq_N_PH_CW,complexity_measure
complexity__TAALES__Freq_N_OG_CW,complexity,TAALES,Freq_N_OG_CW,complexity_measure
complexity__TAALES__Freq_N_OGH_CW,complexity,TAALES,Freq_N_OGH_CW,complexity_measure
complexity__TAALES__OLD_CW,complexity,TAALES,OLD_CW,complexity_measure
complexity__TAALES__OLDF_CW,complexity,TAALES,OLDF_CW,complexity_measure
complexity__TAALES__PLD_CW,complexity,TAALES,PLD_CW,complexity_measure
complexity__TAALES__PLDF_CW,complexity,TAALES,PLDF_CW,complexity_measure
complexity__TAALES__Freq_HAL_FW,complexity,TAALES,Freq_HAL_FW,complexity_measure
complexity__TAALES__Log_Freq_HAL_FW,complexity,TAALES,Log_Freq_HAL_FW,complexity_measure
complexity__TAALES__Ortho_N_FW,complexity,TAALES,Ortho_N_FW,complexity_measure
complexity__TAALES__Phono_N_FW,complexity,TAALES,Phono_N_FW,complexity_measure
complexity__TAALES__Phono_N_H_FW,complexity,TAALES,Phono_N_H_FW,complexity_measure
complexity__TAALES__OG_N_FW,complexity,TAALES,OG_N_FW,complexity_measure
complexity__TAALES__OG_N_H_FW,complexity,TAALES,OG_N_H_FW,complexity_measure
complexity__TAALES__Freq_N_FW,complexity,TAALES,Freq_N_FW,complexity_measure
complexity__TAALES__Freq_N_P_FW,complexity,TAALES,Freq_N_P_FW,complexity_measure
complexity__TAALES__Freq_N_PH_FW,complexity,TAALES,Freq_N_PH_FW,complexity_measure
complexity__TAALES__Freq_N_OG_FW,complexity,TAALES,Freq_N_OG_FW,complexity_measure
complexity__TAALES__Freq_N_OGH_FW,complexity,TAALES,Freq_N_OGH_FW,complexity_measure
complexity__TAALES__OLD_FW,complexity,TAALES,OLD_FW,complexity_measure
complexity__TAALES__OLDF_FW,complexity,TAALES,OLDF_FW,complexity_measure
complexity__TAALES__PLD_FW,complexity,TAALES,PLD_FW,complexity_measure
complexity__TAALES__PLDF_FW,complexity,TAALES,PLDF_FW,complexity_measure
complexity__TAALES__BG_Mean,complexity,TAALES,BG_Mean,complexity_measure
complexity__TAALES__LD_Mean_RT,complexity,TAALES,LD_Mean_RT,complexity_measure
complexity__TAALES__LD_Mean_RT_Zscore,complexity,TAALES,LD_Mean_RT_Zscore,complexity_measure
complexity__TAALES__LD_Mean_RT_SD,complexity,TAALES,LD_Mean_RT_SD,complexity_measure
complexity__TAALES__LD_Mean_Accuracy,complexity,TAALES,LD_Mean_Accuracy,complexity_measure
complexity__TAALES__WN_Mean_RT,complexity,TAALES,WN_Mean_RT,complexity_measure
complexity__TAALES__WN_Zscore,complexity,TAALES,WN_Zscore,complexity_measure
complexity__TAALES__WN_SD,complexity,TAALES,WN_SD,complexity_measure
complexity__TAALES__WN_Mean_Accuracy,complexity,TAALES,WN_Mean_Accuracy,complexity_measure
complexity__TAALES__BG_Mean_CW,complexity,TAALES,BG_Mean_CW,complexity_measure
complexity__TAALES__LD_Mean_RT_CW,complexity,TAALES,LD_Mean_RT_CW,complexity_measure
complexity__TAALES__LD_Mean_RT_Zscore_CW,complexity,TAALES,LD_Mean_RT_Zscore_CW,complexity_measure
complexity__TAALES__LD_Mean_RT_SD_CW,complexity,TAALES,LD_Mean_RT_SD_CW,complexity_measure
complexity__TAALES__LD_Mean_Accuracy_CW,complexity,TAALES,LD_Mean_Accuracy_CW,complexity_measure
complexity__TAALES__WN_Mean_RT_CW,complexity,TAALES,WN_Mean_RT_CW,complexity_measure
complexity__TAALES__WN_Zscore_CW,complexity,TAALES,WN_Zscore_CW,complexity_measure
complexity__TAALES__WN_SD_CW,complexity,TAALES,WN_SD_CW,complexity_measure
complexity__TAALES__WN_Mean_Accuracy_CW,complexity,TAALES,WN_Mean_Accuracy_CW,complexity_measure
complexity__TAALES__BG_Mean_FW,complexity,TAALES,BG_Mean_FW,complexity_measure
complexity__TAALES__LD_Mean_RT_FW,complexity,TAALES,LD_Mean_RT_FW,complexity_measure
complexity__TAALES__LD_Mean_RT_Zscore_FW,complexity,TAALES,LD_Mean_RT_Zscore_FW,complexity_measure
complexity__TAALES__LD_Mean_RT_SD_FW,complexity,TAALES,LD_Mean_RT_SD_FW,complexity_measure
complexity__TAALES__LD_Mean_Accuracy_FW,complexity,TAALES,LD_Mean_Accuracy_FW,complexity_measure
complexity__TAALES__WN_Mean_RT_FW,complexity,TAALES,WN_Mean_RT_FW,complexity_measure
complexity__TAALES__WN_Zscore_FW,complexity,TAALES,WN_Zscore_FW,complexity_measure
complexity__TAALES__WN_SD_FW,complexity,TAALES,WN_SD_FW,complexity_measure
complexity__TAALES__WN_Mean_Accuracy_FW,complexity,TAALES,WN_Mean_Accuracy_FW,complexity_measure
complexity__TAALES__lsa_average_top_three_cosine,complexity,TAALES,lsa_average_top_three_cosine,complexity_measure
complexity__TAALES__lsa_max_similarity_cosine,complexity,TAALES,lsa_max_similarity_cosine,complexity_measure
complexity__TAALES__lsa_average_all_cosine,complexity,TAALES,lsa_average_all_cosine,complexity_measure
complexity__TAALES__aoe_inverse_average,complexity,TAALES,aoe_inverse_average,complexity_measure
complexity__TAALES__aoe_inverse_linear_regression_slope,complexity,TAALES,aoe_inverse_linear_regression_slope,complexity_measure
complexity__TAALES__aoe_index_above_threshold_40,complexity,TAALES,aoe_index_above_threshold_40,complexity_measure
complexity__TAALES__aoe_inflection_point_polynomial,complexity,TAALES,aoe_inflection_point_polynomial,complexity_measure
complexity__TAALES__content_poly,complexity,TAALES,content_poly,complexity_measure
complexity__TAALES__poly_noun,complexity,TAALES,poly_noun,complexity_measure
complexity__TAALES__poly_verb,complexity,TAALES,poly_verb,complexity_measure
complexity__TAALES__poly_adj,complexity,TAALES,poly_adj,complexity_measure
complexity__TAALES__poly_adv,complexity,TAALES,poly_adv,complexity_measure
complexity__TAALES__hyper_noun_S1_P1,complexity,TAALES,hyper_noun_S1_P1,complexity_measure
complexity__TAALES__hyper_noun_Sav_P1,complexity,TAALES,hyper_noun_Sav_P1,complexity_measure
complexity__TAALES__hyper_noun_Sav_Pav,complexity,TAALES,hyper_noun_Sav_Pav,complexity_measure
complexity__TAALES__hyper_verb_S1_P1,complexity,TAALES,hyper_verb_S1_P1,complexity_measure
complexity__TAALES__hyper_verb_Sav_P1,complexity,TAALES,hyper_verb_Sav_P1,complexity_measure
complexity__TAALES__hyper_verb_Sav_Pav,complexity,TAALES,hyper_verb_Sav_Pav,complexity_measure
complexity__TAALES__hyper_verb_noun_s1_p1,complexity,TAALES,hyper_verb_noun_s1_p1,complexity_measure
complexity__TAALES__hyper_verb_noun_Sav_P1,complexity,TAALES,hyper_verb_noun_Sav_P1,complexity_measure
complexity__TAALES__hyper_verb_noun_Sav_Pav,complexity,TAALES,hyper_verb_noun_Sav_Pav,complexity_measure
complexity__TAALES_COVERAGE__cw_percentage,complexity,TAALES_COVERAGE,cw_percentage,index_coverage
complexity__TAALES_COVERAGE__fw_percentage,complexity,TAALES_COVERAGE,fw_percentage,index_coverage
complexity__TAALES_COVERAGE__KF_Freq_AW,complexity,TAALES_COVERAGE,KF_Freq_AW,index_coverage
complexity__TAALES_COVERAGE__KF_Freq_AW_Log,complexity,TAALES_COVERAGE,KF_Freq_AW_Log,index_coverage
complexity__TAALES_COVERAGE__KF_Ncats_AW,complexity,TAALES_COVERAGE,KF_Ncats_AW,index_coverage
complexity__TAALES_COVERAGE__KF_Nsamp_AW,complexity,TAALES_COVERAGE,KF_Nsamp_AW,index_coverage
complexity__TAALES_COVERAGE__TL_Freq_AW,complexity,TAALES_COVERAGE,TL_Freq_AW,index_coverage
complexity__TAALES_COVERAGE__TL_Freq_AW_Log,complexity,TAALES_COVERAGE,TL_Freq_AW_Log,index_coverage
complexity__TAALES_COVERAGE__Brown_Freq_AW,complexity,TAALES_COVERAGE,Brown_Freq_AW,index_coverage
complexity__TAALES_COVERAGE__Brown_Freq_AW_Log,complexity,TAALES_COVERAGE,Brown_Freq_AW_Log,index_coverage
complexity__TAALES_COVERAGE__KF_Freq_CW,complexity,TAALES_COVERAGE,KF_Freq_CW,index_coverage
complexity__TAALES_COVERAGE__KF_Freq_CW_Log,complexity,TAALES_COVERAGE,KF_Freq_CW_Log,index_coverage
complexity__TAALES_COVERAGE__KF_Ncats_CW,complexity,TAALES_COVERAGE,KF_Ncats_CW,index_coverage
complexity__TAALES_COVERAGE__KF_Nsamp_CW,complexity,TAALES_COVERAGE,KF_Nsamp_CW,index_coverage
complexity__TAALES_COVERAGE__TL_Freq_CW,complexity,TAALES_COVERAGE,TL_Freq_CW,index_coverage
complexity__TAALES_COVERAGE__TL_Freq_CW_Log,complexity,TAALES_COVERAGE,TL_Freq_CW_Log,index_coverage
complexity__TAALES_COVERAGE__Brown_Freq_CW,complexity,TAALES_COVERAGE,Brown_Freq_CW,index_coverage
complexity__TAALES_COVERAGE__Brown_Freq_CW_Log,complexity,TAALES_COVERAGE,Brown_Freq_CW_Log,index_coverage
complexity__TAALES_COVERAGE__KF_Freq_FW,complexity,TAALES_COVERAGE,KF_Freq_FW,index_coverage
complexity__TAALES_COVERAGE__KF_Freq_FW_Log,complexity,TAALES_COVERAGE,KF_Freq_FW_Log,index_coverage
complexity__TAALES_COVERAGE__KF_Ncats_FW,complexity,TAALES_COVERAGE,KF_Ncats_FW,index_coverage
complexity__TAALES_COVERAGE__KF_Nsamp_FW,complexity,TAALES_COVERAGE,KF_Nsamp_FW,index_coverage
complexity__TAALES_COVERAGE__TL_Freq_FW,complexity,TAALES_COVERAGE,TL_Freq_FW,index_coverage
complexity__TAALES_COVERAGE__TL_Freq_FW_Log,complexity,TAALES_COVERAGE,TL_Freq_FW_Log,index_coverage
complexity__TAALES_COVERAGE__Brown_Freq_FW,complexity,TAALES_COVERAGE,Brown_Freq_FW,index_coverage
complexity__TAALES_COVERAGE__Brown_Freq_FW_Log,complexity,TAALES_COVERAGE,Brown_Freq_FW_Log,index_coverage
complexity__TAALES_COVERAGE__MRC_Familiarity_AW,complexity,TAALES_COVERAGE,MRC_Familiarity_AW,index_coverage
complexity__TAALES_COVERAGE__MRC_Concreteness_AW,complexity,TAALES_COVERAGE,MRC_Concreteness_AW,index_coverage
complexity__TAALES_COVERAGE__MRC_Imageability_AW,complexity,TAALES_COVERAGE,MRC_Imageability_AW,index_coverage
complexity__TAALES_COVERAGE__MRC_Meaningfulness_AW,complexity,TAALES_COVERAGE,MRC_Meaningfulness_AW,index_coverage
complexity__TAALES_COVERAGE__MRC_Familiarity_CW,complexity,TAALES_COVERAGE,MRC_Familiarity_CW,index_coverage
complexity__TAALES_COVERAGE__MRC_Concreteness_CW,complexity,TAALES_COVERAGE,MRC_Concreteness_CW,index_coverage
complexity__TAALES_COVERAGE__MRC_Imageability_CW,complexity,TAALES_COVERAGE,MRC_Imageability_CW,index_coverage
complexity__TAALES_COVERAGE__MRC_Familiarity_FW,complexity,TAALES_COVERAGE,MRC_Familiarity_FW,index_coverage
complexity__TAALES_COVERAGE__MRC_Concreteness_FW,complexity,TAALES_COVERAGE,MRC_Concreteness_FW,index_coverage
complexity__TAALES_COVERAGE__MRC_Imageability_FW,complexity,TAALES_COVERAGE,MRC_Imageability_FW,index_coverage
complexity__TAALES_COVERAGE__MRC_Meaningfulness_FW,complexity,TAALES_COVERAGE,MRC_Meaningfulness_FW,index_coverage
complexity__TAALES_COVERAGE__Kuperman_AoA_AW,complexity,TAALES_COVERAGE,Kuperman_AoA_AW,index_coverage
complexity__TAALES_COVERAGE__Kuperman_AoA_CW,complexity,TAALES_COVERAGE,Kuperman_AoA_CW,index_coverage
complexity__TAALES_COVERAGE__Kuperman_AoA_FW,complexity,TAALES_COVERAGE,Kuperman_AoA_FW,index_coverage
complexity__TAALES_COVERAGE__SUBTLEXus_Freq_AW,complexity,TAALES_COVERAGE,SUBTLEXus_Freq_AW,index_coverage
complexity__TAALES_COVERAGE__SUBTLEXus_Range_AW,complexity,TAALES_COVERAGE,SUBTLEXus_Range_AW,index_coverage
complexity__TAALES_COVERAGE__SUBTLEXus_Freq_AW_Log,complexity,TAALES_COVERAGE,SUBTLEXus_Freq_AW_Log,index_coverage
complexity__TAALES_COVERAGE__SUBTLEXus_Range_AW_Log,complexity,TAALES_COVERAGE,SUBTLEXus_Range_AW_Log,index_coverage
complexity__TAALES_COVERAGE__SUBTLEXus_Freq_CW,complexity,TAALES_COVERAGE,SUBTLEXus_Freq_CW,index_coverage
complexity__TAALES_COVERAGE__SUBTLEXus_Range_CW,complexity,TAALES_COVERAGE,SUBTLEXus_Range_CW,index_coverage
complexity__TAALES_COVERAGE__SUBTLEXus_Freq_CW_Log,complexity,TAALES_COVERAGE,SUBTLEXus_Freq_CW_Log,index_coverage
complexity__TAALES_COVERAGE__SUBTLEXus_Range_CW_Log,complexity,TAALES_COVERAGE,SUBTLEXus_Range_CW_Log,index_coverage
complexity__TAALES_COVERAGE__SUBTLEXus_Freq_FW,complexity,TAALES_COVERAGE,SUBTLEXus_Freq_FW,index_coverage
complexity__TAALES_COVERAGE__SUBTLEXus_Range_FW,complexity,TAALES_COVERAGE,SUBTLEXus_Range_FW,index_coverage
complexity__TAALES_COVERAGE__SUBTLEXus_Freq_FW_Log,complexity,TAALES_COVERAGE,SUBTLEXus_Freq_FW_Log,index_coverage
complexity__TAALES_COVERAGE__SUBTLEXus_Range_FW_Log,complexity,TAALES_COVERAGE,SUBTLEXus_Range_FW_Log,index_coverage
complexity__TAALES_COVERAGE__BNC_Written_Freq_AW,complexity,TAALES_COVERAGE,BNC_Written_Freq_AW,index_coverage
complexity__TAALES_COVERAGE__BNC_Written_Freq_AW_Log,complexity,TAALES_COVERAGE,BNC_Written_Freq_AW_Log,index_coverage
complexity__TAALES_COVERAGE__BNC_Written_Range_AW,complexity,TAALES_COVERAGE,BNC_Written_Range_AW,index_coverage
complexity__TAALES_COVERAGE__BNC_Spoken_Freq_AW,complexity,TAALES_COVERAGE,BNC_Spoken_Freq_AW,index_coverage
complexity__TAALES_COVERAGE__BNC_Spoken_Freq_AW_Log,complexity,TAALES_COVERAGE,BNC_Spoken_Freq_AW_Log,index_coverage
complexity__TAALES_COVERAGE__BNC_Spoken_Range_AW,complexity,TAALES_COVERAGE,BNC_Spoken_Range_AW,index_coverage
complexity__TAALES_COVERAGE__BNC_Written_Freq_CW,complexity,TAALES_COVERAGE,BNC_Written_Freq_CW,index_coverage
complexity__TAALES_COVERAGE__BNC_Written_Freq_CW_Log,complexity,TAALES_COVERAGE,BNC_Written_Freq_CW_Log,index_coverage
complexity__TAALES_COVERAGE__BNC_Written_Range_CW,complexity,TAALES_COVERAGE,BNC_Written_Range_CW,index_coverage
complexity__TAALES_COVERAGE__BNC_Spoken_Freq_CW,complexity,TAALES_COVERAGE,BNC_Spoken_Freq_CW,index_coverage
complexity__TAALES_COVERAGE__BNC_Spoken_Freq_CW_Log,complexity,TAALES_COVERAGE,BNC_Spoken_Freq_CW_Log,index_coverage
complexity__TAALES_COVERAGE__BNC_Spoken_Range_CW,complexity,TAALES_COVERAGE,BNC_Spoken_Range_CW,index_coverage
complexity__TAALES_COVERAGE__BNC_Written_Freq_FW,complexity,TAALES_COVERAGE,BNC_Written_Freq_FW,index_coverage
complexity__TAALES_COVERAGE__BNC_Written_Freq_FW_Log,complexity,TAALES_COVERAGE,BNC_Written_Freq_FW_Log,index_coverage
complexity__TAALES_COVERAGE__BNC_Written_Range_FW,complexity,TAALES_COVERAGE,BNC_Written_Range_FW,index_coverage
complexity__TAALES_COVERAGE__BNC_Spoken_Freq_FW,complexity,TAALES_COVERAGE,BNC_Spoken_Freq_FW,index_coverage
complexity__TAALES_COVERAGE__BNC_Spoken_Freq_FW_Log,complexity,TAALES_COVERAGE,BNC_Spoken_Freq_FW_Log,index_coverage
complexity__TAALES_COVERAGE__BNC_Spoken_Range_FW,complexity,TAALES_COVERAGE,BNC_Spoken_Range_FW,index_coverage
complexity__TAALES_COVERAGE__BNC_Spoken_Bigram_Normed_Freq,complexity,TAALES_COVERAGE,BNC_Spoken_Bigram_Normed_Freq,index_coverage
complexity__TAALES_COVERAGE__BNC_Spoken_Bigram_Normed_Freq_Log,complexity,TAALES_COVERAGE,BNC_Spoken_Bigram_Normed_Freq_Log,index_coverage
complexity__TAALES_COVERAGE__BNC_Written_Bigram_Freq_Normed,complexity,TAALES_COVERAGE,BNC_Written_Bigram_Freq_Normed,index_coverage
complexity__TAALES_COVERAGE__BNC_Written_Bigram_Freq_Normed_Log,complexity,TAALES_COVERAGE,BNC_Written_Bigram_Freq_Normed_Log,index_coverage
complexity__TAALES_COVERAGE__BNC_Spoken_Trigram_Normed_Freq,complexity,TAALES_COVERAGE,BNC_Spoken_Trigram_Normed_Freq,index_coverage
complexity__TAALES_COVERAGE__BNC_Spoken_Trigram_Normed_Freq_Log,complexity,TAALES_COVERAGE,BNC_Spoken_Trigram_Normed_Freq_Log,index_coverage
complexity__TAALES_COVERAGE__BNC_Written_Trigram_Freq_Normed,complexity,TAALES_COVERAGE,BNC_Written_Trigram_Freq_Normed,index_coverage
complexity__TAALES_COVERAGE__BNC_Written_Trigram_Freq_Normed_Log,complexity,TAALES_COVERAGE,BNC_Written_Trigram_Freq_Normed_Log,index_coverage
complexity__TAALES_COVERAGE__COCA_Academic_Range_AW,complexity,TAALES_COVERAGE,COCA_Academic_Range_AW,index_coverage
complexity__TAALES_COVERAGE__COCA_Academic_Frequency_AW,complexity,TAALES_COVERAGE,COCA_Academic_Frequency_AW,index_coverage
complexity__TAALES_COVERAGE__COCA_Academic_Range_Log_AW,complexity,TAALES_COVERAGE,COCA_Academic_Range_Log_AW,index_coverage
complexity__TAALES_COVERAGE__COCA_Academic_Frequency_Log_AW,complexity,TAALES_COVERAGE,COCA_Academic_Frequency_Log_AW,index_coverage
complexity__TAALES_COVERAGE__COCA_Academic_Range_CW,complexity,TAALES_COVERAGE,COCA_Academic_Range_CW,index_coverage
complexity__TAALES_COVERAGE__COCA_Academic_Frequency_CW,complexity,TAALES_COVERAGE,COCA_Academic_Frequency_CW,index_coverage
complexity__TAALES_COVERAGE__COCA_Academic_Range_Log_CW,complexity,TAALES_COVERAGE,COCA_Academic_Range_Log_CW,index_coverage
complexity__TAALES_COVERAGE__COCA_Academic_Frequency_Log_CW,complexity,TAALES_COVERAGE,COCA_Academic_Frequency_Log_CW,index_coverage
complexity__TAALES_COVERAGE__COCA_Academic_Range_FW,complexity,TAALES_COVERAGE,COCA_Academic_Range_FW,index_coverage
complexity__TAALES_COVERAGE__COCA_Academic_Frequency_FW,complexity,TAALES_COVERAGE,COCA_Academic_Frequency_FW,index_coverage
complexity__TAALES_COVERAGE__COCA_Academic_Range_Log_FW,complexity,TAALES_COVERAGE,COCA_Academic_Range_Log_FW,index_coverage
complexity__TAALES_COVERAGE__COCA_Academic_Frequency_Log_FW,complexity,TAALES_COVERAGE,COCA_Academic_Frequency_Log_FW,index_coverage
complexity__TAALES_COVERAGE__COCA_fiction_Range_AW,complexity,TAALES_COVERAGE,COCA_fiction_Range_AW,index_coverage
complexity__TAALES_COVERAGE__COCA_fiction_Frequency_AW,complexity,TAALES_COVERAGE,COCA_fiction_Frequency_AW,index_coverage
complexity__TAALES_COVERAGE__COCA_fiction_Range_Log_AW,complexity,TAALES_COVERAGE,COCA_fiction_Range_Log_AW,index_coverage
complexity__TAALES_COVERAGE__COCA_fiction_Frequency_Log_AW,complexity,TAALES_COVERAGE,COCA_fiction_Frequency_Log_AW,index_coverage
complexity__TAALES_COVERAGE__COCA_fiction_Range_CW,complexity,TAALES_COVERAGE,COCA_fiction_Range_CW,index_coverage
complexity__TAALES_COVERAGE__COCA_fiction_Frequency_CW,complexity,TAALES_COVERAGE,COCA_fiction_Frequency_CW,index_coverage
complexity__TAALES_COVERAGE__COCA_fiction_Range_Log_CW,complexity,TAALES_COVERAGE,COCA_fiction_Range_Log_CW,index_coverage
complexity__TAALES_COVERAGE__COCA_fiction_Frequency_Log_CW,complexity,TAALES_COVERAGE,COCA_fiction_Frequency_Log_CW,index_coverage
complexity__TAALES_COVERAGE__COCA_fiction_Range_FW,complexity,TAALES_COVERAGE,COCA_fiction_Range_FW,index_coverage
complexity__TAALES_COVERAGE__COCA_fiction_Frequency_FW,complexity,TAALES_COVERAGE,COCA_fiction_Frequency_FW,index_coverage
complexity__TAALES_COVERAGE__COCA_fiction_Range_Log_FW,complexity,TAALES_COVERAGE,COCA_fiction_Range_Log_FW,index_coverage
complexity__TAALES_COVERAGE__COCA_fiction_Frequency_Log_FW,complexity,TAALES_COVERAGE,COCA_fiction_Frequency_Log_FW,index_coverage
complexity__TAALES_COVERAGE__COCA_magazine_Range_AW,complexity,TAALES_COVERAGE,COCA_magazine_Range_AW,index_coverage
complexity__TAALES_COVERAGE__COCA_magazine_Frequency_AW,complexity,TAALES_COVERAGE,COCA_magazine_Frequency_AW,index_coverage
complexity__TAALES_COVERAGE__COCA_magazine_Range_Log_AW,complexity,TAALES_COVERAGE,COCA_magazine_Range_Log_AW,index_coverage
complexity__TAALES_COVERAGE__COCA_magazine_Frequency_Log_AW,complexity,TAALES_COVERAGE,COCA_magazine_Frequency_Log_AW,index_coverage
complexity__TAALES_COVERAGE__COCA_magazine_Range_CW,complexity,TAALES_COVERAGE,COCA_magazine_Range_CW,index_coverage
complexity__TAALES_COVERAGE__COCA_magazine_Frequency_CW,complexity,TAALES_COVERAGE,COCA_magazine_Frequency_CW,index_coverage
complexity__TAALES_COVERAGE__COCA_magazine_Range_Log_CW,complexity,TAALES_COVERAGE,COCA_magazine_Range_Log_CW,index_coverage
complexity__TAALES_COVERAGE__COCA_magazine_Frequency_Log_CW,complexity,TAALES_COVERAGE,COCA_magazine_Frequency_Log_CW,index_coverage
complexity__TAALES_COVERAGE__COCA_magazine_Range_FW,complexity,TAALES_COVERAGE,COCA_magazine_Range_FW,index_coverage
complexity__TAALES_COVERAGE__COCA_magazine_Frequency_FW,complexity,TAALES_COVERAGE,COCA_magazine_Frequency_FW,index_coverage
complexity__TAALES_COVERAGE__COCA_magazine_Range_Log_FW,complexity,TAALES_COVERAGE,COCA_magazine_Range_Log_FW,index_coverage
complexity__TAALES_COVERAGE__COCA_magazine_Frequency_Log_FW,complexity,TAALES_COVERAGE,COCA_magazine_Frequency_Log_FW,index_coverage
complexity__TAALES_COVERAGE__COCA_news_Range_AW,complexity,TAALES_COVERAGE,COCA_news_Range_AW,index_coverage
complexity__TAALES_COVERAGE__COCA_news_Frequency_AW,complexity,TAALES_COVERAGE,COCA_news_Frequency_AW,index_coverage
complexity__TAALES_COVERAGE__COCA_news_Range_Log_AW,complexity,TAALES_COVERAGE,COCA_news_Range_Log_AW,index_coverage
complexity__TAALES_COVERAGE__COCA_news_Frequency_Log_AW,complexity,TAALES_COVERAGE,COCA_news_Frequency_Log_AW,index_coverage
complexity__TAALES_COVERAGE__COCA_news_Range_CW,complexity,TAALES_COVERAGE,COCA_news_Range_CW,index_coverage
complexity__TAALES_COVERAGE__COCA_news_Frequency_CW,complexity,TAALES_COVERAGE,COCA_news_Frequency_CW,index_coverage
complexity__TAALES_COVERAGE__COCA_news_Range_Log_CW,complexity,TAALES_COVERAGE,COCA_news_Range_Log_CW,index_coverage
complexity__TAALES_COVERAGE__COCA_news_Frequency_Log_CW,complexity,TAALES_COVERAGE,COCA_news_Frequency_Log_CW,index_coverage
complexity__TAALES_COVERAGE__COCA_news_Range_FW,complexity,TAALES_COVERAGE,COCA_news_Range_FW,index_coverage
complexity__TAALES_COVERAGE__COCA_news_Frequency_FW,complexity,TAALES_COVERAGE,COCA_news_Frequency_FW,index_coverage
complexity__TAALES_COVERAGE__COCA_news_Range_Log_FW,complexity,TAALES_COVERAGE,COCA_news_Range_Log_FW,index_coverage
complexity__TAALES_COVERAGE__COCA_news_Frequency_Log_FW,complexity,TAALES_COVERAGE,COCA_news_Frequency_Log_FW,index_coverage
complexity__TAALES_COVERAGE__COCA_spoken_Range_AW,complexity,TAALES_COVERAGE,COCA_spoken_Range_AW,index_coverage
complexity__TAALES_COVERAGE__COCA_spoken_Frequency_AW,complexity,TAALES_COVERAGE,COCA_spoken_Frequency_AW,index_coverage
complexity__TAALES_COVERAGE__COCA_spoken_Range_Log_AW,complexity,TAALES_COVERAGE,COCA_spoken_Range_Log_AW,index_coverage
complexity__TAALES_COVERAGE__COCA_spoken_Frequency_Log_AW,complexity,TAALES_COVERAGE,COCA_spoken_Frequency_Log_AW,index_coverage
complexity__TAALES_COVERAGE__COCA_spoken_Range_CW,complexity,TAALES_COVERAGE,COCA_spoken_Range_CW,index_coverage
complexity__TAALES_COVERAGE__COCA_spoken_Frequency_CW,complexity,TAALES_COVERAGE,COCA_spoken_Frequency_CW,index_coverage
complexity__TAALES_COVERAGE__COCA_spoken_Range_Log_CW,complexity,TAALES_COVERAGE,COCA_spoken_Range_Log_CW,index_coverage
complexity__TAALES_COVERAGE__COCA_spoken_Frequency_Log_CW,complexity,TAALES_COVERAGE,COCA_spoken_Frequency_Log_CW,index_coverage
complexity__TAALES_COVERAGE__COCA_spoken_Range_FW,complexity,TAALES_COVERAGE,COCA_spoken_Range_FW,index_coverage
complexity__TAALES_COVERAGE__COCA_spoken_Frequency_FW,complexity,TAALES_COVERAGE,COCA_spoken_Frequency_FW,index_coverage
complexity__TAALES_COVERAGE__COCA_spoken_Range_Log_FW,complexity,TAALES_COVERAGE,COCA_spoken_Range_Log_FW,index_coverage
complexity__TAALES_COVERAGE__COCA_spoken_Frequency_Log_FW,complexity,TAALES_COVERAGE,COCA_spoken_Frequency_Log_FW,index_coverage
complexity__TAALES_COVERAGE__COCA_Academic_Bigram_Frequency,complexity,TAALES_COVERAGE,COCA_Academic_Bigram_Frequency,index_coverage
complexity__TAALES_COVERAGE__COCA_Academic_Bigram_Range,complexity,TAALES_COVERAGE,COCA_Academic_Bigram_Range,index_coverage
complexity__TAALES_COVERAGE__COCA_Academic_Bigram_Frequency_Log,complexity,TAALES_COVERAGE,COCA_Academic_Bigram_Frequency_Log,index_coverage
complexity__TAALES_COVERAGE__COCA_Academic_Bigram_Range_Log,complexity,TAALES_COVERAGE,COCA_Academic_Bigram_Range_Log,index_coverage
complexity__TAALES_COVERAGE__COCA_academic_bi_MI,complexity,TAALES_COVERAGE,COCA_academic_bi_MI,index_coverage
complexity__TAALES_COVERAGE__COCA_academic_bi_MI2,complexity,TAALES_COVERAGE,COCA_academic_bi_MI2,index_coverage
complexity__TAALES_COVERAGE__COCA_academic_bi_T,complexity,TAALES_COVERAGE,COCA_academic_bi_T,index_coverage
complexity__TAALES_COVERAGE__COCA_academic_bi_DP,complexity,TAALES_COVERAGE,COCA_academic_bi_DP,index_coverage
complexity__TAALES_COVERAGE__COCA_academic_bi_AC,complexity,TAALES_COVERAGE,COCA_academic_bi_AC,index_coverage
complexity__TAALES_COVERAGE__COCA_Fiction_Bigram_Frequency,complexity,TAALES_COVERAGE,COCA_Fiction_Bigram_Frequency,index_coverage
complexity__TAALES_COVERAGE__COCA_Fiction_Bigram_Range,complexity,TAALES_COVERAGE,COCA_Fiction_Bigram_Range,index_coverage
complexity__TAALES_COVERAGE__COCA_Fiction_Bigram_Frequency_Log,complexity,TAALES_COVERAGE,COCA_Fiction_Bigram_Frequency_Log,index_coverage
complexity__TAALES_COVERAGE__COCA_Fiction_Bigram_Range_Log,complexity,TAALES_COVERAGE,COCA_Fiction_Bigram_Range_Log,index_coverage
complexity__TAALES_COVERAGE__COCA_fiction_bi_MI,complexity,TAALES_COVERAGE,COCA_fiction_bi_MI,index_coverage
complexity__TAALES_COVERAGE__COCA_fiction_bi_MI2,complexity,TAALES_COVERAGE,COCA_fiction_bi_MI2,index_coverage
complexity__TAALES_COVERAGE__COCA_fiction_bi_T,complexity,TAALES_COVERAGE,COCA_fiction_bi_T,index_coverage
complexity__TAALES_COVERAGE__COCA_fiction_bi_DP,complexity,TAALES_COVERAGE,COCA_fiction_bi_DP,index_coverage
complexity__TAALES_COVERAGE__COCA_fiction_bi_AC,complexity,TAALES_COVERAGE,COCA_fiction_bi_AC,index_coverage
complexity__TAALES_COVERAGE__COCA_Magazine_Bigram_Frequency,complexity,TAALES_COVERAGE,COCA_Magazine_Bigram_Frequency,index_coverage
complexity__TAALES_COVERAGE__COCA_Magazine_Bigram_Range,complexity,TAALES_COVERAGE,COCA_Magazine_Bigram_Range,index_coverage
complexity__TAALES_COVERAGE__COCA_Magazine_Bigram_Frequency_Log,complexity,TAALES_COVERAGE,COCA_Magazine_Bigram_Frequency_Log,index_coverage
complexity__TAALES_COVERAGE__COCA_Magazine_Bigram_Range_Log,complexity,TAALES_COVERAGE,COCA_Magazine_Bigram_Range_Log,index_coverage
complexity__TAALES_COVERAGE__COCA_magazine_bi_MI,complexity,TAALES_COVERAGE,COCA_magazine_bi_MI,index_coverage
complexity__TAALES_COVERAGE__COCA_magazine_bi_MI2,complexity,TAALES_COVERAGE,COCA_magazine_bi_MI2,index_coverage
complexity__TAALES_COVERAGE__COCA_magazine_bi_T,complexity,TAALES_COVERAGE,COCA_magazine_bi_T,index_coverage
complexity__TAALES_COVERAGE__COCA_magazine_bi_DP,complexity,TAALES_COVERAGE,COCA_magazine_bi_DP,index_coverage
complexity__TAALES_COVERAGE__COCA_magazine_bi_AC,complexity,TAALES_COVERAGE,COCA_magazine_bi_AC,index_coverage
complexity__TAALES_COVERAGE__COCA_News_Bigram_Frequency,complexity,TAALES_COVERAGE,COCA_News_Bigram_Frequency,index_coverage
complexity__TAALES_COVERAGE__COCA_News_Bigram_Range,complexity,TAALES_COVERAGE,COCA_News_Bigram_Range,index_coverage
complexity__TAALES_COVERAGE__COCA_News_Bigram_Frequency_Log,complexity,TAALES_COVERAGE,COCA_News_Bigram_Frequency_Log,index_coverage
complexity__TAALES_COVERAGE__COCA_News_Bigram_Range_Log,complexity,TAALES_COVERAGE,COCA_News_Bigram_Range_Log,index_coverage
complexity__TAALES_COVERAGE__COCA_news_bi_MI,complexity,TAALES_COVERAGE,COCA_news_bi_MI,index_coverage
complexity__TAALES_COVERAGE__COCA_news_bi_MI2,complexity,TAALES_COVERAGE,COCA_news_bi_MI2,index_coverage
complexity__TAALES_COVERAGE__COCA_news_bi_T,complexity,TAALES_COVERAGE,COCA_news_bi_T,index_coverage
complexity__TAALES_COVERAGE__COCA_news_bi_DP,complexity,TAALES_COVERAGE,COCA_news_bi_DP,index_coverage
complexity__TAALES_COVERAGE__COCA_news_bi_AC,complexity,TAALES_COVERAGE,COCA_news_bi_AC,index_coverage
complexity__TAALES_COVERAGE__COCA_spoken_Bigram_Frequency,complexity,TAALES_COVERAGE,COCA_spoken_Bigram_Frequency,index_coverage
complexity__TAALES_COVERAGE__COCA_spoken_Bigram_Range,complexity,TAALES_COVERAGE,COCA_spoken_Bigram_Range,index_coverage
complexity__TAALES_COVERAGE__COCA_spoken_Bigram_Frequency_Log,complexity,TAALES_COVERAGE,COCA_spoken_Bigram_Frequency_Log,index_coverage
complexity__TAALES_COVERAGE__COCA_spoken_Bigram_Range_Log,complexity,TAALES_COVERAGE,COCA_spoken_Bigram_Range_Log,index_coverage
complexity__TAALES_COVERAGE__COCA_spoken_bi_MI,complexity,TAALES_COVERAGE,COCA_spoken_bi_MI,index_coverage
complexity__TAALES_COVERAGE__COCA_spoken_bi_MI2,complexity,TAALES_COVERAGE,COCA_spoken_bi_MI2,index_coverage
complexity__TAALES_COVERAGE__COCA_spoken_bi_T,complexity,TAALES_COVERAGE,COCA_spoken_bi_T,index_coverage
complexity__TAALES_COVERAGE__COCA_spoken_bi_DP,complexity,TAALES_COVERAGE,COCA_spoken_bi_DP,index_coverage
complexity__TAALES_COVERAGE__COCA_spoken_bi_AC,complexity,TAALES_COVERAGE,COCA_spoken_bi_AC,index_coverage
complexity__TAALES_COVERAGE__COCA_Academic_Trigram_Frequency,complexity,TAALES_COVERAGE,COCA_Academic_Trigram_Frequency,index_coverage
complexity__TAALES_COVERAGE__COCA_Academic_Trigram_Range,complexity,TAALES_COVERAGE,COCA_Academic_Trigram_Range,index_coverage
complexity__TAALES_COVERAGE__COCA_Academic_Trigram_Frequency_Log,complexity,TAALES_COVERAGE,COCA_Academic_Trigram_Frequency_Log,index_coverage
complexity__TAALES_COVERAGE__COCA_Academic_Trigram_Range_Log,complexity,TAALES_COVERAGE,COCA_Academic_Trigram_Range_Log,index_coverage
complexity__TAALES_COVERAGE__COCA_academic_tri_MI,complexity,TAALES_COVERAGE,COCA_academic_tri_MI,index_coverage
complexity__TAALES_COVERAGE__COCA_academic_tri_MI2,complexity,TAALES_COVERAGE,COCA_academic_tri_MI2,index_coverage
complexity__TAALES_COVERAGE__COCA_academic_tri_T,complexity,TAALES_COVERAGE,COCA_academic_tri_T,index_coverage
complexity__TAALES_COVERAGE__COCA_academic_tri_DP,complexity,TAALES_COVERAGE,COCA_academic_tri_DP,index_coverage
complexity__TAALES_COVERAGE__COCA_academic_tri_AC,complexity,TAALES_COVERAGE,COCA_academic_tri_AC,index_coverage
complexity__TAALES_COVERAGE__COCA_academic_tri_2_MI,complexity,TAALES_COVERAGE,COCA_academic_tri_2_MI,index_coverage
complexity__TAALES_COVERAGE__COCA_academic_tri_2_MI2,complexity,TAALES_COVERAGE,COCA_academic_tri_2_MI2,index_coverage
complexity__TAALES_COVERAGE__COCA_academic_tri_2_T,complexity,TAALES_COVERAGE,COCA_academic_tri_2_T,index_coverage
complexity__TAALES_COVERAGE__COCA_academic_tri_2_DP,complexity,TAALES_COVERAGE,COCA_academic_tri_2_DP,index_coverage
complexity__TAALES_COVERAGE__COCA_academic_tri_2_AC,complexity,TAALES_COVERAGE,COCA_academic_tri_2_AC,index_coverage
complexity__TAALES_COVERAGE__COCA_Fiction_Trigram_Frequency,complexity,TAALES_COVERAGE,COCA_Fiction_Trigram_Frequency,index_coverage
complexity__TAALES_COVERAGE__COCA_Fiction_Trigram_Range,complexity,TAALES_COVERAGE,COCA_Fiction_Trigram_Range,index_coverage
complexity__TAALES_COVERAGE__COCA_Fiction_Trigram_Frequency_Log,complexity,TAALES_COVERAGE,COCA_Fiction_Trigram_Frequency_Log,index_coverage
complexity__TAALES_COVERAGE__COCA_Fiction_Trigram_Range_Log,complexity,TAALES_COVERAGE,COCA_Fiction_Trigram_Range_Log,index_coverage
complexity__TAALES_COVERAGE__COCA_fiction_tri_MI,complexity,TAALES_COVERAGE,COCA_fiction_tri_MI,index_coverage
complexity__TAALES_COVERAGE__COCA_fiction_tri_MI2,complexity,TAALES_COVERAGE,COCA_fiction_tri_MI2,index_coverage
complexity__TAALES_COVERAGE__COCA_fiction_tri_T,complexity,TAALES_COVERAGE,COCA_fiction_tri_T,index_coverage
complexity__TAALES_COVERAGE__COCA_fiction_tri_DP,complexity,TAALES_COVERAGE,COCA_fiction_tri_DP,index_coverage
complexity__TAALES_COVERAGE__COCA_fiction_tri_AC,complexity,TAALES_COVERAGE,COCA_fiction_tri_AC,index_coverage
complexity__TAALES_COVERAGE__COCA_fiction_tri_2_MI,complexity,TAALES_COVERAGE,COCA_fiction_tri_2_MI,index_coverage
complexity__TAALES_COVERAGE__COCA_fiction_tri_2_MI2,complexity,TAALES_COVERAGE,COCA_fiction_tri_2_MI2,index_coverage
complexity__TAALES_COVERAGE__COCA_fiction_tri_2_T,complexity,TAALES_COVERAGE,COCA_fiction_tri_2_T,index_coverage
complexity__TAALES_COVERAGE__COCA_fiction_tri_2_DP,complexity,TAALES_COVERAGE,COCA_fiction_tri_2_DP,index_coverage
complexity__TAALES_COVERAGE__COCA_fiction_tri_2_AC,complexity,TAALES_COVERAGE,COCA_fiction_tri_2_AC,index_coverage
complexity__TAALES_COVERAGE__COCA_Magazine_Trigram_Frequency,complexity,TAALES_COVERAGE,COCA_Magazine_Trigram_Frequency,index_coverage
complexity__TAALES_COVERAGE__COCA_Magazine_Trigram_Range,complexity,TAALES_COVERAGE,COCA_Magazine_Trigram_Range,index_coverage
complexity__TAALES_COVERAGE__COCA_Magazine_Trigram_Frequency_Log,complexity,TAALES_COVERAGE,COCA_Magazine_Trigram_Frequency_Log,index_coverage
complexity__TAALES_COVERAGE__COCA_Magazine_Trigram_Range_Log,complexity,TAALES_COVERAGE,COCA_Magazine_Trigram_Range_Log,index_coverage
complexity__TAALES_COVERAGE__COCA_magazine_tri_MI,complexity,TAALES_COVERAGE,COCA_magazine_tri_MI,index_coverage
complexity__TAALES_COVERAGE__COCA_magazine_tri_MI2,complexity,TAALES_COVERAGE,COCA_magazine_tri_MI2,index_coverage
complexity__TAALES_COVERAGE__COCA_magazine_tri_T,complexity,TAALES_COVERAGE,COCA_magazine_tri_T,index_coverage
complexity__TAALES_COVERAGE__COCA_magazine_tri_DP,complexity,TAALES_COVERAGE,COCA_magazine_tri_DP,index_coverage
complexity__TAALES_COVERAGE__COCA_magazine_tri_AC,complexity,TAALES_COVERAGE,COCA_magazine_tri_AC,index_coverage
complexity__TAALES_COVERAGE__COCA_magazine_tri_2_MI,complexity,TAALES_COVERAGE,COCA_magazine_tri_2_MI,index_coverage
complexity__TAALES_COVERAGE__COCA_magazine_tri_2_MI2,complexity,TAALES_COVERAGE,COCA_magazine_tri_2_MI2,index_coverage
complexity__TAALES_COVERAGE__COCA_magazine_tri_2_T,complexity,TAALES_COVERAGE,COCA_magazine_tri_2_T,index_coverage
complexity__TAALES_COVERAGE__COCA_magazine_tri_2_DP,complexity,TAALES_COVERAGE,COCA_magazine_tri_2_DP,index_coverage
complexity__TAALES_COVERAGE__COCA_magazine_tri_2_AC,complexity,TAALES_COVERAGE,COCA_magazine_tri_2_AC,index_coverage
complexity__TAALES_COVERAGE__COCA_News_Trigram_Frequency,complexity,TAALES_COVERAGE,COCA_News_Trigram_Frequency,index_coverage
complexity__TAALES_COVERAGE__COCA_News_Trigram_Range,complexity,TAALES_COVERAGE,COCA_News_Trigram_Range,index_coverage
complexity__TAALES_COVERAGE__COCA_News_Trigram_Frequency_Log,complexity,TAALES_COVERAGE,COCA_News_Trigram_Frequency_Log,index_coverage
complexity__TAALES_COVERAGE__COCA_News_Trigram_Range_Log,complexity,TAALES_COVERAGE,COCA_News_Trigram_Range_Log,index_coverage
complexity__TAALES_COVERAGE__COCA_news_tri_MI,complexity,TAALES_COVERAGE,COCA_news_tri_MI,index_coverage
complexity__TAALES_COVERAGE__COCA_news_tri_MI2,complexity,TAALES_COVERAGE,COCA_news_tri_MI2,index_coverage
complexity__TAALES_COVERAGE__COCA_news_tri_T,complexity,TAALES_COVERAGE,COCA_news_tri_T,index_coverage
complexity__TAALES_COVERAGE__COCA_news_tri_DP,complexity,TAALES_COVERAGE,COCA_news_tri_DP,index_coverage
complexity__TAALES_COVERAGE__COCA_news_tri_AC,complexity,TAALES_COVERAGE,COCA_news_tri_AC,index_coverage
complexity__TAALES_COVERAGE__COCA_news_tri_2_MI,complexity,TAALES_COVERAGE,COCA_news_tri_2_MI,index_coverage
complexity__TAALES_COVERAGE__COCA_news_tri_2_MI2,complexity,TAALES_COVERAGE,COCA_news_tri_2_MI2,index_coverage
complexity__TAALES_COVERAGE__COCA_news_tri_2_T,complexity,TAALES_COVERAGE,COCA_news_tri_2_T,index_coverage
complexity__TAALES_COVERAGE__COCA_news_tri_2_DP,complexity,TAALES_COVERAGE,COCA_news_tri_2_DP,index_coverage
complexity__TAALES_COVERAGE__COCA_news_tri_2_AC,complexity,TAALES_COVERAGE,COCA_news_tri_2_AC,index_coverage
complexity__TAALES_COVERAGE__COCA_spoken_Trigram_Frequency,complexity,TAALES_COVERAGE,COCA_spoken_Trigram_Frequency,index_coverage
complexity__TAALES_COVERAGE__COCA_spoken_Trigram_Range,complexity,TAALES_COVERAGE,COCA_spoken_Trigram_Range,index_coverage
complexity__TAALES_COVERAGE__COCA_spoken_Trigram_Frequency_Log,complexity,TAALES_COVERAGE,COCA_spoken_Trigram_Frequency_Log,index_coverage
complexity__TAALES_COVERAGE__COCA_spoken_Trigram_Range_Log,complexity,TAALES_COVERAGE,COCA_spoken_Trigram_Range_Log,index_coverage
complexity__TAALES_COVERAGE__COCA_spoken_tri_MI,complexity,TAALES_COVERAGE,COCA_spoken_tri_MI,index_coverage
complexity__TAALES_COVERAGE__COCA_spoken_tri_MI2,complexity,TAALES_COVERAGE,COCA_spoken_tri_MI2,index_coverage
complexity__TAALES_COVERAGE__COCA_spoken_tri_T,complexity,TAALES_COVERAGE,COCA_spoken_tri_T,index_coverage
complexity__TAALES_COVERAGE__COCA_spoken_tri_DP,complexity,TAALES_COVERAGE,COCA_spoken_tri_DP,index_coverage
complexity__TAALES_COVERAGE__COCA_spoken_tri_AC,complexity,TAALES_COVERAGE,COCA_spoken_tri_AC,index_coverage
complexity__TAALES_COVERAGE__COCA_spoken_tri_2_MI,complexity,TAALES_COVERAGE,COCA_spoken_tri_2_MI,index_coverage
complexity__TAALES_COVERAGE__COCA_spoken_tri_2_MI2,complexity,TAALES_COVERAGE,COCA_spoken_tri_2_MI2,index_coverage
complexity__TAALES_COVERAGE__COCA_spoken_tri_2_T,complexity,TAALES_COVERAGE,COCA_spoken_tri_2_T,index_coverage
complexity__TAALES_COVERAGE__COCA_spoken_tri_2_DP,complexity,TAALES_COVERAGE,COCA_spoken_tri_2_DP,index_coverage
complexity__TAALES_COVERAGE__COCA_spoken_tri_2_AC,complexity,TAALES_COVERAGE,COCA_spoken_tri_2_AC,index_coverage
complexity__TAALES_COVERAGE__McD_CD,complexity,TAALES_COVERAGE,McD_CD,index_coverage
complexity__TAALES_COVERAGE__Sem_D,complexity,TAALES_COVERAGE,Sem_D,index_coverage
complexity__TAALES_COVERAGE__McD_CD_CW,complexity,TAALES_COVERAGE,McD_CD_CW,index_coverage
complexity__TAALES_COVERAGE__Sem_D_CW,complexity,TAALES_COVERAGE,Sem_D_CW,index_coverage
complexity__TAALES_COVERAGE__McD_CD_FW,complexity,TAALES_COVERAGE,McD_CD_FW,index_coverage
complexity__TAALES_COVERAGE__Sem_D_FW,complexity,TAALES_COVERAGE,Sem_D_FW,index_coverage
complexity__TAALES_COVERAGE__Freq_HAL,complexity,TAALES_COVERAGE,Freq_HAL,index_coverage
complexity__TAALES_COVERAGE__Log_Freq_HAL,complexity,TAALES_COVERAGE,Log_Freq_HAL,index_coverage
complexity__TAALES_COVERAGE__Ortho_N,complexity,TAALES_COVERAGE,Ortho_N,index_coverage
complexity__TAALES_COVERAGE__Phono_N,complexity,TAALES_COVERAGE,Phono_N,index_coverage
complexity__TAALES_COVERAGE__Phono_N_H,complexity,TAALES_COVERAGE,Phono_N_H,index_coverage
complexity__TAALES_COVERAGE__OG_N,complexity,TAALES_COVERAGE,OG_N,index_coverage
complexity__TAALES_COVERAGE__OG_N_H,complexity,TAALES_COVERAGE,OG_N_H,index_coverage
complexity__TAALES_COVERAGE__Freq_N,complexity,TAALES_COVERAGE,Freq_N,index_coverage
complexity__TAALES_COVERAGE__Freq_N_P,complexity,TAALES_COVERAGE,Freq_N_P,index_coverage
complexity__TAALES_COVERAGE__Freq_N_PH,complexity,TAALES_COVERAGE,Freq_N_PH,index_coverage
complexity__TAALES_COVERAGE__Freq_N_OG,complexity,TAALES_COVERAGE,Freq_N_OG,index_coverage
complexity__TAALES_COVERAGE__Freq_N_OGH,complexity,TAALES_COVERAGE,Freq_N_OGH,index_coverage
complexity__TAALES_COVERAGE__OLD,complexity,TAALES_COVERAGE,OLD,index_coverage
complexity__TAALES_COVERAGE__OLDF,complexity,TAALES_COVERAGE,OLDF,index_coverage
complexity__TAALES_COVERAGE__PLD,complexity,TAALES_COVERAGE,PLD,index_coverage
complexity__TAALES_COVERAGE__PLDF,complexity,TAALES_COVERAGE,PLDF,index_coverage
complexity__TAALES_COVERAGE__Freq_HAL_CW,complexity,TAALES_COVERAGE,Freq_HAL_CW,index_coverage
complexity__TAALES_COVERAGE__Log_Freq_HAL_CW,complexity,TAALES_COVERAGE,Log_Freq_HAL_CW,index_coverage
complexity__TAALES_COVERAGE__Ortho_N_CW,complexity,TAALES_COVERAGE,Ortho_N_CW,index_coverage
complexity__TAALES_COVERAGE__Phono_N_CW,complexity,TAALES_COVERAGE,Phono_N_CW,index_coverage
complexity__TAALES_COVERAGE__Phono_N_H_CW,complexity,TAALES_COVERAGE,Phono_N_H_CW,index_coverage
complexity__TAALES_COVERAGE__OG_N_CW,complexity,TAALES_COVERAGE,OG_N_CW,index_coverage
complexity__TAALES_COVERAGE__OG_N_H_CW,complexity,TAALES_COVERAGE,OG_N_H_CW,index_coverage
complexity__TAALES_COVERAGE__Freq_N_CW,complexity,TAALES_COVERAGE,Freq_N_CW,index_coverage
complexity__TAALES_COVERAGE__Freq_N_P_CW,complexity,TAALES_COVERAGE,Freq_N_P_CW,index_coverage
complexity__TAALES_COVERAGE__Freq_N_PH_CW,complexity,TAALES_COVERAGE,Freq_N_PH_CW,index_coverage
complexity__TAALES_COVERAGE__Freq_N_OG_CW,complexity,TAALES_COVERAGE,Freq_N_OG_CW,index_coverage
complexity__TAALES_COVERAGE__Freq_N_OGH_CW,complexity,TAALES_COVERAGE,Freq_N_OGH_CW,index_coverage
complexity__TAALES_COVERAGE__OLD_CW,complexity,TAALES_COVERAGE,OLD_CW,index_coverage
complexity__TAALES_COVERAGE__OLDF_CW,complexity,TAALES_COVERAGE,OLDF_CW,index_coverage
complexity__TAALES_COVERAGE__PLD_CW,complexity,TAALES_COVERAGE,PLD_CW,index_coverage
complexity__TAALES_COVERAGE__PLDF_CW,complexity,TAALES_COVERAGE,PLDF_CW,index_coverage
complexity__TAALES_COVERAGE__Freq_HAL_FW,complexity,TAALES_COVERAGE,Freq_HAL_FW,index_coverage
complexity__TAALES_COVERAGE__Log_Freq_HAL_FW,complexity,TAALES_COVERAGE,Log_Freq_HAL_FW,index_coverage
complexity__TAALES_COVERAGE__Ortho_N_FW,complexity,TAALES_COVERAGE,Ortho_N_FW,index_coverage
complexity__TAALES_COVERAGE__Phono_N_FW,complexity,TAALES_COVERAGE,Phono_N_FW,index_coverage
complexity__TAALES_COVERAGE__Phono_N_H_FW,complexity,TAALES_COVERAGE,Phono_N_H_FW,index_coverage
complexity__TAALES_COVERAGE__OG_N_FW,complexity,TAALES_COVERAGE,OG_N_FW,index_coverage
complexity__TAALES_COVERAGE__OG_N_H_FW,complexity,TAALES_COVERAGE,OG_N_H_FW,index_coverage
complexity__TAALES_COVERAGE__Freq_N_FW,complexity,TAALES_COVERAGE,Freq_N_FW,index_coverage
complexity__TAALES_COVERAGE__Freq_N_P_FW,complexity,TAALES_COVERAGE,Freq_N_P_FW,index_coverage
complexity__TAALES_COVERAGE__Freq_N_PH_FW,complexity,TAALES_COVERAGE,Freq_N_PH_FW,index_coverage
complexity__TAALES_COVERAGE__Freq_N_OG_FW,complexity,TAALES_COVERAGE,Freq_N_OG_FW,index_coverage
complexity__TAALES_COVERAGE__Freq_N_OGH_FW,complexity,TAALES_COVERAGE,Freq_N_OGH_FW,index_coverage
complexity__TAALES_COVERAGE__OLD_FW,complexity,TAALES_COVERAGE,OLD_FW,index_coverage
complexity__TAALES_COVERAGE__OLDF_FW,complexity,TAALES_COVERAGE,OLDF_FW,index_coverage
complexity__TAALES_COVERAGE__PLD_FW,complexity,TAALES_COVERAGE,PLD_FW,index_coverage
complexity__TAALES_COVERAGE__PLDF_FW,complexity,TAALES_COVERAGE,PLDF_FW,index_coverage
complexity__TAALES_COVERAGE__BG_Mean,complexity,TAALES_COVERAGE,BG_Mean,index_coverage
complexity__TAALES_COVERAGE__LD_Mean_RT,complexity,TAALES_COVERAGE,LD_Mean_RT,index_coverage
complexity__TAALES_COVERAGE__LD_Mean_RT_Zscore,complexity,TAALES_COVERAGE,LD_Mean_RT_Zscore,index_coverage
complexity__TAALES_COVERAGE__LD_Mean_RT_SD,complexity,TAALES_COVERAGE,LD_Mean_RT_SD,index_coverage
complexity__TAALES_COVERAGE__LD_Mean_Accuracy,complexity,TAALES_COVERAGE,LD_Mean_Accuracy,index_coverage
complexity__TAALES_COVERAGE__WN_Mean_RT,complexity,TAALES_COVERAGE,WN_Mean_RT,index_coverage
complexity__TAALES_COVERAGE__WN_Zscore,complexity,TAALES_COVERAGE,WN_Zscore,index_coverage
complexity__TAALES_COVERAGE__WN_SD,complexity,TAALES_COVERAGE,WN_SD,index_coverage
complexity__TAALES_COVERAGE__WN_Mean_Accuracy,complexity,TAALES_COVERAGE,WN_Mean_Accuracy,index_coverage
complexity__TAALES_COVERAGE__BG_Mean_CW,complexity,TAALES_COVERAGE,BG_Mean_CW,index_coverage
complexity__TAALES_COVERAGE__LD_Mean_RT_CW,complexity,TAALES_COVERAGE,LD_Mean_RT_CW,index_coverage
complexity__TAALES_COVERAGE__LD_Mean_RT_Zscore_CW,complexity,TAALES_COVERAGE,LD_Mean_RT_Zscore_CW,index_coverage
complexity__TAALES_COVERAGE__LD_Mean_RT_SD_CW,complexity,TAALES_COVERAGE,LD_Mean_RT_SD_CW,index_coverage
complexity__TAALES_COVERAGE__LD_Mean_Accuracy_CW,complexity,TAALES_COVERAGE,LD_Mean_Accuracy_CW,index_coverage
complexity__TAALES_COVERAGE__WN_Mean_RT_CW,complexity,TAALES_COVERAGE,WN_Mean_RT_CW,index_coverage
complexity__TAALES_COVERAGE__WN_Zscore_CW,complexity,TAALES_COVERAGE,WN_Zscore_CW,index_coverage
complexity__TAALES_COVERAGE__WN_SD_CW,complexity,TAALES_COVERAGE,WN_SD_CW,index_coverage
complexity__TAALES_COVERAGE__WN_Mean_Accuracy_CW,complexity,TAALES_COVERAGE,WN_Mean_Accuracy_CW,index_coverage
complexity__TAALES_COVERAGE__BG_Mean_FW,complexity,TAALES_COVERAGE,BG_Mean_FW,index_coverage
complexity__TAALES_COVERAGE__LD_Mean_RT_FW,complexity,TAALES_COVERAGE,LD_Mean_RT_FW,index_coverage
complexity__TAALES_COVERAGE__LD_Mean_RT_Zscore_FW,complexity,TAALES_COVERAGE,LD_Mean_RT_Zscore_FW,index_coverage
complexity__TAALES_COVERAGE__LD_Mean_RT_SD_FW,complexity,TAALES_COVERAGE,LD_Mean_RT_SD_FW,index_coverage
complexity__TAALES_COVERAGE__LD_Mean_Accuracy_FW,complexity,TAALES_COVERAGE,LD_Mean_Accuracy_FW,index_coverage
complexity__TAALES_COVERAGE__WN_Mean_RT_FW,complexity,TAALES_COVERAGE,WN_Mean_RT_FW,index_coverage
complexity__TAALES_COVERAGE__WN_Zscore_FW,complexity,TAALES_COVERAGE,WN_Zscore_FW,index_coverage
complexity__TAALES_COVERAGE__WN_SD_FW,complexity,TAALES_COVERAGE,WN_SD_FW,index_coverage
complexity__TAALES_COVERAGE__WN_Mean_Accuracy_FW,complexity,TAALES_COVERAGE,WN_Mean_Accuracy_FW,index_coverage
complexity__TAALES_COVERAGE__lsa_average_top_three_cosine,complexity,TAALES_COVERAGE,lsa_average_top_three_cosine,index_coverage
complexity__TAALES_COVERAGE__lsa_max_similarity_cosine,complexity,TAALES_COVERAGE,lsa_max_similarity_cosine,index_coverage
complexity__TAALES_COVERAGE__lsa_average_all_cosine,complexity,TAALES_COVERAGE,lsa_average_all_cosine,index_coverage
complexity__TAALES_COVERAGE__aoe_inverse_average,complexity,TAALES_COVERAGE,aoe_inverse_average,index_coverage
complexity__TAALES_COVERAGE__aoe_inverse_linear_regression_slope,complexity,TAALES_COVERAGE,aoe_inverse_linear_regression_slope,index_coverage
complexity__TAALES_COVERAGE__aoe_index_above_threshold_40,complexity,TAALES_COVERAGE,aoe_index_above_threshold_40,index_coverage
complexity__TAALES_COVERAGE__aoe_inflection_point_polynomial,complexity,TAALES_COVERAGE,aoe_inflection_point_polynomial,index_coverage
complexity__TAALES_COVERAGE__content_poly,complexity,TAALES_COVERAGE,content_poly,index_coverage
complexity__TAALES_COVERAGE__poly_noun,complexity,TAALES_COVERAGE,poly_noun,index_coverage
complexity__TAALES_COVERAGE__poly_verb,complexity,TAALES_COVERAGE,poly_verb,index_coverage
complexity__TAALES_COVERAGE__poly_adj,complexity,TAALES_COVERAGE,poly_adj,index_coverage
complexity__TAALES_COVERAGE__poly_adv,complexity,TAALES_COVERAGE,poly_adv,index_coverage
complexity__TAALES_COVERAGE__hyper_noun_S1_P1,complexity,TAALES_COVERAGE,hyper_noun_S1_P1,index_coverage
complexity__TAALES_COVERAGE__hyper_noun_Sav_P1,complexity,TAALES_COVERAGE,hyper_noun_Sav_P1,index_coverage
complexity__TAALES_COVERAGE__hyper_noun_Sav_Pav,complexity,TAALES_COVERAGE,hyper_noun_Sav_Pav,index_coverage
complexity__TAALES_COVERAGE__hyper_verb_S1_P1,complexity,TAALES_COVERAGE,hyper_verb_S1_P1,index_coverage
complexity__TAALES_COVERAGE__hyper_verb_Sav_P1,complexity,TAALES_COVERAGE,hyper_verb_Sav_P1,index_coverage
complexity__TAALES_COVERAGE__hyper_verb_Sav_Pav,complexity,TAALES_COVERAGE,hyper_verb_Sav_Pav,index_coverage
complexity__POLKE__word_count,complexity,POLKE,word_count,complexity_measure
complexity__POLKE__total_annotations,complexity,POLKE,total_annotations,complexity_measure
complexity__POLKE__unique_constructs,complexity,POLKE,unique_constructs,complexity_measure
complexity__POLKE__polke_1_per_100_words,complexity,POLKE,polke_1_per_100_words,complexity_measure
complexity__POLKE__polke_2_per_100_words,complexity,POLKE,polke_2_per_100_words,complexity_measure
complexity__POLKE__polke_3_per_100_words,complexity,POLKE,polke_3_per_100_words,complexity_measure
complexity__POLKE__polke_4_per_100_words,complexity,POLKE,polke_4_per_100_words,complexity_measure
complexity__POLKE__polke_5_per_100_words,complexity,POLKE,polke_5_per_100_words,complexity_measure
complexity__POLKE__polke_11_per_100_words,complexity,POLKE,polke_11_per_100_words,complexity_measure
complexity__POLKE__polke_12_per_100_words,complexity,POLKE,polke_12_per_100_words,complexity_measure
complexity__POLKE__polke_13_per_100_words,complexity,POLKE,polke_13_per_100_words,complexity_measure
complexity__POLKE__polke_14_per_100_words,complexity,POLKE,polke_14_per_100_words,complexity_measure
complexity__POLKE__polke_15_per_100_words,complexity,POLKE,polke_15_per_100_words,complexity_measure
complexity__POLKE__polke_16_per_100_words,complexity,POLKE,polke_16_per_100_words,complexity_measure
complexity__POLKE__polke_17_per_100_words,complexity,POLKE,polke_17_per_100_words,complexity_measure
complexity__POLKE__polke_18_per_100_words,complexity,POLKE,polke_18_per_100_words,complexity_measure
complexity__POLKE__polke_19_per_100_words,complexity,POLKE,polke_19_per_100_words,complexity_measure
complexity__POLKE__polke_20_per_100_words,complexity,POLKE,polke_20_per_100_words,complexity_measure
complexity__POLKE__polke_21_per_100_words,complexity,POLKE,polke_21_per_100_words,complexity_measure
complexity__POLKE__polke_22_per_100_words,complexity,POLKE,polke_22_per_100_words,complexity_measure
complexity__POLKE__polke_23_per_100_words,complexity,POLKE,polke_23_per_100_words,complexity_measure
complexity__POLKE__polke_24_per_100_words,complexity,POLKE,polke_24_per_100_words,complexity_measure
complexity__POLKE__polke_25_per_100_words,complexity,POLKE,polke_25_per_100_words,complexity_measure
complexity__POLKE__polke_26_per_100_words,complexity,POLKE,polke_26_per_100_words,complexity_measure
complexity__POLKE__polke_27_per_100_words,complexity,POLKE,polke_27_per_100_words,complexity_measure
complexity__POLKE__polke_28_per_100_words,complexity,POLKE,polke_28_per_100_words,complexity_measure
complexity__POLKE__polke_30_per_100_words,complexity,POLKE,polke_30_per_100_words,complexity_measure
complexity__POLKE__polke_31_per_100_words,complexity,POLKE,polke_31_per_100_words,complexity_measure
complexity__POLKE__polke_32_per_100_words,complexity,POLKE,polke_32_per_100_words,complexity_measure
complexity__POLKE__polke_33_per_100_words,complexity,POLKE,polke_33_per_100_words,complexity_measure
complexity__POLKE__polke_36_per_100_words,complexity,POLKE,polke_36_per_100_words,complexity_measure
complexity__POLKE__polke_37_per_100_words,complexity,POLKE,polke_37_per_100_words,complexity_measure
complexity__POLKE__polke_38_per_100_words,complexity,POLKE,polke_38_per_100_words,complexity_measure
complexity__POLKE__polke_39_per_100_words,complexity,POLKE,polke_39_per_100_words,complexity_measure
complexity__POLKE__polke_40_per_100_words,complexity,POLKE,polke_40_per_100_words,complexity_measure
complexity__POLKE__polke_41_per_100_words,complexity,POLKE,polke_41_per_100_words,complexity_measure
complexity__POLKE__polke_43_per_100_words,complexity,POLKE,polke_43_per_100_words,complexity_measure
complexity__POLKE__polke_46_per_100_words,complexity,POLKE,polke_46_per_100_words,complexity_measure
complexity__POLKE__polke_47_per_100_words,complexity,POLKE,polke_47_per_100_words,complexity_measure
complexity__POLKE__polke_48_per_100_words,complexity,POLKE,polke_48_per_100_words,complexity_measure
complexity__POLKE__polke_49_per_100_words,complexity,POLKE,polke_49_per_100_words,complexity_measure
complexity__POLKE__polke_51_per_100_words,complexity,POLKE,polke_51_per_100_words,complexity_measure
complexity__POLKE__polke_52_per_100_words,complexity,POLKE,polke_52_per_100_words,complexity_measure
complexity__POLKE__polke_53_per_100_words,complexity,POLKE,polke_53_per_100_words,complexity_measure
complexity__POLKE__polke_58_per_100_words,complexity,POLKE,polke_58_per_100_words,complexity_measure
complexity__POLKE__polke_60_per_100_words,complexity,POLKE,polke_60_per_100_words,complexity_measure
complexity__POLKE__polke_63_per_100_words,complexity,POLKE,polke_63_per_100_words,complexity_measure
complexity__POLKE__polke_64_per_100_words,complexity,POLKE,polke_64_per_100_words,complexity_measure
complexity__POLKE__polke_65_per_100_words,complexity,POLKE,polke_65_per_100_words,complexity_measure
complexity__POLKE__polke_66_per_100_words,complexity,POLKE,polke_66_per_100_words,complexity_measure
complexity__POLKE__polke_67_per_100_words,complexity,POLKE,polke_67_per_100_words,complexity_measure
complexity__POLKE__polke_68_per_100_words,complexity,POLKE,polke_68_per_100_words,complexity_measure
complexity__POLKE__polke_69_per_100_words,complexity,POLKE,polke_69_per_100_words,complexity_measure
complexity__POLKE__polke_70_per_100_words,complexity,POLKE,polke_70_per_100_words,complexity_measure
complexity__POLKE__polke_71_per_100_words,complexity,POLKE,polke_71_per_100_words,complexity_measure
complexity__POLKE__polke_72_per_100_words,complexity,POLKE,polke_72_per_100_words,complexity_measure
complexity__POLKE__polke_73_per_100_words,complexity,POLKE,polke_73_per_100_words,complexity_measure
complexity__POLKE__polke_74_per_100_words,complexity,POLKE,polke_74_per_100_words,complexity_measure
complexity__POLKE__polke_75_per_100_words,complexity,POLKE,polke_75_per_100_words,complexity_measure
complexity__POLKE__polke_76_per_100_words,complexity,POLKE,polke_76_per_100_words,complexity_measure
complexity__POLKE__polke_78_per_100_words,complexity,POLKE,polke_78_per_100_words,complexity_measure
complexity__POLKE__polke_79_per_100_words,complexity,POLKE,polke_79_per_100_words,complexity_measure
complexity__POLKE__polke_80_per_100_words,complexity,POLKE,polke_80_per_100_words,complexity_measure
complexity__POLKE__polke_82_per_100_words,complexity,POLKE,polke_82_per_100_words,complexity_measure
complexity__POLKE__polke_83_per_100_words,complexity,POLKE,polke_83_per_100_words,complexity_measure
complexity__POLKE__polke_84_per_100_words,complexity,POLKE,polke_84_per_100_words,complexity_measure
complexity__POLKE__polke_86_per_100_words,complexity,POLKE,polke_86_per_100_words,complexity_measure
complexity__POLKE__polke_87_per_100_words,complexity,POLKE,polke_87_per_100_words,complexity_measure
complexity__POLKE__polke_88_per_100_words,complexity,POLKE,polke_88_per_100_words,complexity_measure
complexity__POLKE__polke_89_per_100_words,complexity,POLKE,polke_89_per_100_words,complexity_measure
complexity__POLKE__polke_90_per_100_words,complexity,POLKE,polke_90_per_100_words,complexity_measure
complexity__POLKE__polke_91_per_100_words,complexity,POLKE,polke_91_per_100_words,complexity_measure
complexity__POLKE__polke_92_per_100_words,complexity,POLKE,polke_92_per_100_words,complexity_measure
complexity__POLKE__polke_93_per_100_words,complexity,POLKE,polke_93_per_100_words,complexity_measure
complexity__POLKE__polke_94_per_100_words,complexity,POLKE,polke_94_per_100_words,complexity_measure
complexity__POLKE__polke_95_per_100_words,complexity,POLKE,polke_95_per_100_words,complexity_measure
complexity__POLKE__polke_96_per_100_words,complexity,POLKE,polke_96_per_100_words,complexity_measure
complexity__POLKE__polke_97_per_100_words,complexity,POLKE,polke_97_per_100_words,complexity_measure
complexity__POLKE__polke_98_per_100_words,complexity,POLKE,polke_98_per_100_words,complexity_measure
complexity__POLKE__polke_99_per_100_words,complexity,POLKE,polke_99_per_100_words,complexity_measure
complexity__POLKE__polke_100_per_100_words,complexity,POLKE,polke_100_per_100_words,complexity_measure
complexity__POLKE__polke_101_per_100_words,complexity,POLKE,polke_101_per_100_words,complexity_measure
complexity__POLKE__polke_102_per_100_words,complexity,POLKE,polke_102_per_100_words,complexity_measure
complexity__POLKE__polke_103_per_100_words,complexity,POLKE,polke_103_per_100_words,complexity_measure
complexity__POLKE__polke_104_per_100_words,complexity,POLKE,polke_104_per_100_words,complexity_measure
complexity__POLKE__polke_105_per_100_words,complexity,POLKE,polke_105_per_100_words,complexity_measure
complexity__POLKE__polke_106_per_100_words,complexity,POLKE,polke_106_per_100_words,complexity_measure
complexity__POLKE__polke_107_per_100_words,complexity,POLKE,polke_107_per_100_words,complexity_measure
complexity__POLKE__polke_108_per_100_words,complexity,POLKE,polke_108_per_100_words,complexity_measure
complexity__POLKE__polke_109_per_100_words,complexity,POLKE,polke_109_per_100_words,complexity_measure
complexity__POLKE__polke_110_per_100_words,complexity,POLKE,polke_110_per_100_words,complexity_measure
complexity__POLKE__polke_111_per_100_words,complexity,POLKE,polke_111_per_100_words,complexity_measure
complexity__POLKE__polke_112_per_100_words,complexity,POLKE,polke_112_per_100_words,complexity_measure
complexity__POLKE__polke_113_per_100_words,complexity,POLKE,polke_113_per_100_words,complexity_measure
complexity__POLKE__polke_114_per_100_words,complexity,POLKE,polke_114_per_100_words,complexity_measure
complexity__POLKE__polke_115_per_100_words,complexity,POLKE,polke_115_per_100_words,complexity_measure
complexity__POLKE__polke_116_per_100_words,complexity,POLKE,polke_116_per_100_words,complexity_measure
complexity__POLKE__polke_117_per_100_words,complexity,POLKE,polke_117_per_100_words,complexity_measure
complexity__POLKE__polke_118_per_100_words,complexity,POLKE,polke_118_per_100_words,complexity_measure
complexity__POLKE__polke_119_per_100_words,complexity,POLKE,polke_119_per_100_words,complexity_measure
complexity__POLKE__polke_120_per_100_words,complexity,POLKE,polke_120_per_100_words,complexity_measure
complexity__POLKE__polke_121_per_100_words,complexity,POLKE,polke_121_per_100_words,complexity_measure
complexity__POLKE__polke_122_per_100_words,complexity,POLKE,polke_122_per_100_words,complexity_measure
complexity__POLKE__polke_123_per_100_words,complexity,POLKE,polke_123_per_100_words,complexity_measure
complexity__POLKE__polke_125_per_100_words,complexity,POLKE,polke_125_per_100_words,complexity_measure
complexity__POLKE__polke_126_per_100_words,complexity,POLKE,polke_126_per_100_words,complexity_measure
complexity__POLKE__polke_130_per_100_words,complexity,POLKE,polke_130_per_100_words,complexity_measure
complexity__POLKE__polke_131_per_100_words,complexity,POLKE,polke_131_per_100_words,complexity_measure
complexity__POLKE__polke_132_per_100_words,complexity,POLKE,polke_132_per_100_words,complexity_measure
complexity__POLKE__polke_133_per_100_words,complexity,POLKE,polke_133_per_100_words,complexity_measure
complexity__POLKE__polke_134_per_100_words,complexity,POLKE,polke_134_per_100_words,complexity_measure
complexity__POLKE__polke_135_per_100_words,complexity,POLKE,polke_135_per_100_words,complexity_measure
complexity__POLKE__polke_136_per_100_words,complexity,POLKE,polke_136_per_100_words,complexity_measure
complexity__POLKE__polke_137_per_100_words,complexity,POLKE,polke_137_per_100_words,complexity_measure
complexity__POLKE__polke_148_per_100_words,complexity,POLKE,polke_148_per_100_words,complexity_measure
complexity__POLKE__polke_149_per_100_words,complexity,POLKE,polke_149_per_100_words,complexity_measure
complexity__POLKE__polke_150_per_100_words,complexity,POLKE,polke_150_per_100_words,complexity_measure
complexity__POLKE__polke_151_per_100_words,complexity,POLKE,polke_151_per_100_words,complexity_measure
complexity__POLKE__polke_152_per_100_words,complexity,POLKE,polke_152_per_100_words,complexity_measure
complexity__POLKE__polke_153_per_100_words,complexity,POLKE,polke_153_per_100_words,complexity_measure
complexity__POLKE__polke_154_per_100_words,complexity,POLKE,polke_154_per_100_words,complexity_measure
complexity__POLKE__polke_155_per_100_words,complexity,POLKE,polke_155_per_100_words,complexity_measure
complexity__POLKE__polke_156_per_100_words,complexity,POLKE,polke_156_per_100_words,complexity_measure
complexity__POLKE__polke_157_per_100_words,complexity,POLKE,polke_157_per_100_words,complexity_measure
complexity__POLKE__polke_158_per_100_words,complexity,POLKE,polke_158_per_100_words,complexity_measure
complexity__POLKE__polke_160_per_100_words,complexity,POLKE,polke_160_per_100_words,complexity_measure
complexity__POLKE__polke_161_per_100_words,complexity,POLKE,polke_161_per_100_words,complexity_measure
complexity__POLKE__polke_162_per_100_words,complexity,POLKE,polke_162_per_100_words,complexity_measure
complexity__POLKE__polke_168_per_100_words,complexity,POLKE,polke_168_per_100_words,complexity_measure
complexity__POLKE__polke_169_per_100_words,complexity,POLKE,polke_169_per_100_words,complexity_measure
complexity__POLKE__polke_170_per_100_words,complexity,POLKE,polke_170_per_100_words,complexity_measure
complexity__POLKE__polke_171_per_100_words,complexity,POLKE,polke_171_per_100_words,complexity_measure
complexity__POLKE__polke_172_per_100_words,complexity,POLKE,polke_172_per_100_words,complexity_measure
complexity__POLKE__polke_173_per_100_words,complexity,POLKE,polke_173_per_100_words,complexity_measure
complexity__POLKE__polke_174_per_100_words,complexity,POLKE,polke_174_per_100_words,complexity_measure
complexity__POLKE__polke_175_per_100_words,complexity,POLKE,polke_175_per_100_words,complexity_measure
complexity__POLKE__polke_176_per_100_words,complexity,POLKE,polke_176_per_100_words,complexity_measure
complexity__POLKE__polke_177_per_100_words,complexity,POLKE,polke_177_per_100_words,complexity_measure
complexity__POLKE__polke_178_per_100_words,complexity,POLKE,polke_178_per_100_words,complexity_measure
complexity__POLKE__polke_179_per_100_words,complexity,POLKE,polke_179_per_100_words,complexity_measure
complexity__POLKE__polke_180_per_100_words,complexity,POLKE,polke_180_per_100_words,complexity_measure
complexity__POLKE__polke_181_per_100_words,complexity,POLKE,polke_181_per_100_words,complexity_measure
complexity__POLKE__polke_182_per_100_words,complexity,POLKE,polke_182_per_100_words,complexity_measure
complexity__POLKE__polke_183_per_100_words,complexity,POLKE,polke_183_per_100_words,complexity_measure
complexity__POLKE__polke_187_per_100_words,complexity,POLKE,polke_187_per_100_words,complexity_measure
complexity__POLKE__polke_189_per_100_words,complexity,POLKE,polke_189_per_100_words,complexity_measure
complexity__POLKE__polke_190_per_100_words,complexity,POLKE,polke_190_per_100_words,complexity_measure
complexity__POLKE__polke_194_per_100_words,complexity,POLKE,polke_194_per_100_words,complexity_measure
complexity__POLKE__polke_197_per_100_words,complexity,POLKE,polke_197_per_100_words,complexity_measure
complexity__POLKE__polke_200_per_100_words,complexity,POLKE,polke_200_per_100_words,complexity_measure
complexity__POLKE__polke_203_per_100_words,complexity,POLKE,polke_203_per_100_words,complexity_measure
complexity__POLKE__polke_204_per_100_words,complexity,POLKE,polke_204_per_100_words,complexity_measure
complexity__POLKE__polke_205_per_100_words,complexity,POLKE,polke_205_per_100_words,complexity_measure
complexity__POLKE__polke_206_per_100_words,complexity,POLKE,polke_206_per_100_words,complexity_measure
complexity__POLKE__polke_207_per_100_words,complexity,POLKE,polke_207_per_100_words,complexity_measure
complexity__POLKE__polke_208_per_100_words,complexity,POLKE,polke_208_per_100_words,complexity_measure
complexity__POLKE__polke_209_per_100_words,complexity,POLKE,polke_209_per_100_words,complexity_measure
complexity__POLKE__polke_210_per_100_words,complexity,POLKE,polke_210_per_100_words,complexity_measure
complexity__POLKE__polke_211_per_100_words,complexity,POLKE,polke_211_per_100_words,complexity_measure
complexity__POLKE__polke_212_per_100_words,complexity,POLKE,polke_212_per_100_words,complexity_measure
complexity__POLKE__polke_214_per_100_words,complexity,POLKE,polke_214_per_100_words,complexity_measure
complexity__POLKE__polke_215_per_100_words,complexity,POLKE,polke_215_per_100_words,complexity_measure
complexity__POLKE__polke_216_per_100_words,complexity,POLKE,polke_216_per_100_words,complexity_measure
complexity__POLKE__polke_222_per_100_words,complexity,POLKE,polke_222_per_100_words,complexity_measure
complexity__POLKE__polke_223_per_100_words,complexity,POLKE,polke_223_per_100_words,complexity_measure
complexity__POLKE__polke_228_per_100_words,complexity,POLKE,polke_228_per_100_words,complexity_measure
complexity__POLKE__polke_231_per_100_words,complexity,POLKE,polke_231_per_100_words,complexity_measure
complexity__POLKE__polke_234_per_100_words,complexity,POLKE,polke_234_per_100_words,complexity_measure
complexity__POLKE__polke_235_per_100_words,complexity,POLKE,polke_235_per_100_words,complexity_measure
complexity__POLKE__polke_236_per_100_words,complexity,POLKE,polke_236_per_100_words,complexity_measure
complexity__POLKE__polke_238_per_100_words,complexity,POLKE,polke_238_per_100_words,complexity_measure
complexity__POLKE__polke_240_per_100_words,complexity,POLKE,polke_240_per_100_words,complexity_measure
complexity__POLKE__polke_242_per_100_words,complexity,POLKE,polke_242_per_100_words,complexity_measure
complexity__POLKE__polke_243_per_100_words,complexity,POLKE,polke_243_per_100_words,complexity_measure
complexity__POLKE__polke_245_per_100_words,complexity,POLKE,polke_245_per_100_words,complexity_measure
complexity__POLKE__polke_246_per_100_words,complexity,POLKE,polke_246_per_100_words,complexity_measure
complexity__POLKE__polke_249_per_100_words,complexity,POLKE,polke_249_per_100_words,complexity_measure
complexity__POLKE__polke_250_per_100_words,complexity,POLKE,polke_250_per_100_words,complexity_measure
complexity__POLKE__polke_251_per_100_words,complexity,POLKE,polke_251_per_100_words,complexity_measure
complexity__POLKE__polke_255_per_100_words,complexity,POLKE,polke_255_per_100_words,complexity_measure
complexity__POLKE__polke_256_per_100_words,complexity,POLKE,polke_256_per_100_words,complexity_measure
complexity__POLKE__polke_260_per_100_words,complexity,POLKE,polke_260_per_100_words,complexity_measure
complexity__POLKE__polke_261_per_100_words,complexity,POLKE,polke_261_per_100_words,complexity_measure
complexity__POLKE__polke_262_per_100_words,complexity,POLKE,polke_262_per_100_words,complexity_measure
complexity__POLKE__polke_267_per_100_words,complexity,POLKE,polke_267_per_100_words,complexity_measure
complexity__POLKE__polke_268_per_100_words,complexity,POLKE,polke_268_per_100_words,complexity_measure
complexity__POLKE__polke_269_per_100_words,complexity,POLKE,polke_269_per_100_words,complexity_measure
complexity__POLKE__polke_270_per_100_words,complexity,POLKE,polke_270_per_100_words,complexity_measure
complexity__POLKE__polke_271_per_100_words,complexity,POLKE,polke_271_per_100_words,complexity_measure
complexity__POLKE__polke_272_per_100_words,complexity,POLKE,polke_272_per_100_words,complexity_measure
complexity__POLKE__polke_273_per_100_words,complexity,POLKE,polke_273_per_100_words,complexity_measure
complexity__POLKE__polke_274_per_100_words,complexity,POLKE,polke_274_per_100_words,complexity_measure
complexity__POLKE__polke_275_per_100_words,complexity,POLKE,polke_275_per_100_words,complexity_measure
complexity__POLKE__polke_276_per_100_words,complexity,POLKE,polke_276_per_100_words,complexity_measure
complexity__POLKE__polke_277_per_100_words,complexity,POLKE,polke_277_per_100_words,complexity_measure
complexity__POLKE__polke_278_per_100_words,complexity,POLKE,polke_278_per_100_words,complexity_measure
complexity__POLKE__polke_279_per_100_words,complexity,POLKE,polke_279_per_100_words,complexity_measure
complexity__POLKE__polke_280_per_100_words,complexity,POLKE,polke_280_per_100_words,complexity_measure
complexity__POLKE__polke_281_per_100_words,complexity,POLKE,polke_281_per_100_words,complexity_measure
complexity__POLKE__polke_282_per_100_words,complexity,POLKE,polke_282_per_100_words,complexity_measure
complexity__POLKE__polke_284_per_100_words,complexity,POLKE,polke_284_per_100_words,complexity_measure
complexity__POLKE__polke_285_per_100_words,complexity,POLKE,polke_285_per_100_words,complexity_measure
complexity__POLKE__polke_286_per_100_words,complexity,POLKE,polke_286_per_100_words,complexity_measure
complexity__POLKE__polke_287_per_100_words,complexity,POLKE,polke_287_per_100_words,complexity_measure
complexity__POLKE__polke_290_per_100_words,complexity,POLKE,polke_290_per_100_words,complexity_measure
complexity__POLKE__polke_291_per_100_words,complexity,POLKE,polke_291_per_100_words,complexity_measure
complexity__POLKE__polke_292_per_100_words,complexity,POLKE,polke_292_per_100_words,complexity_measure
complexity__POLKE__polke_293_per_100_words,complexity,POLKE,polke_293_per_100_words,complexity_measure
complexity__POLKE__polke_296_per_100_words,complexity,POLKE,polke_296_per_100_words,complexity_measure
complexity__POLKE__polke_297_per_100_words,complexity,POLKE,polke_297_per_100_words,complexity_measure
complexity__POLKE__polke_298_per_100_words,complexity,POLKE,polke_298_per_100_words,complexity_measure
complexity__POLKE__polke_299_per_100_words,complexity,POLKE,polke_299_per_100_words,complexity_measure
complexity__POLKE__polke_301_per_100_words,complexity,POLKE,polke_301_per_100_words,complexity_measure
complexity__POLKE__polke_302_per_100_words,complexity,POLKE,polke_302_per_100_words,complexity_measure
complexity__POLKE__polke_303_per_100_words,complexity,POLKE,polke_303_per_100_words,complexity_measure
complexity__POLKE__polke_304_per_100_words,complexity,POLKE,polke_304_per_100_words,complexity_measure
complexity__POLKE__polke_305_per_100_words,complexity,POLKE,polke_305_per_100_words,complexity_measure
complexity__POLKE__polke_306_per_100_words,complexity,POLKE,polke_306_per_100_words,complexity_measure
complexity__POLKE__polke_307_per_100_words,complexity,POLKE,polke_307_per_100_words,complexity_measure
complexity__POLKE__polke_312_per_100_words,complexity,POLKE,polke_312_per_100_words,complexity_measure
complexity__POLKE__polke_313_per_100_words,complexity,POLKE,polke_313_per_100_words,complexity_measure
complexity__POLKE__polke_314_per_100_words,complexity,POLKE,polke_314_per_100_words,complexity_measure
complexity__POLKE__polke_315_per_100_words,complexity,POLKE,polke_315_per_100_words,complexity_measure
complexity__POLKE__polke_316_per_100_words,complexity,POLKE,polke_316_per_100_words,complexity_measure
complexity__POLKE__polke_320_per_100_words,complexity,POLKE,polke_320_per_100_words,complexity_measure
complexity__POLKE__polke_321_per_100_words,complexity,POLKE,polke_321_per_100_words,complexity_measure
complexity__POLKE__polke_322_per_100_words,complexity,POLKE,polke_322_per_100_words,complexity_measure
complexity__POLKE__polke_323_per_100_words,complexity,POLKE,polke_323_per_100_words,complexity_measure
complexity__POLKE__polke_324_per_100_words,complexity,POLKE,polke_324_per_100_words,complexity_measure
complexity__POLKE__polke_325_per_100_words,complexity,POLKE,polke_325_per_100_words,complexity_measure
complexity__POLKE__polke_326_per_100_words,complexity,POLKE,polke_326_per_100_words,complexity_measure
complexity__POLKE__polke_330_per_100_words,complexity,POLKE,polke_330_per_100_words,complexity_measure
complexity__POLKE__polke_334_per_100_words,complexity,POLKE,polke_334_per_100_words,complexity_measure
complexity__POLKE__polke_335_per_100_words,complexity,POLKE,polke_335_per_100_words,complexity_measure
complexity__POLKE__polke_336_per_100_words,complexity,POLKE,polke_336_per_100_words,complexity_measure
complexity__POLKE__polke_337_per_100_words,complexity,POLKE,polke_337_per_100_words,complexity_measure
complexity__POLKE__polke_338_per_100_words,complexity,POLKE,polke_338_per_100_words,complexity_measure
complexity__POLKE__polke_339_per_100_words,complexity,POLKE,polke_339_per_100_words,complexity_measure
complexity__POLKE__polke_341_per_100_words,complexity,POLKE,polke_341_per_100_words,complexity_measure
complexity__POLKE__polke_342_per_100_words,complexity,POLKE,polke_342_per_100_words,complexity_measure
complexity__POLKE__polke_343_per_100_words,complexity,POLKE,polke_343_per_100_words,complexity_measure
complexity__POLKE__polke_346_per_100_words,complexity,POLKE,polke_346_per_100_words,complexity_measure
complexity__POLKE__polke_349_per_100_words,complexity,POLKE,polke_349_per_100_words,complexity_measure
complexity__POLKE__polke_350_per_100_words,complexity,POLKE,polke_350_per_100_words,complexity_measure
complexity__POLKE__polke_351_per_100_words,complexity,POLKE,polke_351_per_100_words,complexity_measure
complexity__POLKE__polke_352_per_100_words,complexity,POLKE,polke_352_per_100_words,complexity_measure
complexity__POLKE__polke_353_per_100_words,complexity,POLKE,polke_353_per_100_words,complexity_measure
complexity__POLKE__polke_354_per_100_words,complexity,POLKE,polke_354_per_100_words,complexity_measure
complexity__POLKE__polke_355_per_100_words,complexity,POLKE,polke_355_per_100_words,complexity_measure
complexity__POLKE__polke_357_per_100_words,complexity,POLKE,polke_357_per_100_words,complexity_measure
complexity__POLKE__polke_358_per_100_words,complexity,POLKE,polke_358_per_100_words,complexity_measure
complexity__POLKE__polke_359_per_100_words,complexity,POLKE,polke_359_per_100_words,complexity_measure
complexity__POLKE__polke_360_per_100_words,complexity,POLKE,polke_360_per_100_words,complexity_measure
complexity__POLKE__polke_361_per_100_words,complexity,POLKE,polke_361_per_100_words,complexity_measure
complexity__POLKE__polke_363_per_100_words,complexity,POLKE,polke_363_per_100_words,complexity_measure
complexity__POLKE__polke_364_per_100_words,complexity,POLKE,polke_364_per_100_words,complexity_measure
complexity__POLKE__polke_365_per_100_words,complexity,POLKE,polke_365_per_100_words,complexity_measure
complexity__POLKE__polke_366_per_100_words,complexity,POLKE,polke_366_per_100_words,complexity_measure
complexity__POLKE__polke_367_per_100_words,complexity,POLKE,polke_367_per_100_words,complexity_measure
complexity__POLKE__polke_368_per_100_words,complexity,POLKE,polke_368_per_100_words,complexity_measure
complexity__POLKE__polke_369_per_100_words,complexity,POLKE,polke_369_per_100_words,complexity_measure
complexity__POLKE__polke_370_per_100_words,complexity,POLKE,polke_370_per_100_words,complexity_measure
complexity__POLKE__polke_371_per_100_words,complexity,POLKE,polke_371_per_100_words,complexity_measure
complexity__POLKE__polke_372_per_100_words,complexity,POLKE,polke_372_per_100_words,complexity_measure
complexity__POLKE__polke_373_per_100_words,complexity,POLKE,polke_373_per_100_words,complexity_measure
complexity__POLKE__polke_375_per_100_words,complexity,POLKE,polke_375_per_100_words,complexity_measure
complexity__POLKE__polke_376_per_100_words,complexity,POLKE,polke_376_per_100_words,complexity_measure
complexity__POLKE__polke_377_per_100_words,complexity,POLKE,polke_377_per_100_words,complexity_measure
complexity__POLKE__polke_378_per_100_words,complexity,POLKE,polke_378_per_100_words,complexity_measure
complexity__POLKE__polke_379_per_100_words,complexity,POLKE,polke_379_per_100_words,complexity_measure
complexity__POLKE__polke_380_per_100_words,complexity,POLKE,polke_380_per_100_words,complexity_measure
complexity__POLKE__polke_385_per_100_words,complexity,POLKE,polke_385_per_100_words,complexity_measure
complexity__POLKE__polke_386_per_100_words,complexity,POLKE,polke_386_per_100_words,complexity_measure
complexity__POLKE__polke_388_per_100_words,complexity,POLKE,polke_388_per_100_words,complexity_measure
complexity__POLKE__polke_389_per_100_words,complexity,POLKE,polke_389_per_100_words,complexity_measure
complexity__POLKE__polke_390_per_100_words,complexity,POLKE,polke_390_per_100_words,complexity_measure
complexity__POLKE__polke_391_per_100_words,complexity,POLKE,polke_391_per_100_words,complexity_measure
complexity__POLKE__polke_392_per_100_words,complexity,POLKE,polke_392_per_100_words,complexity_measure
complexity__POLKE__polke_393_per_100_words,complexity,POLKE,polke_393_per_100_words,complexity_measure
complexity__POLKE__polke_394_per_100_words,complexity,POLKE,polke_394_per_100_words,complexity_measure
complexity__POLKE__polke_395_per_100_words,complexity,POLKE,polke_395_per_100_words,complexity_measure
complexity__POLKE__polke_396_per_100_words,complexity,POLKE,polke_396_per_100_words,complexity_measure
complexity__POLKE__polke_397_per_100_words,complexity,POLKE,polke_397_per_100_words,complexity_measure
complexity__POLKE__polke_401_per_100_words,complexity,POLKE,polke_401_per_100_words,complexity_measure
complexity__POLKE__polke_402_per_100_words,complexity,POLKE,polke_402_per_100_words,complexity_measure
complexity__POLKE__polke_403_per_100_words,complexity,POLKE,polke_403_per_100_words,complexity_measure
complexity__POLKE__polke_404_per_100_words,complexity,POLKE,polke_404_per_100_words,complexity_measure
complexity__POLKE__polke_405_per_100_words,complexity,POLKE,polke_405_per_100_words,complexity_measure
complexity__POLKE__polke_410_per_100_words,complexity,POLKE,polke_410_per_100_words,complexity_measure
complexity__POLKE__polke_411_per_100_words,complexity,POLKE,polke_411_per_100_words,complexity_measure
complexity__POLKE__polke_412_per_100_words,complexity,POLKE,polke_412_per_100_words,complexity_measure
complexity__POLKE__polke_413_per_100_words,complexity,POLKE,polke_413_per_100_words,complexity_measure
complexity__POLKE__polke_414_per_100_words,complexity,POLKE,polke_414_per_100_words,complexity_measure
complexity__POLKE__polke_415_per_100_words,complexity,POLKE,polke_415_per_100_words,complexity_measure
complexity__POLKE__polke_416_per_100_words,complexity,POLKE,polke_416_per_100_words,complexity_measure
complexity__POLKE__polke_417_per_100_words,complexity,POLKE,polke_417_per_100_words,complexity_measure
complexity__POLKE__polke_420_per_100_words,complexity,POLKE,polke_420_per_100_words,complexity_measure
complexity__POLKE__polke_421_per_100_words,complexity,POLKE,polke_421_per_100_words,complexity_measure
complexity__POLKE__polke_422_per_100_words,complexity,POLKE,polke_422_per_100_words,complexity_measure
complexity__POLKE__polke_433_per_100_words,complexity,POLKE,polke_433_per_100_words,complexity_measure
complexity__POLKE__polke_434_per_100_words,complexity,POLKE,polke_434_per_100_words,complexity_measure
complexity__POLKE__polke_436_per_100_words,complexity,POLKE,polke_436_per_100_words,complexity_measure
complexity__POLKE__polke_437_per_100_words,complexity,POLKE,polke_437_per_100_words,complexity_measure
complexity__POLKE__polke_442_per_100_words,complexity,POLKE,polke_442_per_100_words,complexity_measure
complexity__POLKE__polke_443_per_100_words,complexity,POLKE,polke_443_per_100_words,complexity_measure
complexity__POLKE__polke_444_per_100_words,complexity,POLKE,polke_444_per_100_words,complexity_measure
complexity__POLKE__polke_445_per_100_words,complexity,POLKE,polke_445_per_100_words,complexity_measure
complexity__POLKE__polke_446_per_100_words,complexity,POLKE,polke_446_per_100_words,complexity_measure
complexity__POLKE__polke_448_per_100_words,complexity,POLKE,polke_448_per_100_words,complexity_measure
complexity__POLKE__polke_449_per_100_words,complexity,POLKE,polke_449_per_100_words,complexity_measure
complexity__POLKE__polke_454_per_100_words,complexity,POLKE,polke_454_per_100_words,complexity_measure
complexity__POLKE__polke_455_per_100_words,complexity,POLKE,polke_455_per_100_words,complexity_measure
complexity__POLKE__polke_456_per_100_words,complexity,POLKE,polke_456_per_100_words,complexity_measure
complexity__POLKE__polke_457_per_100_words,complexity,POLKE,polke_457_per_100_words,complexity_measure
complexity__POLKE__polke_458_per_100_words,complexity,POLKE,polke_458_per_100_words,complexity_measure
complexity__POLKE__polke_459_per_100_words,complexity,POLKE,polke_459_per_100_words,complexity_measure
complexity__POLKE__polke_460_per_100_words,complexity,POLKE,polke_460_per_100_words,complexity_measure
complexity__POLKE__polke_461_per_100_words,complexity,POLKE,polke_461_per_100_words,complexity_measure
complexity__POLKE__polke_462_per_100_words,complexity,POLKE,polke_462_per_100_words,complexity_measure
complexity__POLKE__polke_470_per_100_words,complexity,POLKE,polke_470_per_100_words,complexity_measure
complexity__POLKE__polke_471_per_100_words,complexity,POLKE,polke_471_per_100_words,complexity_measure
complexity__POLKE__polke_473_per_100_words,complexity,POLKE,polke_473_per_100_words,complexity_measure
complexity__POLKE__polke_475_per_100_words,complexity,POLKE,polke_475_per_100_words,complexity_measure
complexity__POLKE__polke_476_per_100_words,complexity,POLKE,polke_476_per_100_words,complexity_measure
complexity__POLKE__polke_477_per_100_words,complexity,POLKE,polke_477_per_100_words,complexity_measure
complexity__POLKE__polke_483_per_100_words,complexity,POLKE,polke_483_per_100_words,complexity_measure
complexity__POLKE__polke_484_per_100_words,complexity,POLKE,polke_484_per_100_words,complexity_measure
complexity__POLKE__polke_485_per_100_words,complexity,POLKE,polke_485_per_100_words,complexity_measure
complexity__POLKE__polke_487_per_100_words,complexity,POLKE,polke_487_per_100_words,complexity_measure
complexity__POLKE__polke_488_per_100_words,complexity,POLKE,polke_488_per_100_words,complexity_measure
complexity__POLKE__polke_489_per_100_words,complexity,POLKE,polke_489_per_100_words,complexity_measure
complexity__POLKE__polke_490_per_100_words,complexity,POLKE,polke_490_per_100_words,complexity_measure
complexity__POLKE__polke_491_per_100_words,complexity,POLKE,polke_491_per_100_words,complexity_measure
complexity__POLKE__polke_492_per_100_words,complexity,POLKE,polke_492_per_100_words,complexity_measure
complexity__POLKE__polke_493_per_100_words,complexity,POLKE,polke_493_per_100_words,complexity_measure
complexity__POLKE__polke_494_per_100_words,complexity,POLKE,polke_494_per_100_words,complexity_measure
complexity__POLKE__polke_500_per_100_words,complexity,POLKE,polke_500_per_100_words,complexity_measure
complexity__POLKE__polke_501_per_100_words,complexity,POLKE,polke_501_per_100_words,complexity_measure
complexity__POLKE__polke_502_per_100_words,complexity,POLKE,polke_502_per_100_words,complexity_measure
complexity__POLKE__polke_510_per_100_words,complexity,POLKE,polke_510_per_100_words,complexity_measure
complexity__POLKE__polke_511_per_100_words,complexity,POLKE,polke_511_per_100_words,complexity_measure
complexity__POLKE__polke_514_per_100_words,complexity,POLKE,polke_514_per_100_words,complexity_measure
complexity__POLKE__polke_515_per_100_words,complexity,POLKE,polke_515_per_100_words,complexity_measure
complexity__POLKE__polke_516_per_100_words,complexity,POLKE,polke_516_per_100_words,complexity_measure
complexity__POLKE__polke_519_per_100_words,complexity,POLKE,polke_519_per_100_words,complexity_measure
complexity__POLKE__polke_520_per_100_words,complexity,POLKE,polke_520_per_100_words,complexity_measure
complexity__POLKE__polke_525_per_100_words,complexity,POLKE,polke_525_per_100_words,complexity_measure
complexity__POLKE__polke_526_per_100_words,complexity,POLKE,polke_526_per_100_words,complexity_measure
complexity__POLKE__polke_527_per_100_words,complexity,POLKE,polke_527_per_100_words,complexity_measure
complexity__POLKE__polke_529_per_100_words,complexity,POLKE,polke_529_per_100_words,complexity_measure
complexity__POLKE__polke_530_per_100_words,complexity,POLKE,polke_530_per_100_words,complexity_measure
complexity__POLKE__polke_533_per_100_words,complexity,POLKE,polke_533_per_100_words,complexity_measure
complexity__POLKE__polke_536_per_100_words,complexity,POLKE,polke_536_per_100_words,complexity_measure
complexity__POLKE__polke_537_per_100_words,complexity,POLKE,polke_537_per_100_words,complexity_measure
complexity__POLKE__polke_538_per_100_words,complexity,POLKE,polke_538_per_100_words,complexity_measure
complexity__POLKE__polke_543_per_100_words,complexity,POLKE,polke_543_per_100_words,complexity_measure
complexity__POLKE__polke_548_per_100_words,complexity,POLKE,polke_548_per_100_words,complexity_measure
complexity__POLKE__polke_549_per_100_words,complexity,POLKE,polke_549_per_100_words,complexity_measure
complexity__POLKE__polke_555_per_100_words,complexity,POLKE,polke_555_per_100_words,complexity_measure
complexity__POLKE__polke_556_per_100_words,complexity,POLKE,polke_556_per_100_words,complexity_measure
complexity__POLKE__polke_561_per_100_words,complexity,POLKE,polke_561_per_100_words,complexity_measure
complexity__POLKE__polke_562_per_100_words,complexity,POLKE,polke_562_per_100_words,complexity_measure
complexity__POLKE__polke_563_per_100_words,complexity,POLKE,polke_563_per_100_words,complexity_measure
complexity__POLKE__polke_564_per_100_words,complexity,POLKE,polke_564_per_100_words,complexity_measure
complexity__POLKE__polke_574_per_100_words,complexity,POLKE,polke_574_per_100_words,complexity_measure
complexity__POLKE__polke_575_per_100_words,complexity,POLKE,polke_575_per_100_words,complexity_measure
complexity__POLKE__polke_577_per_100_words,complexity,POLKE,polke_577_per_100_words,complexity_measure
complexity__POLKE__polke_580_per_100_words,complexity,POLKE,polke_580_per_100_words,complexity_measure
complexity__POLKE__polke_581_per_100_words,complexity,POLKE,polke_581_per_100_words,complexity_measure
complexity__POLKE__polke_582_per_100_words,complexity,POLKE,polke_582_per_100_words,complexity_measure
complexity__POLKE__polke_583_per_100_words,complexity,POLKE,polke_583_per_100_words,complexity_measure
complexity__POLKE__polke_584_per_100_words,complexity,POLKE,polke_584_per_100_words,complexity_measure
complexity__POLKE__polke_586_per_100_words,complexity,POLKE,polke_586_per_100_words,complexity_measure
complexity__POLKE__polke_587_per_100_words,complexity,POLKE,polke_587_per_100_words,complexity_measure
complexity__POLKE__polke_588_per_100_words,complexity,POLKE,polke_588_per_100_words,complexity_measure
complexity__POLKE__polke_589_per_100_words,complexity,POLKE,polke_589_per_100_words,complexity_measure
complexity__POLKE__polke_591_per_100_words,complexity,POLKE,polke_591_per_100_words,complexity_measure
complexity__POLKE__polke_592_per_100_words,complexity,POLKE,polke_592_per_100_words,complexity_measure
complexity__POLKE__polke_593_per_100_words,complexity,POLKE,polke_593_per_100_words,complexity_measure
complexity__POLKE__polke_594_per_100_words,complexity,POLKE,polke_594_per_100_words,complexity_measure
complexity__POLKE__polke_595_per_100_words,complexity,POLKE,polke_595_per_100_words,complexity_measure
complexity__POLKE__polke_596_per_100_words,complexity,POLKE,polke_596_per_100_words,complexity_measure
complexity__POLKE__polke_599_per_100_words,complexity,POLKE,polke_599_per_100_words,complexity_measure
complexity__POLKE__polke_600_per_100_words,complexity,POLKE,polke_600_per_100_words,complexity_measure
complexity__POLKE__polke_601_per_100_words,complexity,POLKE,polke_601_per_100_words,complexity_measure
complexity__POLKE__polke_602_per_100_words,complexity,POLKE,polke_602_per_100_words,complexity_measure
complexity__POLKE__polke_605_per_100_words,complexity,POLKE,polke_605_per_100_words,complexity_measure
complexity__POLKE__polke_609_per_100_words,complexity,POLKE,polke_609_per_100_words,complexity_measure
complexity__POLKE__polke_610_per_100_words,complexity,POLKE,polke_610_per_100_words,complexity_measure
complexity__POLKE__polke_611_per_100_words,complexity,POLKE,polke_611_per_100_words,complexity_measure
complexity__POLKE__polke_613_per_100_words,complexity,POLKE,polke_613_per_100_words,complexity_measure
complexity__POLKE__polke_614_per_100_words,complexity,POLKE,polke_614_per_100_words,complexity_measure
complexity__POLKE__polke_615_per_100_words,complexity,POLKE,polke_615_per_100_words,complexity_measure
complexity__POLKE__polke_620_per_100_words,complexity,POLKE,polke_620_per_100_words,complexity_measure
complexity__POLKE__polke_621_per_100_words,complexity,POLKE,polke_621_per_100_words,complexity_measure
complexity__POLKE__polke_626_per_100_words,complexity,POLKE,polke_626_per_100_words,complexity_measure
complexity__POLKE__polke_627_per_100_words,complexity,POLKE,polke_627_per_100_words,complexity_measure
complexity__POLKE__polke_628_per_100_words,complexity,POLKE,polke_628_per_100_words,complexity_measure
complexity__POLKE__polke_629_per_100_words,complexity,POLKE,polke_629_per_100_words,complexity_measure
complexity__POLKE__polke_633_per_100_words,complexity,POLKE,polke_633_per_100_words,complexity_measure
complexity__POLKE__polke_634_per_100_words,complexity,POLKE,polke_634_per_100_words,complexity_measure
complexity__POLKE__polke_635_per_100_words,complexity,POLKE,polke_635_per_100_words,complexity_measure
complexity__POLKE__polke_636_per_100_words,complexity,POLKE,polke_636_per_100_words,complexity_measure
complexity__POLKE__polke_641_per_100_words,complexity,POLKE,polke_641_per_100_words,complexity_measure
complexity__POLKE__polke_645_per_100_words,complexity,POLKE,polke_645_per_100_words,complexity_measure
complexity__POLKE__polke_646_per_100_words,complexity,POLKE,polke_646_per_100_words,complexity_measure
complexity__POLKE__polke_647_per_100_words,complexity,POLKE,polke_647_per_100_words,complexity_measure
complexity__POLKE__polke_650_per_100_words,complexity,POLKE,polke_650_per_100_words,complexity_measure
complexity__POLKE__polke_651_per_100_words,complexity,POLKE,polke_651_per_100_words,complexity_measure
complexity__POLKE__polke_653_per_100_words,complexity,POLKE,polke_653_per_100_words,complexity_measure
complexity__POLKE__polke_655_per_100_words,complexity,POLKE,polke_655_per_100_words,complexity_measure
complexity__POLKE__polke_657_per_100_words,complexity,POLKE,polke_657_per_100_words,complexity_measure
complexity__POLKE__polke_659_per_100_words,complexity,POLKE,polke_659_per_100_words,complexity_measure
complexity__POLKE__polke_661_per_100_words,complexity,POLKE,polke_661_per_100_words,complexity_measure
complexity__POLKE__polke_662_per_100_words,complexity,POLKE,polke_662_per_100_words,complexity_measure
complexity__POLKE__polke_663_per_100_words,complexity,POLKE,polke_663_per_100_words,complexity_measure
complexity__POLKE__polke_664_per_100_words,complexity,POLKE,polke_664_per_100_words,complexity_measure
complexity__POLKE__polke_665_per_100_words,complexity,POLKE,polke_665_per_100_words,complexity_measure
complexity__POLKE__polke_666_per_100_words,complexity,POLKE,polke_666_per_100_words,complexity_measure
complexity__POLKE__polke_669_per_100_words,complexity,POLKE,polke_669_per_100_words,complexity_measure
complexity__POLKE__polke_670_per_100_words,complexity,POLKE,polke_670_per_100_words,complexity_measure
complexity__POLKE__polke_673_per_100_words,complexity,POLKE,polke_673_per_100_words,complexity_measure
complexity__POLKE__polke_674_per_100_words,complexity,POLKE,polke_674_per_100_words,complexity_measure
complexity__POLKE__polke_676_per_100_words,complexity,POLKE,polke_676_per_100_words,complexity_measure
complexity__POLKE__polke_678_per_100_words,complexity,POLKE,polke_678_per_100_words,complexity_measure
complexity__POLKE__polke_679_per_100_words,complexity,POLKE,polke_679_per_100_words,complexity_measure
complexity__POLKE__polke_680_per_100_words,complexity,POLKE,polke_680_per_100_words,complexity_measure
complexity__POLKE__polke_682_per_100_words,complexity,POLKE,polke_682_per_100_words,complexity_measure
complexity__POLKE__polke_683_per_100_words,complexity,POLKE,polke_683_per_100_words,complexity_measure
complexity__POLKE__polke_684_per_100_words,complexity,POLKE,polke_684_per_100_words,complexity_measure
complexity__POLKE__polke_685_per_100_words,complexity,POLKE,polke_685_per_100_words,complexity_measure
complexity__POLKE__polke_687_per_100_words,complexity,POLKE,polke_687_per_100_words,complexity_measure
complexity__POLKE__polke_688_per_100_words,complexity,POLKE,polke_688_per_100_words,complexity_measure
complexity__POLKE__polke_689_per_100_words,complexity,POLKE,polke_689_per_100_words,complexity_measure
complexity__POLKE__polke_690_per_100_words,complexity,POLKE,polke_690_per_100_words,complexity_measure
complexity__POLKE__polke_691_per_100_words,complexity,POLKE,polke_691_per_100_words,complexity_measure
complexity__POLKE__polke_692_per_100_words,complexity,POLKE,polke_692_per_100_words,complexity_measure
complexity__POLKE__polke_693_per_100_words,complexity,POLKE,polke_693_per_100_words,complexity_measure
complexity__POLKE__polke_694_per_100_words,complexity,POLKE,polke_694_per_100_words,complexity_measure
complexity__POLKE__polke_695_per_100_words,complexity,POLKE,polke_695_per_100_words,complexity_measure
complexity__POLKE__polke_697_per_100_words,complexity,POLKE,polke_697_per_100_words,complexity_measure
complexity__POLKE__polke_698_per_100_words,complexity,POLKE,polke_698_per_100_words,complexity_measure
complexity__POLKE__polke_699_per_100_words,complexity,POLKE,polke_699_per_100_words,complexity_measure
complexity__POLKE__polke_700_per_100_words,complexity,POLKE,polke_700_per_100_words,complexity_measure
complexity__POLKE__polke_701_per_100_words,complexity,POLKE,polke_701_per_100_words,complexity_measure
complexity__POLKE__polke_702_per_100_words,complexity,POLKE,polke_702_per_100_words,complexity_measure
complexity__POLKE__polke_703_per_100_words,complexity,POLKE,polke_703_per_100_words,complexity_measure
complexity__POLKE__polke_704_per_100_words,complexity,POLKE,polke_704_per_100_words,complexity_measure
complexity__POLKE__polke_705_per_100_words,complexity,POLKE,polke_705_per_100_words,complexity_measure
complexity__POLKE__polke_706_per_100_words,complexity,POLKE,polke_706_per_100_words,complexity_measure
complexity__POLKE__polke_707_per_100_words,complexity,POLKE,polke_707_per_100_words,complexity_measure
complexity__POLKE__polke_708_per_100_words,complexity,POLKE,polke_708_per_100_words,complexity_measure
complexity__POLKE__polke_709_per_100_words,complexity,POLKE,polke_709_per_100_words,complexity_measure
complexity__POLKE__polke_710_per_100_words,complexity,POLKE,polke_710_per_100_words,complexity_measure
complexity__POLKE__polke_718_per_100_words,complexity,POLKE,polke_718_per_100_words,complexity_measure
complexity__POLKE__polke_719_per_100_words,complexity,POLKE,polke_719_per_100_words,complexity_measure
complexity__POLKE__polke_720_per_100_words,complexity,POLKE,polke_720_per_100_words,complexity_measure
complexity__POLKE__polke_722_per_100_words,complexity,POLKE,polke_722_per_100_words,complexity_measure
complexity__POLKE__polke_723_per_100_words,complexity,POLKE,polke_723_per_100_words,complexity_measure
complexity__POLKE__polke_724_per_100_words,complexity,POLKE,polke_724_per_100_words,complexity_measure
complexity__POLKE__polke_728_per_100_words,complexity,POLKE,polke_728_per_100_words,complexity_measure
complexity__POLKE__polke_729_per_100_words,complexity,POLKE,polke_729_per_100_words,complexity_measure
complexity__POLKE__polke_730_per_100_words,complexity,POLKE,polke_730_per_100_words,complexity_measure
complexity__POLKE__polke_732_per_100_words,complexity,POLKE,polke_732_per_100_words,complexity_measure
complexity__POLKE__polke_733_per_100_words,complexity,POLKE,polke_733_per_100_words,complexity_measure
complexity__POLKE__polke_734_per_100_words,complexity,POLKE,polke_734_per_100_words,complexity_measure
complexity__POLKE__polke_739_per_100_words,complexity,POLKE,polke_739_per_100_words,complexity_measure
complexity__POLKE__polke_740_per_100_words,complexity,POLKE,polke_740_per_100_words,complexity_measure
complexity__POLKE__polke_744_per_100_words,complexity,POLKE,polke_744_per_100_words,complexity_measure
complexity__POLKE__polke_745_per_100_words,complexity,POLKE,polke_745_per_100_words,complexity_measure
complexity__POLKE__polke_747_per_100_words,complexity,POLKE,polke_747_per_100_words,complexity_measure
complexity__POLKE__polke_749_per_100_words,complexity,POLKE,polke_749_per_100_words,complexity_measure
complexity__POLKE__polke_750_per_100_words,complexity,POLKE,polke_750_per_100_words,complexity_measure
complexity__POLKE__polke_753_per_100_words,complexity,POLKE,polke_753_per_100_words,complexity_measure
complexity__POLKE__polke_754_per_100_words,complexity,POLKE,polke_754_per_100_words,complexity_measure
complexity__POLKE__polke_755_per_100_words,complexity,POLKE,polke_755_per_100_words,complexity_measure
complexity__POLKE__polke_757_per_100_words,complexity,POLKE,polke_757_per_100_words,complexity_measure
complexity__POLKE__polke_758_per_100_words,complexity,POLKE,polke_758_per_100_words,complexity_measure
complexity__POLKE__polke_760_per_100_words,complexity,POLKE,polke_760_per_100_words,complexity_measure
complexity__POLKE__polke_761_per_100_words,complexity,POLKE,polke_761_per_100_words,complexity_measure
complexity__POLKE__polke_762_per_100_words,complexity,POLKE,polke_762_per_100_words,complexity_measure
complexity__POLKE__polke_763_per_100_words,complexity,POLKE,polke_763_per_100_words,complexity_measure
complexity__POLKE__polke_768_per_100_words,complexity,POLKE,polke_768_per_100_words,complexity_measure
complexity__POLKE__polke_770_per_100_words,complexity,POLKE,polke_770_per_100_words,complexity_measure
complexity__POLKE__polke_771_per_100_words,complexity,POLKE,polke_771_per_100_words,complexity_measure
complexity__POLKE__polke_779_per_100_words,complexity,POLKE,polke_779_per_100_words,complexity_measure
complexity__POLKE__polke_780_per_100_words,complexity,POLKE,polke_780_per_100_words,complexity_measure
complexity__POLKE__polke_782_per_100_words,complexity,POLKE,polke_782_per_100_words,complexity_measure
complexity__POLKE__polke_784_per_100_words,complexity,POLKE,polke_784_per_100_words,complexity_measure
complexity__POLKE__polke_785_per_100_words,complexity,POLKE,polke_785_per_100_words,complexity_measure
complexity__POLKE__polke_786_per_100_words,complexity,POLKE,polke_786_per_100_words,complexity_measure
complexity__POLKE__polke_787_per_100_words,complexity,POLKE,polke_787_per_100_words,complexity_measure
complexity__POLKE__polke_789_per_100_words,complexity,POLKE,polke_789_per_100_words,complexity_measure
complexity__POLKE__polke_790_per_100_words,complexity,POLKE,polke_790_per_100_words,complexity_measure
complexity__POLKE__polke_791_per_100_words,complexity,POLKE,polke_791_per_100_words,complexity_measure
complexity__POLKE__polke_797_per_100_words,complexity,POLKE,polke_797_per_100_words,complexity_measure
complexity__POLKE__polke_798_per_100_words,complexity,POLKE,polke_798_per_100_words,complexity_measure
complexity__POLKE__polke_800_per_100_words,complexity,POLKE,polke_800_per_100_words,complexity_measure
complexity__POLKE__polke_801_per_100_words,complexity,POLKE,polke_801_per_100_words,complexity_measure
complexity__POLKE__polke_805_per_100_words,complexity,POLKE,polke_805_per_100_words,complexity_measure
complexity__POLKE__polke_807_per_100_words,complexity,POLKE,polke_807_per_100_words,complexity_measure
complexity__POLKE__polke_809_per_100_words,complexity,POLKE,polke_809_per_100_words,complexity_measure
complexity__POLKE__polke_813_per_100_words,complexity,POLKE,polke_813_per_100_words,complexity_measure
complexity__POLKE__polke_814_per_100_words,complexity,POLKE,polke_814_per_100_words,complexity_measure
complexity__POLKE__polke_816_per_100_words,complexity,POLKE,polke_816_per_100_words,complexity_measure
complexity__POLKE__polke_817_per_100_words,complexity,POLKE,polke_817_per_100_words,complexity_measure
complexity__POLKE__polke_831_per_100_words,complexity,POLKE,polke_831_per_100_words,complexity_measure
complexity__POLKE__polke_836_per_100_words,complexity,POLKE,polke_836_per_100_words,complexity_measure
complexity__POLKE__polke_837_per_100_words,complexity,POLKE,polke_837_per_100_words,complexity_measure
complexity__POLKE__polke_838_per_100_words,complexity,POLKE,polke_838_per_100_words,complexity_measure
complexity__POLKE__polke_844_per_100_words,complexity,POLKE,polke_844_per_100_words,complexity_measure
complexity__POLKE__polke_846_per_100_words,complexity,POLKE,polke_846_per_100_words,complexity_measure
complexity__POLKE__polke_848_per_100_words,complexity,POLKE,polke_848_per_100_words,complexity_measure
complexity__POLKE__polke_849_per_100_words,complexity,POLKE,polke_849_per_100_words,complexity_measure
complexity__POLKE__polke_852_per_100_words,complexity,POLKE,polke_852_per_100_words,complexity_measure
complexity__POLKE__polke_855_per_100_words,complexity,POLKE,polke_855_per_100_words,complexity_measure
complexity__POLKE__polke_856_per_100_words,complexity,POLKE,polke_856_per_100_words,complexity_measure
complexity__POLKE__polke_857_per_100_words,complexity,POLKE,polke_857_per_100_words,complexity_measure
complexity__POLKE__polke_858_per_100_words,complexity,POLKE,polke_858_per_100_words,complexity_measure
complexity__POLKE__polke_859_per_100_words,complexity,POLKE,polke_859_per_100_words,complexity_measure
complexity__POLKE__polke_860_per_100_words,complexity,POLKE,polke_860_per_100_words,complexity_measure
complexity__POLKE__polke_861_per_100_words,complexity,POLKE,polke_861_per_100_words,complexity_measure
complexity__POLKE__polke_862_per_100_words,complexity,POLKE,polke_862_per_100_words,complexity_measure
complexity__POLKE__polke_863_per_100_words,complexity,POLKE,polke_863_per_100_words,complexity_measure
complexity__POLKE__polke_864_per_100_words,complexity,POLKE,polke_864_per_100_words,complexity_measure
complexity__POLKE__polke_865_per_100_words,complexity,POLKE,polke_865_per_100_words,complexity_measure
complexity__POLKE__polke_866_per_100_words,complexity,POLKE,polke_866_per_100_words,complexity_measure
complexity__POLKE__polke_867_per_100_words,complexity,POLKE,polke_867_per_100_words,complexity_measure
complexity__POLKE__polke_868_per_100_words,complexity,POLKE,polke_868_per_100_words,complexity_measure
complexity__POLKE__polke_869_per_100_words,complexity,POLKE,polke_869_per_100_words,complexity_measure
complexity__POLKE__polke_870_per_100_words,complexity,POLKE,polke_870_per_100_words,complexity_measure
complexity__POLKE__polke_871_per_100_words,complexity,POLKE,polke_871_per_100_words,complexity_measure
complexity__POLKE__polke_872_per_100_words,complexity,POLKE,polke_872_per_100_words,complexity_measure
complexity__POLKE__polke_873_per_100_words,complexity,POLKE,polke_873_per_100_words,complexity_measure
complexity__POLKE__polke_876_per_100_words,complexity,POLKE,polke_876_per_100_words,complexity_measure
complexity__POLKE__polke_879_per_100_words,complexity,POLKE,polke_879_per_100_words,complexity_measure
complexity__POLKE__polke_883_per_100_words,complexity,POLKE,polke_883_per_100_words,complexity_measure
complexity__POLKE__polke_884_per_100_words,complexity,POLKE,polke_884_per_100_words,complexity_measure
complexity__POLKE__polke_890_per_100_words,complexity,POLKE,polke_890_per_100_words,complexity_measure
complexity__POLKE__polke_891_per_100_words,complexity,POLKE,polke_891_per_100_words,complexity_measure
complexity__POLKE__polke_892_per_100_words,complexity,POLKE,polke_892_per_100_words,complexity_measure
complexity__POLKE__polke_897_per_100_words,complexity,POLKE,polke_897_per_100_words,complexity_measure
complexity__POLKE__polke_898_per_100_words,complexity,POLKE,polke_898_per_100_words,complexity_measure
complexity__POLKE__polke_899_per_100_words,complexity,POLKE,polke_899_per_100_words,complexity_measure
complexity__POLKE__polke_900_per_100_words,complexity,POLKE,polke_900_per_100_words,complexity_measure
complexity__POLKE__polke_903_per_100_words,complexity,POLKE,polke_903_per_100_words,complexity_measure
complexity__POLKE__polke_904_per_100_words,complexity,POLKE,polke_904_per_100_words,complexity_measure
complexity__POLKE__polke_907_per_100_words,complexity,POLKE,polke_907_per_100_words,complexity_measure
complexity__POLKE__polke_908_per_100_words,complexity,POLKE,polke_908_per_100_words,complexity_measure
complexity__POLKE__polke_912_per_100_words,complexity,POLKE,polke_912_per_100_words,complexity_measure
complexity__POLKE__polke_915_per_100_words,complexity,POLKE,polke_915_per_100_words,complexity_measure
complexity__POLKE__polke_916_per_100_words,complexity,POLKE,polke_916_per_100_words,complexity_measure
complexity__POLKE__polke_917_per_100_words,complexity,POLKE,polke_917_per_100_words,complexity_measure
complexity__POLKE__polke_918_per_100_words,complexity,POLKE,polke_918_per_100_words,complexity_measure
complexity__POLKE__polke_919_per_100_words,complexity,POLKE,polke_919_per_100_words,complexity_measure
complexity__POLKE__polke_920_per_100_words,complexity,POLKE,polke_920_per_100_words,complexity_measure
complexity__POLKE__polke_922_per_100_words,complexity,POLKE,polke_922_per_100_words,complexity_measure
complexity__POLKE__polke_923_per_100_words,complexity,POLKE,polke_923_per_100_words,complexity_measure
complexity__POLKE__polke_924_per_100_words,complexity,POLKE,polke_924_per_100_words,complexity_measure
complexity__POLKE__polke_929_per_100_words,complexity,POLKE,polke_929_per_100_words,complexity_measure
complexity__POLKE__polke_930_per_100_words,complexity,POLKE,polke_930_per_100_words,complexity_measure
complexity__POLKE__polke_931_per_100_words,complexity,POLKE,polke_931_per_100_words,complexity_measure
complexity__POLKE__polke_932_per_100_words,complexity,POLKE,polke_932_per_100_words,complexity_measure
complexity__POLKE__polke_935_per_100_words,complexity,POLKE,polke_935_per_100_words,complexity_measure
complexity__POLKE__polke_936_per_100_words,complexity,POLKE,polke_936_per_100_words,complexity_measure
complexity__POLKE__polke_937_per_100_words,complexity,POLKE,polke_937_per_100_words,complexity_measure
complexity__POLKE__polke_938_per_100_words,complexity,POLKE,polke_938_per_100_words,complexity_measure
complexity__POLKE__polke_946_per_100_words,complexity,POLKE,polke_946_per_100_words,complexity_measure
complexity__POLKE__polke_947_per_100_words,complexity,POLKE,polke_947_per_100_words,complexity_measure
complexity__POLKE__polke_948_per_100_words,complexity,POLKE,polke_948_per_100_words,complexity_measure
complexity__POLKE__polke_949_per_100_words,complexity,POLKE,polke_949_per_100_words,complexity_measure
complexity__POLKE__polke_950_per_100_words,complexity,POLKE,polke_950_per_100_words,complexity_measure
complexity__POLKE__polke_951_per_100_words,complexity,POLKE,polke_951_per_100_words,complexity_measure
complexity__POLKE__polke_952_per_100_words,complexity,POLKE,polke_952_per_100_words,complexity_measure
complexity__POLKE__polke_953_per_100_words,complexity,POLKE,polke_953_per_100_words,complexity_measure
complexity__POLKE__polke_954_per_100_words,complexity,POLKE,polke_954_per_100_words,complexity_measure
complexity__POLKE__polke_955_per_100_words,complexity,POLKE,polke_955_per_100_words,complexity_measure
complexity__POLKE__polke_956_per_100_words,complexity,POLKE,polke_956_per_100_words,complexity_measure
complexity__POLKE__polke_958_per_100_words,complexity,POLKE,polke_958_per_100_words,complexity_measure
complexity__POLKE__polke_959_per_100_words,complexity,POLKE,polke_959_per_100_words,complexity_measure
complexity__POLKE__polke_964_per_100_words,complexity,POLKE,polke_964_per_100_words,complexity_measure
complexity__POLKE__polke_965_per_100_words,complexity,POLKE,polke_965_per_100_words,complexity_measure
complexity__POLKE__polke_966_per_100_words,complexity,POLKE,polke_966_per_100_words,complexity_measure
complexity__POLKE__polke_967_per_100_words,complexity,POLKE,polke_967_per_100_words,complexity_measure
complexity__POLKE__polke_976_per_100_words,complexity,POLKE,polke_976_per_100_words,complexity_measure
complexity__POLKE__polke_977_per_100_words,complexity,POLKE,polke_977_per_100_words,complexity_measure
complexity__POLKE__polke_982_per_100_words,complexity,POLKE,polke_982_per_100_words,complexity_measure
complexity__POLKE__polke_983_per_100_words,complexity,POLKE,polke_983_per_100_words,complexity_measure
complexity__POLKE__polke_984_per_100_words,complexity,POLKE,polke_984_per_100_words,complexity_measure
complexity__POLKE__polke_990_per_100_words,complexity,POLKE,polke_990_per_100_words,complexity_measure
complexity__POLKE__polke_991_per_100_words,complexity,POLKE,polke_991_per_100_words,complexity_measure
complexity__POLKE__polke_992_per_100_words,complexity,POLKE,polke_992_per_100_words,complexity_measure
complexity__POLKE__polke_995_per_100_words,complexity,POLKE,polke_995_per_100_words,complexity_measure
complexity__POLKE__polke_1001_per_100_words,complexity,POLKE,polke_1001_per_100_words,complexity_measure
complexity__POLKE__polke_1006_per_100_words,complexity,POLKE,polke_1006_per_100_words,complexity_measure
complexity__POLKE__polke_1010_per_100_words,complexity,POLKE,polke_1010_per_100_words,complexity_measure
complexity__POLKE__polke_1011_per_100_words,complexity,POLKE,polke_1011_per_100_words,complexity_measure
complexity__POLKE__polke_1012_per_100_words,complexity,POLKE,polke_1012_per_100_words,complexity_measure
complexity__POLKE__polke_1015_per_100_words,complexity,POLKE,polke_1015_per_100_words,complexity_measure
complexity__POLKE__polke_1018_per_100_words,complexity,POLKE,polke_1018_per_100_words,complexity_measure
complexity__POLKE__polke_1019_per_100_words,complexity,POLKE,polke_1019_per_100_words,complexity_measure
complexity__POLKE__polke_1020_per_100_words,complexity,POLKE,polke_1020_per_100_words,complexity_measure
complexity__POLKE__polke_1025_per_100_words,complexity,POLKE,polke_1025_per_100_words,complexity_measure
complexity__POLKE__polke_1026_per_100_words,complexity,POLKE,polke_1026_per_100_words,complexity_measure
complexity__POLKE__polke_1029_per_100_words,complexity,POLKE,polke_1029_per_100_words,complexity_measure
complexity__POLKE__polke_1035_per_100_words,complexity,POLKE,polke_1035_per_100_words,complexity_measure
complexity__POLKE__polke_1036_per_100_words,complexity,POLKE,polke_1036_per_100_words,complexity_measure
complexity__POLKE__polke_1040_per_100_words,complexity,POLKE,polke_1040_per_100_words,complexity_measure
complexity__POLKE__polke_1045_per_100_words,complexity,POLKE,polke_1045_per_100_words,complexity_measure
complexity__POLKE__polke_1049_per_100_words,complexity,POLKE,polke_1049_per_100_words,complexity_measure
complexity__POLKE__polke_1051_per_100_words,complexity,POLKE,polke_1051_per_100_words,complexity_measure
complexity__POLKE__polke_1054_per_100_words,complexity,POLKE,polke_1054_per_100_words,complexity_measure
complexity__POLKE__polke_1057_per_100_words,complexity,POLKE,polke_1057_per_100_words,complexity_measure
complexity__POLKE__polke_1058_per_100_words,complexity,POLKE,polke_1058_per_100_words,complexity_measure
complexity__POLKE__polke_1065_per_100_words,complexity,POLKE,polke_1065_per_100_words,complexity_measure
complexity__POLKE__polke_1066_per_100_words,complexity,POLKE,polke_1066_per_100_words,complexity_measure
complexity__POLKE__polke_1070_per_100_words,complexity,POLKE,polke_1070_per_100_words,complexity_measure
complexity__POLKE__polke_1076_per_100_words,complexity,POLKE,polke_1076_per_100_words,complexity_measure
complexity__POLKE__polke_1078_per_100_words,complexity,POLKE,polke_1078_per_100_words,complexity_measure
complexity__POLKE__polke_1079_per_100_words,complexity,POLKE,polke_1079_per_100_words,complexity_measure
complexity__POLKE__polke_1081_per_100_words,complexity,POLKE,polke_1081_per_100_words,complexity_measure
complexity__POLKE__polke_1082_per_100_words,complexity,POLKE,polke_1082_per_100_words,complexity_measure
complexity__POLKE__polke_1083_per_100_words,complexity,POLKE,polke_1083_per_100_words,complexity_measure
complexity__POLKE__polke_1086_per_100_words,complexity,POLKE,polke_1086_per_100_words,complexity_measure
complexity__POLKE__polke_1089_per_100_words,complexity,POLKE,polke_1089_per_100_words,complexity_measure
complexity__POLKE__polke_1091_per_100_words,complexity,POLKE,polke_1091_per_100_words,complexity_measure
complexity__POLKE__polke_1092_per_100_words,complexity,POLKE,polke_1092_per_100_words,complexity_measure
complexity__POLKE__polke_1095_per_100_words,complexity,POLKE,polke_1095_per_100_words,complexity_measure
complexity__POLKE__polke_1097_per_100_words,complexity,POLKE,polke_1097_per_100_words,complexity_measure
complexity__POLKE__polke_1104_per_100_words,complexity,POLKE,polke_1104_per_100_words,complexity_measure
complexity__POLKE__polke_1105_per_100_words,complexity,POLKE,polke_1105_per_100_words,complexity_measure
complexity__POLKE__polke_1111_per_100_words,complexity,POLKE,polke_1111_per_100_words,complexity_measure
complexity__POLKE__polke_1115_per_100_words,complexity,POLKE,polke_1115_per_100_words,complexity_measure
complexity__POLKE__polke_1121_per_100_words,complexity,POLKE,polke_1121_per_100_words,complexity_measure
complexity__POLKE__polke_1123_per_100_words,complexity,POLKE,polke_1123_per_100_words,complexity_measure
complexity__POLKE__polke_1127_per_100_words,complexity,POLKE,polke_1127_per_100_words,complexity_measure
complexity__POLKE__polke_1128_per_100_words,complexity,POLKE,polke_1128_per_100_words,complexity_measure
complexity__POLKE__polke_1137_per_100_words,complexity,POLKE,polke_1137_per_100_words,complexity_measure
complexity__POLKE__polke_1138_per_100_words,complexity,POLKE,polke_1138_per_100_words,complexity_measure
complexity__POLKE__polke_1139_per_100_words,complexity,POLKE,polke_1139_per_100_words,complexity_measure
complexity__POLKE__polke_1143_per_100_words,complexity,POLKE,polke_1143_per_100_words,complexity_measure
complexity__POLKE__polke_1146_per_100_words,complexity,POLKE,polke_1146_per_100_words,complexity_measure
complexity__POLKE__polke_1147_per_100_words,complexity,POLKE,polke_1147_per_100_words,complexity_measure
complexity__POLKE__polke_1150_per_100_words,complexity,POLKE,polke_1150_per_100_words,complexity_measure
complexity__POLKE__polke_1152_per_100_words,complexity,POLKE,polke_1152_per_100_words,complexity_measure
complexity__POLKE__polke_1159_per_100_words,complexity,POLKE,polke_1159_per_100_words,complexity_measure
complexity__POLKE__polke_1160_per_100_words,complexity,POLKE,polke_1160_per_100_words,complexity_measure
complexity__POLKE__polke_1161_per_100_words,complexity,POLKE,polke_1161_per_100_words,complexity_measure
complexity__POLKE__polke_1162_per_100_words,complexity,POLKE,polke_1162_per_100_words,complexity_measure
complexity__POLKE__polke_1163_per_100_words,complexity,POLKE,polke_1163_per_100_words,complexity_measure
complexity__POLKE__polke_1164_per_100_words,complexity,POLKE,polke_1164_per_100_words,complexity_measure
complexity__POLKE__polke_1166_per_100_words,complexity,POLKE,polke_1166_per_100_words,complexity_measure
complexity__POLKE__polke_1167_per_100_words,complexity,POLKE,polke_1167_per_100_words,complexity_measure
complexity__POLKE__polke_1168_per_100_words,complexity,POLKE,polke_1168_per_100_words,complexity_measure
complexity__POLKE__polke_1172_per_100_words,complexity,POLKE,polke_1172_per_100_words,complexity_measure
complexity__POLKE__polke_1174_per_100_words,complexity,POLKE,polke_1174_per_100_words,complexity_measure
complexity__POLKE__polke_1176_per_100_words,complexity,POLKE,polke_1176_per_100_words,complexity_measure
complexity__POLKE__polke_1178_per_100_words,complexity,POLKE,polke_1178_per_100_words,complexity_measure
complexity__POLKE__polke_1182_per_100_words,complexity,POLKE,polke_1182_per_100_words,complexity_measure
complexity__POLKE__polke_1184_per_100_words,complexity,POLKE,polke_1184_per_100_words,complexity_measure
complexity__POLKE__polke_1185_per_100_words,complexity,POLKE,polke_1185_per_100_words,complexity_measure
complexity__POLKE__polke_1191_per_100_words,complexity,POLKE,polke_1191_per_100_words,complexity_measure
complexity__POLKE__polke_1192_per_100_words,complexity,POLKE,polke_1192_per_100_words,complexity_measure
complexity__POLKE__polke_1193_per_100_words,complexity,POLKE,polke_1193_per_100_words,complexity_measure
complexity__POLKE__polke_1194_per_100_words,complexity,POLKE,polke_1194_per_100_words,complexity_measure
complexity__POLKE__polke_1196_per_100_words,complexity,POLKE,polke_1196_per_100_words,complexity_measure
complexity__POLKE__polke_1197_per_100_words,complexity,POLKE,polke_1197_per_100_words,complexity_measure
complexity__POLKE__polke_1200_per_100_words,complexity,POLKE,polke_1200_per_100_words,complexity_measure
complexity__POLKE__polke_1201_per_100_words,complexity,POLKE,polke_1201_per_100_words,complexity_measure
complexity__POLKE__polke_1203_per_100_words,complexity,POLKE,polke_1203_per_100_words,complexity_measure
accuracy__ERRANT__total_errors,accuracy,ERRANT,total_errors,error_count
accuracy__ERRANT__errors_per_100_words,accuracy,ERRANT,errors_per_100_words,error_rate_per_100_words
accuracy__ERRANT__distinct_error_types,accuracy,ERRANT,distinct_error_types,error_count
accuracy__ERRANT__missing_errors,accuracy,ERRANT,missing_errors,error_count
accuracy__ERRANT__missing_errors_per_100_words,accuracy,ERRANT,missing_errors_per_100_words,error_rate_per_100_words
accuracy__ERRANT__unnecessary_errors,accuracy,ERRANT,unnecessary_errors,error_count
accuracy__ERRANT__unnecessary_errors_per_100_words,accuracy,ERRANT,unnecessary_errors_per_100_words,error_rate_per_100_words
accuracy__ERRANT__replacement_errors,accuracy,ERRANT,replacement_errors,error_count
accuracy__ERRANT__replacement_errors_per_100_words,accuracy,ERRANT,replacement_errors_per_100_words,error_rate_per_100_words
accuracy__ERRANT__other_errors,accuracy,ERRANT,other_errors,error_count
accuracy__ERRANT__other_errors_per_100_words,accuracy,ERRANT,other_errors_per_100_words,error_rate_per_100_words
accuracy__ERRANT__affected_original_tokens,accuracy,ERRANT,affected_original_tokens,error_count
accuracy__ERRANT__correction_token_equivalents,accuracy,ERRANT,correction_token_equivalents,error_count
accuracy__ERRANT__surface_accuracy_proxy,accuracy,ERRANT,surface_accuracy_proxy,accuracy_proxy
accuracy__ERRANT__error_free,accuracy,ERRANT,error_free,indicator
accuracy__ERRANT__errant_family_adj_per_100_words,accuracy,ERRANT,errant_family_adj_per_100_words,error_rate_per_100_words
accuracy__ERRANT__errant_family_adv_per_100_words,accuracy,ERRANT,errant_family_adv_per_100_words,error_rate_per_100_words
accuracy__ERRANT__errant_family_conj_per_100_words,accuracy,ERRANT,errant_family_conj_per_100_words,error_rate_per_100_words
accuracy__ERRANT__errant_family_contr_per_100_words,accuracy,ERRANT,errant_family_contr_per_100_words,error_rate_per_100_words
accuracy__ERRANT__errant_family_det_per_100_words,accuracy,ERRANT,errant_family_det_per_100_words,error_rate_per_100_words
accuracy__ERRANT__errant_family_morph_per_100_words,accuracy,ERRANT,errant_family_morph_per_100_words,error_rate_per_100_words
accuracy__ERRANT__errant_family_noun_per_100_words,accuracy,ERRANT,errant_family_noun_per_100_words,error_rate_per_100_words
accuracy__ERRANT__errant_family_orth_per_100_words,accuracy,ERRANT,errant_family_orth_per_100_words,error_rate_per_100_words
accuracy__ERRANT__errant_family_other_per_100_words,accuracy,ERRANT,errant_family_other_per_100_words,error_rate_per_100_words
accuracy__ERRANT__errant_family_prep_per_100_words,accuracy,ERRANT,errant_family_prep_per_100_words,error_rate_per_100_words
accuracy__ERRANT__errant_family_pron_per_100_words,accuracy,ERRANT,errant_family_pron_per_100_words,error_rate_per_100_words
accuracy__ERRANT__errant_family_punct_per_100_words,accuracy,ERRANT,errant_family_punct_per_100_words,error_rate_per_100_words
accuracy__ERRANT__errant_family_space_per_100_words,accuracy,ERRANT,errant_family_space_per_100_words,error_rate_per_100_words
accuracy__ERRANT__errant_family_spell_per_100_words,accuracy,ERRANT,errant_family_spell_per_100_words,error_rate_per_100_words
accuracy__ERRANT__errant_family_verb_per_100_words,accuracy,ERRANT,errant_family_verb_per_100_words,error_rate_per_100_words
accuracy__ERRANT__errant_m_adv_per_100_words,accuracy,ERRANT,errant_m_adv_per_100_words,error_rate_per_100_words
accuracy__ERRANT__errant_m_conj_per_100_words,accuracy,ERRANT,errant_m_conj_per_100_words,error_rate_per_100_words
accuracy__ERRANT__errant_m_det_per_100_words,accuracy,ERRANT,errant_m_det_per_100_words,error_rate_per_100_words
accuracy__ERRANT__errant_m_noun_per_100_words,accuracy,ERRANT,errant_m_noun_per_100_words,error_rate_per_100_words
accuracy__ERRANT__errant_m_other_per_100_words,accuracy,ERRANT,errant_m_other_per_100_words,error_rate_per_100_words
accuracy__ERRANT__errant_m_prep_per_100_words,accuracy,ERRANT,errant_m_prep_per_100_words,error_rate_per_100_words
accuracy__ERRANT__errant_m_pron_per_100_words,accuracy,ERRANT,errant_m_pron_per_100_words,error_rate_per_100_words
accuracy__ERRANT__errant_m_punct_per_100_words,accuracy,ERRANT,errant_m_punct_per_100_words,error_rate_per_100_words
accuracy__ERRANT__errant_m_verb_tense_per_100_words,accuracy,ERRANT,errant_m_verb_tense_per_100_words,error_rate_per_100_words
accuracy__ERRANT__errant_r_adj_per_100_words,accuracy,ERRANT,errant_r_adj_per_100_words,error_rate_per_100_words
accuracy__ERRANT__errant_r_adv_per_100_words,accuracy,ERRANT,errant_r_adv_per_100_words,error_rate_per_100_words
accuracy__ERRANT__errant_r_conj_per_100_words,accuracy,ERRANT,errant_r_conj_per_100_words,error_rate_per_100_words
accuracy__ERRANT__errant_r_contr_per_100_words,accuracy,ERRANT,errant_r_contr_per_100_words,error_rate_per_100_words
accuracy__ERRANT__errant_r_det_per_100_words,accuracy,ERRANT,errant_r_det_per_100_words,error_rate_per_100_words
accuracy__ERRANT__errant_r_morph_per_100_words,accuracy,ERRANT,errant_r_morph_per_100_words,error_rate_per_100_words
accuracy__ERRANT__errant_r_noun_per_100_words,accuracy,ERRANT,errant_r_noun_per_100_words,error_rate_per_100_words
accuracy__ERRANT__errant_r_noun_infl_per_100_words,accuracy,ERRANT,errant_r_noun_infl_per_100_words,error_rate_per_100_words
accuracy__ERRANT__errant_r_noun_num_per_100_words,accuracy,ERRANT,errant_r_noun_num_per_100_words,error_rate_per_100_words
accuracy__ERRANT__errant_r_noun_poss_per_100_words,accuracy,ERRANT,errant_r_noun_poss_per_100_words,error_rate_per_100_words
accuracy__ERRANT__errant_r_orth_per_100_words,accuracy,ERRANT,errant_r_orth_per_100_words,error_rate_per_100_words
accuracy__ERRANT__errant_r_other_per_100_words,accuracy,ERRANT,errant_r_other_per_100_words,error_rate_per_100_words
accuracy__ERRANT__errant_r_prep_per_100_words,accuracy,ERRANT,errant_r_prep_per_100_words,error_rate_per_100_words
accuracy__ERRANT__errant_r_pron_per_100_words,accuracy,ERRANT,errant_r_pron_per_100_words,error_rate_per_100_words
accuracy__ERRANT__errant_r_punct_per_100_words,accuracy,ERRANT,errant_r_punct_per_100_words,error_rate_per_100_words
accuracy__ERRANT__errant_r_spell_per_100_words,accuracy,ERRANT,errant_r_spell_per_100_words,error_rate_per_100_words
accuracy__ERRANT__errant_r_verb_per_100_words,accuracy,ERRANT,errant_r_verb_per_100_words,error_rate_per_100_words
accuracy__ERRANT__errant_r_verb_form_per_100_words,accuracy,ERRANT,errant_r_verb_form_per_100_words,error_rate_per_100_words
accuracy__ERRANT__errant_r_verb_infl_per_100_words,accuracy,ERRANT,errant_r_verb_infl_per_100_words,error_rate_per_100_words
accuracy__ERRANT__errant_r_verb_sva_per_100_words,accuracy,ERRANT,errant_r_verb_sva_per_100_words,error_rate_per_100_words
accuracy__ERRANT__errant_r_verb_tense_per_100_words,accuracy,ERRANT,errant_r_verb_tense_per_100_words,error_rate_per_100_words
accuracy__ERRANT__errant_u_adv_per_100_words,accuracy,ERRANT,errant_u_adv_per_100_words,error_rate_per_100_words
accuracy__ERRANT__errant_u_conj_per_100_words,accuracy,ERRANT,errant_u_conj_per_100_words,error_rate_per_100_words
accuracy__ERRANT__errant_u_det_per_100_words,accuracy,ERRANT,errant_u_det_per_100_words,error_rate_per_100_words
accuracy__ERRANT__errant_u_noun_per_100_words,accuracy,ERRANT,errant_u_noun_per_100_words,error_rate_per_100_words
accuracy__ERRANT__errant_u_noun_poss_per_100_words,accuracy,ERRANT,errant_u_noun_poss_per_100_words,error_rate_per_100_words
accuracy__ERRANT__errant_u_other_per_100_words,accuracy,ERRANT,errant_u_other_per_100_words,error_rate_per_100_words
accuracy__ERRANT__errant_u_prep_per_100_words,accuracy,ERRANT,errant_u_prep_per_100_words,error_rate_per_100_words
accuracy__ERRANT__errant_u_pron_per_100_words,accuracy,ERRANT,errant_u_pron_per_100_words,error_rate_per_100_words
accuracy__ERRANT__errant_u_punct_per_100_words,accuracy,ERRANT,errant_u_punct_per_100_words,error_rate_per_100_words
accuracy__ERRANT__errant_u_space_per_100_words,accuracy,ERRANT,errant_u_space_per_100_words,error_rate_per_100_words
accuracy__ERRANT__errant_u_verb_per_100_words,accuracy,ERRANT,errant_u_verb_per_100_words,error_rate_per_100_words
accuracy__ERRANT__errant_u_verb_tense_per_100_words,accuracy,ERRANT,errant_u_verb_tense_per_100_words,error_rate_per_100_words
